ID	DRUG_NAME	CELL_NAME	PERTUBATION_TIME	PERTUBATION_TIME_UNIT	PERTUBATION_DOSE	PERTUBATION_DOSE_UNIT
1	15-delta prostaglandin J2	MCF7	6.0	h	10.0	μM
2	15-delta prostaglandin J2	PC3	6.0	h	10.0	μM
3	3-hydroxy-DL-kynurenine	MCF7	6.0	h	17.8	μM
4	6-benzylaminopurine	MCF7	6.0	h	17.8	μM
5	6-bromoindirubin-3'-oxime	MCF7	6.0	h	0.5	μM
6	6-bromoindirubin-3'-oxime	PC3	6.0	h	0.5	μM
7	AG-013608	MCF7	6.0	h	10.0	μM
8	AG-013608	PC3	6.0	h	10.0	μM
9	LM-1685	MCF7	6.0	h	10.0	μM
10	LY-294002	HL60	6.0	h	0.09999999999999999	μM
11	LY-294002	HL60	6.0	h	10.0	μM
12	LY-294002	MCF7	6.0	h	0.09999999999999999	μM
13	LY-294002	MCF7	6.0	h	10.0	μM
14	LY-294002	PC3	6.0	h	10.0	μM
15	PF-00562151-00	MCF7	6.0	h	10.0	μM
16	PF-00562151-00	PC3	6.0	h	10.0	μM
17	Prestwick-664	MCF7	6.0	h	8.399999999999999	μM
18	Prestwick-674	MCF7	6.0	h	14.399999999999999	μM
19	SB-202190	MCF7	6.0	h	1.0	μM
20	SB-203580	MCF7	6.0	h	1.0	μM
21	acacetin	MCF7	6.0	h	14.0	μM
22	acetylsalicylic acid	HL60	6.0	h	100.0	μM
23	acetylsalicylic acid	MCF7	6.0	h	100.0	μM
24	aciclovir	MCF7	6.0	h	17.8	μM
25	alfuzosin	MCF7	6.0	h	9.4	μM
26	alpha-ergocryptine	MCF7	6.0	h	7.0	μM
27	alpha-estradiol	HL60	6.0	h	0.01	μM
28	alpha-estradiol	MCF7	6.0	h	0.01	μM
29	alpha-estradiol	PC3	6.0	h	0.01	μM
30	alvespimycin	HL60	6.0	h	0.09999999999999999	μM
31	alvespimycin	MCF7	6.0	h	0.09999999999999999	μM
32	amiodarone	MCF7	6.0	h	5.800000000000001	μM
33	arachidonic acid	MCF7	6.0	h	10.0	μM
34	azathioprine	MCF7	6.0	h	14.399999999999999	μM
35	bendroflumethiazide	MCF7	6.0	h	9.4	μM
36	benfotiamine	MCF7	6.0	h	8.600000000000001	μM
37	benzamil	MCF7	6.0	h	11.2	μM
38	bephenium hydroxynaphthoate	MCF7	6.0	h	9.0	μM
39	beta-escin	MCF7	6.0	h	3.1999999999999997	μM
40	betonicine	MCF7	6.0	h	25.2	μM
41	biperiden	MCF7	6.0	h	11.399999999999999	μM
42	bromopride	MCF7	6.0	h	11.600000000000001	μM
43	butyl hydroxybenzoate	MCF7	6.0	h	20.599999999999998	μM
44	carbamazepine	MCF7	6.0	h	0.09999999999999999	μM
45	cefalexin	MCF7	6.0	h	11.0	μM
46	celecoxib	MCF7	6.0	h	10.0	μM
47	cephaeline	MCF7	6.0	h	6.0	μM
48	chlorcyclizine	MCF7	6.0	h	11.8	μM
49	chlorpromazine	HL60	6.0	h	1.0	μM
50	chlorpromazine	MCF7	6.0	h	1.0	μM
51	citiolone	MCF7	6.0	h	25.2	μM
52	clenbuterol	MCF7	6.0	h	12.799999999999999	μM
53	clofazimine	MCF7	6.0	h	8.399999999999999	μM
54	cloperastine	MCF7	6.0	h	11.0	μM
55	clozapine	HL60	6.0	h	10.0	μM
56	clozapine	MCF7	6.0	h	10.0	μM
57	clozapine	MCF7	6.0	h	12.2	μM
58	cobalt chloride	MCF7	6.0	h	100.0	μM
59	cotinine	MCF7	6.0	h	22.6	μM
60	dantrolene	MCF7	6.0	h	11.8	μM
61	deferoxamine	MCF7	6.0	h	6.0	μM
62	demeclocycline	MCF7	6.0	h	8.0	μM
63	diethylstilbestrol	MCF7	6.0	h	15.0	μM
64	digoxigenin	MCF7	6.0	h	10.200000000000001	μM
65	diphenylpyraline	MCF7	6.0	h	12.6	μM
66	dipyridamole	MCF7	6.0	h	8.0	μM
67	eldeline	MCF7	6.0	h	7.8	μM
68	equilin	MCF7	6.0	h	15.0	μM
69	estradiol	HL60	6.0	h	0.01	μM
70	estradiol	MCF7	6.0	h	0.01	μM
71	estradiol	MCF7	6.0	h	0.09999999999999999	μM
72	estradiol	PC3	6.0	h	0.01	μM
73	ethisterone	MCF7	6.0	h	12.799999999999999	μM
74	ethotoin	MCF7	6.0	h	19.599999999999998	μM
75	etiocholanolone	MCF7	6.0	h	13.8	μM
76	eucatropine	MCF7	6.0	h	12.2	μM
77	famprofazone	MCF7	6.0	h	10.6	μM
78	felodipine	MCF7	6.0	h	10.0	μM
79	fenoprofen	MCF7	6.0	h	7.199999999999999	μM
80	finasteride	MCF7	6.0	h	10.8	μM
81	flecainide	MCF7	6.0	h	8.399999999999999	μM
82	fludrocortisone	MCF7	6.0	h	9.4	μM
83	flumetasone	MCF7	6.0	h	9.799999999999999	μM
84	flunisolide	MCF7	6.0	h	9.2	μM
85	fluocinonide	MCF7	6.0	h	8.0	μM
86	fluphenazine	HL60	6.0	h	10.0	μM
87	fluphenazine	MCF7	6.0	h	10.0	μM
88	flurbiprofen	MCF7	6.0	h	16.4	μM
89	foliosidine	MCF7	6.0	h	13.0	μM
90	fulvestrant	HL60	6.0	h	0.01	μM
91	fulvestrant	HL60	6.0	h	1.0	μM
92	fulvestrant	MCF7	6.0	h	0.01	μM
93	fulvestrant	MCF7	6.0	h	1.0	μM
94	fulvestrant	PC3	6.0	h	1.0	μM
95	furaltadone	MCF7	6.0	h	11.0	μM
96	geldanamycin	HL60	6.0	h	1.0	μM
97	geldanamycin	MCF7	6.0	h	1.0	μM
98	genistein	HL60	6.0	h	10.0	μM
99	genistein	MCF7	6.0	h	10.0	μM
100	genistein	PC3	6.0	h	10.0	μM
101	gossypol	MCF7	6.0	h	7.8	μM
102	guaifenesin	MCF7	6.0	h	20.2	μM
103	haloperidol	HL60	6.0	h	10.0	μM
104	haloperidol	MCF7	6.0	h	10.0	μM
105	haloperidol	MCF7	6.0	h	10.6	μM
106	haloperidol	PC3	6.0	h	10.0	μM
107	heliotrine	MCF7	6.0	h	12.799999999999999	μM
108	helveticoside	MCF7	6.0	h	7.4	μM
109	ikarugamycin	MCF7	6.0	h	2.0	μM
110	indapamide	MCF7	6.0	h	10.6	μM
111	ionomycin	MCF7	6.0	h	2.0	μM
112	karakoline	MCF7	6.0	h	10.6	μM
113	ketoprofen	MCF7	6.0	h	15.8	μM
114	lanatoside C	MCF7	6.0	h	4.0	μM
115	levonorgestrel	MCF7	6.0	h	12.799999999999999	μM
116	lithocholic acid	MCF7	6.0	h	10.6	μM
117	loperamide	MCF7	6.0	h	7.8	μM
118	lorglumide	MCF7	6.0	h	8.399999999999999	μM
119	lycorine	MCF7	6.0	h	12.4	μM
120	meclofenoxate	MCF7	6.0	h	13.6	μM
121	meclozine	MCF7	6.0	h	8.600000000000001	μM
122	medrysone	MCF7	6.0	h	11.600000000000001	μM
123	metamizole sodium	MCF7	6.0	h	12.0	μM
124	metformin	MCF7	6.0	h	10.0	μM
125	methotrexate	MCF7	6.0	h	8.8	μM
126	methotrexate	PC3	6.0	h	8.8	μM
127	methylbenzethonium chloride	MCF7	6.0	h	8.600000000000001	μM
128	methyldopa	MCF7	6.0	h	19.0	μM
129	metoclopramide	MCF7	6.0	h	11.8	μM
130	mexiletine	MCF7	6.0	h	18.6	μM
131	monastrol	MCF7	6.0	h	100.0	μM
132	monorden	MCF7	6.0	h	0.09999999999999999	μM
133	myosmine	MCF7	6.0	h	27.4	μM
134	naloxone	MCF7	6.0	h	11.0	μM
135	nefopam	MCF7	6.0	h	13.8	μM
136	orphenadrine	MCF7	6.0	h	13.0	μM
137	pempidine	MCF7	6.0	h	13.0	μM
138	pentetic acid	MCF7	6.0	h	10.200000000000001	μM
139	phenelzine	MCF7	6.0	h	17.0	μM
140	phenoxybenzamine	MCF7	6.0	h	11.8	μM
141	phentolamine	MCF7	6.0	h	12.6	μM
142	phthalylsulfathiazole	MCF7	6.0	h	10.0	μM
143	pioglitazone	MCF7	6.0	h	10.0	μM
144	pioglitazone	PC3	6.0	h	10.0	μM
145	pirenperone	MCF7	6.0	h	10.200000000000001	μM
146	pramocaine	MCF7	6.0	h	12.2	μM
147	prilocaine	MCF7	6.0	h	15.6	μM
148	probucol	MCF7	6.0	h	7.8	μM
149	prochlorperazine	HL60	6.0	h	10.0	μM
150	prochlorperazine	MCF7	6.0	h	10.0	μM
151	promazine	MCF7	6.0	h	12.4	μM
152	rofecoxib	MCF7	6.0	h	10.0	μM
153	rosiglitazone	HL60	6.0	h	10.0	μM
154	rosiglitazone	MCF7	6.0	h	10.0	μM
155	rosiglitazone	PC3	6.0	h	10.0	μM
156	rottlerin	MCF7	6.0	h	10.0	μM
157	serotonin	MCF7	6.0	h	18.8	μM
158	sirolimus	HL60	6.0	h	0.09999999999999999	μM
159	sirolimus	MCF7	6.0	h	0.09999999999999999	μM
160	sirolimus	PC3	6.0	h	0.09999999999999999	μM
161	solasodine	MCF7	6.0	h	9.6	μM
162	sulfamerazine	MCF7	6.0	h	15.2	μM
163	sulfamethoxypyridazine	MCF7	6.0	h	14.2	μM
164	tacrolimus	MCF7	6.0	h	1.0	μM
165	tanespimycin	HL60	6.0	h	1.0	μM
166	tanespimycin	MCF7	6.0	h	1.0	μM
167	tanespimycin	PC3	6.0	h	1.0	μM
168	testosterone	MCF7	6.0	h	11.600000000000001	μM
169	thiamazole	MCF7	6.0	h	35.0	μM
170	thioperamide	MCF7	6.0	h	9.799999999999999	μM
171	thioridazine	HL60	6.0	h	10.0	μM
172	thioridazine	MCF7	6.0	h	10.0	μM
173	thioridazine	PC3	6.0	h	10.0	μM
174	timolol	MCF7	6.0	h	9.2	μM
175	tinidazole	MCF7	6.0	h	16.2	μM
176	tretinoin	HL60	6.0	h	1.0	μM
177	tretinoin	MCF7	6.0	h	1.0	μM
178	tretinoin	PC3	6.0	h	1.0	μM
179	trichostatin A	HL60	6.0	h	0.09999999999999999	μM
180	trichostatin A	HL60	6.0	h	1.0	μM
181	trichostatin A	MCF7	6.0	h	0.09999999999999999	μM
182	trichostatin A	MCF7	6.0	h	1.0	μM
183	trichostatin A	PC3	6.0	h	0.09999999999999999	μM
184	trichostatin A	PC3	6.0	h	1.0	μM
185	trifluoperazine	HL60	6.0	h	10.0	μM
186	trifluoperazine	MCF7	6.0	h	10.0	μM
187	troglitazone	HL60	6.0	h	10.0	μM
188	troglitazone	MCF7	6.0	h	10.0	μM
189	troglitazone	PC3	6.0	h	10.0	μM
190	valproic acid	HL60	6.0	h	200.0	μM
191	valproic acid	HL60	6.0	h	500.0	μM
192	valproic acid	HL60	6.0	h	1000.0	μM
193	valproic acid	MCF7	6.0	h	200.0	μM
194	valproic acid	MCF7	6.0	h	500.0	μM
195	valproic acid	MCF7	6.0	h	1000.0	μM
196	valproic acid	PC3	6.0	h	1000.0	μM
197	vincamine	MCF7	6.0	h	11.2	μM
198	wortmannin	HL60	6.0	h	0.01	μM
199	wortmannin	MCF7	6.0	h	0.01	μM
0	15-delta prostaglandin J2	HL60	6.0	h	10.0	μM
