[{"lrredund": 21.3884, "lrpepelmv": 14.0867, "hphfpdID": "016615.d584_674", "pdbset": null, "lrpepxh": -1.0, "finallr": 301.2919, "lrpepelmh": -1.0, "template": "2zdi:BA(0.59,0.31,40/50,20,22)", "viralprotein_id": 13056, "lrsm": 1.3385, "id": 22618390, "lrpepxv": -1.0, "lrredundpairs": -1.0, "humanprotein_id": 5095, "vphfpdID": "000821@2w2r_A.3"}, {"lrredund": 15.8699, "lrpepelmv": 14.0867, "hphfpdID": "016466.d294_477", "pdbset": null, "lrpepxh": -1.0, "finallr": 223.5545, "lrpepelmh": -1.0, "template": "1ev0:BA(0.50,0.58,137/202,14,3)", "viralprotein_id": 13056, "lrsm": 4.5423, "id": 22619751, "lrpepxv": -1.0, "lrredundpairs": -1.0, "humanprotein_id": 3727, "vphfpdID": "000821@4owr_C.1"}, {"lrredund": 4.2492, "lrpepelmv": 27.4837, "hphfpdID": "010174.e1_100", "pdbset": null, "lrpepxh": -1.0, "finallr": 116.7838, "lrpepelmh": -1.0, "template": "", "viralprotein_id": 13056, "lrsm": -1.0, "id": 22620453, "lrpepxv": -1.0, "lrredundpairs": -1.0, "humanprotein_id": 6667, "vphfpdID": "000821@1lg7_A.2"}, {"lrredund": 20.9141, "lrpepelmv": -1.0, "hphfpdID": "005209.e1_178", "pdbset": null, "lrpepxh": -1.0, "finallr": 100.0864, "lrpepelmh": -1.0, "template": "1ev0:BA(0.50,0.43,124/202,16,6)", "viralprotein_id": 13056, "lrsm": 4.7856, "id": 22620525, "lrpepxv": -1.0, "lrredundpairs": -1.0, "humanprotein_id": 8007, "vphfpdID": "000821@4owr_C.1"}, {"lrredund": 15.8699, "lrpepelmv": 9.677, "hphfpdID": "001751.e1_73", "pdbset": null, "lrpepxh": -1.0, "finallr": 153.5729, "lrpepelmh": -1.0, "template": "3kvp:FD(0.60,0.51,1/1,0,0)", "viralprotein_id": 13056, "lrsm": 1.2704, "id": 22621678, "lrpepxv": -1.0, "lrredundpairs": -1.0, "humanprotein_id": 5041, "vphfpdID": "000821@2w2r_A.3"}, {"lrredund": 21.3884, "lrpepelmv": 6.3442, "hphfpdID": "001349.d2679_3055", "pdbset": null, "lrpepxh": -1.0, "finallr": 135.6925, "lrpepelmh": -1.0, "template": "1jy4:BA(0.50,0.41,40/40,11,9)", "viralprotein_id": 13056, "lrsm": 1.3385, "id": 22622587, "lrpepxv": -1.0, "lrredundpairs": -1.0, "humanprotein_id": 7312, "vphfpdID": "000821@2w2r_A.3"}, {"lrredund": 21.3884, "lrpepelmv": 14.0867, "hphfpdID": "016613.e557_714", "pdbset": null, "lrpepxh": -1.0, "finallr": 301.2919, "lrpepelmh": -1.0, "template": "3kvp:EC(0.49,0.48,29/68,14,8)", "viralprotein_id": 13056, "lrsm": 1.2265, "id": 22623600, "lrpepxv": -1.0, "lrredundpairs": -1.0, "humanprotein_id": 5161, "vphfpdID": "000821@1lg7_A.2"}, {"lrredund": 21.3884, "lrpepelmv": 14.0867, "hphfpdID": "007144.e151_217", "pdbset": null, "lrpepxh": -1.0, "finallr": 301.2919, "lrpepelmh": -1.0, "template": "1wdx:DA(0.54,0.19,33/46,17,13)", "viralprotein_id": 13056, "lrsm": 1.4599, "id": 22624411, "lrpepxv": -1.0, "lrredundpairs": -1.0, "humanprotein_id": 6385, "vphfpdID": "000821@1lg7_A.2"}, {"lrredund": 15.8699, "lrpepelmv": 13.5077, "hphfpdID": "001509", "pdbset": null, "lrpepxh": -1.0, "finallr": 214.3656, "lrpepelmh": -1.0, "template": "", "viralprotein_id": 13056, "lrsm": -1.0, "id": 22627491, "lrpepxv": -1.0, "lrredundpairs": -1.0, "humanprotein_id": 2598, "vphfpdID": "000821@2w2r_A.3"}, {"lrredund": 20.9141, "lrpepelmv": 14.0438, "hphfpdID": "016613.e557_714", "pdbset": null, "lrpepxh": -1.0, "finallr": 293.7134, "lrpepelmh": -1.0, "template": "2fqm:AB(0.00,0.53,90/213,34,18)", "viralprotein_id": 13057, "lrsm": 3.109, "id": 33936335, "lrpepxv": -1.0, "lrredundpairs": 0.7707, "humanprotein_id": 5161, "vphfpdID": "000822@2fqm_A.3"}, {"lrredund": 20.9141, "lrpepelmv": 4.8045, "hphfpdID": "002673.d115_219", "pdbset": null, "lrpepxh": -1.0, "finallr": 100.4827, "lrpepelmh": -1.0, "template": "2v55:DC(0.48,0.21,35/87,25,31)", "viralprotein_id": 13057, "lrsm": 2.0697, "id": 33936819, "lrpepxv": -1.0, "lrredundpairs": 1.1877, "humanprotein_id": 4427, "vphfpdID": "000822@3hhw_A.2"}, {"lrredund": 4.0064, "lrpepelmv": -1.0, "hphfpdID": "017142", "pdbset": null, "lrpepxh": -1.0, "finallr": 101.1073, "lrpepelmh": -1.0, "template": "1ytf:CA(0.12,0.04,7/18,5,2)", "viralprotein_id": 13057, "lrsm": 25.2364, "id": 33937169, "lrpepxv": -1.0, "lrredundpairs": 1.1877, "humanprotein_id": 4159, "vphfpdID": "000822@2fqm_A.3"}, {"lrredund": 21.3884, "lrpepelmv": -1.0, "hphfpdID": "009491.e219_323", "pdbset": null, "lrpepxh": -1.0, "finallr": 155.5392, "lrpepelmh": -1.0, "template": "2fqm:CD(0.08,0.27,66/235,19,14)", "viralprotein_id": 13057, "lrsm": 7.2721, "id": 33939040, "lrpepxv": -1.0, "lrredundpairs": 0.7707, "humanprotein_id": 12198, "vphfpdID": "000822@2fqm_A.3"}, {"lrredund": 3.124, "lrpepelmv": -1.0, "hphfpdID": "003306.e1_56", "pdbset": null, "lrpepxh": -1.0, "finallr": 120.3261, "lrpepelmh": -1.0, "template": "2fqm:FE(0.05,0.13,57/212,24,18)", "viralprotein_id": 13057, "lrsm": 38.5167, "id": 33939268, "lrpepxv": -1.0, "lrredundpairs": -1.0, "humanprotein_id": 6651, "vphfpdID": "000822@2fqm_A.3"}, {"lrredund": 20.9141, "lrpepelmv": -1.0, "hphfpdID": "004076", "pdbset": null, "lrpepxh": -1.0, "finallr": 171.6559, "lrpepelmh": -1.0, "template": "1i7x:BA(0.58,0.02,102/166,50,29)", "viralprotein_id": 13057, "lrsm": 8.2077, "id": 33939361, "lrpepxv": -1.0, "lrredundpairs": 0.7707, "humanprotein_id": 4894, "vphfpdID": "000822@2fqm_A.3"}, {"lrredund": 20.9141, "lrpepelmv": -1.0, "hphfpdID": "018500.d533_608", "pdbset": null, "lrpepxh": -1.0, "finallr": 145.9733, "lrpepelmh": -1.0, "template": "2bgf:BA(0.36,0.03,42/137,26,41)", "viralprotein_id": 13057, "lrsm": 6.9797, "id": 33940430, "lrpepxv": -1.0, "lrredundpairs": 0.7707, "humanprotein_id": 3463, "vphfpdID": "000822@3hhw_A.2"}, {"lrredund": 20.9141, "lrpepelmv": -1.0, "hphfpdID": "005158.d818_927", "pdbset": null, "lrpepxh": -1.0, "finallr": 111.3247, "lrpepelmh": -1.0, "template": "1q10:BA(0.34,0.60,159/301,47,74)", "viralprotein_id": 13057, "lrsm": 5.323, "id": 33941270, "lrpepxv": -1.0, "lrredundpairs": 0.7707, "humanprotein_id": 2711, "vphfpdID": "000822@3hhw_A.2"}, {"lrredund": 20.9141, "lrpepelmv": 107.1532, "hphfpdID": "000002", "pdbset": null, "lrpepxh": -1.0, "finallr": 2241.013, "lrpepelmh": -1.0, "template": "3sf4:EB(0.45,0.37,86/213,34,48)", "viralprotein_id": 13057, "lrsm": 1.7316, "id": 33941472, "lrpepxv": -1.0, "lrredundpairs": 0.7707, "humanprotein_id": 6315, "vphfpdID": "000822@3hhw_A.2"}, {"lrredund": 20.9141, "lrpepelmv": -1.0, "hphfpdID": "005567.d200_296", "pdbset": null, "lrpepxh": -1.0, "finallr": 157.6094, "lrpepelmh": -1.0, "template": "2fqm:AB(0.00,0.21,63/213,24,23)", "viralprotein_id": 13057, "lrsm": 7.536, "id": 33942032, "lrpepxv": -1.0, "lrredundpairs": 1.373, "humanprotein_id": 3874, "vphfpdID": "000822@2fqm_A.3"}, {"lrredund": 20.9141, "lrpepelmv": 14.0438, "hphfpdID": "016615", "pdbset": null, "lrpepxh": -1.0, "finallr": 293.7134, "lrpepelmh": -1.0, "template": "", "viralprotein_id": 13057, "lrsm": -1.0, "id": 33942508, "lrpepxv": -1.0, "lrredundpairs": -1.0, "humanprotein_id": 5095, "vphfpdID": "000822@2fqm_A.3"}, {"lrredund": 20.9141, "lrpepelmv": 4.8045, "hphfpdID": "003962", "pdbset": null, "lrpepxh": -1.0, "finallr": 100.4827, "lrpepelmh": -1.0, "template": "", "viralprotein_id": 13057, "lrsm": -1.0, "id": 33942803, "lrpepxv": -1.0, "lrredundpairs": 2.9666, "humanprotein_id": 6447, "vphfpdID": "000822@2fqm_A.3"}, {"lrredund": 20.9141, "lrpepelmv": 107.1532, "hphfpdID": "000006", "pdbset": null, "lrpepxh": -1.0, "finallr": 2241.013, "lrpepelmh": -1.0, "template": "2btp:AB(0.59,0.00,33/86,18,12)", "viralprotein_id": 13057, "lrsm": 1.8315, "id": 33942898, "lrpepxv": -1.0, "lrredundpairs": 1.373, "humanprotein_id": 4514, "vphfpdID": "000822@2fqm_A.3"}, {"lrredund": 4.2492, "lrpepelmv": 107.1532, "hphfpdID": "000001", "pdbset": null, "lrpepxh": -1.0, "finallr": 455.3154, "lrpepelmh": -1.0, "template": "1p5q:BA(0.58,0.58,3/106,1,0)", "viralprotein_id": 13057, "lrsm": 0.9682, "id": 33942971, "lrpepxv": -1.0, "lrredundpairs": -1.0, "humanprotein_id": 4793, "vphfpdID": "000822@2k47_A.1"}, {"lrredund": 20.9141, "lrpepelmv": 14.0438, "hphfpdID": "016466.e85_146", "pdbset": null, "lrpepxh": -1.0, "finallr": 293.7134, "lrpepelmh": -1.0, "template": "2mcn:BA(0.49,0.09,49/119,31,49)", "viralprotein_id": 13057, "lrsm": 3.1219, "id": 33943535, "lrpepxv": -1.0, "lrredundpairs": 0.7707, "humanprotein_id": 3727, "vphfpdID": "000822@3hhw_A.2"}, {"lrredund": 20.9141, "lrpepelmv": 4.8045, "hphfpdID": "007227.e1_367", "pdbset": null, "lrpepxh": -1.0, "finallr": 100.4827, "lrpepelmh": -1.0, "template": "", "viralprotein_id": 13057, "lrsm": -1.0, "id": 33943669, "lrpepxv": -1.0, "lrredundpairs": 1.7812, "humanprotein_id": 5539, "vphfpdID": "000822@2fqm_A.3"}, {"lrredund": 20.9141, "lrpepelmv": -1.0, "hphfpdID": "014262.d1_78", "pdbset": null, "lrpepxh": -1.0, "finallr": 115.0004, "lrpepelmh": -1.0, "template": "4hk2:DA(0.35,0.04,22/50,16,22)", "viralprotein_id": 13057, "lrsm": 5.4987, "id": 33944249, "lrpepxv": -1.0, "lrredundpairs": -1.0, "humanprotein_id": 5865, "vphfpdID": "000822@3hhw_A.2"}, {"lrredund": 20.9141, "lrpepelmv": -1.0, "hphfpdID": "005354.g1197_1305", "pdbset": null, "lrpepxh": -1.0, "finallr": 157.6094, "lrpepelmh": -1.0, "template": "2fqm:BA(0.06,0.22,67/213,32,35)", "viralprotein_id": 13057, "lrsm": 7.536, "id": 33944615, "lrpepxv": -1.0, "lrredundpairs": 0.7707, "humanprotein_id": 7033, "vphfpdID": "000822@2fqm_A.3"}, {"lrredund": 3.124, "lrpepelmv": 107.1532, "hphfpdID": "000003", "pdbset": null, "lrpepxh": -1.0, "finallr": 334.7466, "lrpepelmh": -1.0, "template": "3sf4:EB(0.56,0.33,103/213,23,5)", "viralprotein_id": 13057, "lrsm": 1.7316, "id": 33945284, "lrpepxv": -1.0, "lrredundpairs": 1.5513, "humanprotein_id": 6857, "vphfpdID": "000822@2fqm_A.3"}, {"lrredund": 20.9141, "lrpepelmv": -1.0, "hphfpdID": "016448", "pdbset": null, "lrpepxh": -1.0, "finallr": 100.4723, "lrpepelmh": -1.0, "template": "3pz8:AH(0.28,0.31,54/67,24,31)", "viralprotein_id": 13057, "lrsm": 4.804, "id": 33945692, "lrpepxv": -1.0, "lrredundpairs": 1.1877, "humanprotein_id": 7393, "vphfpdID": "000822@3hhw_A.2"}, {"lrredund": 20.9141, "lrpepelmv": 107.1532, "hphfpdID": "000007", "pdbset": null, "lrpepxh": -1.0, "finallr": 2241.013, "lrpepelmh": -1.0, "template": "3sf4:EB(0.45,0.43,92/213,34,43)", "viralprotein_id": 13057, "lrsm": 1.7316, "id": 33947785, "lrpepxv": -1.0, "lrredundpairs": 0.7707, "humanprotein_id": 6393, "vphfpdID": "000822@3hhw_A.2"}, {"lrredund": 19.2898, "lrpepelmv": -1.0, "hphfpdID": "016869.d512_640", "pdbset": null, "lrpepxh": -1.0, "finallr": 102.6786, "lrpepelmh": -1.0, "template": "2rp4:CD(0.42,0.55,157/324,43,69)", "viralprotein_id": 13057, "lrsm": 5.323, "id": 33948113, "lrpepxv": -1.0, "lrredundpairs": -1.0, "humanprotein_id": 4495, "vphfpdID": "000822@2fqm_A.3"}, {"lrredund": 21.3884, "lrpepelmv": 12.1604, "hphfpdID": "001060.e180_274", "pdbset": null, "lrpepxh": -1.0, "finallr": 260.0908, "lrpepelmh": -1.0, "template": "2lz6:AB(0.46,0.09,28/104,22,28)", "viralprotein_id": 13057, "lrsm": 2.7953, "id": 33949623, "lrpepxv": -1.0, "lrredundpairs": -1.0, "humanprotein_id": 17652, "vphfpdID": "000822@3hhw_A.2"}, {"lrredund": 3.124, "lrpepelmv": 107.1532, "hphfpdID": "000005", "pdbset": null, "lrpepxh": -1.0, "finallr": 334.7466, "lrpepelmh": -1.0, "template": "3sf4:EB(0.45,0.43,87/213,33,41)", "viralprotein_id": 13057, "lrsm": 1.7316, "id": 33949654, "lrpepxv": -1.0, "lrredundpairs": -1.0, "humanprotein_id": 4794, "vphfpdID": "000822@3hhw_A.2"}, {"lrredund": 20.9141, "lrpepelmv": -1.0, "hphfpdID": "005209.d243_326", "pdbset": null, "lrpepxh": -1.0, "finallr": 199.8862, "lrpepelmh": -1.0, "template": "2fqm:AB(0.00,0.60,134/213,43,45)", "viralprotein_id": 13057, "lrsm": 9.5575, "id": 33949826, "lrpepxv": -1.0, "lrredundpairs": 1.7812, "humanprotein_id": 8007, "vphfpdID": "000822@2fqm_A.3"}, {"lrredund": 20.9141, "lrpepelmv": 14.0438, "hphfpdID": "007144", "pdbset": null, "lrpepxh": -1.0, "finallr": 293.7134, "lrpepelmh": -1.0, "template": "2mcn:BA(0.49,0.09,49/119,29,44)", "viralprotein_id": 13057, "lrsm": 3.1219, "id": 33950627, "lrpepxv": -1.0, "lrredundpairs": 0.7707, "humanprotein_id": 6385, "vphfpdID": "000822@3hhw_A.2"}, {"lrredund": 20.9141, "lrpepelmv": -1.0, "hphfpdID": "018501.e80_165", "pdbset": null, "lrpepxh": -1.0, "finallr": 145.9733, "lrpepelmh": -1.0, "template": "3zkj:EF(0.19,0.13,38/114,22,36)", "viralprotein_id": 13057, "lrsm": 6.9797, "id": 33950717, "lrpepxv": -1.0, "lrredundpairs": 2.4183, "humanprotein_id": 1286, "vphfpdID": "000822@2fqm_A.3"}, {"lrredund": 4.2492, "lrpepelmv": 107.1532, "hphfpdID": "000004", "pdbset": null, "lrpepxh": -1.0, "finallr": 455.3154, "lrpepelmh": -1.0, "template": "", "viralprotein_id": 13057, "lrsm": -1.0, "id": 33951085, "lrpepxv": -1.0, "lrredundpairs": -1.0, "humanprotein_id": 6298, "vphfpdID": "000822@2k47_A.1"}, {"lrredund": 21.3884, "lrpepelmv": 9.3373, "hphfpdID": "001349.d2679_3055", "pdbset": null, "lrpepxh": -1.0, "finallr": 199.7102, "lrpepelmh": -1.0, "template": "1p1h:DB(0.50,0.54,20/55,11,10)", "viralprotein_id": 13057, "lrsm": 0.9682, "id": 33952445, "lrpepxv": -1.0, "lrredundpairs": -1.0, "humanprotein_id": 7312, "vphfpdID": "000822@2k47_A.1"}, {"lrredund": -1.0, "lrpepelmv": 137.2032, "hphfpdID": "000003", "pdbset": null, "lrpepxh": -1.0, "finallr": 137.2032, "lrpepelmh": -1.0, "template": "3id6:CA(0.52,0.60,1/150,1,0)", "viralprotein_id": 13058, "lrsm": 0.9682, "id": 3556953, "lrpepxv": -1.0, "lrredundpairs": -1.0, "humanprotein_id": 6857, "vphfpdID": "000823.d1333_1997"}, {"lrredund": -1.0, "lrpepelmv": 137.2032, "hphfpdID": "000004", "pdbset": null, "lrpepxh": -1.0, "finallr": 137.2032, "lrpepelmh": -1.0, "template": "1upt:GF(0.60,0.49,1/1,2,1)", "viralprotein_id": 13058, "lrsm": 1.2704, "id": 3557313, "lrpepxv": -1.0, "lrredundpairs": -1.0, "humanprotein_id": 6298, "vphfpdID": "000823.d1165_2023"}, {"lrredund": -1.0, "lrpepelmv": 137.2032, "hphfpdID": "000002", "pdbset": null, "lrpepxh": -1.0, "finallr": 137.2032, "lrpepelmh": -1.0, "template": "1upt:GF(0.60,0.47,1/1,2,1)", "viralprotein_id": 13058, "lrsm": 1.2704, "id": 3558999, "lrpepxv": -1.0, "lrredundpairs": -1.0, "humanprotein_id": 6315, "vphfpdID": "000823.d1165_2023"}, {"lrredund": -1.0, "lrpepelmv": 137.2032, "hphfpdID": "000005", "pdbset": null, "lrpepxh": -1.0, "finallr": 137.2032, "lrpepelmh": -1.0, "template": "", "viralprotein_id": 13058, "lrsm": -1.0, "id": 3559561, "lrpepxv": -1.0, "lrredundpairs": -1.0, "humanprotein_id": 4794, "vphfpdID": "000823"}, {"lrredund": -1.0, "lrpepelmv": 137.2032, "hphfpdID": "000007", "pdbset": null, "lrpepxh": -1.0, "finallr": 137.2032, "lrpepelmh": -1.0, "template": "1upt:GF(0.60,0.45,1/1,1,0)", "viralprotein_id": 13058, "lrsm": 1.2704, "id": 3560553, "lrpepxv": -1.0, "lrredundpairs": -1.0, "humanprotein_id": 6393, "vphfpdID": "000823.d1165_2023"}, {"lrredund": -1.0, "lrpepelmv": 137.2032, "hphfpdID": "000001", "pdbset": null, "lrpepxh": -1.0, "finallr": 137.2032, "lrpepelmh": -1.0, "template": "", "viralprotein_id": 13058, "lrsm": -1.0, "id": 3565588, "lrpepxv": -1.0, "lrredundpairs": -1.0, "humanprotein_id": 4793, "vphfpdID": "000823"}, {"lrredund": -1.0, "lrpepelmv": 137.2032, "hphfpdID": "000006", "pdbset": null, "lrpepxh": -1.0, "finallr": 137.2032, "lrpepelmh": -1.0, "template": "", "viralprotein_id": 13058, "lrsm": -1.0, "id": 3567556, "lrpepxv": -1.0, "lrredundpairs": -1.0, "humanprotein_id": 4514, "vphfpdID": "000823"}, {"lrredund": 4.2492, "lrpepelmv": 65.3909, "hphfpdID": "000004", "pdbset": null, "lrpepxh": -1.0, "finallr": 277.8589, "lrpepelmh": -1.0, "template": "", "viralprotein_id": 13059, "lrsm": -1.0, "id": 13045074, "lrpepxv": -1.0, "lrredundpairs": -1.0, "humanprotein_id": 6298, "vphfpdID": "000824"}, {"lrredund": 21.3884, "lrpepelmv": 11.3978, "hphfpdID": "016613.e557_714", "pdbset": null, "lrpepxh": -1.0, "finallr": 243.7811, "lrpepelmh": -1.0, "template": "1zm0:AB(0.56,0.51,32/54,9,2)", "viralprotein_id": 13059, "lrsm": 1.1641, "id": 13045598, "lrpepxv": -1.0, "lrredundpairs": -1.0, "humanprotein_id": 5161, "vphfpdID": "000824.e1_470"}, {"lrredund": 15.8699, "lrpepelmv": 14.9984, "hphfpdID": "016466.e85_146", "pdbset": null, "lrpepxh": -1.0, "finallr": 238.0224, "lrpepelmh": -1.0, "template": "3via:AB(0.50,0.50,37/70,17,14)", "viralprotein_id": 13059, "lrsm": 1.2265, "id": 13045761, "lrpepxv": -1.0, "lrredundpairs": -1.0, "humanprotein_id": 3727, "vphfpdID": "000824.e1_470"}, {"lrredund": 21.3884, "lrpepelmv": 14.9984, "hphfpdID": "007144.e56_156", "pdbset": null, "lrpepxh": -1.0, "finallr": 320.7909, "lrpepelmh": -1.0, "template": "1zm0:AB(0.56,0.53,31/54,11,7)", "viralprotein_id": 13059, "lrsm": 1.1641, "id": 13046126, "lrpepxv": -1.0, "lrredundpairs": -1.0, "humanprotein_id": 6385, "vphfpdID": "000824.e1_470"}, {"lrredund": 21.3884, "lrpepelmv": 65.3909, "hphfpdID": "000007", "pdbset": null, "lrpepxh": -1.0, "finallr": 1398.606, "lrpepelmh": -1.0, "template": "", "viralprotein_id": 13059, "lrsm": -1.0, "id": 13046408, "lrpepxv": -1.0, "lrredundpairs": -1.0, "humanprotein_id": 6393, "vphfpdID": "000824"}, {"lrredund": 21.3884, "lrpepelmv": 9.677, "hphfpdID": "001751.e1725_1863", "pdbset": null, "lrpepxh": -1.0, "finallr": 206.9754, "lrpepelmh": -1.0, "template": "", "viralprotein_id": 13059, "lrsm": -1.0, "id": 13047330, "lrpepxv": -1.0, "lrredundpairs": -1.0, "humanprotein_id": 5041, "vphfpdID": "000824"}, {"lrredund": 2.0764, "lrpepelmv": 65.3909, "hphfpdID": "000005", "pdbset": null, "lrpepxh": -1.0, "finallr": 135.7776, "lrpepelmh": -1.0, "template": "", "viralprotein_id": 13059, "lrsm": -1.0, "id": 13047351, "lrpepxv": -1.0, "lrredundpairs": -1.0, "humanprotein_id": 4794, "vphfpdID": "000824"}, {"lrredund": 21.3884, "lrpepelmv": 65.3909, "hphfpdID": "000002", "pdbset": null, "lrpepxh": -1.0, "finallr": 1398.606, "lrpepelmh": -1.0, "template": "", "viralprotein_id": 13059, "lrsm": -1.0, "id": 13047522, "lrpepxv": -1.0, "lrredundpairs": -1.0, "humanprotein_id": 6315, "vphfpdID": "000824"}, {"lrredund": 21.3884, "lrpepelmv": 65.3909, "hphfpdID": "000006", "pdbset": null, "lrpepxh": -1.0, "finallr": 1398.606, "lrpepelmh": -1.0, "template": "", "viralprotein_id": 13059, "lrsm": -1.0, "id": 13048023, "lrpepxv": -1.0, "lrredundpairs": -1.0, "humanprotein_id": 4514, "vphfpdID": "000824"}, {"lrredund": 3.5815, "lrpepelmv": 65.3909, "hphfpdID": "000001", "pdbset": null, "lrpepxh": -1.0, "finallr": 234.1974, "lrpepelmh": -1.0, "template": "", "viralprotein_id": 13059, "lrsm": -1.0, "id": 13048393, "lrpepxv": -1.0, "lrredundpairs": -1.0, "humanprotein_id": 4793, "vphfpdID": "000824"}, {"lrredund": -1.0, "lrpepelmv": 578.4056, "hphfpdID": "012727.e127_261", "pdbset": null, "lrpepxh": -1.0, "finallr": 578.4056, "lrpepelmh": -1.0, "template": "", "viralprotein_id": 13060, "lrsm": -1.0, "id": 54706938, "lrpepxv": -1.0, "lrredundpairs": -1.0, "humanprotein_id": 3684, "vphfpdID": "000825@2gic_A.1"}]