[{"lrredund": 21.3884, "lrpepelmv": -1.0, "hphfpdID": "018800.d596_685", "pdbset": null, "lrpepxh": -1.0, "finallr": 708.2626, "lrpepelmh": -1.0, "template": "1z7z:2I(0.01,0.18,25/25,10,16)", "viralprotein_id": 15979, "lrsm": 33.1143, "id": 14283329, "lrpepxv": -1.0, "lrredundpairs": 0.7707, "humanprotein_id": 4109, "vphfpdID": "003101.e1_238@4q4x_2.5"}, {"lrredund": -1.0, "lrpepelmv": -1.0, "hphfpdID": "001909.e65_297", "pdbset": null, "lrpepxh": -1.0, "finallr": 240.91, "lrpepelmh": -1.0, "template": "1upn:BE(0.04,0.04,95/97,36,70)", "viralprotein_id": 15979, "lrsm": 240.91, "id": 14283370, "lrpepxv": -1.0, "lrredundpairs": -1.0, "humanprotein_id": 2901, "vphfpdID": "003101.e1_238@4q4x_2.5"}, {"lrredund": 21.3884, "lrpepelmv": 14.0867, "hphfpdID": "016613", "pdbset": null, "lrpepxh": -1.0, "finallr": 301.2919, "lrpepelmh": -1.0, "template": "", "viralprotein_id": 15979, "lrsm": -1.0, "id": 14284091, "lrpepxv": -1.0, "lrredundpairs": -1.0, "humanprotein_id": 5161, "vphfpdID": "003101@1eah_2.4"}, {"lrredund": 21.3884, "lrpepelmv": -1.0, "hphfpdID": "011519", "pdbset": null, "lrpepxh": -1.0, "finallr": 393.8285, "lrpepelmh": -1.0, "template": "3t30:IH(0.53,0.07,86/94,41,54)", "viralprotein_id": 15979, "lrsm": 18.4132, "id": 14284343, "lrpepxv": -1.0, "lrredundpairs": -1.0, "humanprotein_id": 3074, "vphfpdID": "003101.e56_271@1pov_0.1"}, {"lrredund": 21.3884, "lrpepelmv": 137.2032, "hphfpdID": "000007", "pdbset": null, "lrpepxh": -1.0, "finallr": 2934.559, "lrpepelmh": -1.0, "template": "", "viralprotein_id": 15979, "lrsm": -1.0, "id": 14286206, "lrpepxv": -1.0, "lrredundpairs": -1.0, "humanprotein_id": 6393, "vphfpdID": "003101@1ar9_2.2"}, {"lrredund": 21.3884, "lrpepelmv": 3.1171, "hphfpdID": "003962.d92_178", "pdbset": null, "lrpepxh": -1.0, "finallr": 100.9952, "lrpepelmh": -1.0, "template": "4c10:BC(0.07,0.52,210/1497,25,165)", "viralprotein_id": 15979, "lrsm": 4.722, "id": 14286980, "lrpepxv": -1.0, "lrredundpairs": -1.0, "humanprotein_id": 6447, "vphfpdID": "003101.e56_271@1ar9_2.2"}, {"lrredund": -1.0, "lrpepelmv": -1.0, "hphfpdID": "003500.e151_252", "pdbset": null, "lrpepxh": -1.0, "finallr": 240.91, "lrpepelmh": -1.0, "template": "1upn:BE(0.04,0.06,95/97,34,60)", "viralprotein_id": 15979, "lrsm": 240.91, "id": 14287293, "lrpepxv": -1.0, "lrredundpairs": -1.0, "humanprotein_id": 3061, "vphfpdID": "003101.e1_238@1vbe_2.3"}, {"lrredund": 21.3884, "lrpepelmv": 14.0867, "hphfpdID": "016466.e142_262", "pdbset": null, "lrpepxh": -1.0, "finallr": 301.2919, "lrpepelmh": -1.0, "template": "3m7f:BA(0.46,0.07,54/93,23,31)", "viralprotein_id": 15979, "lrsm": 3.1219, "id": 14287715, "lrpepxv": -1.0, "lrredundpairs": -1.0, "humanprotein_id": 3727, "vphfpdID": "003101.e56_271@1eah_2.4"}, {"lrredund": -1.0, "lrpepelmv": -1.0, "hphfpdID": "002887.e165_268", "pdbset": null, "lrpepxh": -1.0, "finallr": 240.91, "lrpepelmh": -1.0, "template": "1upn:BE(0.04,0.06,90/97,30,58)", "viralprotein_id": 15979, "lrsm": 240.91, "id": 14287757, "lrpepxv": -1.0, "lrredundpairs": -1.0, "humanprotein_id": 2727, "vphfpdID": "003101.e1_238@1eah_2.4"}, {"lrredund": 21.3884, "lrpepelmv": 14.0867, "hphfpdID": "016615", "pdbset": null, "lrpepxh": -1.0, "finallr": 301.2919, "lrpepelmh": -1.0, "template": "1z7z:2I(0.04,0.43,25/25,8,0)", "viralprotein_id": 15979, "lrsm": 2.4032, "id": 14288020, "lrpepxv": -1.0, "lrredundpairs": -1.0, "humanprotein_id": 5095, "vphfpdID": "003101.e56_271@1pov_0.1"}, {"lrredund": -1.0, "lrpepelmv": 137.2032, "hphfpdID": "000001", "pdbset": null, "lrpepxh": -1.0, "finallr": 137.2032, "lrpepelmh": -1.0, "template": "", "viralprotein_id": 15979, "lrsm": -1.0, "id": 14288368, "lrpepxv": -1.0, "lrredundpairs": -1.0, "humanprotein_id": 4793, "vphfpdID": "003101@1ar9_2.2"}, {"lrredund": -1.0, "lrpepelmv": 137.2032, "hphfpdID": "000003", "pdbset": null, "lrpepxh": -1.0, "finallr": 137.2032, "lrpepelmh": -1.0, "template": "", "viralprotein_id": 15979, "lrsm": -1.0, "id": 14288462, "lrpepxv": -1.0, "lrredundpairs": -1.0, "humanprotein_id": 6857, "vphfpdID": "003101@1pov_0.1"}, {"lrredund": 21.3884, "lrpepelmv": -1.0, "hphfpdID": "000172.d132_188", "pdbset": null, "lrpepxh": -1.0, "finallr": 163.4924, "lrpepelmh": -1.0, "template": "4cdw:CB(0.36,0.56,272/1864,43,188)", "viralprotein_id": 15979, "lrsm": 7.644, "id": 14288702, "lrpepxv": -1.0, "lrredundpairs": -1.0, "humanprotein_id": 2981, "vphfpdID": "003101.e56_271@1pov_0.1"}, {"lrredund": -1.0, "lrpepelmv": -1.0, "hphfpdID": "003971.e1206_1270", "pdbset": null, "lrpepxh": -1.0, "finallr": 210.1762, "lrpepelmh": -1.0, "template": "3iyp:CF(0.04,0.14,142/156,48,97)", "viralprotein_id": 15979, "lrsm": 210.1762, "id": 14289019, "lrpepxv": -1.0, "lrredundpairs": -1.0, "humanprotein_id": 10968, "vphfpdID": "003101.e1_238@1vbe_2.3"}, {"lrredund": 21.3884, "lrpepelmv": 2.8446, "hphfpdID": "001509.e1_53", "pdbset": null, "lrpepxh": -1.0, "finallr": 102.7509, "lrpepelmh": -1.0, "template": "2idh:CD(0.38,0.11,44/45,22,28)", "viralprotein_id": 15979, "lrsm": 4.804, "id": 14289092, "lrpepxv": -1.0, "lrredundpairs": -1.0, "humanprotein_id": 2598, "vphfpdID": "003101.e1_238@4q4x_2.5"}, {"lrredund": 3.5815, "lrpepelmv": 137.2032, "hphfpdID": "000004", "pdbset": null, "lrpepxh": -1.0, "finallr": 491.3936, "lrpepelmh": -1.0, "template": "", "viralprotein_id": 15979, "lrsm": -1.0, "id": 14289512, "lrpepxv": -1.0, "lrredundpairs": -1.0, "humanprotein_id": 6298, "vphfpdID": "003101@1vbe_2.3"}, {"lrredund": 21.3884, "lrpepelmv": 14.0867, "hphfpdID": "007144.d1_56", "pdbset": null, "lrpepxh": -1.0, "finallr": 301.2919, "lrpepelmh": -1.0, "template": "1na1:CB(0.37,0.50,273/1559,50,105)", "viralprotein_id": 15979, "lrsm": 7.644, "id": 14289646, "lrpepxv": -1.0, "lrredundpairs": -1.0, "humanprotein_id": 6385, "vphfpdID": "003101.e56_271@1vbe_2.3"}, {"lrredund": -1.0, "lrpepelmv": -1.0, "hphfpdID": "006163.d107_323", "pdbset": null, "lrpepxh": -1.0, "finallr": 240.91, "lrpepelmh": -1.0, "template": "1upn:BE(0.04,0.06,95/97,27,30)", "viralprotein_id": 15979, "lrsm": 240.91, "id": 14289830, "lrpepxv": -1.0, "lrredundpairs": -1.0, "humanprotein_id": 16194, "vphfpdID": "003101.e1_238@1vbe_2.3"}, {"lrredund": -1.0, "lrpepelmv": -1.0, "hphfpdID": "003970.d2496_2554", "pdbset": null, "lrpepxh": -1.0, "finallr": 210.1762, "lrpepelmh": -1.0, "template": "3iyp:CF(0.05,0.14,132/156,46,90)", "viralprotein_id": 15979, "lrsm": 210.1762, "id": 14290268, "lrpepxv": -1.0, "lrredundpairs": -1.0, "humanprotein_id": 15290, "vphfpdID": "003101.e1_238@1eah_2.4"}, {"lrredund": 19.2898, "lrpepelmv": -1.0, "hphfpdID": "006178.e689_810", "pdbset": null, "lrpepxh": -1.0, "finallr": 321.7909, "lrpepelmh": -1.0, "template": "1na1:BC(0.09,0.49,637/1560,56,36)", "viralprotein_id": 15979, "lrsm": 16.6819, "id": 14290404, "lrpepxv": -1.0, "lrredundpairs": -1.0, "humanprotein_id": 2856, "vphfpdID": "003101@4q4x_2.5"}, {"lrredund": -1.0, "lrpepelmv": -1.0, "hphfpdID": "010149.d99_158", "pdbset": null, "lrpepxh": -1.0, "finallr": 826.1879, "lrpepelmh": -1.0, "template": "3iyp:CF(0.04,0.06,137/156,47,93)", "viralprotein_id": 15979, "lrsm": 826.1879, "id": 14290484, "lrpepxv": -1.0, "lrredundpairs": -1.0, "humanprotein_id": 3891, "vphfpdID": "003101.e1_238@4q4x_2.5"}, {"lrredund": 21.3884, "lrpepelmv": 137.2032, "hphfpdID": "000002", "pdbset": null, "lrpepxh": -1.0, "finallr": 2934.559, "lrpepelmh": -1.0, "template": "", "viralprotein_id": 15979, "lrsm": -1.0, "id": 14290680, "lrpepxv": -1.0, "lrredundpairs": -1.0, "humanprotein_id": 6315, "vphfpdID": "003101@1ar9_2.2"}, {"lrredund": -1.0, "lrpepelmv": -1.0, "hphfpdID": "006162.d92_281", "pdbset": null, "lrpepxh": -1.0, "finallr": 240.91, "lrpepelmh": -1.0, "template": "1upn:BE(0.04,0.05,95/97,25,35)", "viralprotein_id": 15979, "lrsm": 240.91, "id": 14290903, "lrpepxv": -1.0, "lrredundpairs": -1.0, "humanprotein_id": 13968, "vphfpdID": "003101.e1_238@4q4x_2.5"}, {"lrredund": -1.0, "lrpepelmv": -1.0, "hphfpdID": "004306", "pdbset": null, "lrpepxh": -1.0, "finallr": 826.1879, "lrpepelmh": -1.0, "template": "3iyp:CF(0.10,0.00,156/156,50,102)", "viralprotein_id": 15979, "lrsm": 826.1879, "id": 14291154, "lrpepxv": -1.0, "lrredundpairs": -1.0, "humanprotein_id": 3167, "vphfpdID": "003101.e56_271@1eah_2.4"}, {"lrredund": -1.0, "lrpepelmv": -1.0, "hphfpdID": "003972.d3109_3228", "pdbset": null, "lrpepxh": -1.0, "finallr": 240.91, "lrpepelmh": -1.0, "template": "1upn:BE(0.04,0.03,95/97,34,65)", "viralprotein_id": 15979, "lrsm": 240.91, "id": 14291221, "lrpepxv": -1.0, "lrredundpairs": -1.0, "humanprotein_id": 10967, "vphfpdID": "003101.e1_238@1vbe_2.3"}, {"lrredund": -1.0, "lrpepelmv": -1.0, "hphfpdID": "009823.e386_447", "pdbset": null, "lrpepxh": -1.0, "finallr": 240.91, "lrpepelmh": -1.0, "template": "1upn:BE(0.04,0.06,92/97,34,63)", "viralprotein_id": 15979, "lrsm": 240.91, "id": 14291236, "lrpepxv": -1.0, "lrredundpairs": -1.0, "humanprotein_id": 3922, "vphfpdID": "003101.e1_238@1eah_2.4"}, {"lrredund": -1.0, "lrpepelmv": -1.0, "hphfpdID": "015571.e286_348", "pdbset": null, "lrpepxh": -1.0, "finallr": 210.1762, "lrpepelmh": -1.0, "template": "3iyp:CF(0.04,0.14,129/156,43,80)", "viralprotein_id": 15979, "lrsm": 210.1762, "id": 14291771, "lrpepxv": -1.0, "lrredundpairs": -1.0, "humanprotein_id": 10309, "vphfpdID": "003101.e1_238@1vbe_2.3"}, {"lrredund": -1.0, "lrpepelmv": -1.0, "hphfpdID": "007931.e1_119", "pdbset": null, "lrpepxh": -1.0, "finallr": 130.17, "lrpepelmh": -1.0, "template": "1z7z:2I(0.04,0.05,25/25,14,23)", "viralprotein_id": 15979, "lrsm": 130.17, "id": 14291971, "lrpepxv": -1.0, "lrredundpairs": -1.0, "humanprotein_id": 19121, "vphfpdID": "003101.e56_271@1pov_0.1"}, {"lrredund": -1.0, "lrpepelmv": 137.2032, "hphfpdID": "000005", "pdbset": null, "lrpepxh": -1.0, "finallr": 137.2032, "lrpepelmh": -1.0, "template": "", "viralprotein_id": 15979, "lrsm": -1.0, "id": 14292197, "lrpepxv": -1.0, "lrredundpairs": -1.0, "humanprotein_id": 4794, "vphfpdID": "003101@1ar9_2.2"}, {"lrredund": -1.0, "lrpepelmv": -1.0, "hphfpdID": "002889.d85_142", "pdbset": null, "lrpepxh": -1.0, "finallr": 240.91, "lrpepelmh": -1.0, "template": "1upn:BE(0.04,0.06,95/97,32,57)", "viralprotein_id": 15979, "lrsm": 240.91, "id": 14292243, "lrpepxv": -1.0, "lrredundpairs": -1.0, "humanprotein_id": 3204, "vphfpdID": "003101.e1_238@1vbe_2.3"}, {"lrredund": -1.0, "lrpepelmv": -1.0, "hphfpdID": "007928", "pdbset": null, "lrpepxh": -1.0, "finallr": 100.322, "lrpepelmh": -1.0, "template": "1z7z:2I(0.02,0.08,25/25,10,11)", "viralprotein_id": 15979, "lrsm": 130.17, "id": 14292358, "lrpepxv": -1.0, "lrredundpairs": 0.7707, "humanprotein_id": 3756, "vphfpdID": "003101.e56_271@4q4x_2.5"}, {"lrredund": 21.3884, "lrpepelmv": -1.0, "hphfpdID": "005354.e1664_1728", "pdbset": null, "lrpepxh": -1.0, "finallr": 146.3215, "lrpepelmh": -1.0, "template": "1asj:23(0.00,0.57,81/423,41,42)", "viralprotein_id": 15979, "lrsm": 6.8412, "id": 14292566, "lrpepxv": -1.0, "lrredundpairs": -1.0, "humanprotein_id": 7033, "vphfpdID": "003101.e1_238@1ar9_2.2"}, {"lrredund": -1.0, "lrpepelmv": -1.0, "hphfpdID": "016757.d1905_1958", "pdbset": null, "lrpepxh": -1.0, "finallr": 210.1762, "lrpepelmh": -1.0, "template": "3iyp:CF(0.06,0.11,127/156,45,64)", "viralprotein_id": 15979, "lrsm": 210.1762, "id": 14292607, "lrpepxv": -1.0, "lrredundpairs": -1.0, "humanprotein_id": 8661, "vphfpdID": "003101.e56_271@4q4x_2.5"}, {"lrredund": 2.3254, "lrpepelmv": -1.0, "hphfpdID": "007927", "pdbset": null, "lrpepxh": -1.0, "finallr": 302.6975, "lrpepelmh": -1.0, "template": "1z7z:2I(0.02,0.00,25/25,13,20)", "viralprotein_id": 15979, "lrsm": 130.17, "id": 14293954, "lrpepxv": -1.0, "lrredundpairs": 0.7707, "humanprotein_id": 3016, "vphfpdID": "003101.e56_271@4q4x_2.5"}, {"lrredund": 21.3884, "lrpepelmv": 137.2032, "hphfpdID": "000006", "pdbset": null, "lrpepxh": -1.0, "finallr": 2934.559, "lrpepelmh": -1.0, "template": "", "viralprotein_id": 15979, "lrsm": -1.0, "id": 14294931, "lrpepxv": -1.0, "lrredundpairs": -1.0, "humanprotein_id": 4514, "vphfpdID": "003101@1eah_2.4"}, {"lrredund": 21.3884, "lrpepelmv": -1.0, "hphfpdID": "002626", "pdbset": null, "lrpepxh": -1.0, "finallr": 708.2626, "lrpepelmh": -1.0, "template": "1z7z:2I(0.01,0.18,21/25,5,0)", "viralprotein_id": 15979, "lrsm": 33.1143, "id": 14295085, "lrpepxv": -1.0, "lrredundpairs": -1.0, "humanprotein_id": 2804, "vphfpdID": "003101.e56_271@1z7s_2.6"}, {"lrredund": 0.5125, "lrpepelmv": -1.0, "hphfpdID": "009822.d367_426", "pdbset": null, "lrpepxh": -1.0, "finallr": 123.4664, "lrpepelmh": -1.0, "template": "1upn:BE(0.04,0.05,95/97,36,69)", "viralprotein_id": 15979, "lrsm": 240.91, "id": 14295652, "lrpepxv": -1.0, "lrredundpairs": -1.0, "humanprotein_id": 3960, "vphfpdID": "003101.e1_238@4q4x_2.5"}, {"lrredund": -1.0, "lrpepelmv": -1.0, "hphfpdID": "007930", "pdbset": null, "lrpepxh": -1.0, "finallr": 100.322, "lrpepelmh": -1.0, "template": "1z7z:2I(0.01,0.05,25/25,12,18)", "viralprotein_id": 15979, "lrsm": 130.17, "id": 14296271, "lrpepxv": -1.0, "lrredundpairs": 0.7707, "humanprotein_id": 7732, "vphfpdID": "003101.e56_271@1z7s_2.6"}, {"lrredund": 20.9141, "lrpepelmv": -1.0, "hphfpdID": "018501.e80_165", "pdbset": null, "lrpepxh": -1.0, "finallr": 100.4723, "lrpepelmh": -1.0, "template": "2o2v:AB(0.34,0.19,47/56,26,39)", "viralprotein_id": 15980, "lrsm": 4.804, "id": 23847811, "lrpepxv": -1.0, "lrredundpairs": 2.4183, "humanprotein_id": 1286, "vphfpdID": "003102@1ev1_4.11"}, {"lrredund": 20.9141, "lrpepelmv": 11.3978, "hphfpdID": "016615.d584_674", "pdbset": null, "lrpepxh": -1.0, "finallr": 238.3751, "lrpepelmh": -1.0, "template": "", "viralprotein_id": 15980, "lrsm": -1.0, "id": 23848165, "lrpepxv": -1.0, "lrredundpairs": -1.0, "humanprotein_id": 5095, "vphfpdID": "003102@3epf_4.4"}, {"lrredund": 20.9141, "lrpepelmv": -1.0, "hphfpdID": "018500", "pdbset": null, "lrpepxh": -1.0, "finallr": 100.4723, "lrpepelmh": -1.0, "template": "2o2v:AB(0.34,0.22,47/56,24,35)", "viralprotein_id": 15980, "lrsm": 4.804, "id": 23848565, "lrpepxv": -1.0, "lrredundpairs": 2.4183, "humanprotein_id": 3463, "vphfpdID": "003102@1ev1_4.11"}, {"lrredund": 0.9127, "lrpepelmv": -1.0, "hphfpdID": "011228.e260_421", "pdbset": null, "lrpepxh": -1.0, "finallr": 103.2207, "lrpepelmh": -1.0, "template": "3ewi:BA(0.13,0.00,80/151,42,79)", "viralprotein_id": 15980, "lrsm": 113.0937, "id": 23851330, "lrpepxv": -1.0, "lrredundpairs": -1.0, "humanprotein_id": 12943, "vphfpdID": "003102@1d4m_4.7"}, {"lrredund": 20.9141, "lrpepelmv": 9.3373, "hphfpdID": "001349", "pdbset": null, "lrpepxh": -1.0, "finallr": 195.2815, "lrpepelmh": -1.0, "template": "", "viralprotein_id": 15980, "lrsm": -1.0, "id": 23852192, "lrpepxv": -1.0, "lrredundpairs": 0.7707, "humanprotein_id": 7312, "vphfpdID": "003102@1upn_D.8"}, {"lrredund": 4.2492, "lrpepelmv": -1.0, "hphfpdID": "004699.e124_261", "pdbset": null, "lrpepxh": -1.0, "finallr": 107.2347, "lrpepelmh": -1.0, "template": "2ve6:GH(0.17,0.02,3/124,5,3)", "viralprotein_id": 15980, "lrsm": 25.2364, "id": 23852639, "lrpepxv": -1.0, "lrredundpairs": 1.5513, "humanprotein_id": 4544, "vphfpdID": "003102@4gb3_4.13"}, {"lrredund": 1.7092, "lrpepelmv": 88.0779, "hphfpdID": "011393.d137_294", "pdbset": null, "lrpepxh": -1.0, "finallr": 150.5426, "lrpepelmh": -1.0, "template": "1y7r:BA(0.59,0.33,56/255,24,20)", "viralprotein_id": 15980, "lrsm": 1.5568, "id": 23853170, "lrpepxv": -1.0, "lrredundpairs": -1.0, "humanprotein_id": 4671, "vphfpdID": "003102@1ev1_4.11"}, {"lrredund": 20.9141, "lrpepelmv": -1.0, "hphfpdID": "016448", "pdbset": null, "lrpepxh": -1.0, "finallr": 100.4723, "lrpepelmh": -1.0, "template": "2o2v:AB(0.34,0.22,47/56,24,37)", "viralprotein_id": 15980, "lrsm": 4.804, "id": 23853835, "lrpepxv": -1.0, "lrredundpairs": 2.4183, "humanprotein_id": 7393, "vphfpdID": "003102@1ev1_4.11"}, {"lrredund": 19.2898, "lrpepelmv": -1.0, "hphfpdID": "001452", "pdbset": null, "lrpepxh": -1.0, "finallr": 486.806, "lrpepelmh": -1.0, "template": "2ve6:GH(0.17,0.02,3/124,5,3)", "viralprotein_id": 15980, "lrsm": 25.2364, "id": 23854833, "lrpepxv": -1.0, "lrredundpairs": 1.5513, "humanprotein_id": 6282, "vphfpdID": "003102@4gb3_4.13"}, {"lrredund": 20.9141, "lrpepelmv": 11.3978, "hphfpdID": "007144", "pdbset": null, "lrpepxh": -1.0, "finallr": 238.3751, "lrpepelmh": -1.0, "template": "1d1z:AD(0.41,0.19,13/32,11,10)", "viralprotein_id": 15980, "lrsm": 2.2022, "id": 23856435, "lrpepxv": -1.0, "lrredundpairs": 1.774, "humanprotein_id": 6385, "vphfpdID": "003102@1mqt_D.12"}, {"lrredund": 20.9141, "lrpepelmv": 11.3978, "hphfpdID": "016466.e142_262", "pdbset": null, "lrpepxh": -1.0, "finallr": 238.3751, "lrpepelmh": -1.0, "template": "1is0:BA(0.54,0.02,25/35,6,4)", "viralprotein_id": 15980, "lrsm": 2.2022, "id": 23858010, "lrpepxv": -1.0, "lrredundpairs": 1.5513, "humanprotein_id": 3727, "vphfpdID": "003102@3epf_4.4"}, {"lrredund": 20.9141, "lrpepelmv": -1.0, "hphfpdID": "005158.d704_1019", "pdbset": null, "lrpepxh": -1.0, "finallr": 125.499, "lrpepelmh": -1.0, "template": "3zfx:AB(0.32,0.07,16/20,7,5)", "viralprotein_id": 15980, "lrsm": 6.0007, "id": 23859905, "lrpepxv": -1.0, "lrredundpairs": 1.1877, "humanprotein_id": 2711, "vphfpdID": "003102@4q4x_4.1"}, {"lrredund": 19.2898, "lrpepelmv": -1.0, "hphfpdID": "016859.d154_710", "pdbset": null, "lrpepxh": -1.0, "finallr": 208.2111, "lrpepelmh": -1.0, "template": "1kmn:BA(0.57,0.24,54/479,41,53)", "viralprotein_id": 15980, "lrsm": 10.7938, "id": 23860214, "lrpepxv": -1.0, "lrredundpairs": 0.7707, "humanprotein_id": 4494, "vphfpdID": "003102@3epf_4.4"}, {"lrredund": 20.9141, "lrpepelmv": 11.3978, "hphfpdID": "016613.e557_714", "pdbset": null, "lrpepxh": -1.0, "finallr": 238.3751, "lrpepelmh": -1.0, "template": "1rpy:BA(0.27,0.48,38/97,23,23)", "viralprotein_id": 15980, "lrsm": 1.8531, "id": 23862236, "lrpepxv": -1.0, "lrredundpairs": -1.0, "humanprotein_id": 5161, "vphfpdID": "003102@4gb3_4.13"}, {"lrredund": 21.3884, "lrpepelmv": -1.0, "hphfpdID": "002626", "pdbset": null, "lrpepxh": -1.0, "finallr": 102.103, "lrpepelmh": -1.0, "template": "2lk6:AB(0.44,0.59,128/154,19,18)", "viralprotein_id": 15981, "lrsm": 4.7738, "id": 27033716, "lrpepxv": -1.0, "lrredundpairs": 1.373, "humanprotein_id": 2804, "vphfpdID": "003103@3w95_A.3"}, {"lrredund": 21.3884, "lrpepelmv": 65.3909, "hphfpdID": "000002", "pdbset": null, "lrpepxh": -1.0, "finallr": 1398.606, "lrpepelmh": -1.0, "template": "", "viralprotein_id": 15981, "lrsm": -1.0, "id": 27033854, "lrpepxv": -1.0, "lrredundpairs": -1.0, "humanprotein_id": 6315, "vphfpdID": "003103@4mg3_A.4"}, {"lrredund": 2.3254, "lrpepelmv": 65.3909, "hphfpdID": "000005", "pdbset": null, "lrpepxh": -1.0, "finallr": 152.0599, "lrpepelmh": -1.0, "template": "1gn3:BA(0.42,0.60,47/238,24,29)", "viralprotein_id": 15981, "lrsm": 1.4777, "id": 27034435, "lrpepxv": -1.0, "lrredundpairs": 1.373, "humanprotein_id": 4794, "vphfpdID": "003103@4fvd_A.2"}, {"lrredund": 2.3254, "lrpepelmv": 65.3909, "hphfpdID": "000003", "pdbset": null, "lrpepxh": -1.0, "finallr": 152.0599, "lrpepelmh": -1.0, "template": "1gn2:DB(0.46,0.60,45/217,21,20)", "viralprotein_id": 15981, "lrsm": 1.4777, "id": 27036333, "lrpepxv": -1.0, "lrredundpairs": 1.1877, "humanprotein_id": 6857, "vphfpdID": "003103@3w95_A.3"}, {"lrredund": 21.3884, "lrpepelmv": 9.677, "hphfpdID": "001751.e1_73", "pdbset": null, "lrpepxh": -1.0, "finallr": 206.9754, "lrpepelmh": -1.0, "template": "1ppf:EI(0.51,0.37,36/81,13,9)", "viralprotein_id": 15981, "lrsm": 1.2265, "id": 27036397, "lrpepxv": -1.0, "lrredundpairs": -1.0, "humanprotein_id": 5041, "vphfpdID": "003103@4mg3_A.4"}, {"lrredund": 19.2898, "lrpepelmv": -1.0, "hphfpdID": "016730", "pdbset": null, "lrpepxh": -1.0, "finallr": 163.8705, "lrpepelmh": -1.0, "template": "2lk6:BA(0.40,0.53,134/154,42,82)", "viralprotein_id": 15981, "lrsm": 8.4952, "id": 27036448, "lrpepxv": -1.0, "lrredundpairs": 1.774, "humanprotein_id": 6290, "vphfpdID": "003103@4fvd_A.2"}, {"lrredund": 21.3884, "lrpepelmv": 8.8544, "hphfpdID": "016466.e85_146", "pdbset": null, "lrpepxh": -1.0, "finallr": 189.3823, "lrpepelmh": -1.0, "template": "2lk6:BA(0.44,0.51,128/154,33,43)", "viralprotein_id": 15981, "lrsm": 3.4243, "id": 27037161, "lrpepxv": -1.0, "lrredundpairs": 1.5513, "humanprotein_id": 3727, "vphfpdID": "003103@3w95_A.3"}, {"lrredund": 3.8142, "lrpepelmv": 65.3909, "hphfpdID": "000004", "pdbset": null, "lrpepxh": -1.0, "finallr": 249.4138, "lrpepelmh": -1.0, "template": "", "viralprotein_id": 15981, "lrsm": -1.0, "id": 27037393, "lrpepxv": -1.0, "lrredundpairs": 1.1877, "humanprotein_id": 6298, "vphfpdID": "003103@3w95_A.3"}, {"lrredund": 20.9141, "lrpepelmv": 8.8544, "hphfpdID": "016613.e122_316", "pdbset": null, "lrpepxh": -1.0, "finallr": 185.1826, "lrpepelmh": -1.0, "template": "1ids:CA(0.41,0.51,46/213,23,25)", "viralprotein_id": 15981, "lrsm": 1.5568, "id": 27038465, "lrpepxv": -1.0, "lrredundpairs": -1.0, "humanprotein_id": 5161, "vphfpdID": "003103@4fvd_A.2"}, {"lrredund": 4.2492, "lrpepelmv": 65.3909, "hphfpdID": "000001", "pdbset": null, "lrpepxh": -1.0, "finallr": 277.8589, "lrpepelmh": -1.0, "template": "", "viralprotein_id": 15981, "lrsm": -1.0, "id": 27040420, "lrpepxv": -1.0, "lrredundpairs": -1.0, "humanprotein_id": 4793, "vphfpdID": "003103@4mg3_A.4"}, {"lrredund": 21.3884, "lrpepelmv": 2.8446, "hphfpdID": "001509.e1_53", "pdbset": null, "lrpepxh": -1.0, "finallr": 128.3451, "lrpepelmh": -1.0, "template": "2idh:CA(0.32,0.06,27/27,10,1)", "viralprotein_id": 15981, "lrsm": 6.0007, "id": 27042085, "lrpepxv": -1.0, "lrredundpairs": 1.373, "humanprotein_id": 2598, "vphfpdID": "003103@4fvd_A.2"}, {"lrredund": 19.2898, "lrpepelmv": 65.3909, "hphfpdID": "000007", "pdbset": null, "lrpepxh": -1.0, "finallr": 1261.376, "lrpepelmh": -1.0, "template": "1ids:DB(0.40,0.59,47/220,25,26)", "viralprotein_id": 15981, "lrsm": 1.5568, "id": 27043022, "lrpepxv": -1.0, "lrredundpairs": 1.373, "humanprotein_id": 6393, "vphfpdID": "003103@4fvd_A.2"}, {"lrredund": 21.3884, "lrpepelmv": 8.8544, "hphfpdID": "016615", "pdbset": null, "lrpepxh": -1.0, "finallr": 189.3823, "lrpepelmh": -1.0, "template": "", "viralprotein_id": 15981, "lrsm": -1.0, "id": 27043511, "lrpepxv": -1.0, "lrredundpairs": -1.0, "humanprotein_id": 5095, "vphfpdID": "003103@4mg3_A.4"}, {"lrredund": 19.2898, "lrpepelmv": -1.0, "hphfpdID": "011519.e1_119", "pdbset": null, "lrpepxh": -1.0, "finallr": 163.8705, "lrpepelmh": -1.0, "template": "2lk6:BA(0.40,0.44,133/154,41,81)", "viralprotein_id": 15981, "lrsm": 8.4952, "id": 27045182, "lrpepxv": -1.0, "lrredundpairs": -1.0, "humanprotein_id": 3074, "vphfpdID": "003103@4fvd_A.2"}, {"lrredund": 19.2898, "lrpepelmv": -1.0, "hphfpdID": "007197.d147_245", "pdbset": null, "lrpepxh": -1.0, "finallr": 115.7521, "lrpepelmh": -1.0, "template": "3cfh:RL(0.21,0.14,1/1,2,1)", "viralprotein_id": 15981, "lrsm": 6.0007, "id": 27045184, "lrpepxv": -1.0, "lrredundpairs": 0.7707, "humanprotein_id": 3620, "vphfpdID": "003103@3w95_A.3"}, {"lrredund": 21.3884, "lrpepelmv": -1.0, "hphfpdID": "009492.e120_224", "pdbset": null, "lrpepxh": -1.0, "finallr": 102.3562, "lrpepelmh": -1.0, "template": "2lk6:AB(0.44,0.56,121/154,19,10)", "viralprotein_id": 15981, "lrsm": 4.7856, "id": 27045884, "lrpepxv": -1.0, "lrredundpairs": 1.1877, "humanprotein_id": 13229, "vphfpdID": "003103@3w95_A.3"}, {"lrredund": 19.2898, "lrpepelmv": 65.3909, "hphfpdID": "000006", "pdbset": null, "lrpepxh": -1.0, "finallr": 1261.376, "lrpepelmh": -1.0, "template": "", "viralprotein_id": 15981, "lrsm": -1.0, "id": 27046070, "lrpepxv": -1.0, "lrredundpairs": 0.7707, "humanprotein_id": 4514, "vphfpdID": "003103@1z8r_A.1"}, {"lrredund": 20.9141, "lrpepelmv": 8.8544, "hphfpdID": "007144.e151_217", "pdbset": null, "lrpepxh": -1.0, "finallr": 185.1826, "lrpepelmh": -1.0, "template": "2lk6:BA(0.44,0.46,129/154,32,41)", "viralprotein_id": 15981, "lrsm": 3.4243, "id": 27046656, "lrpepxv": -1.0, "lrredundpairs": 1.373, "humanprotein_id": 6385, "vphfpdID": "003103@3w95_A.3"}, {"lrredund": 21.3884, "lrpepelmv": 13.0318, "hphfpdID": "016466.e85_146", "pdbset": null, "lrpepxh": -1.0, "finallr": 278.7299, "lrpepelmh": -1.0, "template": "", "viralprotein_id": 15982, "lrsm": -1.0, "id": 58568583, "lrpepxv": -1.0, "lrredundpairs": -1.0, "humanprotein_id": 3727, "vphfpdID": "003104@4ika_D.2"}, {"lrredund": 21.3884, "lrpepelmv": 13.0318, "hphfpdID": "016615", "pdbset": null, "lrpepxh": -1.0, "finallr": 278.7299, "lrpepelmh": -1.0, "template": "", "viralprotein_id": 15982, "lrsm": -1.0, "id": 58568609, "lrpepxv": -1.0, "lrredundpairs": -1.0, "humanprotein_id": 5095, "vphfpdID": "003104@4ika_D.2"}, {"lrredund": 21.3884, "lrpepelmv": 13.0318, "hphfpdID": "016613", "pdbset": null, "lrpepxh": -1.0, "finallr": 278.7299, "lrpepelmh": -1.0, "template": "", "viralprotein_id": 15982, "lrsm": -1.0, "id": 58568795, "lrpepxv": -1.0, "lrredundpairs": -1.0, "humanprotein_id": 5161, "vphfpdID": "003104@4ika_D.2"}, {"lrredund": 21.3884, "lrpepelmv": 13.0318, "hphfpdID": "007144.e56_156", "pdbset": null, "lrpepxh": -1.0, "finallr": 278.7299, "lrpepelmh": -1.0, "template": "", "viralprotein_id": 15982, "lrsm": -1.0, "id": 58568922, "lrpepxv": -1.0, "lrredundpairs": -1.0, "humanprotein_id": 6385, "vphfpdID": "003104@4ika_D.2"}, {"lrredund": 2.3254, "lrpepelmv": 8.2623, "hphfpdID": "008422.d1598_1679", "pdbset": null, "lrpepxh": -1.0, "finallr": 112.5303, "lrpepelmh": -1.0, "template": "1po1:32(0.00,0.39,54/414,42,30)", "viralprotein_id": 15983, "lrsm": 48.3918, "id": 72455659, "lrpepxv": -1.0, "lrredundpairs": -1.0, "humanprotein_id": 8037, "vphfpdID": "003105.e1_194@1eah_3.3"}, {"lrredund": -1.0, "lrpepelmv": -1.0, "hphfpdID": "010149.d162_224", "pdbset": null, "lrpepxh": -1.0, "finallr": 130.17, "lrpepelmh": -1.0, "template": "1upn:CE(0.02,0.08,12/14,10,12)", "viralprotein_id": 15983, "lrsm": 130.17, "id": 72456057, "lrpepxv": -1.0, "lrredundpairs": -1.0, "humanprotein_id": 3891, "vphfpdID": "003105.e1_194@1eah_3.3"}, {"lrredund": -1.0, "lrpepelmv": -1.0, "hphfpdID": "006161.e107_330", "pdbset": null, "lrpepxh": -1.0, "finallr": 130.17, "lrpepelmh": -1.0, "template": "1upn:CE(0.02,0.07,14/14,4,0)", "viralprotein_id": 15983, "lrsm": 130.17, "id": 72456160, "lrpepxv": -1.0, "lrredundpairs": -1.0, "humanprotein_id": 6793, "vphfpdID": "003105.e43_238@1pvc_3.3"}, {"lrredund": 2.3254, "lrpepelmv": -1.0, "hphfpdID": "007927", "pdbset": null, "lrpepxh": -1.0, "finallr": 302.6975, "lrpepelmh": -1.0, "template": "1z7z:3I(0.02,0.00,20/20,12,7)", "viralprotein_id": 15983, "lrsm": 130.17, "id": 72456635, "lrpepxv": -1.0, "lrredundpairs": 0.7707, "humanprotein_id": 3016, "vphfpdID": "003105.e43_238@3j8f_3.1"}, {"lrredund": -1.0, "lrpepelmv": -1.0, "hphfpdID": "006160.d149_203", "pdbset": null, "lrpepxh": -1.0, "finallr": 130.17, "lrpepelmh": -1.0, "template": "1upn:CE(0.04,0.04,14/14,6,1)", "viralprotein_id": 15983, "lrsm": 130.17, "id": 72457703, "lrpepxv": -1.0, "lrredundpairs": -1.0, "humanprotein_id": 5022, "vphfpdID": "003105.e43_238@3j8f_3.1"}, {"lrredund": -1.0, "lrpepelmv": -1.0, "hphfpdID": "016757.e2495_2551", "pdbset": null, "lrpepxh": -1.0, "finallr": 130.17, "lrpepelmh": -1.0, "template": "1upn:CE(0.03,0.06,14/14,11,14)", "viralprotein_id": 15983, "lrsm": 130.17, "id": 72457833, "lrpepxv": -1.0, "lrredundpairs": -1.0, "humanprotein_id": 8661, "vphfpdID": "003105.e1_194@1z7s_3.4"}, {"lrredund": 21.3884, "lrpepelmv": 9.677, "hphfpdID": "001751.e1_73", "pdbset": null, "lrpepxh": -1.0, "finallr": 206.9754, "lrpepelmh": -1.0, "template": "2hwb:31(0.04,0.56,52/563,26,13)", "viralprotein_id": 15983, "lrsm": 2.7953, "id": 72457899, "lrpepxv": -1.0, "lrredundpairs": -1.0, "humanprotein_id": 5041, "vphfpdID": "003105@1eah_3.2"}, {"lrredund": 19.2898, "lrpepelmv": 72.805, "hphfpdID": "000006", "pdbset": null, "lrpepxh": -1.0, "finallr": 1404.393, "lrpepelmh": -1.0, "template": "2lrl:DC(0.53,0.40,25/58,11,10)", "viralprotein_id": 15983, "lrsm": 1.2265, "id": 72458029, "lrpepxv": -1.0, "lrredundpairs": -1.0, "humanprotein_id": 4514, "vphfpdID": "003105.e43_238@3j8f_3.1"}, {"lrredund": 2.0764, "lrpepelmv": 72.805, "hphfpdID": "000005", "pdbset": null, "lrpepxh": -1.0, "finallr": 151.1722, "lrpepelmh": -1.0, "template": "2lrk:DA(0.53,0.47,5/54,3,1)", "viralprotein_id": 15983, "lrsm": 1.02, "id": 72458272, "lrpepxv": -1.0, "lrredundpairs": -1.0, "humanprotein_id": 4794, "vphfpdID": "003105.e43_238@3j8f_3.1"}, {"lrredund": 21.3884, "lrpepelmv": 6.3442, "hphfpdID": "001349.d2679_3055", "pdbset": null, "lrpepxh": -1.0, "finallr": 135.6925, "lrpepelmh": -1.0, "template": "3ew1:CD(0.59,0.57,82/168,43,48)", "viralprotein_id": 15983, "lrsm": 4.3388, "id": 72458352, "lrpepxv": -1.0, "lrredundpairs": -1.0, "humanprotein_id": 7312, "vphfpdID": "003105.e1_194@1pvc_3.2"}, {"lrredund": 15.8699, "lrpepelmv": 3.2995, "hphfpdID": "003962.d92_178", "pdbset": null, "lrpepxh": -1.0, "finallr": 110.7665, "lrpepelmh": -1.0, "template": "1mqt:CD(0.03,0.26,25/101,23,25)", "viralprotein_id": 15983, "lrsm": 6.9797, "id": 72458438, "lrpepxv": -1.0, "lrredundpairs": -1.0, "humanprotein_id": 6447, "vphfpdID": "003105.e1_194@3j8f_3.1"}, {"lrredund": 15.8699, "lrpepelmv": -1.0, "hphfpdID": "011519.e1_119", "pdbset": null, "lrpepxh": -1.0, "finallr": 292.2154, "lrpepelmh": -1.0, "template": "2p1b:BC(0.59,0.01,109/125,51,80)", "viralprotein_id": 15983, "lrsm": 18.4132, "id": 72458650, "lrpepxv": -1.0, "lrredundpairs": -1.0, "humanprotein_id": 3074, "vphfpdID": "003105.e43_238@3j8f_3.1"}, {"lrredund": 19.2898, "lrpepelmv": 11.3978, "hphfpdID": "007144.d1_56", "pdbset": null, "lrpepxh": -1.0, "finallr": 264.7514, "lrpepelmh": -1.0, "template": "1na1:CB(0.05,0.50,276/1559,56,127)", "viralprotein_id": 15983, "lrsm": 13.7249, "id": 72458705, "lrpepxv": -1.0, "lrredundpairs": -1.0, "humanprotein_id": 6385, "vphfpdID": "003105.e43_238@3j8f_3.1"}, {"lrredund": -1.0, "lrpepelmv": -1.0, "hphfpdID": "004306", "pdbset": null, "lrpepxh": -1.0, "finallr": 260.2086, "lrpepelmh": -1.0, "template": "3iyp:BF(0.03,0.00,59/59,34,31)", "viralprotein_id": 15983, "lrsm": 260.2086, "id": 72458910, "lrpepxv": -1.0, "lrredundpairs": -1.0, "humanprotein_id": 3167, "vphfpdID": "003105.e1_194@1z7s_3.4"}, {"lrredund": 21.3884, "lrpepelmv": 11.3978, "hphfpdID": "016615", "pdbset": null, "lrpepxh": -1.0, "finallr": 243.7811, "lrpepelmh": -1.0, "template": "1z7z:3I(0.02,0.43,20/20,12,7)", "viralprotein_id": 15983, "lrsm": 2.4032, "id": 72459109, "lrpepxv": -1.0, "lrredundpairs": -1.0, "humanprotein_id": 5095, "vphfpdID": "003105.e43_238@3j8f_3.1"}, {"lrredund": -1.0, "lrpepelmv": -1.0, "hphfpdID": "005984.e81_136", "pdbset": null, "lrpepxh": -1.0, "finallr": 130.17, "lrpepelmh": -1.0, "template": "1upn:CE(0.05,0.05,14/14,11,14)", "viralprotein_id": 15983, "lrsm": 130.17, "id": 72459504, "lrpepxv": -1.0, "lrredundpairs": -1.0, "humanprotein_id": 8771, "vphfpdID": "003105.e43_238@1eah_3.2"}, {"lrredund": 15.8699, "lrpepelmv": -1.0, "hphfpdID": "005354.e1664_1728", "pdbset": null, "lrpepxh": -1.0, "finallr": 171.2972, "lrpepelmh": -1.0, "template": "1asj:23(0.42,0.57,50/423,41,46)", "viralprotein_id": 15983, "lrsm": 10.7938, "id": 72460432, "lrpepxv": -1.0, "lrredundpairs": -1.0, "humanprotein_id": 7033, "vphfpdID": "003105.e1_194@1z7s_3.4"}, {"lrredund": -1.0, "lrpepelmv": -1.0, "hphfpdID": "001910.e47_252", "pdbset": null, "lrpepxh": -1.0, "finallr": 130.17, "lrpepelmh": -1.0, "template": "1upn:CE(0.03,0.07,14/14,7,3)", "viralprotein_id": 15983, "lrsm": 130.17, "id": 72460550, "lrpepxv": -1.0, "lrredundpairs": -1.0, "humanprotein_id": 4210, "vphfpdID": "003105.e1_194@1z7s_3.4"}, {"lrredund": 4.2492, "lrpepelmv": 72.805, "hphfpdID": "000001", "pdbset": null, "lrpepxh": -1.0, "finallr": 309.3629, "lrpepelmh": -1.0, "template": "2lrk:DA(0.53,0.41,5/54,5,4)", "viralprotein_id": 15983, "lrsm": 1.02, "id": 72460565, "lrpepxv": -1.0, "lrredundpairs": -1.0, "humanprotein_id": 4793, "vphfpdID": "003105.e43_238@3j8f_3.1"}, {"lrredund": -1.0, "lrpepelmv": -1.0, "hphfpdID": "002889.d1109_1163", "pdbset": null, "lrpepxh": -1.0, "finallr": 130.17, "lrpepelmh": -1.0, "template": "1upn:CE(0.03,0.06,14/14,8,8)", "viralprotein_id": 15983, "lrsm": 130.17, "id": 72460593, "lrpepxv": -1.0, "lrredundpairs": -1.0, "humanprotein_id": 3204, "vphfpdID": "003105.e1_194@1z7s_3.4"}, {"lrredund": 21.3884, "lrpepelmv": -1.0, "hphfpdID": "002626", "pdbset": null, "lrpepxh": -1.0, "finallr": 649.013, "lrpepelmh": -1.0, "template": "1z7z:3I(0.01,0.18,14/20,12,8)", "viralprotein_id": 15983, "lrsm": 30.3442, "id": 72461075, "lrpepxv": -1.0, "lrredundpairs": -1.0, "humanprotein_id": 2804, "vphfpdID": "003105.e1_194@1z7s_3.4"}, {"lrredund": -1.0, "lrpepelmv": -1.0, "hphfpdID": "006159.d208_262", "pdbset": null, "lrpepxh": -1.0, "finallr": 130.17, "lrpepelmh": -1.0, "template": "1upn:CE(0.03,0.06,14/14,8,8)", "viralprotein_id": 15983, "lrsm": 130.17, "id": 72461487, "lrpepxv": -1.0, "lrredundpairs": -1.0, "humanprotein_id": 6819, "vphfpdID": "003105.e1_194@1z7s_3.4"}, {"lrredund": -1.0, "lrpepelmv": -1.0, "hphfpdID": "009823.d642_700", "pdbset": null, "lrpepxh": -1.0, "finallr": 130.17, "lrpepelmh": -1.0, "template": "1upn:CE(0.03,0.06,14/14,11,14)", "viralprotein_id": 15983, "lrsm": 130.17, "id": 72461530, "lrpepxv": -1.0, "lrredundpairs": -1.0, "humanprotein_id": 3922, "vphfpdID": "003105.e1_194@1z7s_3.4"}, {"lrredund": 4.2492, "lrpepelmv": 72.805, "hphfpdID": "000004", "pdbset": null, "lrpepxh": -1.0, "finallr": 309.3629, "lrpepelmh": -1.0, "template": "", "viralprotein_id": 15983, "lrsm": -1.0, "id": 72461689, "lrpepxv": -1.0, "lrredundpairs": -1.0, "humanprotein_id": 6298, "vphfpdID": "003105@1pvc_3.3"}, {"lrredund": 21.3884, "lrpepelmv": 72.805, "hphfpdID": "000002", "pdbset": null, "lrpepxh": -1.0, "finallr": 1557.181, "lrpepelmh": -1.0, "template": "", "viralprotein_id": 15983, "lrsm": -1.0, "id": 72462089, "lrpepxv": -1.0, "lrredundpairs": -1.0, "humanprotein_id": 6315, "vphfpdID": "003105@1pvc_3.3"}, {"lrredund": 21.3884, "lrpepelmv": 11.3978, "hphfpdID": "016466.e85_146", "pdbset": null, "lrpepxh": -1.0, "finallr": 243.7811, "lrpepelmh": -1.0, "template": "2wzr:31(0.20,0.49,105/522,49,69)", "viralprotein_id": 15983, "lrsm": 4.5353, "id": 72462126, "lrpepxv": -1.0, "lrredundpairs": -1.0, "humanprotein_id": 3727, "vphfpdID": "003105@3j8f_3.1"}, {"lrredund": -1.0, "lrpepelmv": -1.0, "hphfpdID": "006491.d63_179", "pdbset": null, "lrpepxh": -1.0, "finallr": 130.17, "lrpepelmh": -1.0, "template": "1upn:CE(0.02,0.08,14/14,4,0)", "viralprotein_id": 15983, "lrsm": 130.17, "id": 72462351, "lrpepxv": -1.0, "lrredundpairs": -1.0, "humanprotein_id": 18546, "vphfpdID": "003105.e43_238@1pvc_3.3"}, {"lrredund": 21.3884, "lrpepelmv": -1.0, "hphfpdID": "001274", "pdbset": null, "lrpepxh": -1.0, "finallr": 128.3451, "lrpepelmh": -1.0, "template": "1z7z:3I(0.02,0.36,20/20,9,6)", "viralprotein_id": 15983, "lrsm": 6.0007, "id": 72462601, "lrpepxv": -1.0, "lrredundpairs": -1.0, "humanprotein_id": 2978, "vphfpdID": "003105.e43_238@3j8f_3.1"}, {"lrredund": 21.3884, "lrpepelmv": -1.0, "hphfpdID": "001452", "pdbset": null, "lrpepxh": -1.0, "finallr": 261.0853, "lrpepelmh": -1.0, "template": "1cl7:IL(0.57,0.21,65/73,41,52)", "viralprotein_id": 15983, "lrsm": 12.2069, "id": 72462880, "lrpepxv": -1.0, "lrredundpairs": -1.0, "humanprotein_id": 6282, "vphfpdID": "003105.e1_194@3j8f_3.1"}, {"lrredund": -1.0, "lrpepelmv": -1.0, "hphfpdID": "003971.e2947_3189", "pdbset": null, "lrpepxh": -1.0, "finallr": 130.17, "lrpepelmh": -1.0, "template": "1upn:CE(0.05,0.04,14/14,7,3)", "viralprotein_id": 15983, "lrsm": 130.17, "id": 72463111, "lrpepxv": -1.0, "lrredundpairs": -1.0, "humanprotein_id": 10968, "vphfpdID": "003105.e43_238@1eah_3.2"}, {"lrredund": -1.0, "lrpepelmv": -1.0, "hphfpdID": "016491", "pdbset": null, "lrpepxh": -1.0, "finallr": 130.17, "lrpepelmh": -1.0, "template": "1upn:CE(0.05,0.05,14/14,7,3)", "viralprotein_id": 15983, "lrsm": 130.17, "id": 72463154, "lrpepxv": -1.0, "lrredundpairs": -1.0, "humanprotein_id": 6512, "vphfpdID": "003105.e43_238@1eah_3.2"}, {"lrredund": -1.0, "lrpepelmv": -1.0, "hphfpdID": "006163.d208_263", "pdbset": null, "lrpepxh": -1.0, "finallr": 130.17, "lrpepelmh": -1.0, "template": "1upn:CE(0.02,0.06,14/14,9,8)", "viralprotein_id": 15983, "lrsm": 130.17, "id": 72464032, "lrpepxv": -1.0, "lrredundpairs": -1.0, "humanprotein_id": 16194, "vphfpdID": "003105.e43_238@1pvc_3.3"}, {"lrredund": 19.2898, "lrpepelmv": -1.0, "hphfpdID": "006178.e2120_2203", "pdbset": null, "lrpepxh": -1.0, "finallr": 373.848, "lrpepelmh": -1.0, "template": "1bev:32(0.04,0.43,56/409,41,28)", "viralprotein_id": 15983, "lrsm": 19.3806, "id": 72466106, "lrpepxv": -1.0, "lrredundpairs": -1.0, "humanprotein_id": 2856, "vphfpdID": "003105.e1_194@3j8f_3.1"}, {"lrredund": 15.8699, "lrpepelmv": -1.0, "hphfpdID": "018800.d596_685", "pdbset": null, "lrpepxh": -1.0, "finallr": 525.5211, "lrpepelmh": -1.0, "template": "1z7z:3I(0.01,0.18,19/20,13,11)", "viralprotein_id": 15983, "lrsm": 33.1143, "id": 72466735, "lrpepxv": -1.0, "lrredundpairs": 0.7707, "humanprotein_id": 4109, "vphfpdID": "003105.e1_194@1z7s_3.4"}, {"lrredund": 2.3254, "lrpepelmv": 72.805, "hphfpdID": "000003", "pdbset": null, "lrpepxh": -1.0, "finallr": 169.3006, "lrpepelmh": -1.0, "template": "2lrk:DC(0.53,0.41,19/41,4,0)", "viralprotein_id": 15983, "lrsm": 1.2265, "id": 72466872, "lrpepxv": -1.0, "lrredundpairs": -1.0, "humanprotein_id": 6857, "vphfpdID": "003105.e43_238@3j8f_3.1"}, {"lrredund": 15.8699, "lrpepelmv": 11.3978, "hphfpdID": "016613.e316_567", "pdbset": null, "lrpepxh": -1.0, "finallr": 180.8822, "lrpepelmh": -1.0, "template": "1z7z:3I(0.01,0.59,14/20,11,12)", "viralprotein_id": 15983, "lrsm": 2.2022, "id": 72467048, "lrpepxv": -1.0, "lrredundpairs": -1.0, "humanprotein_id": 5161, "vphfpdID": "003105.e1_194@1eah_3.3"}, {"lrredund": -1.0, "lrpepelmv": -1.0, "hphfpdID": "006162.d458_513", "pdbset": null, "lrpepxh": -1.0, "finallr": 130.17, "lrpepelmh": -1.0, "template": "1upn:CE(0.05,0.05,14/14,9,7)", "viralprotein_id": 15983, "lrsm": 130.17, "id": 72467217, "lrpepxv": -1.0, "lrredundpairs": -1.0, "humanprotein_id": 13968, "vphfpdID": "003105.e43_238@1eah_3.2"}, {"lrredund": -1.0, "lrpepelmv": -1.0, "hphfpdID": "003970.e2620_2859", "pdbset": null, "lrpepxh": -1.0, "finallr": 130.17, "lrpepelmh": -1.0, "template": "1upn:CE(0.02,0.08,14/14,5,0)", "viralprotein_id": 15983, "lrsm": 130.17, "id": 72467296, "lrpepxv": -1.0, "lrredundpairs": -1.0, "humanprotein_id": 15290, "vphfpdID": "003105.e1_194@1eah_3.3"}, {"lrredund": 21.3884, "lrpepelmv": 8.2623, "hphfpdID": "001060.e180_274", "pdbset": null, "lrpepxh": -1.0, "finallr": 176.718, "lrpepelmh": -1.0, "template": "4b27:DC(0.46,0.51,58/97,26,32)", "viralprotein_id": 15983, "lrsm": 1.7387, "id": 72467450, "lrpepxv": -1.0, "lrredundpairs": -1.0, "humanprotein_id": 17652, "vphfpdID": "003105.e43_238@1pvc_3.3"}, {"lrredund": 20.9141, "lrpepelmv": -1.0, "hphfpdID": "000172.e1_188", "pdbset": null, "lrpepxh": -1.0, "finallr": 100.4723, "lrpepelmh": -1.0, "template": "2fk3:DB(0.47,0.05,35/40,23,30)", "viralprotein_id": 15983, "lrsm": 4.804, "id": 72467967, "lrpepxv": -1.0, "lrredundpairs": -1.0, "humanprotein_id": 2981, "vphfpdID": "003105.e1_194@3j8f_3.1"}, {"lrredund": 19.2898, "lrpepelmv": 72.805, "hphfpdID": "000007", "pdbset": null, "lrpepxh": -1.0, "finallr": 1404.393, "lrpepelmh": -1.0, "template": "2j9u:DC(0.59,0.50,23/53,6,1)", "viralprotein_id": 15983, "lrsm": 1.1641, "id": 72468412, "lrpepxv": -1.0, "lrredundpairs": -1.0, "humanprotein_id": 6393, "vphfpdID": "003105.e1_194@1eah_3.3"}, {"lrredund": 21.3884, "lrpepelmv": -1.0, "hphfpdID": "009492.e319_419", "pdbset": null, "lrpepxh": -1.0, "finallr": 208.1873, "lrpepelmh": -1.0, "template": "2oxh:EF(0.56,0.49,105/130,41,47)", "viralprotein_id": 15983, "lrsm": 9.7337, "id": 72468869, "lrpepxv": -1.0, "lrredundpairs": 0.7707, "humanprotein_id": 13229, "vphfpdID": "003105.e1_194@3j8f_3.1"}, {"lrredund": -1.0, "lrpepelmv": -1.0, "hphfpdID": "001198.d113_361", "pdbset": null, "lrpepxh": -1.0, "finallr": 134.3215, "lrpepelmh": -1.0, "template": "2dwz:BA(0.11,0.02,90/135,42,35)", "viralprotein_id": 15985, "lrsm": 113.0937, "id": 60501730, "lrpepxv": -1.0, "lrredundpairs": 1.1877, "humanprotein_id": 19685, "vphfpdID": "003107@5gjq_K.11"}, {"lrredund": 19.2898, "lrpepelmv": -1.0, "hphfpdID": "014262.e165_274", "pdbset": null, "lrpepxh": -1.0, "finallr": 187.7603, "lrpepelmh": -1.0, "template": "2d9s:AB(0.48,0.59,96/97,41,66)", "viralprotein_id": 15985, "lrsm": 9.7337, "id": 60501821, "lrpepxv": 5.43, "lrredundpairs": -1.0, "humanprotein_id": 5865, "vphfpdID": "003107@5e7p_A.4"}, {"lrredund": -1.0, "lrpepelmv": -1.0, "hphfpdID": "013375.d99_264", "pdbset": null, "lrpepxh": -1.0, "finallr": 113.0937, "lrpepelmh": -1.0, "template": "2dwz:BA(0.11,0.04,85/135,44,42)", "viralprotein_id": 15985, "lrsm": 113.0937, "id": 60501933, "lrpepxv": -1.0, "lrredundpairs": -1.0, "humanprotein_id": 843, "vphfpdID": "003107@5gjq_K.11"}, {"lrredund": -1.0, "lrpepelmv": -1.0, "hphfpdID": "000161.d47_247", "pdbset": null, "lrpepxh": -1.0, "finallr": 134.3215, "lrpepelmh": -1.0, "template": "2dwz:BA(0.11,0.02,87/135,41,41)", "viralprotein_id": 15985, "lrsm": 113.0937, "id": 60502115, "lrpepxv": -1.0, "lrredundpairs": 1.1877, "humanprotein_id": 8669, "vphfpdID": "003107@5gjq_K.11"}, {"lrredund": -1.0, "lrpepelmv": -1.0, "hphfpdID": "018152.d416_623", "pdbset": null, "lrpepxh": -1.0, "finallr": 134.3215, "lrpepelmh": -1.0, "template": "2dwz:BA(0.11,0.04,87/135,46,44)", "viralprotein_id": 15985, "lrsm": 113.0937, "id": 60502401, "lrpepxv": -1.0, "lrredundpairs": 1.1877, "humanprotein_id": 2144, "vphfpdID": "003107@5gjq_K.11"}, {"lrredund": 21.3884, "lrpepelmv": 22.0743, "hphfpdID": "016466", "pdbset": null, "lrpepxh": -1.0, "finallr": 472.1351, "lrpepelmh": -1.0, "template": "", "viralprotein_id": 15985, "lrsm": -1.0, "id": 60502563, "lrpepxv": -1.0, "lrredundpairs": 1.5513, "humanprotein_id": 3727, "vphfpdID": "003107@5gjq_K.11"}, {"lrredund": -1.0, "lrpepelmv": -1.0, "hphfpdID": "008628.d257_422", "pdbset": null, "lrpepxh": -1.0, "finallr": 116.6671, "lrpepelmh": -1.0, "template": "4kod:AC(0.23,0.16,60/132,42,45)", "viralprotein_id": 15985, "lrsm": 84.9724, "id": 60502689, "lrpepxv": -1.0, "lrredundpairs": 1.373, "humanprotein_id": 11890, "vphfpdID": "003107@5gjq_I.2"}, {"lrredund": 4.2492, "lrpepelmv": -1.0, "hphfpdID": "008899", "pdbset": null, "lrpepxh": -1.0, "finallr": 149.4305, "lrpepelmh": -1.0, "template": "2qqe:AB(0.55,0.04,193/241,69,63)", "viralprotein_id": 15985, "lrsm": 35.1668, "id": 60502749, "lrpepxv": -1.0, "lrredundpairs": 0.7707, "humanprotein_id": 2925, "vphfpdID": "003107@5gjq_I.2"}, {"lrredund": -1.0, "lrpepelmv": 4.1021, "hphfpdID": "014554.d554_773", "pdbset": null, "lrpepxh": -1.0, "finallr": 134.3215, "lrpepelmh": -1.0, "template": "2dwz:BA(0.11,0.01,89/135,43,36)", "viralprotein_id": 15985, "lrsm": 113.0937, "id": 60502758, "lrpepxv": -1.0, "lrredundpairs": 1.1877, "humanprotein_id": 6036, "vphfpdID": "003107@5gjq_K.11"}, {"lrredund": 3.5815, "lrpepelmv": -1.0, "hphfpdID": "002583.d50_156", "pdbset": null, "lrpepxh": -1.0, "finallr": 118.5989, "lrpepelmh": -1.0, "template": "3aji:BC(0.13,0.06,1/1,1,0)", "viralprotein_id": 15985, "lrsm": 33.1143, "id": 60502809, "lrpepxv": -1.0, "lrredundpairs": 0.7707, "humanprotein_id": 12396, "vphfpdID": "003107@5gjq_K.11"}, {"lrredund": 4.2492, "lrpepelmv": 72.805, "hphfpdID": "000004", "pdbset": null, "lrpepxh": -1.0, "finallr": 309.3629, "lrpepelmh": -1.0, "template": "", "viralprotein_id": 15985, "lrsm": -1.0, "id": 60503768, "lrpepxv": -1.0, "lrredundpairs": 1.1877, "humanprotein_id": 6298, "vphfpdID": "003107@3eie_A.8"}, {"lrredund": -1.0, "lrpepelmv": -1.0, "hphfpdID": "005477.d143_315", "pdbset": null, "lrpepxh": -1.0, "finallr": 134.3215, "lrpepelmh": -1.0, "template": "2dwz:BA(0.11,0.02,84/135,43,42)", "viralprotein_id": 15985, "lrsm": 113.0937, "id": 60503853, "lrpepxv": -1.0, "lrredundpairs": 1.1877, "humanprotein_id": 674, "vphfpdID": "003107@5gjq_K.11"}, {"lrredund": 4.2492, "lrpepelmv": 48.5599, "hphfpdID": "017283", "pdbset": null, "lrpepxh": -1.0, "finallr": 206.3406, "lrpepelmh": -1.0, "template": "4ioa:GN(0.57,0.22,11/50,5,0)", "viralprotein_id": 15985, "lrsm": 1.2142, "id": 60503916, "lrpepxv": -1.0, "lrredundpairs": -1.0, "humanprotein_id": 5846, "vphfpdID": "003107@2zan_A.10"}, {"lrredund": -1.0, "lrpepelmv": -1.0, "hphfpdID": "005959.d96_273", "pdbset": null, "lrpepxh": -1.0, "finallr": 113.0937, "lrpepelmh": -1.0, "template": "2dwz:BA(0.11,0.05,85/135,46,44)", "viralprotein_id": 15985, "lrsm": 113.0937, "id": 60504419, "lrpepxv": -1.0, "lrredundpairs": -1.0, "humanprotein_id": 13421, "vphfpdID": "003107@5gjq_K.11"}, {"lrredund": -1.0, "lrpepelmv": -1.0, "hphfpdID": "013397.d109_300", "pdbset": null, "lrpepxh": -1.0, "finallr": 113.0937, "lrpepelmh": -1.0, "template": "2dwz:BA(0.11,0.05,86/135,41,38)", "viralprotein_id": 15985, "lrsm": 113.0937, "id": 60504667, "lrpepxv": -1.0, "lrredundpairs": -1.0, "humanprotein_id": 15474, "vphfpdID": "003107@5gjq_K.11"}, {"lrredund": -1.0, "lrpepelmv": -1.0, "hphfpdID": "000836.d1215_1410", "pdbset": null, "lrpepxh": -1.0, "finallr": 113.0937, "lrpepelmh": -1.0, "template": "2dwz:DC(0.11,0.05,88/140,41,40)", "viralprotein_id": 15985, "lrsm": 113.0937, "id": 60505101, "lrpepxv": -1.0, "lrredundpairs": -1.0, "humanprotein_id": 1962, "vphfpdID": "003107@5gjq_K.11"}, {"lrredund": 21.3884, "lrpepelmv": 9.677, "hphfpdID": "001751.e1650_1757", "pdbset": null, "lrpepxh": -1.0, "finallr": 206.9754, "lrpepelmh": -1.0, "template": "3hsh:CD(0.54,0.58,10/22,3,0)", "viralprotein_id": 15985, "lrsm": 1.1641, "id": 60505420, "lrpepxv": -1.0, "lrredundpairs": -1.0, "humanprotein_id": 5041, "vphfpdID": "003107@5gjq_J.7"}, {"lrredund": 21.3884, "lrpepelmv": 14.0845, "hphfpdID": "016613", "pdbset": null, "lrpepxh": -1.0, "finallr": 301.2446, "lrpepelmh": -1.0, "template": "", "viralprotein_id": 15985, "lrsm": -1.0, "id": 60505625, "lrpepxv": -1.0, "lrredundpairs": -1.0, "humanprotein_id": 5161, "vphfpdID": "003107@5ftj_A.13"}, {"lrredund": -1.0, "lrpepelmv": -1.0, "hphfpdID": "000853.d515_725", "pdbset": null, "lrpepxh": -1.0, "finallr": 134.3215, "lrpepelmh": -1.0, "template": "2dwz:BA(0.11,0.02,87/135,41,36)", "viralprotein_id": 15985, "lrsm": 113.0937, "id": 60505720, "lrpepxv": -1.0, "lrredundpairs": 1.1877, "humanprotein_id": 12466, "vphfpdID": "003107@5gjq_K.11"}, {"lrredund": 19.2898, "lrpepelmv": -1.0, "hphfpdID": "017281.d216_380", "pdbset": null, "lrpepxh": -1.0, "finallr": 1639.1, "lrpepelmh": -1.0, "template": "4kod:FA(0.37,0.02,60/146,44,40)", "viralprotein_id": 15985, "lrsm": 84.9724, "id": 60505891, "lrpepxv": -1.0, "lrredundpairs": -1.0, "humanprotein_id": 5906, "vphfpdID": "003107@5gjq_J.7"}, {"lrredund": -1.0, "lrpepelmv": -1.0, "hphfpdID": "000790.d440_661", "pdbset": null, "lrpepxh": -1.0, "finallr": 113.0937, "lrpepelmh": -1.0, "template": "2dwz:BA(0.11,0.01,89/135,45,39)", "viralprotein_id": 15985, "lrsm": 113.0937, "id": 60505958, "lrpepxv": -1.0, "lrredundpairs": -1.0, "humanprotein_id": 7179, "vphfpdID": "003107@5gjq_K.11"}, {"lrredund": -1.0, "lrpepelmv": -1.0, "hphfpdID": "000789.d529_710", "pdbset": null, "lrpepxh": -1.0, "finallr": 113.0937, "lrpepelmh": -1.0, "template": "2dwz:BA(0.11,0.07,91/135,47,46)", "viralprotein_id": 15985, "lrsm": 113.0937, "id": 60506026, "lrpepxv": -1.0, "lrredundpairs": -1.0, "humanprotein_id": 6694, "vphfpdID": "003107@5gjq_K.11"}, {"lrredund": -1.0, "lrpepelmv": -1.0, "hphfpdID": "011451", "pdbset": null, "lrpepxh": -1.0, "finallr": 134.3215, "lrpepelmh": -1.0, "template": "2dwz:BA(0.11,0.01,103/135,48,58)", "viralprotein_id": 15985, "lrsm": 113.0937, "id": 60506536, "lrpepxv": -1.0, "lrredundpairs": 1.1877, "humanprotein_id": 15521, "vphfpdID": "003107@5gjq_K.11"}, {"lrredund": -1.0, "lrpepelmv": -1.0, "hphfpdID": "008627.d199_434", "pdbset": null, "lrpepxh": -1.0, "finallr": 116.6671, "lrpepelmh": -1.0, "template": "1s3s:BD(0.23,0.16,59/136,42,52)", "viralprotein_id": 15985, "lrsm": 84.9724, "id": 60506701, "lrpepxv": -1.0, "lrredundpairs": 1.373, "humanprotein_id": 16078, "vphfpdID": "003107@5gjq_H.1"}, {"lrredund": 19.2898, "lrpepelmv": 72.805, "hphfpdID": "000007", "pdbset": null, "lrpepxh": -1.0, "finallr": 1404.393, "lrpepelmh": -1.0, "template": "", "viralprotein_id": 15985, "lrsm": -1.0, "id": 60507974, "lrpepxv": -1.0, "lrredundpairs": 1.1877, "humanprotein_id": 6393, "vphfpdID": "003107@2qp9_X.9"}, {"lrredund": -1.0, "lrpepelmv": -1.0, "hphfpdID": "013382", "pdbset": null, "lrpepxh": -1.0, "finallr": 134.3215, "lrpepelmh": -1.0, "template": "2dwz:BA(0.11,0.04,103/135,45,52)", "viralprotein_id": 15985, "lrsm": 113.0937, "id": 60507986, "lrpepxv": -1.0, "lrredundpairs": 1.1877, "humanprotein_id": 10175, "vphfpdID": "003107@5gjq_K.11"}, {"lrredund": 19.2898, "lrpepelmv": -1.0, "hphfpdID": "006178.e346_412", "pdbset": null, "lrpepxh": -1.0, "finallr": 104.7436, "lrpepelmh": -1.0, "template": "2orw:AB(0.46,0.52,36/161,21,12)", "viralprotein_id": 15985, "lrsm": 1.5568, "id": 60508054, "lrpepxv": 5.43, "lrredundpairs": 0.7707, "humanprotein_id": 2856, "vphfpdID": "003107@5e7p_A.4"}, {"lrredund": 21.3884, "lrpepelmv": -1.0, "hphfpdID": "017046.e457_686", "pdbset": null, "lrpepxh": -1.0, "finallr": 274.8026, "lrpepelmh": -1.0, "template": "3hu3:AB(0.20,0.59,56/361,44,38)", "viralprotein_id": 15985, "lrsm": 12.8482, "id": 60508116, "lrpepxv": -1.0, "lrredundpairs": 0.7707, "humanprotein_id": 6818, "vphfpdID": "003107@5gjq_H.1"}, {"lrredund": -1.0, "lrpepelmv": -1.0, "hphfpdID": "017040.d1047_1225", "pdbset": null, "lrpepxh": -1.0, "finallr": 134.3215, "lrpepelmh": -1.0, "template": "2dwz:DC(0.11,0.01,87/140,41,40)", "viralprotein_id": 15985, "lrsm": 113.0937, "id": 60508221, "lrpepxv": -1.0, "lrredundpairs": 1.1877, "humanprotein_id": 17348, "vphfpdID": "003107@5gjq_K.11"}, {"lrredund": -1.0, "lrpepelmv": -1.0, "hphfpdID": "010912.d61_290", "pdbset": null, "lrpepxh": -1.0, "finallr": 134.3215, "lrpepelmh": -1.0, "template": "2dwz:BA(0.11,0.01,87/135,42,41)", "viralprotein_id": 15985, "lrsm": 113.0937, "id": 60508231, "lrpepxv": -1.0, "lrredundpairs": 1.1877, "humanprotein_id": 1680, "vphfpdID": "003107@5gjq_K.11"}, {"lrredund": -1.0, "lrpepelmv": -1.0, "hphfpdID": "017846.d490_766", "pdbset": null, "lrpepxh": -1.0, "finallr": 155.2777, "lrpepelmh": -1.0, "template": "2dwz:BA(0.11,0.02,103/135,41,37)", "viralprotein_id": 15985, "lrsm": 113.0937, "id": 60508464, "lrpepxv": -1.0, "lrredundpairs": 1.373, "humanprotein_id": 16781, "vphfpdID": "003107@5gjq_K.11"}, {"lrredund": 2.0764, "lrpepelmv": -1.0, "hphfpdID": "001311.d377_523", "pdbset": null, "lrpepxh": -1.0, "finallr": 100.4807, "lrpepelmh": -1.0, "template": "3hu2:FA(0.20,0.17,60/200,41,49)", "viralprotein_id": 15985, "lrsm": 48.3918, "id": 60508520, "lrpepxv": -1.0, "lrredundpairs": -1.0, "humanprotein_id": 17917, "vphfpdID": "003107@5gjq_H.1"}, {"lrredund": -1.0, "lrpepelmv": 4.1021, "hphfpdID": "000797.d528_713", "pdbset": null, "lrpepxh": -1.0, "finallr": 134.3215, "lrpepelmh": -1.0, "template": "2dwz:BA(0.11,0.07,90/135,44,41)", "viralprotein_id": 15985, "lrsm": 113.0937, "id": 60508720, "lrpepxv": -1.0, "lrredundpairs": 1.1877, "humanprotein_id": 12899, "vphfpdID": "003107@5gjq_K.11"}, {"lrredund": -1.0, "lrpepelmv": -1.0, "hphfpdID": "000792.e1_212", "pdbset": null, "lrpepxh": -1.0, "finallr": 155.2777, "lrpepelmh": -1.0, "template": "2dwz:BA(0.11,0.03,95/135,48,52)", "viralprotein_id": 15985, "lrsm": 113.0937, "id": 60509179, "lrpepxv": -1.0, "lrredundpairs": 1.373, "humanprotein_id": 17831, "vphfpdID": "003107@5gjq_K.11"}, {"lrredund": -1.0, "lrpepelmv": -1.0, "hphfpdID": "019382", "pdbset": null, "lrpepxh": -1.0, "finallr": 134.3215, "lrpepelmh": -1.0, "template": "2dwz:DC(0.11,0.08,88/140,42,40)", "viralprotein_id": 15985, "lrsm": 113.0937, "id": 60509185, "lrpepxv": -1.0, "lrredundpairs": 1.1877, "humanprotein_id": 558, "vphfpdID": "003107@5gjq_K.11"}, {"lrredund": 21.3884, "lrpepelmv": 22.0743, "hphfpdID": "007144.e56_156", "pdbset": null, "lrpepxh": -1.0, "finallr": 472.1351, "lrpepelmh": -1.0, "template": "2yn1:BA(0.46,0.53,30/74,10,3)", "viralprotein_id": 15985, "lrsm": 1.2265, "id": 60509203, "lrpepxv": -1.0, "lrredundpairs": 1.373, "humanprotein_id": 6385, "vphfpdID": "003107@5gjq_K.11"}, {"lrredund": 3.5815, "lrpepelmv": -1.0, "hphfpdID": "011266.d645_726", "pdbset": null, "lrpepxh": -1.0, "finallr": 137.9475, "lrpepelmh": -1.0, "template": "2dwz:BA(0.11,0.03,49/135,23,21)", "viralprotein_id": 15985, "lrsm": 38.5167, "id": 60509215, "lrpepxv": -1.0, "lrredundpairs": -1.0, "humanprotein_id": 4137, "vphfpdID": "003107@5gjq_K.11"}, {"lrredund": 1.2535, "lrpepelmv": -1.0, "hphfpdID": "013752.e1_167", "pdbset": null, "lrpepxh": -1.0, "finallr": 141.763, "lrpepelmh": -1.0, "template": "2dwz:BA(0.11,0.06,79/135,42,57)", "viralprotein_id": 15985, "lrsm": 113.0937, "id": 60509894, "lrpepxv": -1.0, "lrredundpairs": 1.1877, "humanprotein_id": 2166, "vphfpdID": "003107@5gjq_K.11"}, {"lrredund": -1.0, "lrpepelmv": -1.0, "hphfpdID": "001200.d73_283", "pdbset": null, "lrpepxh": -1.0, "finallr": 113.0937, "lrpepelmh": -1.0, "template": "2dwz:BA(0.11,0.02,89/135,42,44)", "viralprotein_id": 15985, "lrsm": 113.0937, "id": 60509908, "lrpepxv": -1.0, "lrredundpairs": -1.0, "humanprotein_id": 13830, "vphfpdID": "003107@5gjq_K.11"}, {"lrredund": -1.0, "lrpepelmv": -1.0, "hphfpdID": "001595.d185_350", "pdbset": null, "lrpepxh": -1.0, "finallr": 100.9217, "lrpepelmh": -1.0, "template": "1s3s:DB(0.24,0.14,58/136,44,47)", "viralprotein_id": 15985, "lrsm": 84.9724, "id": 60509970, "lrpepxv": -1.0, "lrredundpairs": 1.1877, "humanprotein_id": 19354, "vphfpdID": "003107@5gjq_H.1"}, {"lrredund": 21.3884, "lrpepelmv": 72.805, "hphfpdID": "000006", "pdbset": null, "lrpepxh": -1.0, "finallr": 1557.181, "lrpepelmh": -1.0, "template": "", "viralprotein_id": 15985, "lrsm": -1.0, "id": 60510074, "lrpepxv": -1.0, "lrredundpairs": -1.0, "humanprotein_id": 4514, "vphfpdID": "003107@1ixz_A.12"}, {"lrredund": 2.3254, "lrpepelmv": -1.0, "hphfpdID": "013707", "pdbset": null, "lrpepxh": -1.0, "finallr": 197.5948, "lrpepelmh": -1.0, "template": "1s3s:DB(0.24,0.15,58/136,41,41)", "viralprotein_id": 15985, "lrsm": 84.9724, "id": 60510223, "lrpepxv": -1.0, "lrredundpairs": 1.373, "humanprotein_id": 6308, "vphfpdID": "003107@5gjq_H.1"}, {"lrredund": -1.0, "lrpepelmv": -1.0, "hphfpdID": "013379.d123_345", "pdbset": null, "lrpepxh": -1.0, "finallr": 113.0937, "lrpepelmh": -1.0, "template": "2dwz:BA(0.11,0.05,101/135,47,51)", "viralprotein_id": 15985, "lrsm": 113.0937, "id": 60510232, "lrpepxv": -1.0, "lrredundpairs": -1.0, "humanprotein_id": 11518, "vphfpdID": "003107@5gjq_K.11"}, {"lrredund": -1.0, "lrpepelmv": -1.0, "hphfpdID": "001199.d79_281", "pdbset": null, "lrpepxh": -1.0, "finallr": 134.3215, "lrpepelmh": -1.0, "template": "2dwz:BA(0.11,0.01,87/135,43,32)", "viralprotein_id": 15985, "lrsm": 113.0937, "id": 60511058, "lrpepxv": -1.0, "lrredundpairs": 1.1877, "humanprotein_id": 19684, "vphfpdID": "003107@5gjq_K.11"}, {"lrredund": 21.3884, "lrpepelmv": 72.805, "hphfpdID": "000002", "pdbset": null, "lrpepxh": -1.0, "finallr": 1557.181, "lrpepelmh": -1.0, "template": "", "viralprotein_id": 15985, "lrsm": -1.0, "id": 60511824, "lrpepxv": -1.0, "lrredundpairs": 1.1877, "humanprotein_id": 6315, "vphfpdID": "003107@5gjq_L.5"}, {"lrredund": -1.0, "lrpepelmv": -1.0, "hphfpdID": "008786.d74_297", "pdbset": null, "lrpepxh": -1.0, "finallr": 134.3215, "lrpepelmh": -1.0, "template": "2dwz:BA(0.11,0.01,89/135,41,33)", "viralprotein_id": 15985, "lrsm": 113.0937, "id": 60512029, "lrpepxv": -1.0, "lrredundpairs": 1.1877, "humanprotein_id": 19040, "vphfpdID": "003107@5gjq_K.11"}, {"lrredund": 2.0764, "lrpepelmv": 72.805, "hphfpdID": "000005", "pdbset": null, "lrpepxh": -1.0, "finallr": 151.1722, "lrpepelmh": -1.0, "template": "", "viralprotein_id": 15985, "lrsm": -1.0, "id": 60513080, "lrpepxv": -1.0, "lrredundpairs": 1.1877, "humanprotein_id": 4794, "vphfpdID": "003107@5e7p_A.4"}, {"lrredund": 4.2492, "lrpepelmv": 72.805, "hphfpdID": "000001", "pdbset": null, "lrpepxh": -1.0, "finallr": 309.3629, "lrpepelmh": -1.0, "template": "", "viralprotein_id": 15985, "lrsm": -1.0, "id": 60513129, "lrpepxv": -1.0, "lrredundpairs": 1.1877, "humanprotein_id": 4793, "vphfpdID": "003107@5e7p_A.4"}, {"lrredund": -1.0, "lrpepelmv": -1.0, "hphfpdID": "013383", "pdbset": null, "lrpepxh": -1.0, "finallr": 134.3215, "lrpepelmh": -1.0, "template": "2dwz:BA(0.11,0.04,103/135,45,52)", "viralprotein_id": 15985, "lrsm": 113.0937, "id": 60513301, "lrpepxv": -1.0, "lrredundpairs": 1.1877, "humanprotein_id": 10177, "vphfpdID": "003107@5gjq_K.11"}, {"lrredund": 20.9141, "lrpepelmv": -1.0, "hphfpdID": "018500.d533_608", "pdbset": null, "lrpepxh": -1.0, "finallr": 100.4723, "lrpepelmh": -1.0, "template": "2qho:BA(0.57,0.02,51/51,21,18)", "viralprotein_id": 15985, "lrsm": 4.804, "id": 60513525, "lrpepxv": -1.0, "lrredundpairs": 1.774, "humanprotein_id": 3463, "vphfpdID": "003107@5e7p_A.4"}, {"lrredund": -1.0, "lrpepelmv": -1.0, "hphfpdID": "000788.d534_691", "pdbset": null, "lrpepxh": -1.0, "finallr": 113.0937, "lrpepelmh": -1.0, "template": "2dvw:BA(0.11,0.03,91/142,43,41)", "viralprotein_id": 15985, "lrsm": 113.0937, "id": 60513730, "lrpepxv": -1.0, "lrredundpairs": -1.0, "humanprotein_id": 3928, "vphfpdID": "003107@5gjq_K.11"}, {"lrredund": -1.0, "lrpepelmv": -1.0, "hphfpdID": "011450.e1858_2044", "pdbset": null, "lrpepxh": -1.0, "finallr": 134.3215, "lrpepelmh": -1.0, "template": "2dwz:DC(0.11,0.02,88/140,44,40)", "viralprotein_id": 15985, "lrsm": 113.0937, "id": 60513809, "lrpepxv": -1.0, "lrredundpairs": 1.1877, "humanprotein_id": 19115, "vphfpdID": "003107@5gjq_K.11"}, {"lrredund": 21.3884, "lrpepelmv": 6.3442, "hphfpdID": "001349.d2715_2964", "pdbset": null, "lrpepxh": -1.0, "finallr": 135.6925, "lrpepelmh": -1.0, "template": "", "viralprotein_id": 15985, "lrsm": -1.0, "id": 60514116, "lrpepxv": -1.0, "lrredundpairs": -1.0, "humanprotein_id": 7312, "vphfpdID": "003107@3eie_A.8"}, {"lrredund": -1.0, "lrpepelmv": -1.0, "hphfpdID": "013378.d136_345", "pdbset": null, "lrpepxh": -1.0, "finallr": 113.0937, "lrpepelmh": -1.0, "template": "2dwz:BA(0.11,0.05,101/135,45,51)", "viralprotein_id": 15985, "lrsm": 113.0937, "id": 60514180, "lrpepxv": -1.0, "lrredundpairs": -1.0, "humanprotein_id": 692, "vphfpdID": "003107@5gjq_K.11"}, {"lrredund": -1.0, "lrpepelmv": -1.0, "hphfpdID": "000864.e1_196", "pdbset": null, "lrpepxh": -1.0, "finallr": 113.0937, "lrpepelmh": -1.0, "template": "2dvw:BA(0.11,0.08,95/142,45,46)", "viralprotein_id": 15985, "lrsm": 113.0937, "id": 60514396, "lrpepxv": -1.0, "lrredundpairs": -1.0, "humanprotein_id": 179, "vphfpdID": "003107@5gjq_K.11"}, {"lrredund": -1.0, "lrpepelmv": -1.0, "hphfpdID": "013387", "pdbset": null, "lrpepxh": -1.0, "finallr": 134.3215, "lrpepelmh": -1.0, "template": "2dwz:BA(0.11,0.03,103/135,43,49)", "viralprotein_id": 15985, "lrsm": 113.0937, "id": 60514594, "lrpepxv": -1.0, "lrredundpairs": 1.1877, "humanprotein_id": 355, "vphfpdID": "003107@5gjq_K.11"}, {"lrredund": -1.0, "lrpepelmv": -1.0, "hphfpdID": "000158.d47_247", "pdbset": null, "lrpepxh": -1.0, "finallr": 155.2777, "lrpepelmh": -1.0, "template": "2dwz:BA(0.11,0.03,87/135,42,41)", "viralprotein_id": 15985, "lrsm": 113.0937, "id": 60515068, "lrpepxv": -1.0, "lrredundpairs": 1.373, "humanprotein_id": 9361, "vphfpdID": "003107@5gjq_K.11"}, {"lrredund": -1.0, "lrpepelmv": -1.0, "hphfpdID": "019333.d324_578", "pdbset": null, "lrpepxh": -1.0, "finallr": 116.6671, "lrpepelmh": -1.0, "template": "1s3s:DB(0.27,0.12,57/136,42,44)", "viralprotein_id": 15985, "lrsm": 84.9724, "id": 60515190, "lrpepxv": -1.0, "lrredundpairs": 1.373, "humanprotein_id": 15493, "vphfpdID": "003107@5gjq_K.11"}, {"lrredund": -1.0, "lrpepelmv": -1.0, "hphfpdID": "010350.d467_660", "pdbset": null, "lrpepxh": -1.0, "finallr": 134.3215, "lrpepelmh": -1.0, "template": "2dwz:BA(0.11,0.06,88/135,45,37)", "viralprotein_id": 15985, "lrsm": 113.0937, "id": 60515251, "lrpepxv": -1.0, "lrredundpairs": 1.1877, "humanprotein_id": 11524, "vphfpdID": "003107@5gjq_K.11"}, {"lrredund": -1.0, "lrpepelmv": -1.0, "hphfpdID": "000837.d41_209", "pdbset": null, "lrpepxh": -1.0, "finallr": 113.0937, "lrpepelmh": -1.0, "template": "2dwz:DC(0.11,0.01,81/140,43,44)", "viralprotein_id": 15985, "lrsm": 113.0937, "id": 60515309, "lrpepxv": -1.0, "lrredundpairs": -1.0, "humanprotein_id": 16950, "vphfpdID": "003107@5gjq_K.11"}, {"lrredund": 2.3254, "lrpepelmv": 72.805, "hphfpdID": "000003", "pdbset": null, "lrpepxh": -1.0, "finallr": 169.3006, "lrpepelmh": -1.0, "template": "4ioa:GN(0.57,0.45,22/50,12,21)", "viralprotein_id": 15985, "lrsm": 1.1641, "id": 60515388, "lrpepxv": -1.0, "lrredundpairs": -1.0, "humanprotein_id": 6857, "vphfpdID": "003107@2zan_A.10"}, {"lrredund": -1.0, "lrpepelmv": -1.0, "hphfpdID": "000843.d766_946", "pdbset": null, "lrpepxh": -1.0, "finallr": 134.3215, "lrpepelmh": -1.0, "template": "2dwz:BA(0.11,0.08,85/135,44,42)", "viralprotein_id": 15985, "lrsm": 113.0937, "id": 60515433, "lrpepxv": -1.0, "lrredundpairs": 1.1877, "humanprotein_id": 1248, "vphfpdID": "003107@5gjq_K.11"}, {"lrredund": 4.2492, "lrpepelmv": 48.5599, "hphfpdID": "017284", "pdbset": null, "lrpepxh": -1.0, "finallr": 206.3406, "lrpepelmh": -1.0, "template": "", "viralprotein_id": 15985, "lrsm": -1.0, "id": 60515483, "lrpepxv": -1.0, "lrredundpairs": -1.0, "humanprotein_id": 7960, "vphfpdID": "003107@1xwi_A.3"}, {"lrredund": 4.2492, "lrpepelmv": -1.0, "hphfpdID": "008173.e18_192", "pdbset": null, "lrpepxh": -1.0, "finallr": 182.7888, "lrpepelmh": -1.0, "template": "3aji:BA(0.13,0.05,58/125,25,17)", "viralprotein_id": 15985, "lrsm": 43.0172, "id": 60515725, "lrpepxv": -1.0, "lrredundpairs": 1.5513, "humanprotein_id": 7350, "vphfpdID": "003107@5gjq_K.11"}, {"lrredund": -1.0, "lrpepelmv": -1.0, "hphfpdID": "016254.d467_652", "pdbset": null, "lrpepxh": -1.0, "finallr": 116.6671, "lrpepelmh": -1.0, "template": "1s3s:DB(0.24,0.15,58/136,43,44)", "viralprotein_id": 15985, "lrsm": 84.9724, "id": 60515889, "lrpepxv": -1.0, "lrredundpairs": 1.373, "humanprotein_id": 16059, "vphfpdID": "003107@5gjq_H.1"}, {"lrredund": -1.0, "lrpepelmv": -1.0, "hphfpdID": "006177.d374_668", "pdbset": null, "lrpepxh": -1.0, "finallr": 116.6671, "lrpepelmh": -1.0, "template": "1s3s:BD(0.25,0.12,60/136,41,49)", "viralprotein_id": 15985, "lrsm": 84.9724, "id": 60516033, "lrpepxv": -1.0, "lrredundpairs": 1.373, "humanprotein_id": 10115, "vphfpdID": "003107@5gjq_H.1"}, {"lrredund": -1.0, "lrpepelmv": -1.0, "hphfpdID": "012311.e1_216", "pdbset": null, "lrpepxh": -1.0, "finallr": 134.3215, "lrpepelmh": -1.0, "template": "2dwz:BA(0.11,0.04,101/135,47,52)", "viralprotein_id": 15985, "lrsm": 113.0937, "id": 60516155, "lrpepxv": -1.0, "lrredundpairs": 1.1877, "humanprotein_id": 16216, "vphfpdID": "003107@5gjq_K.11"}, {"lrredund": 1.2535, "lrpepelmv": -1.0, "hphfpdID": "013693", "pdbset": null, "lrpepxh": -1.0, "finallr": 106.5129, "lrpepelmh": -1.0, "template": "1s3s:DB(0.27,0.11,60/136,42,43)", "viralprotein_id": 15985, "lrsm": 84.9724, "id": 60516173, "lrpepxv": -1.0, "lrredundpairs": 1.373, "humanprotein_id": 6333, "vphfpdID": "003107@5gjq_K.11"}, {"lrredund": -1.0, "lrpepelmv": -1.0, "hphfpdID": "016328.d306_553", "pdbset": null, "lrpepxh": -1.0, "finallr": 100.9217, "lrpepelmh": -1.0, "template": "3cf0:NA(0.23,0.16,58/126,41,48)", "viralprotein_id": 15985, "lrsm": 84.9724, "id": 60516258, "lrpepxv": -1.0, "lrredundpairs": 1.1877, "humanprotein_id": 19281, "vphfpdID": "003107@5ftj_A.13"}, {"lrredund": 2.3254, "lrpepelmv": -1.0, "hphfpdID": "013715", "pdbset": null, "lrpepxh": -1.0, "finallr": 197.5948, "lrpepelmh": -1.0, "template": "1s3s:DB(0.24,0.13,56/136,42,42)", "viralprotein_id": 15985, "lrsm": 84.9724, "id": 60516436, "lrpepxv": -1.0, "lrredundpairs": 1.5513, "humanprotein_id": 5262, "vphfpdID": "003107@5gjq_H.1"}, {"lrredund": 20.9141, "lrpepelmv": 16.792, "hphfpdID": "007144.d1_56", "pdbset": null, "lrpepxh": -1.0, "finallr": 351.1903, "lrpepelmh": -1.0, "template": "4afq:BD(0.36,0.03,51/104,22,16)", "viralprotein_id": 15986, "lrsm": 7.7952, "id": 77789243, "lrpepxv": 3.66, "lrredundpairs": 0.7707, "humanprotein_id": 6385, "vphfpdID": "003108@2ijd_1.2"}, {"lrredund": 3.5815, "lrpepelmv": -1.0, "hphfpdID": "004140.d596_736", "pdbset": null, "lrpepxh": -1.0, "finallr": 150.2439, "lrpepelmh": -1.0, "template": "4ioc:QV(0.56,0.58,25/47,8,0)", "viralprotein_id": 15986, "lrsm": 1.1641, "id": 77789425, "lrpepxv": 41.95, "lrredundpairs": -1.0, "humanprotein_id": 7448, "vphfpdID": "003108@2ijd_1.2"}, {"lrredund": 21.3884, "lrpepelmv": 9.677, "hphfpdID": "001751.e1_73", "pdbset": null, "lrpepxh": -1.0, "finallr": 206.9754, "lrpepelmh": -1.0, "template": "2f3c:EI(0.45,0.33,51/92,25,33)", "viralprotein_id": 15986, "lrsm": 2.0697, "id": 77791058, "lrpepxv": -1.0, "lrredundpairs": -1.0, "humanprotein_id": 5041, "vphfpdID": "003108@4dcd_A.1"}, {"lrredund": 21.3884, "lrpepelmv": -1.0, "hphfpdID": "002626", "pdbset": null, "lrpepxh": -1.0, "finallr": 128.3451, "lrpepelmh": -1.0, "template": "2r0l:AL(0.34,0.05,28/35,9,3)", "viralprotein_id": 15986, "lrsm": 6.0007, "id": 77791487, "lrpepxv": -1.0, "lrredundpairs": -1.0, "humanprotein_id": 2804, "vphfpdID": "003108@2ijd_1.2"}, {"lrredund": 15.8699, "lrpepelmv": 15.8041, "hphfpdID": "016615.d116_248", "pdbset": null, "lrpepxh": -1.0, "finallr": 250.8094, "lrpepelmh": -1.0, "template": "4io9:QV(0.57,0.28,32/45,12,9)", "viralprotein_id": 15986, "lrsm": 1.2265, "id": 77791498, "lrpepxv": -1.0, "lrredundpairs": -1.0, "humanprotein_id": 5095, "vphfpdID": "003108@4dcd_A.1"}, {"lrredund": 21.3884, "lrpepelmv": 6.3442, "hphfpdID": "001349.d2679_3055", "pdbset": null, "lrpepxh": -1.0, "finallr": 135.6925, "lrpepelmh": -1.0, "template": "1l1c:BA(0.36,0.44,108/127,14,6)", "viralprotein_id": 15986, "lrsm": 2.0531, "id": 77791986, "lrpepxv": 3.84, "lrredundpairs": -1.0, "humanprotein_id": 7312, "vphfpdID": "003108@2ijd_1.2"}, {"lrredund": 19.2898, "lrpepelmv": 15.8041, "hphfpdID": "016613.e316_567", "pdbset": null, "lrpepxh": -1.0, "finallr": 304.8578, "lrpepelmh": -1.0, "template": "2r0k:AH(0.46,0.43,44/107,21,26)", "viralprotein_id": 15986, "lrsm": 1.7387, "id": 77795391, "lrpepxv": -1.0, "lrredundpairs": -1.0, "humanprotein_id": 5161, "vphfpdID": "003108@4dcd_A.1"}, {"lrredund": 15.8699, "lrpepelmv": -1.0, "hphfpdID": "005354.e1664_1728", "pdbset": null, "lrpepxh": -1.0, "finallr": 123.7092, "lrpepelmh": -1.0, "template": "3ruo:BA(0.03,0.33,46/78,22,30)", "viralprotein_id": 15986, "lrsm": 7.7952, "id": 77796459, "lrpepxv": -1.0, "lrredundpairs": -1.0, "humanprotein_id": 7033, "vphfpdID": "003108@4dcd_A.1"}, {"lrredund": 15.8699, "lrpepelmv": 16.792, "hphfpdID": "016466.e85_146", "pdbset": null, "lrpepxh": -1.0, "finallr": 266.4879, "lrpepelmh": -1.0, "template": "4afq:BD(0.36,0.03,60/104,29,23)", "viralprotein_id": 15986, "lrsm": 7.7952, "id": 77797409, "lrpepxv": 3.66, "lrredundpairs": 0.7707, "humanprotein_id": 3727, "vphfpdID": "003108@2ijd_1.2"}, {"lrredund": 3.5815, "lrpepelmv": -1.0, "hphfpdID": "019163.e1_122", "pdbset": null, "lrpepxh": -1.0, "finallr": 150.2439, "lrpepelmh": -1.0, "template": "1nu9:AC(0.49,0.48,2/199,3,1)", "viralprotein_id": 15986, "lrsm": 1.02, "id": 77798175, "lrpepxv": 41.95, "lrredundpairs": -1.0, "humanprotein_id": 1208, "vphfpdID": "003108@2ijd_1.2"}, {"lrredund": null, "lrpepelmv": null, "hphfpdID": "013918.e241_314", "pdbset": "3epf", "lrpepxh": null, "finallr": null, "lrpepelmh": null, "template": "3ens:BD(0.51,0.44,26/42,9,1)", "viralprotein_id": 15986, "lrsm": null, "id": 77795253, "lrpepxv": null, "lrredundpairs": null, "humanprotein_id": 3862, "vphfpdID": "003108@4dcd_A.1"}, {"lrredund": -1.0, "lrpepelmv": -1.0, "hphfpdID": "016158.d52_394", "pdbset": null, "lrpepxh": -1.0, "finallr": 130.17, "lrpepelmh": -1.0, "template": "1sfk:DB(0.03,0.05,8/9,7,8)", "viralprotein_id": 15988, "lrsm": 130.17, "id": 96166900, "lrpepxv": -1.0, "lrredundpairs": -1.0, "humanprotein_id": 19176, "vphfpdID": "003110.e1_152@1tql_A.20"}, {"lrredund": 21.3884, "lrpepelmv": -1.0, "hphfpdID": "007430", "pdbset": null, "lrpepxh": -1.0, "finallr": 149.2837, "lrpepelmh": -1.0, "template": "4bkx:AB(0.34,0.00,37/255,22,23)", "viralprotein_id": 15988, "lrsm": 6.9797, "id": 96167039, "lrpepxv": -1.0, "lrredundpairs": -1.0, "humanprotein_id": 7414, "vphfpdID": "003110.e1_152@2ijd_1.1"}, {"lrredund": 21.3884, "lrpepelmv": -1.0, "hphfpdID": "004138.e667_768", "pdbset": null, "lrpepxh": -1.0, "finallr": 146.3215, "lrpepelmh": -1.0, "template": "1mkm:BA(0.46,0.14,73/271,46,62)", "viralprotein_id": 15988, "lrsm": 6.8412, "id": 96167795, "lrpepxv": 3.66, "lrredundpairs": -1.0, "humanprotein_id": 7446, "vphfpdID": "003110.g405_461"}, {"lrredund": 2.0764, "lrpepelmv": 65.3909, "hphfpdID": "000005", "pdbset": null, "lrpepxh": -1.0, "finallr": 135.7776, "lrpepelmh": -1.0, "template": "4hwh:BA(0.57,0.48,1/1,1,0)", "viralprotein_id": 15988, "lrsm": 1.2704, "id": 96168051, "lrpepxv": -1.0, "lrredundpairs": -1.0, "humanprotein_id": 4794, "vphfpdID": "003110.e1_152@4k4w_A.4"}, {"lrredund": 21.3884, "lrpepelmv": 15.8041, "hphfpdID": "007144.d1_56", "pdbset": null, "lrpepxh": -1.0, "finallr": 338.0243, "lrpepelmh": -1.0, "template": "3k7r:AB(0.59,0.56,16/19,4,0)", "viralprotein_id": 15988, "lrsm": 1.2704, "id": 96168293, "lrpepxv": 3.51, "lrredundpairs": -1.0, "humanprotein_id": 6385, "vphfpdID": "003110.d152_404@2ijf_A.4"}, {"lrredund": 2.0764, "lrpepelmv": 52.3486, "hphfpdID": "002272.e70_191", "pdbset": null, "lrpepxh": -1.0, "finallr": 108.6966, "lrpepelmh": -1.0, "template": "1rzt:AI(0.55,0.55,16/19,6,1)", "viralprotein_id": 15988, "lrsm": 1.2704, "id": 96168638, "lrpepxv": 5.22, "lrredundpairs": -1.0, "humanprotein_id": 5274, "vphfpdID": "003110.e1_152@4nlt_A.19"}, {"lrredund": 3.5815, "lrpepelmv": 65.3909, "hphfpdID": "000001", "pdbset": null, "lrpepxh": -1.0, "finallr": 234.1974, "lrpepelmh": -1.0, "template": "4hwc:DB(0.55,0.44,1/1,0,0)", "viralprotein_id": 15988, "lrsm": 1.3385, "id": 96168654, "lrpepxv": -1.0, "lrredundpairs": -1.0, "humanprotein_id": 4793, "vphfpdID": "003110.e1_152@3ol9_A.5"}, {"lrredund": 21.3884, "lrpepelmv": -1.0, "hphfpdID": "001509.e418_498", "pdbset": null, "lrpepxh": -1.0, "finallr": 113.8494, "lrpepelmh": -1.0, "template": "1rso:BA(0.60,0.29,164/268,51,98)", "viralprotein_id": 15988, "lrsm": 5.323, "id": 96169039, "lrpepxv": 3.84, "lrredundpairs": -1.0, "humanprotein_id": 2598, "vphfpdID": "003110.g405_461"}, {"lrredund": 21.3884, "lrpepelmv": 17.9524, "hphfpdID": "001751.e1_73", "pdbset": null, "lrpepxh": -1.0, "finallr": 383.9742, "lrpepelmh": -1.0, "template": "1t39:BA(0.43,0.43,1/2,2,1)", "viralprotein_id": 15988, "lrsm": 1.2265, "id": 96169221, "lrpepxv": 5.22, "lrredundpairs": -1.0, "humanprotein_id": 5041, "vphfpdID": "003110.e1_152@1tql_A.20"}, {"lrredund": 21.3884, "lrpepelmv": 3.2644, "hphfpdID": "007227.d88_247", "pdbset": null, "lrpepxh": -1.0, "finallr": 111.6474, "lrpepelmh": -1.0, "template": "3ddq:DA(0.44,0.15,2/46,2,0)", "viralprotein_id": 15988, "lrsm": 1.8315, "id": 96170259, "lrpepxv": 5.22, "lrredundpairs": -1.0, "humanprotein_id": 5539, "vphfpdID": "003110.e1_152@2ijf_A.7"}, {"lrredund": 21.3884, "lrpepelmv": -1.0, "hphfpdID": "011519.e1_119", "pdbset": null, "lrpepxh": -1.0, "finallr": 107.5723, "lrpepelmh": -1.0, "template": "2voy:AF(0.43,0.57,149/152,19,0)", "viralprotein_id": 15988, "lrsm": 5.0295, "id": 96171658, "lrpepxv": -1.0, "lrredundpairs": -1.0, "humanprotein_id": 3074, "vphfpdID": "003110.d152_404@2ijd_1.1"}, {"lrredund": 21.3884, "lrpepelmv": -1.0, "hphfpdID": "004136.e672_776", "pdbset": null, "lrpepxh": -1.0, "finallr": 106.0864, "lrpepelmh": -1.0, "template": "4ka4:EA(0.58,0.30,34/37,10,3)", "viralprotein_id": 15988, "lrsm": 1.3385, "id": 96172243, "lrpepxv": 4.96, "lrredundpairs": -1.0, "humanprotein_id": 7444, "vphfpdID": "003110.e1_152@3ol9_A.5"}, {"lrredund": 21.3884, "lrpepelmv": 65.3909, "hphfpdID": "000002", "pdbset": null, "lrpepxh": -1.0, "finallr": 1398.606, "lrpepelmh": -1.0, "template": "3kx9:KI(0.60,0.60,27/46,11,5)", "viralprotein_id": 15988, "lrsm": 1.1641, "id": 96172483, "lrpepxv": -1.0, "lrredundpairs": -1.0, "humanprotein_id": 6315, "vphfpdID": "003110.e1_152@4nlo_A.17"}, {"lrredund": 1.0145, "lrpepelmv": -1.0, "hphfpdID": "008214.e1_125", "pdbset": null, "lrpepxh": -1.0, "finallr": 153.6017, "lrpepelmh": -1.0, "template": "1sfk:AB(0.03,0.07,25/131,21,25)", "viralprotein_id": 15988, "lrsm": 151.4063, "id": 96172597, "lrpepxv": -1.0, "lrredundpairs": -1.0, "humanprotein_id": 16668, "vphfpdID": "003110.e1_152@1tql_A.20"}, {"lrredund": 21.3884, "lrpepelmv": -1.0, "hphfpdID": "007744.d499_701", "pdbset": null, "lrpepxh": -1.0, "finallr": 219.339, "lrpepelmh": -1.0, "template": "1lp1:BA(0.50,0.39,85/102,41,55)", "viralprotein_id": 15988, "lrsm": 10.255, "id": 96172601, "lrpepxv": 3.84, "lrredundpairs": -1.0, "humanprotein_id": 4876, "vphfpdID": "003110.g405_461"}, {"lrredund": 21.3884, "lrpepelmv": 65.3909, "hphfpdID": "000007", "pdbset": null, "lrpepxh": -1.0, "finallr": 1398.606, "lrpepelmh": -1.0, "template": "", "viralprotein_id": 15988, "lrsm": -1.0, "id": 96174751, "lrpepxv": -1.0, "lrredundpairs": -1.0, "humanprotein_id": 6393, "vphfpdID": "003110@4y34_A.22"}, {"lrredund": 4.2492, "lrpepelmv": 65.3909, "hphfpdID": "000004", "pdbset": null, "lrpepxh": -1.0, "finallr": 277.8589, "lrpepelmh": -1.0, "template": "4hwh:BA(0.57,0.57,1/1,2,1)", "viralprotein_id": 15988, "lrsm": 1.2704, "id": 96175402, "lrpepxv": -1.0, "lrredundpairs": -1.0, "humanprotein_id": 6298, "vphfpdID": "003110.e1_152@4k4w_A.4"}, {"lrredund": 21.3884, "lrpepelmv": -1.0, "hphfpdID": "002626", "pdbset": null, "lrpepxh": -1.0, "finallr": 111.6474, "lrpepelmh": -1.0, "template": "2xmt:BA(0.38,0.60,34/39,6,0)", "viralprotein_id": 15988, "lrsm": 1.3385, "id": 96175555, "lrpepxv": 5.22, "lrredundpairs": -1.0, "humanprotein_id": 2804, "vphfpdID": "003110.d152_404@4nlo_A.11"}, {"lrredund": -1.0, "lrpepelmv": -1.0, "hphfpdID": "015659", "pdbset": null, "lrpepxh": -1.0, "finallr": 151.4063, "lrpepelmh": -1.0, "template": "2ijc:FA(0.04,0.03,59/215,36,46)", "viralprotein_id": 15988, "lrsm": 151.4063, "id": 96176742, "lrpepxv": -1.0, "lrredundpairs": -1.0, "humanprotein_id": 19932, "vphfpdID": "003110.e1_152@1tql_A.20"}, {"lrredund": 2.0764, "lrpepelmv": 65.3909, "hphfpdID": "000003", "pdbset": null, "lrpepxh": -1.0, "finallr": 135.7776, "lrpepelmh": -1.0, "template": "3nkz:BA(0.55,0.35,42/157,22,22)", "viralprotein_id": 15988, "lrsm": 1.5568, "id": 96177531, "lrpepxv": -1.0, "lrredundpairs": -1.0, "humanprotein_id": 6857, "vphfpdID": "003110.e1_152@1tql_A.20"}, {"lrredund": 21.3884, "lrpepelmv": 3.2644, "hphfpdID": "002673", "pdbset": null, "lrpepxh": -1.0, "finallr": 149.2837, "lrpepelmh": -1.0, "template": "2iw9:DC(0.36,0.02,45/156,26,15)", "viralprotein_id": 15988, "lrsm": 6.9797, "id": 96177790, "lrpepxv": 4.96, "lrredundpairs": -1.0, "humanprotein_id": 4427, "vphfpdID": "003110.e1_152@4r0e_A.6"}, {"lrredund": 21.3884, "lrpepelmv": -1.0, "hphfpdID": "012444", "pdbset": null, "lrpepxh": -1.0, "finallr": 282.9685, "lrpepelmh": -1.0, "template": "", "viralprotein_id": 15988, "lrsm": -1.0, "id": 96178235, "lrpepxv": 13.23, "lrredundpairs": -1.0, "humanprotein_id": 2955, "vphfpdID": "003110@4zpa_A.25"}, {"lrredund": 21.3884, "lrpepelmv": -1.0, "hphfpdID": "000172.e343_463", "pdbset": null, "lrpepxh": -1.0, "finallr": 219.339, "lrpepelmh": -1.0, "template": "2kik:AB(0.56,0.39,116/144,43,54)", "viralprotein_id": 15988, "lrsm": 10.255, "id": 96179921, "lrpepxv": 3.84, "lrredundpairs": -1.0, "humanprotein_id": 2981, "vphfpdID": "003110.g405_461"}, {"lrredund": 15.8699, "lrpepelmv": 65.3909, "hphfpdID": "000006", "pdbset": null, "lrpepxh": -1.0, "finallr": 1037.746, "lrpepelmh": -1.0, "template": "4hwh:BA(0.57,0.37,1/1,1,0)", "viralprotein_id": 15988, "lrsm": 1.3385, "id": 96180094, "lrpepxv": -1.0, "lrredundpairs": -1.0, "humanprotein_id": 4514, "vphfpdID": "003110.e1_152@4k4w_A.4"}, {"lrredund": 21.3884, "lrpepelmv": 3.2644, "hphfpdID": "018111", "pdbset": null, "lrpepxh": -1.0, "finallr": 111.6474, "lrpepelmh": -1.0, "template": "4iza:BA(0.50,0.29,12/55,8,0)", "viralprotein_id": 15988, "lrsm": 1.2142, "id": 96180300, "lrpepxv": 5.22, "lrredundpairs": -1.0, "humanprotein_id": 15404, "vphfpdID": "003110.e1_152@4nlo_A.17"}, {"lrredund": 21.3884, "lrpepelmv": -1.0, "hphfpdID": "005209.e1_96", "pdbset": null, "lrpepxh": -1.0, "finallr": 102.7509, "lrpepelmh": -1.0, "template": "3bs9:BA(0.50,0.06,45/45,21,10)", "viralprotein_id": 15988, "lrsm": 4.804, "id": 96180529, "lrpepxv": 3.51, "lrredundpairs": -1.0, "humanprotein_id": 8007, "vphfpdID": "003110.d152_404@1raj_A.3"}, {"lrredund": -1.0, "lrpepelmv": -1.0, "hphfpdID": "004234.e84_325", "pdbset": null, "lrpepxh": -1.0, "finallr": 151.4063, "lrpepelmh": -1.0, "template": "1l0n:CD(0.07,0.03,35/144,26,35)", "viralprotein_id": 15988, "lrsm": 151.4063, "id": 96180927, "lrpepxv": -1.0, "lrredundpairs": -1.0, "humanprotein_id": 3197, "vphfpdID": "003110.e1_152@4nls_A.14"}, {"lrredund": 21.3884, "lrpepelmv": -1.0, "hphfpdID": "017046", "pdbset": null, "lrpepxh": -1.0, "finallr": 128.3451, "lrpepelmh": -1.0, "template": "4hzu:SB(0.13,0.19,4/4,7,4)", "viralprotein_id": 15988, "lrsm": 6.0007, "id": 96181059, "lrpepxv": -1.0, "lrredundpairs": -1.0, "humanprotein_id": 6818, "vphfpdID": "003110.e1_152@4nlr_A.8"}, {"lrredund": 21.3884, "lrpepelmv": -1.0, "hphfpdID": "005158.d712_968", "pdbset": null, "lrpepxh": -1.0, "finallr": 106.0864, "lrpepelmh": -1.0, "template": "1xxc:BA(0.59,0.58,61/67,9,0)", "viralprotein_id": 15988, "lrsm": 1.9487, "id": 96181137, "lrpepxv": 4.96, "lrredundpairs": -1.0, "humanprotein_id": 2711, "vphfpdID": "003110.d152_404@1raj_A.3"}, {"lrredund": 21.3884, "lrpepelmv": 15.8041, "hphfpdID": "016615.d83_292", "pdbset": null, "lrpepxh": -1.0, "finallr": 338.0243, "lrpepelmh": -1.0, "template": "4f9k:CB(0.52,0.08,5/7,4,3)", "viralprotein_id": 15988, "lrsm": 2.2022, "id": 96181621, "lrpepxv": -1.0, "lrredundpairs": -1.0, "humanprotein_id": 5095, "vphfpdID": "003110.e1_152@1ra7_A.13"}, {"lrredund": 21.3884, "lrpepelmv": -1.0, "hphfpdID": "018500.d533_608", "pdbset": null, "lrpepxh": -1.0, "finallr": 102.7509, "lrpepelmh": -1.0, "template": "1p3q:QU(0.54,0.04,42/42,26,36)", "viralprotein_id": 15988, "lrsm": 4.804, "id": 96182011, "lrpepxv": -1.0, "lrredundpairs": -1.0, "humanprotein_id": 3463, "vphfpdID": "003110.e1_152@1tql_A.20"}, {"lrredund": null, "lrpepelmv": null, "hphfpdID": "013918.e241_314", "pdbset": "3epf", "lrpepxh": null, "finallr": null, "lrpepelmh": null, "template": "1nl0:GH(0.34,0.20,2/40,1,0)", "viralprotein_id": 15988, "lrsm": null, "id": 96176646, "lrpepxv": null, "lrredundpairs": null, "humanprotein_id": 3862, "vphfpdID": "003110.e1_152@1tql_A.20"}, {"lrredund": null, "lrpepelmv": null, "hphfpdID": "007927.e111_207", "pdbset": "6eit", "lrpepxh": null, "finallr": null, "lrpepelmh": null, "template": "4a46:BD(0.34,0.26,1/1,0,0)", "viralprotein_id": 15988, "lrsm": null, "id": 96178726, "lrpepxv": null, "lrredundpairs": null, "humanprotein_id": 3016, "vphfpdID": "003110.d152_404@3ol9_A.5"}, {"lrredund": 20.9141, "lrpepelmv": 15.8041, "hphfpdID": "016613.e316_567", "pdbset": null, "lrpepxh": -1.0, "finallr": 330.5284, "lrpepelmh": -1.0, "template": "1z7z:1I(0.09,0.59,57/65,21,16)", "viralprotein_id": 15989, "lrsm": 3.1848, "id": 38141069, "lrpepxv": -1.0, "lrredundpairs": -1.0, "humanprotein_id": 5161, "vphfpdID": "003111.e81_309@2plv_1.5"}, {"lrredund": 19.2898, "lrpepelmv": 4.5877, "hphfpdID": "003962.d92_178", "pdbset": null, "lrpepxh": -1.0, "finallr": 247.8394, "lrpepelmh": -1.0, "template": "1h8t:AC(0.09,0.57,59/627,41,58)", "viralprotein_id": 15989, "lrsm": 12.8482, "id": 38141645, "lrpepxv": -1.0, "lrredundpairs": -1.0, "humanprotein_id": 6447, "vphfpdID": "003111@1pvc_1.1"}, {"lrredund": 20.9141, "lrpepelmv": 72.805, "hphfpdID": "000006", "pdbset": null, "lrpepxh": -1.0, "finallr": 1522.65, "lrpepelmh": -1.0, "template": "1yd8:VG(0.51,0.36,16/53,10,5)", "viralprotein_id": 15989, "lrsm": 1.02, "id": 38141932, "lrpepxv": -1.0, "lrredundpairs": -1.0, "humanprotein_id": 4514, "vphfpdID": "003111.d61_218@1ar7_1.5"}, {"lrredund": 19.2898, "lrpepelmv": -1.0, "hphfpdID": "018501.e80_165", "pdbset": null, "lrpepxh": -1.0, "finallr": 150.368, "lrpepelmh": -1.0, "template": "2bwf:AB(0.28,0.11,39/59,21,13)", "viralprotein_id": 15989, "lrsm": 7.7952, "id": 38142218, "lrpepxv": -1.0, "lrredundpairs": 0.7707, "humanprotein_id": 1286, "vphfpdID": "003111.d61_218@5ku0_1.11"}, {"lrredund": 21.3884, "lrpepelmv": -1.0, "hphfpdID": "009491.e318_418", "pdbset": null, "lrpepxh": -1.0, "finallr": 230.863, "lrpepelmh": -1.0, "template": "3b83:HC(0.58,0.38,59/149,42,48)", "viralprotein_id": 15989, "lrsm": 10.7938, "id": 38142840, "lrpepxv": -1.0, "lrredundpairs": -1.0, "humanprotein_id": 12198, "vphfpdID": "003111.d61_218@1ar7_1.5"}, {"lrredund": 21.3884, "lrpepelmv": -1.0, "hphfpdID": "008850.e1_122", "pdbset": null, "lrpepxh": -1.0, "finallr": 230.863, "lrpepelmh": -1.0, "template": "3b83:HC(0.58,0.42,55/149,41,34)", "viralprotein_id": 15989, "lrsm": 10.7938, "id": 38143103, "lrpepxv": -1.0, "lrredundpairs": -1.0, "humanprotein_id": 7761, "vphfpdID": "003111.d61_218@1ar7_1.5"}, {"lrredund": 19.2898, "lrpepelmv": 16.792, "hphfpdID": "016466.e142_262", "pdbset": null, "lrpepxh": -1.0, "finallr": 323.915, "lrpepelmh": -1.0, "template": "3m7f:BA(0.46,0.07,48/93,23,24)", "viralprotein_id": 15989, "lrsm": 3.1219, "id": 38143140, "lrpepxv": -1.0, "lrredundpairs": 0.7707, "humanprotein_id": 3727, "vphfpdID": "003111.e81_309@1hxs_1.3"}, {"lrredund": 1.7951, "lrpepelmv": -1.0, "hphfpdID": "004626", "pdbset": null, "lrpepxh": -1.0, "finallr": 111.8526, "lrpepelmh": -1.0, "template": "", "viralprotein_id": 15989, "lrsm": -1.0, "id": 38143587, "lrpepxv": 62.31, "lrredundpairs": -1.0, "humanprotein_id": 1798, "vphfpdID": "003111.d61_218@5ku0_1.11"}, {"lrredund": 21.3884, "lrpepelmv": 15.8041, "hphfpdID": "016615", "pdbset": null, "lrpepxh": -1.0, "finallr": 338.0243, "lrpepelmh": -1.0, "template": "1z7z:1I(0.09,0.43,50/65,26,26)", "viralprotein_id": 15989, "lrsm": 3.1219, "id": 38144039, "lrpepxv": -1.0, "lrredundpairs": -1.0, "humanprotein_id": 5095, "vphfpdID": "003111.e81_309@1vbe_1.9"}, {"lrredund": 21.3884, "lrpepelmv": -1.0, "hphfpdID": "001274", "pdbset": null, "lrpepxh": -1.0, "finallr": 102.7509, "lrpepelmh": -1.0, "template": "1z7z:1I(0.09,0.36,56/65,23,22)", "viralprotein_id": 15989, "lrsm": 4.804, "id": 38145075, "lrpepxv": -1.0, "lrredundpairs": -1.0, "humanprotein_id": 2978, "vphfpdID": "003111.e81_309@1al2_1.6"}, {"lrredund": 21.3884, "lrpepelmv": -1.0, "hphfpdID": "002626", "pdbset": null, "lrpepxh": -1.0, "finallr": 539.7672, "lrpepelmh": -1.0, "template": "1z7z:1I(0.01,0.18,13/65,8,5)", "viralprotein_id": 15989, "lrsm": 25.2364, "id": 38145348, "lrpepxv": 5.43, "lrredundpairs": -1.0, "humanprotein_id": 2804, "vphfpdID": "003111.d61_218@1z7s_1.12"}, {"lrredund": 21.3884, "lrpepelmv": -1.0, "hphfpdID": "014262.d1_78", "pdbset": null, "lrpepxh": -1.0, "finallr": 117.6084, "lrpepelmh": -1.0, "template": "2bwf:AB(0.28,0.08,35/59,19,11)", "viralprotein_id": 15989, "lrsm": 5.4987, "id": 38145626, "lrpepxv": -1.0, "lrredundpairs": -1.0, "humanprotein_id": 5865, "vphfpdID": "003111.d61_218@5ku0_1.11"}, {"lrredund": 21.3884, "lrpepelmv": 9.3373, "hphfpdID": "001349.d2715_2964", "pdbset": null, "lrpepxh": -1.0, "finallr": 199.7102, "lrpepelmh": -1.0, "template": "2idh:EG(0.52,0.43,23/27,3,0)", "viralprotein_id": 15989, "lrsm": 1.3385, "id": 38145879, "lrpepxv": 2.59, "lrredundpairs": -1.0, "humanprotein_id": 7312, "vphfpdID": "003111.d61_218@1pvc_1.1"}, {"lrredund": 21.3884, "lrpepelmv": -1.0, "hphfpdID": "005567.d338_586", "pdbset": null, "lrpepxh": -1.0, "finallr": 116.139, "lrpepelmh": -1.0, "template": "2dwv:BA(0.46,0.52,94/102,27,30)", "viralprotein_id": 15989, "lrsm": 2.4771, "id": 38145981, "lrpepxv": 5.43, "lrredundpairs": -1.0, "humanprotein_id": 3874, "vphfpdID": "003111.d61_218@1pvc_1.1"}, {"lrredund": 20.9141, "lrpepelmv": 72.805, "hphfpdID": "000007", "pdbset": null, "lrpepxh": -1.0, "finallr": 1522.65, "lrpepelmh": -1.0, "template": "", "viralprotein_id": 15989, "lrsm": -1.0, "id": 38145988, "lrpepxv": -1.0, "lrredundpairs": -1.0, "humanprotein_id": 6393, "vphfpdID": "003111@1eah_1.3"}, {"lrredund": 20.9141, "lrpepelmv": 16.792, "hphfpdID": "007144.d1_56", "pdbset": null, "lrpepxh": -1.0, "finallr": 351.1903, "lrpepelmh": -1.0, "template": "1na1:AB(0.09,0.50,126/596,43,112)", "viralprotein_id": 15989, "lrsm": 8.8265, "id": 38146774, "lrpepxv": -1.0, "lrredundpairs": -1.0, "humanprotein_id": 6385, "vphfpdID": "003111@3j8f_1.8"}, {"lrredund": 20.9141, "lrpepelmv": -1.0, "hphfpdID": "018500", "pdbset": null, "lrpepxh": -1.0, "finallr": 115.0004, "lrpepelmh": -1.0, "template": "2bwf:AB(0.28,0.10,39/59,17,12)", "viralprotein_id": 15989, "lrsm": 5.4987, "id": 38146931, "lrpepxv": -1.0, "lrredundpairs": 0.7707, "humanprotein_id": 3463, "vphfpdID": "003111.d61_218@5ku0_1.11"}, {"lrredund": 20.9141, "lrpepelmv": -1.0, "hphfpdID": "008378.d463_902", "pdbset": null, "lrpepxh": -1.0, "finallr": 100.4723, "lrpepelmh": -1.0, "template": "1z7z:1I(0.09,0.40,57/65,23,21)", "viralprotein_id": 15989, "lrsm": 4.804, "id": 38146946, "lrpepxv": -1.0, "lrredundpairs": -1.0, "humanprotein_id": 3758, "vphfpdID": "003111.e81_309@2plv_1.5"}, {"lrredund": 20.9141, "lrpepelmv": -1.0, "hphfpdID": "005209.d106_189", "pdbset": null, "lrpepxh": -1.0, "finallr": 214.4751, "lrpepelmh": -1.0, "template": "2l48:AB(0.58,0.27,117/127,41,75)", "viralprotein_id": 15989, "lrsm": 10.255, "id": 38146984, "lrpepxv": -1.0, "lrredundpairs": -1.0, "humanprotein_id": 8007, "vphfpdID": "003111@4q4x_1.6"}, {"lrredund": 2.409, "lrpepelmv": 72.805, "hphfpdID": "000003", "pdbset": null, "lrpepxh": -1.0, "finallr": 175.3871, "lrpepelmh": -1.0, "template": "1yd8:VG(0.51,0.57,17/53,8,3)", "viralprotein_id": 15989, "lrsm": 0.9682, "id": 38147220, "lrpepxv": -1.0, "lrredundpairs": 0.7707, "humanprotein_id": 6857, "vphfpdID": "003111.d61_218@1al2_1.10"}, {"lrredund": 2.3254, "lrpepelmv": -1.0, "hphfpdID": "007927", "pdbset": null, "lrpepxh": -1.0, "finallr": 605.0893, "lrpepelmh": -1.0, "template": "1z7z:1I(0.08,0.00,56/65,32,40)", "viralprotein_id": 15989, "lrsm": 260.2086, "id": 38148325, "lrpepxv": -1.0, "lrredundpairs": 0.7707, "humanprotein_id": 3016, "vphfpdID": "003111.e81_309@1hxs_1.3"}, {"lrredund": 21.3884, "lrpepelmv": 16.792, "hphfpdID": "001060.e180_274", "pdbset": null, "lrpepxh": -1.0, "finallr": 359.1548, "lrpepelmh": -1.0, "template": "4iim:BA(0.49,0.06,33/63,21,21)", "viralprotein_id": 15989, "lrsm": 3.1219, "id": 38149417, "lrpepxv": -1.0, "lrredundpairs": -1.0, "humanprotein_id": 17652, "vphfpdID": "003111.e81_309@3j8f_1.4"}, {"lrredund": 19.2898, "lrpepelmv": -1.0, "hphfpdID": "005354.e1664_1728", "pdbset": null, "lrpepxh": -1.0, "finallr": 131.9646, "lrpepelmh": -1.0, "template": "1z7s:13(0.06,0.49,83/621,53,74)", "viralprotein_id": 15989, "lrsm": 6.8412, "id": 38149557, "lrpepxv": -1.0, "lrredundpairs": -1.0, "humanprotein_id": 7033, "vphfpdID": "003111@4q4x_1.6"}, {"lrredund": 19.2898, "lrpepelmv": 9.677, "hphfpdID": "001751.e1_73", "pdbset": null, "lrpepxh": -1.0, "finallr": 186.6672, "lrpepelmh": -1.0, "template": "3epf:14(0.05,0.50,12/100,10,9)", "viralprotein_id": 15989, "lrsm": 1.8315, "id": 38149619, "lrpepxv": -1.0, "lrredundpairs": -1.0, "humanprotein_id": 5041, "vphfpdID": "003111.e81_309@3j8f_1.4"}, {"lrredund": 21.3884, "lrpepelmv": 6.3869, "hphfpdID": "001509.e1_53", "pdbset": null, "lrpepxh": -1.0, "finallr": 136.6047, "lrpepelmh": -1.0, "template": "4n53:AB(0.33,0.45,182/2681,24,182)", "viralprotein_id": 15989, "lrsm": 3.1304, "id": 38151784, "lrpepxv": -1.0, "lrredundpairs": 0.7707, "humanprotein_id": 2598, "vphfpdID": "003111.e81_309@1hxs_1.3"}, {"lrredund": 21.3884, "lrpepelmv": 72.805, "hphfpdID": "000002", "pdbset": null, "lrpepxh": -1.0, "finallr": 1557.181, "lrpepelmh": -1.0, "template": "1dky:AB(0.42,0.54,33/207,5,2)", "viralprotein_id": 15989, "lrsm": 1.02, "id": 38152009, "lrpepxv": -1.0, "lrredundpairs": -1.0, "humanprotein_id": 6315, "vphfpdID": "003111.e81_309@3j8f_1.4"}, {"lrredund": 2.409, "lrpepelmv": 72.805, "hphfpdID": "000005", "pdbset": null, "lrpepxh": -1.0, "finallr": 175.3871, "lrpepelmh": -1.0, "template": "1yd8:VG(0.51,0.41,16/53,7,2)", "viralprotein_id": 15989, "lrsm": 1.02, "id": 38152084, "lrpepxv": -1.0, "lrredundpairs": -1.0, "humanprotein_id": 4794, "vphfpdID": "003111.d61_218@1ar7_1.5"}, {"lrredund": 1.7092, "lrpepelmv": -1.0, "hphfpdID": "006230.e1_283", "pdbset": null, "lrpepxh": -1.0, "finallr": 106.5002, "lrpepelmh": -1.0, "template": "1yd8:VG(0.38,0.54,23/53,7,3)", "viralprotein_id": 15989, "lrsm": 1.2265, "id": 38152347, "lrpepxv": 62.31, "lrredundpairs": -1.0, "humanprotein_id": 2506, "vphfpdID": "003111.d61_218@5ku0_1.11"}, {"lrredund": 2.409, "lrpepelmv": 4.5877, "hphfpdID": "016486.d81_222", "pdbset": null, "lrpepxh": -1.0, "finallr": 150.1047, "lrpepelmh": -1.0, "template": "4cdw:AD(0.26,0.58,175/1151,19,168)", "viralprotein_id": 15989, "lrsm": 3.144, "id": 38152657, "lrpepxv": 62.31, "lrredundpairs": 2.0764, "humanprotein_id": 6479, "vphfpdID": "003111.e81_309@1pvc_1.8"}, {"lrredund": 20.9141, "lrpepelmv": -1.0, "hphfpdID": "011519.e1_119", "pdbset": null, "lrpepxh": -1.0, "finallr": 711.7256, "lrpepelmh": -1.0, "template": "1xe0:AB(0.53,0.03,57/123,42,45)", "viralprotein_id": 15989, "lrsm": 34.0309, "id": 38153653, "lrpepxv": -1.0, "lrredundpairs": -1.0, "humanprotein_id": 3074, "vphfpdID": "003111.d61_218@2plv_1.6"}, {"lrredund": 20.9141, "lrpepelmv": -1.0, "hphfpdID": "018800.d596_685", "pdbset": null, "lrpepxh": -1.0, "finallr": 527.7975, "lrpepelmh": -1.0, "template": "1z7z:1I(0.01,0.18,17/65,12,13)", "viralprotein_id": 15989, "lrsm": 25.2364, "id": 38154104, "lrpepxv": -1.0, "lrredundpairs": 0.7707, "humanprotein_id": 4109, "vphfpdID": "003111.d61_218@1z7s_1.12"}, {"lrredund": 2.3254, "lrpepelmv": 16.792, "hphfpdID": "013200.d1090_1177", "pdbset": null, "lrpepxh": -1.0, "finallr": 112.5303, "lrpepelmh": -1.0, "template": "1upn:AB(0.09,0.28,60/337,42,57)", "viralprotein_id": 15989, "lrsm": 48.3918, "id": 38154229, "lrpepxv": -1.0, "lrredundpairs": -1.0, "humanprotein_id": 4104, "vphfpdID": "003111@1pvc_1.1"}, {"lrredund": -1.0, "lrpepelmv": -1.0, "hphfpdID": "004306", "pdbset": null, "lrpepxh": -1.0, "finallr": 119.2807, "lrpepelmh": -1.0, "template": "3iyp:AF(0.09,0.00,9/13,12,8)", "viralprotein_id": 15989, "lrsm": 119.2807, "id": 38154685, "lrpepxv": -1.0, "lrredundpairs": -1.0, "humanprotein_id": 3167, "vphfpdID": "003111@1al2_1.10"}, {"lrredund": 20.9141, "lrpepelmv": -1.0, "hphfpdID": "006178.e810_907", "pdbset": null, "lrpepxh": -1.0, "finallr": 268.7087, "lrpepelmh": -1.0, "template": "3b83:HC(0.60,0.06,59/149,43,45)", "viralprotein_id": 15989, "lrsm": 12.8482, "id": 38154753, "lrpepxv": -1.0, "lrredundpairs": -1.0, "humanprotein_id": 2856, "vphfpdID": "003111.d61_218@2plv_1.6"}, {"lrredund": 4.2492, "lrpepelmv": 72.805, "hphfpdID": "000004", "pdbset": null, "lrpepxh": -1.0, "finallr": 309.3629, "lrpepelmh": -1.0, "template": "", "viralprotein_id": 15989, "lrsm": -1.0, "id": 38154923, "lrpepxv": -1.0, "lrredundpairs": -1.0, "humanprotein_id": 6298, "vphfpdID": "003111@1vbe_1.2"}, {"lrredund": 2.3254, "lrpepelmv": -1.0, "hphfpdID": "002604.e205_316", "pdbset": null, "lrpepxh": -1.0, "finallr": 106.9131, "lrpepelmh": -1.0, "template": "3epc:1R(0.03,0.35,99/116,43,67)", "viralprotein_id": 15989, "lrsm": 45.9762, "id": 38155351, "lrpepxv": -1.0, "lrredundpairs": 0.7707, "humanprotein_id": 2803, "vphfpdID": "003111.e81_309@3j8f_1.4"}, {"lrredund": 21.3884, "lrpepelmv": -1.0, "hphfpdID": "009492.e220_326", "pdbset": null, "lrpepxh": -1.0, "finallr": 405.3783, "lrpepelmh": -1.0, "template": "3b83:HC(0.58,0.30,60/149,44,38)", "viralprotein_id": 15989, "lrsm": 18.9532, "id": 38155594, "lrpepxv": -1.0, "lrredundpairs": 0.7707, "humanprotein_id": 13229, "vphfpdID": "003111.d61_218@1hxs_1.7"}, {"lrredund": 20.9141, "lrpepelmv": -1.0, "hphfpdID": "001452.e40_119", "pdbset": null, "lrpepxh": -1.0, "finallr": 100.4723, "lrpepelmh": -1.0, "template": "1z7z:1I(0.08,0.44,56/65,22,16)", "viralprotein_id": 15989, "lrsm": 4.804, "id": 38155690, "lrpepxv": -1.0, "lrredundpairs": 0.7707, "humanprotein_id": 6282, "vphfpdID": "003111.e81_309@1hxs_1.3"}, {"lrredund": 21.3884, "lrpepelmv": -1.0, "hphfpdID": "013899.d444_603", "pdbset": null, "lrpepxh": -1.0, "finallr": 116.139, "lrpepelmh": -1.0, "template": "3dfe:CB(0.48,0.31,61/76,22,17)", "viralprotein_id": 15989, "lrsm": 2.9486, "id": 38156618, "lrpepxv": 5.43, "lrredundpairs": -1.0, "humanprotein_id": 1240, "vphfpdID": "003111.d61_218@1z7s_1.12"}, {"lrredund": 20.9141, "lrpepelmv": -1.0, "hphfpdID": "001154.e176_349", "pdbset": null, "lrpepxh": -1.0, "finallr": 100.4723, "lrpepelmh": -1.0, "template": "1z7z:1I(0.10,0.46,54/65,24,25)", "viralprotein_id": 15989, "lrsm": 4.804, "id": 38157534, "lrpepxv": -1.0, "lrredundpairs": -1.0, "humanprotein_id": 4803, "vphfpdID": "003111.e81_309@1ar7_1.1"}, {"lrredund": 1.7092, "lrpepelmv": -1.0, "hphfpdID": "017834.e146_281", "pdbset": null, "lrpepxh": -1.0, "finallr": 106.5002, "lrpepelmh": -1.0, "template": "4cdw:CB(0.46,0.54,410/1864,43,248)", "viralprotein_id": 15989, "lrsm": 7.644, "id": 38157604, "lrpepxv": 62.31, "lrredundpairs": -1.0, "humanprotein_id": 5361, "vphfpdID": "003111.d61_218@5ku0_1.11"}, {"lrredund": 4.2492, "lrpepelmv": 72.805, "hphfpdID": "000001", "pdbset": null, "lrpepxh": -1.0, "finallr": 309.3629, "lrpepelmh": -1.0, "template": "", "viralprotein_id": 15989, "lrsm": -1.0, "id": 38157691, "lrpepxv": -1.0, "lrredundpairs": -1.0, "humanprotein_id": 4793, "vphfpdID": "003111@3j8f_1.8"}]