[{"lrredund": 21.3884, "lrpepelmv": -1.0, "hphfpdID": "006178.e810_907", "pdbset": null, "lrpepxh": -1.0, "finallr": 384.7679, "lrpepelmh": -1.0, "template": "2qte:CD(0.54,0.59,60/127,41,59)", "viralprotein_id": 12199, "lrsm": 17.9896, "id": 66281040, "lrpepxv": -1.0, "lrredundpairs": 0.7707, "humanprotein_id": 2856, "vphfpdID": "000005.e1_92@1pov_0.4"}, {"lrredund": 21.3884, "lrpepelmv": 16.112, "hphfpdID": "016613.e316_567", "pdbset": null, "lrpepxh": -1.0, "finallr": 344.6103, "lrpepelmh": -1.0, "template": "1z7z:1I(0.21,0.59,52/65,21,15)", "viralprotein_id": 12199, "lrsm": 2.6756, "id": 66281340, "lrpepxv": -1.0, "lrredundpairs": -1.0, "humanprotein_id": 5161, "vphfpdID": "000005.e645_877@5abj_A.1"}, {"lrredund": 21.3884, "lrpepelmv": 16.112, "hphfpdID": "016466.d294_477", "pdbset": null, "lrpepxh": -1.0, "finallr": 344.6103, "lrpepelmh": -1.0, "template": "2ggp:BA(0.52,0.58,62/79,7,0)", "viralprotein_id": 12199, "lrsm": 1.4802, "id": 66281369, "lrpepxv": -1.0, "lrredundpairs": 15.8699, "humanprotein_id": 3727, "vphfpdID": "000005.d1870_2133@5f8i_A.1"}, {"lrredund": 3.7695, "lrpepelmv": 2.8446, "hphfpdID": "016074.e1_100", "pdbset": null, "lrpepxh": -1.0, "finallr": 182.4129, "lrpepelmh": -1.0, "template": "1mec:32(0.09,0.29,56/440,41,40)", "viralprotein_id": 12199, "lrsm": 48.3918, "id": 66281545, "lrpepxv": -1.0, "lrredundpairs": -1.0, "humanprotein_id": 17354, "vphfpdID": "000005.e323_520@4cew_C.3"}, {"lrredund": 4.2492, "lrpepelmv": 137.2032, "hphfpdID": "000001", "pdbset": null, "lrpepxh": -1.0, "finallr": 583.0042, "lrpepelmh": -1.0, "template": "3cc4:SV(0.60,0.57,17/31,3,0)", "viralprotein_id": 12199, "lrsm": 1.1641, "id": 66281547, "lrpepxv": -1.0, "lrredundpairs": 1.1877, "humanprotein_id": 4793, "vphfpdID": "000005.e1546_1744@3sjk_A.3"}, {"lrredund": 2.3254, "lrpepelmv": -1.0, "hphfpdID": "013717.d181_247", "pdbset": null, "lrpepxh": -1.0, "finallr": 197.5948, "lrpepelmh": -1.0, "template": "1tue:AH(0.01,0.27,57/115,41,47)", "viralprotein_id": 12199, "lrsm": 84.9724, "id": 66281592, "lrpepxv": -1.0, "lrredundpairs": 0.7707, "humanprotein_id": 6309, "vphfpdID": "000005.d1233_1331@1tue_A.4"}, {"lrredund": 4.2492, "lrpepelmv": 27.4837, "hphfpdID": "010174.e436_491", "pdbset": null, "lrpepxh": -1.0, "finallr": 116.7838, "lrpepelmh": -1.0, "template": "2lk6:BA(0.44,0.54,122/154,36,49)", "viralprotein_id": 12199, "lrsm": 2.6731, "id": 66281925, "lrpepxv": -1.0, "lrredundpairs": -1.0, "humanprotein_id": 6667, "vphfpdID": "000005.e832_1008@3w95_A.1"}, {"lrredund": 0.9127, "lrpepelmv": -1.0, "hphfpdID": "001883.e301_436", "pdbset": null, "lrpepxh": -1.0, "finallr": 138.1886, "lrpepelmh": -1.0, "template": "1upn:BE(0.03,0.07,34/97,21,22)", "viralprotein_id": 12199, "lrsm": 151.4063, "id": 66282306, "lrpepxv": -1.0, "lrredundpairs": 0.7707, "humanprotein_id": 3294, "vphfpdID": "000005.e70_294@5abj_B.4"}, {"lrredund": 21.3884, "lrpepelmv": -1.0, "hphfpdID": "005158", "pdbset": null, "lrpepxh": -1.0, "finallr": 107.5723, "lrpepelmh": -1.0, "template": "1l1c:AB(0.44,0.52,121/127,14,15)", "viralprotein_id": 12199, "lrsm": 5.0295, "id": 66282987, "lrpepxv": -1.0, "lrredundpairs": 19.2898, "humanprotein_id": 2711, "vphfpdID": "000005.e1546_1744@5c1y_A.1"}, {"lrredund": 3.124, "lrpepelmv": 16.112, "hphfpdID": "008440.e1_270", "pdbset": null, "lrpepxh": -1.0, "finallr": 131.0518, "lrpepelmh": -1.0, "template": "2pe9:BA(0.35,0.20,71/142,17,25)", "viralprotein_id": 12199, "lrsm": 2.8001, "id": 66283088, "lrpepxv": 41.95, "lrredundpairs": 2.0764, "humanprotein_id": 1814, "vphfpdID": "000005.d625_771@3j91_1.6"}, {"lrredund": 21.3884, "lrpepelmv": -1.0, "hphfpdID": "005354.e1664_1728", "pdbset": null, "lrpepxh": -1.0, "finallr": 293.5546, "lrpepelmh": -1.0, "template": "4cey:CA(0.00,0.57,462/3570,42,336)", "viralprotein_id": 12199, "lrsm": 13.7249, "id": 66283367, "lrpepxv": -1.0, "lrredundpairs": -1.0, "humanprotein_id": 7033, "vphfpdID": "000005@4cew_C.41"}, {"lrredund": 21.3884, "lrpepelmv": 4.5877, "hphfpdID": "018111", "pdbset": null, "lrpepxh": -1.0, "finallr": 111.6474, "lrpepelmh": -1.0, "template": "3beg:BA(0.59,0.38,34/79,10,0)", "viralprotein_id": 12199, "lrsm": 1.2265, "id": 66283401, "lrpepxv": 5.22, "lrredundpairs": 21.3884, "humanprotein_id": 15404, "vphfpdID": "000005.e1712_2190@1rdr_A.5"}, {"lrredund": 0.9127, "lrpepelmv": -1.0, "hphfpdID": "010054.e366_443", "pdbset": null, "lrpepxh": -1.0, "finallr": 138.1886, "lrpepelmh": -1.0, "template": "1upn:BE(0.03,0.07,35/97,22,23)", "viralprotein_id": 12199, "lrsm": 151.4063, "id": 66283584, "lrpepxv": -1.0, "lrredundpairs": 0.7707, "humanprotein_id": 882, "vphfpdID": "000005.e70_294@5c9a_B.3"}, {"lrredund": 4.2492, "lrpepelmv": 32.9939, "hphfpdID": "017284.e489_542", "pdbset": null, "lrpepxh": -1.0, "finallr": 140.1976, "lrpepelmh": -1.0, "template": "2ete:BA(0.53,0.42,50/492,22,15)", "viralprotein_id": 12199, "lrsm": 1.5568, "id": 66283735, "lrpepxv": -1.0, "lrredundpairs": -1.0, "humanprotein_id": 7960, "vphfpdID": "000005.e125_351@5c9a_B.4"}, {"lrredund": 21.3884, "lrpepelmv": 4.5877, "hphfpdID": "007227.d56_251", "pdbset": null, "lrpepxh": -1.0, "finallr": 208.5369, "lrpepelmh": -1.0, "template": "3eo6:BA(0.58,0.54,40/146,24,22)", "viralprotein_id": 12199, "lrsm": 1.4777, "id": 66283834, "lrpepxv": 9.75, "lrredundpairs": 15.8699, "humanprotein_id": 5539, "vphfpdID": "000005.d625_771@3j91_1.6"}, {"lrredund": 21.3884, "lrpepelmv": -1.0, "hphfpdID": "002626", "pdbset": null, "lrpepxh": -1.0, "finallr": 256.5607, "lrpepelmh": -1.0, "template": "1z7z:1I(0.21,0.18,52/65,21,15)", "viralprotein_id": 12199, "lrsm": 11.9953, "id": 66283877, "lrpepxv": 5.43, "lrredundpairs": -1.0, "humanprotein_id": 2804, "vphfpdID": "000005.e645_877@5abj_A.1"}, {"lrredund": 21.3884, "lrpepelmv": -1.0, "hphfpdID": "009031", "pdbset": null, "lrpepxh": -1.0, "finallr": 116.3786, "lrpepelmh": -1.0, "template": "1a3w:BA(0.59,0.04,111/237,56,87)", "viralprotein_id": 12199, "lrsm": 5.4412, "id": 66283948, "lrpepxv": -1.0, "lrredundpairs": -1.0, "humanprotein_id": 3826, "vphfpdID": "000005.d1233_1331@1tue_A.4"}, {"lrredund": 21.3884, "lrpepelmv": -1.0, "hphfpdID": "018500.d533_608", "pdbset": null, "lrpepxh": -1.0, "finallr": 166.727, "lrpepelmh": -1.0, "template": "3nob:CD(0.36,0.03,39/72,22,28)", "viralprotein_id": 12199, "lrsm": 7.7952, "id": 66284054, "lrpepxv": -1.0, "lrredundpairs": 20.9141, "humanprotein_id": 3463, "vphfpdID": "000005.d625_771@5abj_A.9"}, {"lrredund": 3.124, "lrpepelmv": -1.0, "hphfpdID": "006208.e2514_2647", "pdbset": null, "lrpepxh": -1.0, "finallr": 143.6297, "lrpepelmh": -1.0, "template": "3cnk:BA(0.36,0.00,95/100,41,37)", "viralprotein_id": 12199, "lrsm": 45.9762, "id": 66284391, "lrpepxv": -1.0, "lrredundpairs": -1.0, "humanprotein_id": 4231, "vphfpdID": "000005.e125_351@3j91_0.2"}, {"lrredund": 21.3884, "lrpepelmv": -1.0, "hphfpdID": "000172.d132_188", "pdbset": null, "lrpepxh": -1.0, "finallr": 163.4924, "lrpepelmh": -1.0, "template": "4cdw:CB(0.34,0.56,238/1864,42,152)", "viralprotein_id": 12199, "lrsm": 7.644, "id": 66284524, "lrpepxv": -1.0, "lrredundpairs": 0.7707, "humanprotein_id": 2981, "vphfpdID": "000005.e125_351@4bip_B.7"}, {"lrredund": 1.2535, "lrpepelmv": 88.0779, "hphfpdID": "011393.e308_496", "pdbset": null, "lrpepxh": -1.0, "finallr": 110.4056, "lrpepelmh": -1.0, "template": "3tvj:BI(0.42,0.47,75/141,14,6)", "viralprotein_id": 12199, "lrsm": 1.5595, "id": 66284552, "lrpepxv": -1.0, "lrredundpairs": -1.0, "humanprotein_id": 4671, "vphfpdID": "000005.e1546_1744@5c1y_A.1"}, {"lrredund": 21.3884, "lrpepelmv": -1.0, "hphfpdID": "007430", "pdbset": null, "lrpepxh": -1.0, "finallr": 117.6084, "lrpepelmh": -1.0, "template": "3men:CB(0.23,0.15,30/60,5,0)", "viralprotein_id": 12199, "lrsm": 5.4987, "id": 66284674, "lrpepxv": -1.0, "lrredundpairs": -1.0, "humanprotein_id": 7414, "vphfpdID": "000005.d1233_1331@4ypn_A.1"}, {"lrredund": 4.2492, "lrpepelmv": 578.4056, "hphfpdID": "012727.g1_126", "pdbset": null, "lrpepxh": -1.0, "finallr": 2457.761, "lrpepelmh": -1.0, "template": "2f91:AB(0.49,0.51,105/171,23,12)", "viralprotein_id": 12199, "lrsm": 1.7316, "id": 66284779, "lrpepxv": -1.0, "lrredundpairs": 0.7707, "humanprotein_id": 3684, "vphfpdID": "000005.e1546_1744@3sjo_A.2"}, {"lrredund": 21.3884, "lrpepelmv": -1.0, "hphfpdID": "007197.d147_245", "pdbset": null, "lrpepxh": -1.0, "finallr": 219.339, "lrpepelmh": -1.0, "template": "1qaw:DC(0.42,0.49,87/108,41,59)", "viralprotein_id": 12199, "lrsm": 10.255, "id": 66284836, "lrpepxv": -1.0, "lrredundpairs": 0.7707, "humanprotein_id": 3620, "vphfpdID": "000005.d391_554@4bip_C.1"}, {"lrredund": 21.3884, "lrpepelmv": -1.0, "hphfpdID": "005209.d106_189", "pdbset": null, "lrpepxh": -1.0, "finallr": 102.7509, "lrpepelmh": -1.0, "template": "3lpy:BA(0.51,0.05,47/58,25,26)", "viralprotein_id": 12199, "lrsm": 4.804, "id": 66285073, "lrpepxv": -1.0, "lrredundpairs": 20.9141, "humanprotein_id": 8007, "vphfpdID": "000005.e70_294@5abj_B.4"}, {"lrredund": 0.9127, "lrpepelmv": -1.0, "hphfpdID": "007930", "pdbset": null, "lrpepxh": -1.0, "finallr": 118.8062, "lrpepelmh": -1.0, "template": "1z7z:3I(0.05,0.05,17/20,12,10)", "viralprotein_id": 12199, "lrsm": 130.17, "id": 66285896, "lrpepxv": -1.0, "lrredundpairs": -1.0, "humanprotein_id": 7732, "vphfpdID": "000005.d391_554@4bip_C.1"}, {"lrredund": -1.0, "lrpepelmv": -1.0, "hphfpdID": "005984.e81_136", "pdbset": null, "lrpepxh": -1.0, "finallr": 117.823, "lrpepelmh": -1.0, "template": "1upn:CE(0.05,0.05,4/14,5,4)", "viralprotein_id": 12199, "lrsm": 99.2027, "id": 66286151, "lrpepxv": -1.0, "lrredundpairs": 1.1877, "humanprotein_id": 8771, "vphfpdID": "000005.e323_520@4cew_C.3"}, {"lrredund": 21.3884, "lrpepelmv": -1.0, "hphfpdID": "009492.e1_123", "pdbset": null, "lrpepxh": -1.0, "finallr": 384.7679, "lrpepelmh": -1.0, "template": "1ibz:BC(0.53,0.60,52/105,41,47)", "viralprotein_id": 12199, "lrsm": 17.9896, "id": 66286484, "lrpepxv": -1.0, "lrredundpairs": 0.7707, "humanprotein_id": 13229, "vphfpdID": "000005.d625_771@4yvw_A.5"}, {"lrredund": 21.3884, "lrpepelmv": -1.0, "hphfpdID": "016448", "pdbset": null, "lrpepxh": -1.0, "finallr": 116.139, "lrpepelmh": -1.0, "template": "2lk5:BA(0.60,0.56,126/132,24,42)", "viralprotein_id": 12199, "lrsm": 3.2502, "id": 66286632, "lrpepxv": 5.43, "lrredundpairs": 15.8699, "humanprotein_id": 7393, "vphfpdID": "000005.e645_877@3j91_1.6"}, {"lrredund": 21.3884, "lrpepelmv": -1.0, "hphfpdID": "018501.e80_165", "pdbset": null, "lrpepxh": -1.0, "finallr": 166.727, "lrpepelmh": -1.0, "template": "3nob:HG(0.31,0.07,36/78,21,24)", "viralprotein_id": 12199, "lrsm": 7.7952, "id": 66286664, "lrpepxv": -1.0, "lrredundpairs": 21.3884, "humanprotein_id": 1286, "vphfpdID": "000005.d625_771@3j91_1.6"}, {"lrredund": 2.3254, "lrpepelmv": 137.2032, "hphfpdID": "000005", "pdbset": null, "lrpepxh": -1.0, "finallr": 319.0525, "lrpepelmh": -1.0, "template": "3ccs:SV(0.59,0.53,14/34,5,2)", "viralprotein_id": 12199, "lrsm": 1.1641, "id": 66287036, "lrpepxv": -1.0, "lrredundpairs": 2.3254, "humanprotein_id": 4794, "vphfpdID": "000005.e1546_1744@3osy_A.4"}, {"lrredund": 21.3884, "lrpepelmv": 9.677, "hphfpdID": "001751.e1_73", "pdbset": null, "lrpepxh": -1.0, "finallr": 206.9754, "lrpepelmh": -1.0, "template": "3epf:14(0.09,0.50,12/100,10,11)", "viralprotein_id": 12199, "lrsm": 1.8315, "id": 66287142, "lrpepxv": -1.0, "lrredundpairs": 0.7707, "humanprotein_id": 5041, "vphfpdID": "000005.d625_771@4cdu_A.3"}, {"lrredund": 1.7092, "lrpepelmv": -1.0, "hphfpdID": "017834.e146_281", "pdbset": null, "lrpepxh": -1.0, "finallr": 106.5002, "lrpepelmh": -1.0, "template": "1vbc:12(0.20,0.59,60/367,41,52)", "viralprotein_id": 12199, "lrsm": 12.8482, "id": 66287230, "lrpepxv": 62.31, "lrredundpairs": -1.0, "humanprotein_id": 5361, "vphfpdID": "000005@5abj_A.42"}, {"lrredund": 19.2898, "lrpepelmv": 4.5877, "hphfpdID": "003962.d92_178", "pdbset": null, "lrpepxh": -1.0, "finallr": 247.8394, "lrpepelmh": -1.0, "template": "1h8t:AC(0.22,0.57,59/627,41,58)", "viralprotein_id": 12199, "lrsm": 12.8482, "id": 66287382, "lrpepxv": -1.0, "lrredundpairs": -1.0, "humanprotein_id": 6447, "vphfpdID": "000005@3vbf_A.55"}, {"lrredund": 21.3884, "lrpepelmv": -1.0, "hphfpdID": "017454.e64_147", "pdbset": null, "lrpepxh": -1.0, "finallr": 116.139, "lrpepelmh": -1.0, "template": "2lk5:BA(0.60,0.42,108/132,21,17)", "viralprotein_id": 12199, "lrsm": 2.3512, "id": 66287637, "lrpepxv": 5.43, "lrredundpairs": -1.0, "humanprotein_id": 7296, "vphfpdID": "000005.e645_877@3j91_1.6"}, {"lrredund": 21.3884, "lrpepelmv": -1.0, "hphfpdID": "001154.e176_349", "pdbset": null, "lrpepxh": -1.0, "finallr": 116.139, "lrpepelmh": -1.0, "template": "1z7z:1I(0.31,0.46,52/65,21,20)", "viralprotein_id": 12199, "lrsm": 3.1848, "id": 66287792, "lrpepxv": 5.43, "lrredundpairs": -1.0, "humanprotein_id": 4803, "vphfpdID": "000005.e645_877@3j91_1.6"}, {"lrredund": 21.3884, "lrpepelmv": -1.0, "hphfpdID": "016730", "pdbset": null, "lrpepxh": -1.0, "finallr": 181.6986, "lrpepelmh": -1.0, "template": "2lk6:BA(0.44,0.53,134/154,43,88)", "viralprotein_id": 12199, "lrsm": 8.4952, "id": 66288351, "lrpepxv": -1.0, "lrredundpairs": 19.2898, "humanprotein_id": 6290, "vphfpdID": "000005.e832_1008@3w95_A.1"}, {"lrredund": 2.3254, "lrpepelmv": -1.0, "hphfpdID": "013707.d217_286", "pdbset": null, "lrpepxh": -1.0, "finallr": 197.5948, "lrpepelmh": -1.0, "template": "1tue:MF(0.01,0.31,58/115,45,47)", "viralprotein_id": 12199, "lrsm": 84.9724, "id": 66288604, "lrpepxv": -1.0, "lrredundpairs": 0.7707, "humanprotein_id": 6308, "vphfpdID": "000005.d1233_1331@1tue_A.4"}, {"lrredund": 19.2898, "lrpepelmv": 137.2032, "hphfpdID": "000006", "pdbset": null, "lrpepxh": -1.0, "finallr": 2646.624, "lrpepelmh": -1.0, "template": "1n8r:TW(0.56,0.58,4/29,1,0)", "viralprotein_id": 12199, "lrsm": 0.9682, "id": 66288605, "lrpepxv": -1.0, "lrredundpairs": 15.8699, "humanprotein_id": 4514, "vphfpdID": "000005.e125_351@4rs5_C.1"}, {"lrredund": 21.3884, "lrpepelmv": -1.0, "hphfpdID": "005567.d9_86", "pdbset": null, "lrpepxh": -1.0, "finallr": 116.139, "lrpepelmh": -1.0, "template": "3nob:CD(0.36,0.15,37/72,22,28)", "viralprotein_id": 12199, "lrsm": 3.1219, "id": 66288652, "lrpepxv": 5.43, "lrredundpairs": 0.7707, "humanprotein_id": 3874, "vphfpdID": "000005.d625_771@5abj_A.9"}, {"lrredund": -1.0, "lrpepelmv": -1.0, "hphfpdID": "003972.d3109_3228", "pdbset": null, "lrpepxh": -1.0, "finallr": 151.4063, "lrpepelmh": -1.0, "template": "1upn:BE(0.03,0.03,35/97,22,26)", "viralprotein_id": 12199, "lrsm": 151.4063, "id": 66288672, "lrpepxv": -1.0, "lrredundpairs": -1.0, "humanprotein_id": 10967, "vphfpdID": "000005.e70_294@5abj_B.4"}, {"lrredund": 21.3884, "lrpepelmv": -1.0, "hphfpdID": "015893.d261_447", "pdbset": null, "lrpepxh": -1.0, "finallr": 116.139, "lrpepelmh": -1.0, "template": "2lk5:BA(0.60,0.24,117/132,24,35)", "viralprotein_id": 12199, "lrsm": 2.4771, "id": 66288992, "lrpepxv": 5.43, "lrredundpairs": -1.0, "humanprotein_id": 14569, "vphfpdID": "000005.e645_877@3j91_1.6"}, {"lrredund": 21.3884, "lrpepelmv": -1.0, "hphfpdID": "017046.e457_686", "pdbset": null, "lrpepxh": -1.0, "finallr": 116.3786, "lrpepelmh": -1.0, "template": "2h1l:GH(0.19,0.60,87/216,41,55)", "viralprotein_id": 12199, "lrsm": 5.4412, "id": 66289305, "lrpepxv": -1.0, "lrredundpairs": 0.7707, "humanprotein_id": 6818, "vphfpdID": "000005.d1233_1331@1tue_A.4"}, {"lrredund": 21.3884, "lrpepelmv": 137.2032, "hphfpdID": "000007", "pdbset": null, "lrpepxh": -1.0, "finallr": 2934.559, "lrpepelmh": -1.0, "template": "", "viralprotein_id": 12199, "lrsm": -1.0, "id": 66290098, "lrpepxv": -1.0, "lrredundpairs": -1.0, "humanprotein_id": 6393, "vphfpdID": "000005@4zp9_A.34"}, {"lrredund": 21.3884, "lrpepelmv": 16.112, "hphfpdID": "016615", "pdbset": null, "lrpepxh": -1.0, "finallr": 344.6103, "lrpepelmh": -1.0, "template": "1z7z:3I(0.13,0.43,14/20,11,7)", "viralprotein_id": 12199, "lrsm": 2.2022, "id": 66290218, "lrpepxv": -1.0, "lrredundpairs": -1.0, "humanprotein_id": 5095, "vphfpdID": "000005.d391_554@4jgy_C.3"}, {"lrredund": 21.3884, "lrpepelmv": -1.0, "hphfpdID": "013900", "pdbset": null, "lrpepxh": -1.0, "finallr": 208.1873, "lrpepelmh": -1.0, "template": "2zay:BA(0.60,0.45,71/78,43,46)", "viralprotein_id": 12199, "lrsm": 9.7337, "id": 66290676, "lrpepxv": -1.0, "lrredundpairs": -1.0, "humanprotein_id": 4285, "vphfpdID": "000005.d1233_1331@4gdf_A.2"}, {"lrredund": 21.3884, "lrpepelmv": -1.0, "hphfpdID": "013899.d444_603", "pdbset": null, "lrpepxh": -1.0, "finallr": 116.139, "lrpepelmh": -1.0, "template": "3dfe:CB(0.48,0.31,61/76,21,17)", "viralprotein_id": 12199, "lrsm": 2.9486, "id": 66290899, "lrpepxv": 5.43, "lrredundpairs": -1.0, "humanprotein_id": 1240, "vphfpdID": "000005.d625_771@3vbf_A.2"}, {"lrredund": 21.3884, "lrpepelmv": 16.112, "hphfpdID": "007144.d1_56", "pdbset": null, "lrpepxh": -1.0, "finallr": 344.6103, "lrpepelmh": -1.0, "template": "1na1:CB(0.19,0.50,236/1559,55,129)", "viralprotein_id": 12199, "lrsm": 9.0988, "id": 66291017, "lrpepxv": -1.0, "lrredundpairs": 20.9141, "humanprotein_id": 6385, "vphfpdID": "000005.e323_520@4jgy_C.1"}, {"lrredund": 21.3884, "lrpepelmv": -1.0, "hphfpdID": "016869.d56_203", "pdbset": null, "lrpepxh": -1.0, "finallr": 140.3079, "lrpepelmh": -1.0, "template": "3gw1:BA(0.34,0.26,18/45,6,0)", "viralprotein_id": 12199, "lrsm": 1.8315, "id": 66291804, "lrpepxv": 6.56, "lrredundpairs": -1.0, "humanprotein_id": 4495, "vphfpdID": "000005.e645_877@3j91_1.6"}, {"lrredund": 21.3884, "lrpepelmv": -1.0, "hphfpdID": "014262.d1_78", "pdbset": null, "lrpepxh": -1.0, "finallr": 128.3451, "lrpepelmh": -1.0, "template": "2xew:LC(0.30,0.09,2/2,2,0)", "viralprotein_id": 12199, "lrsm": 6.0007, "id": 66291844, "lrpepxv": -1.0, "lrredundpairs": -1.0, "humanprotein_id": 5865, "vphfpdID": "000005.d625_771@4cdu_A.3"}, {"lrredund": 4.2492, "lrpepelmv": -1.0, "hphfpdID": "016017.d1111_1194", "pdbset": null, "lrpepxh": -1.0, "finallr": 264.7676, "lrpepelmh": -1.0, "template": "2a6q:DC(0.51,0.48,34/140,23,32)", "viralprotein_id": 12199, "lrsm": 1.5568, "id": 66292040, "lrpepxv": 62.31, "lrredundpairs": -1.0, "humanprotein_id": 5648, "vphfpdID": "000005.d625_771@3j91_1.6"}, {"lrredund": 2.3254, "lrpepelmv": 137.2032, "hphfpdID": "000003", "pdbset": null, "lrpepxh": -1.0, "finallr": 319.0525, "lrpepelmh": -1.0, "template": "2lrl:DC(0.51,0.49,48/58,13,1)", "viralprotein_id": 12199, "lrsm": 1.3385, "id": 66292142, "lrpepxv": -1.0, "lrredundpairs": 1.1877, "humanprotein_id": 6857, "vphfpdID": "000005.e323_520@3j91_3.5"}, {"lrredund": 1.7951, "lrpepelmv": -1.0, "hphfpdID": "004626.d329_570", "pdbset": null, "lrpepxh": -1.0, "finallr": 111.8526, "lrpepelmh": -1.0, "template": "1dd3:BA(0.51,0.51,2/205,2,1)", "viralprotein_id": 12199, "lrsm": 0.9682, "id": 66292366, "lrpepxv": 62.31, "lrredundpairs": -1.0, "humanprotein_id": 1798, "vphfpdID": "000005.e645_877@3vbf_A.9"}, {"lrredund": 4.2492, "lrpepelmv": 50.5585, "hphfpdID": "014240.d115_228", "pdbset": null, "lrpepxh": -1.0, "finallr": 214.8332, "lrpepelmh": -1.0, "template": "2g3q:BA(0.53,0.46,37/77,21,35)", "viralprotein_id": 12199, "lrsm": 1.7387, "id": 66292628, "lrpepxv": -1.0, "lrredundpairs": -1.0, "humanprotein_id": 3056, "vphfpdID": "000005.d625_771@4cew_A.4"}, {"lrredund": -1.0, "lrpepelmv": -1.0, "hphfpdID": "015571.e418_526", "pdbset": null, "lrpepxh": -1.0, "finallr": 151.4063, "lrpepelmh": -1.0, "template": "1upn:BE(0.03,0.07,35/97,21,22)", "viralprotein_id": 12199, "lrsm": 151.4063, "id": 66292707, "lrpepxv": -1.0, "lrredundpairs": -1.0, "humanprotein_id": 10309, "vphfpdID": "000005.e70_294@5abj_B.4"}, {"lrredund": 4.2492, "lrpepelmv": -1.0, "hphfpdID": "017982.d310_390", "pdbset": null, "lrpepxh": -1.0, "finallr": 145.6204, "lrpepelmh": -1.0, "template": "4n53:BC(0.01,0.37,585/1928,47,199)", "viralprotein_id": 12199, "lrsm": 34.2701, "id": 66292742, "lrpepxv": -1.0, "lrredundpairs": 0.7707, "humanprotein_id": 1403, "vphfpdID": "000005.e125_351@3zff_B.5"}, {"lrredund": 21.3884, "lrpepelmv": 20.1497, "hphfpdID": "008378.e366_427", "pdbset": null, "lrpepxh": -1.0, "finallr": 430.9707, "lrpepelmh": -1.0, "template": "", "viralprotein_id": 12199, "lrsm": -1.0, "id": 66292822, "lrpepxv": 3.51, "lrredundpairs": -1.0, "humanprotein_id": 3758, "vphfpdID": "000005@4zp9_A.34"}, {"lrredund": 19.2898, "lrpepelmv": 14.9984, "hphfpdID": "001060.e180_274", "pdbset": null, "lrpepxh": -1.0, "finallr": 289.3153, "lrpepelmh": -1.0, "template": "2lk6:BA(0.56,0.33,133/154,36,58)", "viralprotein_id": 12199, "lrsm": 3.4243, "id": 66292958, "lrpepxv": -1.0, "lrredundpairs": 0.7707, "humanprotein_id": 17652, "vphfpdID": "000005.e832_1008@4mg3_A.3"}, {"lrredund": 19.2898, "lrpepelmv": -1.0, "hphfpdID": "009491.e318_418", "pdbset": null, "lrpepxh": -1.0, "finallr": 142.1658, "lrpepelmh": -1.0, "template": "3np5:DC(0.38,0.56,53/57,3,0)", "viralprotein_id": 12199, "lrsm": 1.3385, "id": 66292998, "lrpepxv": 7.37, "lrredundpairs": 0.7707, "humanprotein_id": 12198, "vphfpdID": "000005.d1870_2133@5f8i_A.1"}, {"lrredund": 4.2492, "lrpepelmv": 137.2032, "hphfpdID": "000004", "pdbset": null, "lrpepxh": -1.0, "finallr": 583.0042, "lrpepelmh": -1.0, "template": "1nen:BA(0.56,0.38,3/281,2,0)", "viralprotein_id": 12199, "lrsm": 1.02, "id": 66293441, "lrpepxv": -1.0, "lrredundpairs": 3.8142, "humanprotein_id": 6298, "vphfpdID": "000005.d625_771@4rs5_A.10"}, {"lrredund": 21.3884, "lrpepelmv": -1.0, "hphfpdID": "016859.d154_710", "pdbset": null, "lrpepxh": -1.0, "finallr": 274.8026, "lrpepelmh": -1.0, "template": "1kmm:AB(0.49,0.22,58/467,42,56)", "viralprotein_id": 12199, "lrsm": 12.8482, "id": 66293752, "lrpepxv": -1.0, "lrredundpairs": 0.7707, "humanprotein_id": 4494, "vphfpdID": "000005.e1_92@1pov_0.4"}, {"lrredund": 21.3884, "lrpepelmv": 9.3373, "hphfpdID": "001349.d2679_3055", "pdbset": null, "lrpepxh": -1.0, "finallr": 199.7102, "lrpepelmh": -1.0, "template": "3kvp:CE(0.55,0.49,49/68,22,16)", "viralprotein_id": 12199, "lrsm": 1.6503, "id": 66294159, "lrpepxv": -1.0, "lrredundpairs": -1.0, "humanprotein_id": 7312, "vphfpdID": "000005.e645_877@4rs5_A.10"}, {"lrredund": 2.3254, "lrpepelmv": 50.5585, "hphfpdID": "014178.d112_237", "pdbset": null, "lrpepxh": -1.0, "finallr": 117.5687, "lrpepelmh": -1.0, "template": "2uxb:FO(0.57,0.58,1/2,2,1)", "viralprotein_id": 12199, "lrsm": 1.1641, "id": 66294164, "lrpepxv": -1.0, "lrredundpairs": -1.0, "humanprotein_id": 7007, "vphfpdID": "000005.e323_520@4cew_C.3"}, {"lrredund": 4.2492, "lrpepelmv": -1.0, "hphfpdID": "008899", "pdbset": null, "lrpepxh": -1.0, "finallr": 205.6264, "lrpepelmh": -1.0, "template": "2orv:AB(0.33,0.00,57/214,43,49)", "viralprotein_id": 12199, "lrsm": 48.3918, "id": 66294232, "lrpepxv": -1.0, "lrredundpairs": -1.0, "humanprotein_id": 2925, "vphfpdID": "000005.d1233_1331@1svm_A.3"}, {"lrredund": 21.3884, "lrpepelmv": -1.0, "hphfpdID": "011519", "pdbset": null, "lrpepxh": -1.0, "finallr": 393.8285, "lrpepelmh": -1.0, "template": "1k5j:EA(0.52,0.06,79/95,50,65)", "viralprotein_id": 12199, "lrsm": 18.4132, "id": 66294621, "lrpepxv": -1.0, "lrredundpairs": -1.0, "humanprotein_id": 3074, "vphfpdID": "000005.e323_520@4rs5_B.4"}, {"lrredund": 1.7951, "lrpepelmv": -1.0, "hphfpdID": "005521.d1_109", "pdbset": null, "lrpepxh": -1.0, "finallr": 111.8526, "lrpepelmh": -1.0, "template": "2iyb:FA(0.51,0.05,1/4,2,1)", "viralprotein_id": 12199, "lrsm": 1.8315, "id": 66294796, "lrpepxv": 62.31, "lrredundpairs": -1.0, "humanprotein_id": 18750, "vphfpdID": "000005.d625_771@3vbf_A.2"}, {"lrredund": -1.0, "lrpepelmv": -1.0, "hphfpdID": "015570.e737_801", "pdbset": null, "lrpepxh": -1.0, "finallr": 151.4063, "lrpepelmh": -1.0, "template": "1upn:BE(0.03,0.07,35/97,22,23)", "viralprotein_id": 12199, "lrsm": 151.4063, "id": 66294798, "lrpepxv": -1.0, "lrredundpairs": -1.0, "humanprotein_id": 16282, "vphfpdID": "000005.e70_294@5abj_B.4"}, {"lrredund": 21.3884, "lrpepelmv": -1.0, "hphfpdID": "004136.e672_776", "pdbset": null, "lrpepxh": -1.0, "finallr": 106.0864, "lrpepelmh": -1.0, "template": "4a8x:AB(0.59,0.21,67/94,8,0)", "viralprotein_id": 12199, "lrsm": 1.5595, "id": 66295104, "lrpepxv": 4.96, "lrredundpairs": -1.0, "humanprotein_id": 7444, "vphfpdID": "000005.d1870_2133@3n6l_A.3"}, {"lrredund": 21.3884, "lrpepelmv": -1.0, "hphfpdID": "018800.d596_685", "pdbset": null, "lrpepxh": -1.0, "finallr": 256.5607, "lrpepelmh": -1.0, "template": "1z7z:1I(0.21,0.18,57/65,32,41)", "viralprotein_id": 12199, "lrsm": 11.9953, "id": 66295406, "lrpepxv": -1.0, "lrredundpairs": 0.7707, "humanprotein_id": 4109, "vphfpdID": "000005.e645_877@5abj_A.1"}, {"lrredund": 0.9127, "lrpepelmv": -1.0, "hphfpdID": "004306.e95_280", "pdbset": null, "lrpepxh": -1.0, "finallr": 405.7532, "lrpepelmh": -1.0, "template": "3iyp:CF(0.04,0.00,81/156,41,47)", "viralprotein_id": 12199, "lrsm": 444.5636, "id": 66295472, "lrpepxv": -1.0, "lrredundpairs": -1.0, "humanprotein_id": 3167, "vphfpdID": "000005.e125_351@5c9a_B.4"}, {"lrredund": 21.3884, "lrpepelmv": 4.5877, "hphfpdID": "002673.d6_152", "pdbset": null, "lrpepxh": -1.0, "finallr": 106.0864, "lrpepelmh": -1.0, "template": "2xmk:BA(0.60,0.56,35/72,13,8)", "viralprotein_id": 12199, "lrsm": 1.1641, "id": 66295496, "lrpepxv": 4.96, "lrredundpairs": 19.2898, "humanprotein_id": 4427, "vphfpdID": "000005.e1712_2190@4zp9_A.31"}, {"lrredund": 20.9141, "lrpepelmv": -1.0, "hphfpdID": "005478", "pdbset": null, "lrpepxh": -1.0, "finallr": 113.5635, "lrpepelmh": -1.0, "template": "", "viralprotein_id": 12199, "lrsm": -1.0, "id": 66295713, "lrpepxv": 5.43, "lrredundpairs": 0.7707, "humanprotein_id": 2880, "vphfpdID": "000005@3j91_1.44"}, {"lrredund": 1.7951, "lrpepelmv": -1.0, "hphfpdID": "004321.e145_387", "pdbset": null, "lrpepxh": -1.0, "finallr": 111.8526, "lrpepelmh": -1.0, "template": "2qho:CF(0.36,0.49,6/11,5,5)", "viralprotein_id": 12199, "lrsm": 1.2265, "id": 66296208, "lrpepxv": 62.31, "lrredundpairs": -1.0, "humanprotein_id": 18600, "vphfpdID": "000005.d625_771@3j91_1.6"}, {"lrredund": -1.0, "lrpepelmv": -1.0, "hphfpdID": "016746.d180_237", "pdbset": null, "lrpepxh": -1.0, "finallr": 151.4063, "lrpepelmh": -1.0, "template": "1upn:BE(0.03,0.07,35/97,21,20)", "viralprotein_id": 12199, "lrsm": 151.4063, "id": 66296549, "lrpepxv": -1.0, "lrredundpairs": -1.0, "humanprotein_id": 9487, "vphfpdID": "000005.e70_294@4cew_B.5"}, {"lrredund": 2.0764, "lrpepelmv": -1.0, "hphfpdID": "016014.d1412_1493", "pdbset": null, "lrpepxh": -1.0, "finallr": 129.3804, "lrpepelmh": -1.0, "template": "1p3q:UQ(0.39,0.59,22/42,21,22)", "viralprotein_id": 12199, "lrsm": 1.7387, "id": 66297040, "lrpepxv": 62.31, "lrredundpairs": -1.0, "humanprotein_id": 5647, "vphfpdID": "000005.d625_771@3j91_1.6"}, {"lrredund": 3.124, "lrpepelmv": 16.112, "hphfpdID": "013200.d1090_1177", "pdbset": null, "lrpepxh": -1.0, "finallr": 107.0597, "lrpepelmh": -1.0, "template": "4c10:CA(0.01,0.38,432/2430,56,412)", "viralprotein_id": 12199, "lrsm": 34.2701, "id": 66297624, "lrpepxv": -1.0, "lrredundpairs": -1.0, "humanprotein_id": 4104, "vphfpdID": "000005.e323_520@3zff_C.2"}, {"lrredund": 2.3254, "lrpepelmv": -1.0, "hphfpdID": "007927", "pdbset": null, "lrpepxh": -1.0, "finallr": 302.6975, "lrpepelmh": -1.0, "template": "1z7z:3I(0.05,0.00,19/20,14,12)", "viralprotein_id": 12199, "lrsm": 130.17, "id": 66297854, "lrpepxv": -1.0, "lrredundpairs": 0.7707, "humanprotein_id": 3016, "vphfpdID": "000005.d391_554@4bip_C.1"}, {"lrredund": 21.3884, "lrpepelmv": 2.8446, "hphfpdID": "001509.e1_53", "pdbset": null, "lrpepxh": -1.0, "finallr": 149.2837, "lrpepelmh": -1.0, "template": "3vbo:CB(0.02,0.34,43/332,23,36)", "viralprotein_id": 12199, "lrsm": 6.9797, "id": 66297867, "lrpepxv": -1.0, "lrredundpairs": 1.1877, "humanprotein_id": 2598, "vphfpdID": "000005.e323_520@3j91_3.5"}, {"lrredund": 2.409, "lrpepelmv": 4.5877, "hphfpdID": "016486.d81_222", "pdbset": null, "lrpepxh": -1.0, "finallr": 150.1047, "lrpepelmh": -1.0, "template": "4cdw:AD(0.01,0.58,175/1151,19,168)", "viralprotein_id": 12199, "lrsm": 5.6452, "id": 66298116, "lrpepxv": 62.31, "lrredundpairs": 2.3254, "humanprotein_id": 6479, "vphfpdID": "000005.e645_877@3vbf_A.9"}, {"lrredund": 2.3254, "lrpepelmv": 50.5585, "hphfpdID": "014176.d798_871", "pdbset": null, "lrpepxh": -1.0, "finallr": 117.5687, "lrpepelmh": -1.0, "template": "3ccr:SV(0.58,0.60,16/35,6,2)", "viralprotein_id": 12199, "lrsm": 1.1641, "id": 66298137, "lrpepxv": -1.0, "lrredundpairs": -1.0, "humanprotein_id": 4582, "vphfpdID": "000005.e1546_1744@3osy_A.4"}, {"lrredund": 21.3884, "lrpepelmv": 137.2032, "hphfpdID": "000002", "pdbset": null, "lrpepxh": -1.0, "finallr": 2934.559, "lrpepelmh": -1.0, "template": "2c2l:CA(0.54,0.52,13/19,5,0)", "viralprotein_id": 12199, "lrsm": 1.1641, "id": 66298493, "lrpepxv": -1.0, "lrredundpairs": 1.1877, "humanprotein_id": 6315, "vphfpdID": "000005.e1546_1744@3sjk_A.3"}, {"lrredund": 21.3884, "lrpepelmv": -1.0, "hphfpdID": "012444", "pdbset": null, "lrpepxh": -1.0, "finallr": 282.9685, "lrpepelmh": -1.0, "template": "", "viralprotein_id": 12199, "lrsm": -1.0, "id": 66298721, "lrpepxv": 13.23, "lrredundpairs": -1.0, "humanprotein_id": 2955, "vphfpdID": "000005@4zpd_A.28"}, {"lrredund": 21.3884, "lrpepelmv": -1.0, "hphfpdID": "001274", "pdbset": null, "lrpepxh": -1.0, "finallr": 102.7509, "lrpepelmh": -1.0, "template": "1z7z:1I(0.22,0.36,59/65,28,28)", "viralprotein_id": 12199, "lrsm": 4.804, "id": 66298787, "lrpepxv": -1.0, "lrredundpairs": -1.0, "humanprotein_id": 2978, "vphfpdID": "000005.e645_877@4cdu_A.4"}, {"lrredund": 21.3884, "lrpepelmv": -1.0, "hphfpdID": "017281.d510_649", "pdbset": null, "lrpepxh": -1.0, "finallr": 274.8026, "lrpepelmh": -1.0, "template": "2orv:AB(0.35,0.36,56/214,42,52)", "viralprotein_id": 12199, "lrsm": 12.8482, "id": 66298821, "lrpepxv": -1.0, "lrredundpairs": -1.0, "humanprotein_id": 5906, "vphfpdID": "000005.d1233_1331@1svm_A.3"}, {"lrredund": 4.2492, "lrpepelmv": 32.9939, "hphfpdID": "017283.e380_439", "pdbset": null, "lrpepxh": -1.0, "finallr": 140.1976, "lrpepelmh": -1.0, "template": "1zvy:AB(0.55,0.48,2/73,3,2)", "viralprotein_id": 12199, "lrsm": 0.9682, "id": 66298850, "lrpepxv": -1.0, "lrredundpairs": 0.7707, "humanprotein_id": 5846, "vphfpdID": "000005.e70_294@3j91_0.2"}, {"lrredund": -1.0, "lrpepelmv": 249.1593, "hphfpdID": "012897", "pdbset": null, "lrpepxh": -1.0, "finallr": 249.1593, "lrpepelmh": -1.0, "template": "", "viralprotein_id": 12199, "lrsm": -1.0, "id": 66298969, "lrpepxv": -1.0, "lrredundpairs": -1.0, "humanprotein_id": 5998, "vphfpdID": "000005@4cew_C.41"}]