[{"lrredund": 20.9141, "lrpepelmv": -1.0, "hphfpdID": "018500.d533_608", "pdbset": null, "lrpepxh": -1.0, "finallr": 115.0004, "lrpepelmh": -1.0, "template": "2zvo:BA(0.37,0.02,20/42,15,11)", "viralprotein_id": 18153, "lrsm": 5.4987, "id": 253065, "lrpepxv": -1.0, "lrredundpairs": 1.774, "humanprotein_id": 3463, "vphfpdID": "005081"}, {"lrredund": 0.9127, "lrpepelmv": -1.0, "hphfpdID": "016614.d75_283", "pdbset": null, "lrpepxh": -1.0, "finallr": 108.8675, "lrpepelmh": -1.0, "template": "3j2p:DB(0.00,0.08,25/62,17,15)", "viralprotein_id": 18153, "lrsm": 119.2807, "id": 253586, "lrpepxv": -1.0, "lrredundpairs": 0.7707, "humanprotein_id": 5747, "vphfpdID": "005081"}, {"lrredund": 20.9141, "lrpepelmv": -1.0, "hphfpdID": "007197", "pdbset": null, "lrpepxh": -1.0, "finallr": 163.0298, "lrpepelmh": -1.0, "template": "2qwp:BA(0.27,0.06,30/43,21,20)", "viralprotein_id": 18153, "lrsm": 7.7952, "id": 253856, "lrpepxv": -1.0, "lrredundpairs": 1.373, "humanprotein_id": 3620, "vphfpdID": "005081"}, {"lrredund": 4.0064, "lrpepelmv": -1.0, "hphfpdID": "000397.e1_181", "pdbset": null, "lrpepxh": -1.0, "finallr": 101.1073, "lrpepelmh": -1.0, "template": "2yjf:ME(0.18,0.01,19/65,15,17)", "viralprotein_id": 18153, "lrsm": 25.2364, "id": 254215, "lrpepxv": -1.0, "lrredundpairs": 1.373, "humanprotein_id": 6195, "vphfpdID": "005081"}, {"lrredund": 20.9141, "lrpepelmv": -1.0, "hphfpdID": "007747", "pdbset": null, "lrpepxh": -1.0, "finallr": 115.0004, "lrpepelmh": -1.0, "template": "2qwo:BA(0.27,0.08,23/52,14,14)", "viralprotein_id": 18153, "lrsm": 5.4987, "id": 254614, "lrpepxv": -1.0, "lrredundpairs": 1.373, "humanprotein_id": 3627, "vphfpdID": "005081"}, {"lrredund": -1.0, "lrpepelmv": -1.0, "hphfpdID": "007401", "pdbset": null, "lrpepxh": -1.0, "finallr": 100.9217, "lrpepelmh": -1.0, "template": "1out:BA(0.38,0.01,58/142,43,53)", "viralprotein_id": 18153, "lrsm": 84.9724, "id": 255313, "lrpepxv": -1.0, "lrredundpairs": 1.1877, "humanprotein_id": 3245, "vphfpdID": "005081"}, {"lrredund": 1.7951, "lrpepelmv": -1.0, "hphfpdID": "001523.d36_225", "pdbset": null, "lrpepxh": -1.0, "finallr": 214.1208, "lrpepelmh": -1.0, "template": "3j2p:DB(0.00,0.09,29/62,18,18)", "viralprotein_id": 18153, "lrsm": 119.2807, "id": 255420, "lrpepxv": -1.0, "lrredundpairs": 1.373, "humanprotein_id": 19283, "vphfpdID": "005081"}, {"lrredund": 4.0064, "lrpepelmv": 65.3909, "hphfpdID": "000004", "pdbset": null, "lrpepxh": -1.0, "finallr": 261.982, "lrpepelmh": -1.0, "template": "4fl5:AB(0.36,0.10,45/210,25,18)", "viralprotein_id": 18153, "lrsm": 2.7953, "id": 255622, "lrpepxv": -1.0, "lrredundpairs": 1.373, "humanprotein_id": 6298, "vphfpdID": "005081"}, {"lrredund": 20.9141, "lrpepelmv": 65.3909, "hphfpdID": "000007", "pdbset": null, "lrpepxh": -1.0, "finallr": 1367.591, "lrpepelmh": -1.0, "template": "4fl5:AB(0.36,0.11,50/210,20,7)", "viralprotein_id": 18153, "lrsm": 1.8315, "id": 255754, "lrpepxv": -1.0, "lrredundpairs": 1.373, "humanprotein_id": 6393, "vphfpdID": "005081"}, {"lrredund": 4.0064, "lrpepelmv": -1.0, "hphfpdID": "000408.e1_183", "pdbset": null, "lrpepxh": -1.0, "finallr": 101.1073, "lrpepelmh": -1.0, "template": "2yjf:MB(0.18,0.01,16/144,9,7)", "viralprotein_id": 18153, "lrsm": 25.2364, "id": 258448, "lrpepxv": -1.0, "lrredundpairs": 1.373, "humanprotein_id": 6443, "vphfpdID": "005081"}, {"lrredund": 20.9141, "lrpepelmv": -1.0, "hphfpdID": "004076.d108_222", "pdbset": null, "lrpepxh": -1.0, "finallr": 113.7978, "lrpepelmh": -1.0, "template": "1nvo:AB(0.41,0.24,108/157,42,88)", "viralprotein_id": 18153, "lrsm": 5.4412, "id": 259647, "lrpepxv": -1.0, "lrredundpairs": -1.0, "humanprotein_id": 4894, "vphfpdID": "005081"}, {"lrredund": 20.9141, "lrpepelmv": 65.3909, "hphfpdID": "000006", "pdbset": null, "lrpepxh": -1.0, "finallr": 1367.591, "lrpepelmh": -1.0, "template": "4fl5:AB(0.36,0.09,45/210,20,7)", "viralprotein_id": 18153, "lrsm": 1.8315, "id": 259780, "lrpepxv": -1.0, "lrredundpairs": 1.373, "humanprotein_id": 4514, "vphfpdID": "005081"}, {"lrredund": 20.9141, "lrpepelmv": 65.3909, "hphfpdID": "000002", "pdbset": null, "lrpepxh": -1.0, "finallr": 1367.591, "lrpepelmh": -1.0, "template": "1nvo:AB(0.41,0.49,115/157,42,60)", "viralprotein_id": 18153, "lrsm": 4.5712, "id": 260452, "lrpepxv": -1.0, "lrredundpairs": 1.373, "humanprotein_id": 6315, "vphfpdID": "005081"}, {"lrredund": -1.0, "lrpepelmv": -1.0, "hphfpdID": "020221.e1_84", "pdbset": null, "lrpepxh": -1.0, "finallr": 185.0402, "lrpepelmh": -1.0, "template": "3j2p:DB(0.00,0.04,25/62,20,24)", "viralprotein_id": 18153, "lrsm": 119.2807, "id": 260543, "lrpepxv": -1.0, "lrredundpairs": 1.5513, "humanprotein_id": 15466, "vphfpdID": "005081"}, {"lrredund": 20.9141, "lrpepelmv": -1.0, "hphfpdID": "005354.d998_1157", "pdbset": null, "lrpepxh": -1.0, "finallr": 163.0298, "lrpepelmh": -1.0, "template": "2dvq:AB(0.28,0.08,48/90,28,24)", "viralprotein_id": 18153, "lrsm": 7.7952, "id": 260870, "lrpepxv": -1.0, "lrredundpairs": 0.7707, "humanprotein_id": 7033, "vphfpdID": "005081"}, {"lrredund": 19.2898, "lrpepelmv": -1.0, "hphfpdID": "014262.e165_274", "pdbset": null, "lrpepxh": -1.0, "finallr": 115.7521, "lrpepelmh": -1.0, "template": "2bwb:HB(0.18,0.08,2/2,3,2)", "viralprotein_id": 18153, "lrsm": 6.0007, "id": 260944, "lrpepxv": -1.0, "lrredundpairs": -1.0, "humanprotein_id": 5865, "vphfpdID": "005081"}, {"lrredund": 2.409, "lrpepelmv": 65.3909, "hphfpdID": "000005", "pdbset": null, "lrpepxh": -1.0, "finallr": 157.5266, "lrpepelmh": -1.0, "template": "4fl5:AB(0.36,0.06,45/210,20,7)", "viralprotein_id": 18153, "lrsm": 1.8315, "id": 261193, "lrpepxv": -1.0, "lrredundpairs": 1.373, "humanprotein_id": 4794, "vphfpdID": "005081"}, {"lrredund": -1.0, "lrpepelmv": -1.0, "hphfpdID": "016698", "pdbset": null, "lrpepxh": -1.0, "finallr": 212.4628, "lrpepelmh": -1.0, "template": "3j2p:DB(0.00,0.05,26/62,19,23)", "viralprotein_id": 18153, "lrsm": 119.2807, "id": 262154, "lrpepxv": -1.0, "lrredundpairs": 1.7812, "humanprotein_id": 7299, "vphfpdID": "005081"}, {"lrredund": 20.9141, "lrpepelmv": -1.0, "hphfpdID": "000172.d365_549", "pdbset": null, "lrpepxh": -1.0, "finallr": 115.0004, "lrpepelmh": -1.0, "template": "3j27:FD(0.02,0.18,29/63,19,22)", "viralprotein_id": 18153, "lrsm": 5.4987, "id": 262644, "lrpepxv": -1.0, "lrredundpairs": 1.373, "humanprotein_id": 2981, "vphfpdID": "005081"}, {"lrredund": 1.2535, "lrpepelmv": 8.3582, "hphfpdID": "017520.d607_759", "pdbset": null, "lrpepxh": -1.0, "finallr": 124.3505, "lrpepelmh": -1.0, "template": "3j2p:DB(0.00,0.08,23/62,16,21)", "viralprotein_id": 18153, "lrsm": 99.2027, "id": 263200, "lrpepxv": -1.0, "lrredundpairs": 1.5513, "humanprotein_id": 19606, "vphfpdID": "005081"}, {"lrredund": 3.124, "lrpepelmv": 65.3909, "hphfpdID": "000003", "pdbset": null, "lrpepxh": -1.0, "finallr": 204.281, "lrpepelmh": -1.0, "template": "4fl5:AB(0.36,0.08,45/210,21,9)", "viralprotein_id": 18153, "lrsm": 2.7953, "id": 264213, "lrpepxv": -1.0, "lrredundpairs": 1.373, "humanprotein_id": 6857, "vphfpdID": "005081"}, {"lrredund": 20.9141, "lrpepelmv": -1.0, "hphfpdID": "011519.g120_294", "pdbset": null, "lrpepxh": -1.0, "finallr": 132.5129, "lrpepelmh": -1.0, "template": "2lo0:BA(0.20,0.49,125/165,49,93)", "viralprotein_id": 18153, "lrsm": 6.3361, "id": 265144, "lrpepxv": -1.0, "lrredundpairs": -1.0, "humanprotein_id": 3074, "vphfpdID": "005081"}, {"lrredund": -1.0, "lrpepelmv": -1.0, "hphfpdID": "016699.e1_151", "pdbset": null, "lrpepxh": -1.0, "finallr": 185.0402, "lrpepelmh": -1.0, "template": "3j27:FD(0.02,0.07,30/63,17,15)", "viralprotein_id": 18153, "lrsm": 119.2807, "id": 265181, "lrpepxv": -1.0, "lrredundpairs": 1.5513, "humanprotein_id": 7136, "vphfpdID": "005081"}, {"lrredund": 20.9141, "lrpepelmv": -1.0, "hphfpdID": "006178.e810_907", "pdbset": null, "lrpepxh": -1.0, "finallr": 145.9733, "lrpepelmh": -1.0, "template": "2aei:LT(0.16,0.20,30/128,21,24)", "viralprotein_id": 18153, "lrsm": 6.9797, "id": 265261, "lrpepxv": -1.0, "lrredundpairs": 1.1877, "humanprotein_id": 2856, "vphfpdID": "005081"}, {"lrredund": 4.0064, "lrpepelmv": 65.3909, "hphfpdID": "000001", "pdbset": null, "lrpepxh": -1.0, "finallr": 261.982, "lrpepelmh": -1.0, "template": "4fl5:AB(0.36,0.10,50/210,25,16)", "viralprotein_id": 18153, "lrsm": 2.7953, "id": 265407, "lrpepxv": -1.0, "lrredundpairs": 1.373, "humanprotein_id": 4793, "vphfpdID": "005081"}, {"lrredund": 20.9141, "lrpepelmv": -1.0, "hphfpdID": "016615.d83_292", "pdbset": null, "lrpepxh": -1.0, "finallr": 899.6669, "lrpepelmh": -1.0, "template": "3j27:FD(0.02,0.11,30/63,22,28)", "viralprotein_id": 18153, "lrsm": 43.0172, "id": 265735, "lrpepxv": -1.0, "lrredundpairs": -1.0, "humanprotein_id": 5095, "vphfpdID": "005081"}, {"lrredund": 0.9127, "lrpepelmv": 2.9828, "hphfpdID": "013161.e1_297", "pdbset": null, "lrpepxh": -1.0, "finallr": 108.8675, "lrpepelmh": -1.0, "template": "3j27:DF(0.03,0.07,30/63,18,10)", "viralprotein_id": 18153, "lrsm": 119.2807, "id": 265745, "lrpepxv": -1.0, "lrredundpairs": 2.4183, "humanprotein_id": 8104, "vphfpdID": "005081"}, {"lrredund": 19.2898, "lrpepelmv": -1.0, "hphfpdID": "001509.e1_53", "pdbset": null, "lrpepxh": -1.0, "finallr": 115.7521, "lrpepelmh": -1.0, "template": "2idh:BA(0.27,0.06,40/45,19,16)", "viralprotein_id": 18159, "lrsm": 6.0007, "id": 80144221, "lrpepxv": -1.0, "lrredundpairs": 1.5513, "humanprotein_id": 2598, "vphfpdID": "005087"}, {"lrredund": 19.2898, "lrpepelmv": 6.3442, "hphfpdID": "001349.d2715_2964", "pdbset": null, "lrpepxh": -1.0, "finallr": 122.3786, "lrpepelmh": -1.0, "template": "2idh:EG(0.28,0.43,23/27,7,0)", "viralprotein_id": 18159, "lrsm": 1.5932, "id": 80146462, "lrpepxv": -1.0, "lrredundpairs": -1.0, "humanprotein_id": 7312, "vphfpdID": "005087"}, {"lrredund": 15.8699, "lrpepelmv": -1.0, "hphfpdID": "013775.d602_690", "pdbset": null, "lrpepxh": -1.0, "finallr": 151.6763, "lrpepelmh": -1.0, "template": "1r6r:BA(0.00,0.60,123/215,48,81)", "viralprotein_id": 18163, "lrsm": 9.5575, "id": 85705282, "lrpepxv": 2.59, "lrredundpairs": -1.0, "humanprotein_id": 15519, "vphfpdID": "005091"}, {"lrredund": 3.124, "lrpepelmv": 137.2032, "hphfpdID": "000003", "pdbset": null, "lrpepxh": -1.0, "finallr": 428.6231, "lrpepelmh": -1.0, "template": "", "viralprotein_id": 18163, "lrsm": -1.0, "id": 85705326, "lrpepxv": -1.0, "lrredundpairs": 1.774, "humanprotein_id": 6857, "vphfpdID": "005091"}, {"lrredund": 3.124, "lrpepelmv": -1.0, "hphfpdID": "012620.e357_415", "pdbset": null, "lrpepxh": -1.0, "finallr": 194.6564, "lrpepelmh": -1.0, "template": "2kbx:AB(0.43,0.15,50/97,23,22)", "viralprotein_id": 18163, "lrsm": 3.1219, "id": 85705660, "lrpepxv": 62.31, "lrredundpairs": -1.0, "humanprotein_id": 5442, "vphfpdID": "005091"}, {"lrredund": 20.9141, "lrpepelmv": -1.0, "hphfpdID": "005354.d1990_2099", "pdbset": null, "lrpepxh": -1.0, "finallr": 255.2956, "lrpepelmh": -1.0, "template": "4icg:AB(0.31,0.47,116/127,65,99)", "viralprotein_id": 18163, "lrsm": 12.2069, "id": 85706053, "lrpepxv": 3.66, "lrredundpairs": -1.0, "humanprotein_id": 7033, "vphfpdID": "005091"}, {"lrredund": 0.9127, "lrpepelmv": -1.0, "hphfpdID": "016158.d52_394", "pdbset": null, "lrpepxh": -1.0, "finallr": 103.2207, "lrpepelmh": -1.0, "template": "1r6r:BA(0.00,0.13,91/215,48,79)", "viralprotein_id": 18163, "lrsm": 113.0937, "id": 85707029, "lrpepxv": -1.0, "lrredundpairs": 1.1877, "humanprotein_id": 19176, "vphfpdID": "005091"}, {"lrredund": 20.9141, "lrpepelmv": -1.0, "hphfpdID": "002082", "pdbset": null, "lrpepxh": -1.0, "finallr": 203.9124, "lrpepelmh": -1.0, "template": "", "viralprotein_id": 18163, "lrsm": -1.0, "id": 85707169, "lrpepxv": 9.75, "lrredundpairs": -1.0, "humanprotein_id": 6306, "vphfpdID": "005091"}, {"lrredund": 20.9141, "lrpepelmv": 2.8446, "hphfpdID": "001509", "pdbset": null, "lrpepxh": -1.0, "finallr": 409.6191, "lrpepelmh": -1.0, "template": "1lr1:BA(0.45,0.45,236/273,60,138)", "viralprotein_id": 18163, "lrsm": 19.5858, "id": 85707337, "lrpepxv": -1.0, "lrredundpairs": 1.7812, "humanprotein_id": 2598, "vphfpdID": "005091"}, {"lrredund": 20.9141, "lrpepelmv": 20.1497, "hphfpdID": "008378.d463_902", "pdbset": null, "lrpepxh": -1.0, "finallr": 421.4137, "lrpepelmh": -1.0, "template": "2j9u:AB(0.51,0.45,28/53,15,6)", "viralprotein_id": 18163, "lrsm": 1.2265, "id": 85707493, "lrpepxv": -1.0, "lrredundpairs": -1.0, "humanprotein_id": 3758, "vphfpdID": "005091"}, {"lrredund": 20.9141, "lrpepelmv": 137.2032, "hphfpdID": "000007", "pdbset": null, "lrpepxh": -1.0, "finallr": 2869.483, "lrpepelmh": -1.0, "template": "", "viralprotein_id": 18163, "lrsm": -1.0, "id": 85707764, "lrpepxv": -1.0, "lrredundpairs": 1.5513, "humanprotein_id": 6393, "vphfpdID": "005091"}, {"lrredund": 20.9141, "lrpepelmv": -1.0, "hphfpdID": "011519.g120_294", "pdbset": null, "lrpepxh": -1.0, "finallr": 105.6647, "lrpepelmh": -1.0, "template": "4beh:AB(0.60,0.52,128/270,43,63)", "viralprotein_id": 18163, "lrsm": 5.0523, "id": 85708795, "lrpepxv": -1.0, "lrredundpairs": -1.0, "humanprotein_id": 3074, "vphfpdID": "005091"}, {"lrredund": 4.0064, "lrpepelmv": -1.0, "hphfpdID": "012457.d428_576", "pdbset": null, "lrpepxh": -1.0, "finallr": 101.1073, "lrpepelmh": -1.0, "template": "1i49:AB(0.09,0.09,25/188,15,18)", "viralprotein_id": 18163, "lrsm": 25.2364, "id": 85708799, "lrpepxv": 3.66, "lrredundpairs": 1.1877, "humanprotein_id": 4538, "vphfpdID": "005091"}, {"lrredund": 19.2898, "lrpepelmv": -1.0, "hphfpdID": "016613.e122_316", "pdbset": null, "lrpepxh": -1.0, "finallr": 170.1065, "lrpepelmh": -1.0, "template": "1lr1:BA(0.45,0.59,204/273,47,96)", "viralprotein_id": 18163, "lrsm": 8.8185, "id": 85708956, "lrpepxv": -1.0, "lrredundpairs": -1.0, "humanprotein_id": 5161, "vphfpdID": "005091"}, {"lrredund": 20.9141, "lrpepelmv": 137.2032, "hphfpdID": "000002", "pdbset": null, "lrpepxh": -1.0, "finallr": 2869.483, "lrpepelmh": -1.0, "template": "", "viralprotein_id": 18163, "lrsm": -1.0, "id": 85709445, "lrpepxv": -1.0, "lrredundpairs": 1.774, "humanprotein_id": 6315, "vphfpdID": "005091"}, {"lrredund": 20.9141, "lrpepelmv": 12.1604, "hphfpdID": "016466.e85_146", "pdbset": null, "lrpepxh": -1.0, "finallr": 254.3231, "lrpepelmh": -1.0, "template": "3a98:CA(0.48,0.13,5/10,5,4)", "viralprotein_id": 18163, "lrsm": 1.4599, "id": 85709662, "lrpepxv": -1.0, "lrredundpairs": 2.4183, "humanprotein_id": 3727, "vphfpdID": "005091"}, {"lrredund": 20.9141, "lrpepelmv": 137.2032, "hphfpdID": "000006", "pdbset": null, "lrpepxh": -1.0, "finallr": 2869.483, "lrpepelmh": -1.0, "template": "", "viralprotein_id": 18163, "lrsm": -1.0, "id": 85710595, "lrpepxv": -1.0, "lrredundpairs": 1.774, "humanprotein_id": 4514, "vphfpdID": "005091"}, {"lrredund": 20.9141, "lrpepelmv": -1.0, "hphfpdID": "000172.d365_549", "pdbset": null, "lrpepxh": -1.0, "finallr": 409.6191, "lrpepelmh": -1.0, "template": "1lr1:BA(0.45,0.51,239/273,61,136)", "viralprotein_id": 18163, "lrsm": 19.5858, "id": 85711096, "lrpepxv": -1.0, "lrredundpairs": 1.1877, "humanprotein_id": 2981, "vphfpdID": "005091"}, {"lrredund": 20.9141, "lrpepelmv": 12.1604, "hphfpdID": "007144.d1_56", "pdbset": null, "lrpepxh": -1.0, "finallr": 254.3231, "lrpepelmh": -1.0, "template": "3a98:CA(0.48,0.07,5/10,5,4)", "viralprotein_id": 18163, "lrsm": 2.2022, "id": 85711545, "lrpepxv": -1.0, "lrredundpairs": 1.774, "humanprotein_id": 6385, "vphfpdID": "005091"}, {"lrredund": 19.2898, "lrpepelmv": -1.0, "hphfpdID": "010507.d93_206", "pdbset": null, "lrpepxh": -1.0, "finallr": 155.539, "lrpepelmh": -1.0, "template": "4icg:BA(0.44,0.59,121/127,55,65)", "viralprotein_id": 18163, "lrsm": 8.0633, "id": 85711815, "lrpepxv": 5.43, "lrredundpairs": 1.373, "humanprotein_id": 4475, "vphfpdID": "005091"}, {"lrredund": 20.9141, "lrpepelmv": -1.0, "hphfpdID": "005478.d350_517", "pdbset": null, "lrpepxh": -1.0, "finallr": 171.6559, "lrpepelmh": -1.0, "template": "2bj4:AB(0.57,0.03,89/136,43,73)", "viralprotein_id": 18163, "lrsm": 8.2077, "id": 85711895, "lrpepxv": -1.0, "lrredundpairs": 1.1877, "humanprotein_id": 2880, "vphfpdID": "005091"}, {"lrredund": 20.9141, "lrpepelmv": -1.0, "hphfpdID": "004136.d455_590", "pdbset": null, "lrpepxh": -1.0, "finallr": 214.4751, "lrpepelmh": -1.0, "template": "4icg:AB(0.31,0.57,119/127,50,47)", "viralprotein_id": 18163, "lrsm": 10.255, "id": 85711971, "lrpepxv": -1.0, "lrredundpairs": -1.0, "humanprotein_id": 7444, "vphfpdID": "005091"}, {"lrredund": 21.3884, "lrpepelmv": -1.0, "hphfpdID": "016869.e1196_1264", "pdbset": null, "lrpepxh": -1.0, "finallr": 261.0853, "lrpepelmh": -1.0, "template": "4icg:AB(0.31,0.30,113/127,61,82)", "viralprotein_id": 18163, "lrsm": 12.2069, "id": 85713049, "lrpepxv": 2.59, "lrredundpairs": -1.0, "humanprotein_id": 4495, "vphfpdID": "005091"}, {"lrredund": 4.0064, "lrpepelmv": 137.2032, "hphfpdID": "000004", "pdbset": null, "lrpepxh": -1.0, "finallr": 549.6912, "lrpepelmh": -1.0, "template": "", "viralprotein_id": 18163, "lrsm": -1.0, "id": 85713430, "lrpepxv": -1.0, "lrredundpairs": 1.774, "humanprotein_id": 6298, "vphfpdID": "005091"}, {"lrredund": 19.2898, "lrpepelmv": -1.0, "hphfpdID": "016615.d83_292", "pdbset": null, "lrpepxh": -1.0, "finallr": 449.7128, "lrpepelmh": -1.0, "template": "1lr1:BA(0.45,0.28,231/273,60,154)", "viralprotein_id": 18163, "lrsm": 23.3135, "id": 85713748, "lrpepxv": 2.59, "lrredundpairs": -1.0, "humanprotein_id": 5095, "vphfpdID": "005091"}, {"lrredund": 19.2898, "lrpepelmv": -1.0, "hphfpdID": "005567.d9_86", "pdbset": null, "lrpepxh": -1.0, "finallr": 104.7436, "lrpepelmh": -1.0, "template": "1wr6:AE(0.60,0.15,43/67,22,27)", "viralprotein_id": 18163, "lrsm": 2.0697, "id": 85714364, "lrpepxv": 5.43, "lrredundpairs": 1.373, "humanprotein_id": 3874, "vphfpdID": "005091"}, {"lrredund": 20.9141, "lrpepelmv": -1.0, "hphfpdID": "004138.d421_563", "pdbset": null, "lrpepxh": -1.0, "finallr": 214.4751, "lrpepelmh": -1.0, "template": "4icg:BA(0.44,0.41,113/127,46,39)", "viralprotein_id": 18163, "lrsm": 10.255, "id": 85714506, "lrpepxv": -1.0, "lrredundpairs": 0.7707, "humanprotein_id": 7446, "vphfpdID": "005091"}, {"lrredund": 4.0064, "lrpepelmv": 137.2032, "hphfpdID": "000001", "pdbset": null, "lrpepxh": -1.0, "finallr": 549.6912, "lrpepelmh": -1.0, "template": "", "viralprotein_id": 18163, "lrsm": -1.0, "id": 85715144, "lrpepxv": -1.0, "lrredundpairs": 1.774, "humanprotein_id": 4793, "vphfpdID": "005091"}, {"lrredund": 2.409, "lrpepelmv": 137.2032, "hphfpdID": "000005", "pdbset": null, "lrpepxh": -1.0, "finallr": 330.5227, "lrpepelmh": -1.0, "template": "", "viralprotein_id": 18163, "lrsm": -1.0, "id": 85716220, "lrpepxv": 2.59, "lrredundpairs": 1.774, "humanprotein_id": 4794, "vphfpdID": "005091"}, {"lrredund": 20.9141, "lrpepelmv": -1.0, "hphfpdID": "001751.e1_73", "pdbset": null, "lrpepxh": -1.0, "finallr": 113.5635, "lrpepelmh": -1.0, "template": "3gtu:DC(0.42,0.41,38/116,21,11)", "viralprotein_id": 18163, "lrsm": 1.5568, "id": 85716333, "lrpepxv": 5.43, "lrredundpairs": 0.7707, "humanprotein_id": 5041, "vphfpdID": "005091"}, {"lrredund": 20.9141, "lrpepelmv": -1.0, "hphfpdID": "007744.d499_701", "pdbset": null, "lrpepxh": -1.0, "finallr": 487.581, "lrpepelmh": -1.0, "template": "1lr1:BA(0.45,0.29,232/273,57,110)", "viralprotein_id": 18163, "lrsm": 23.3135, "id": 85717383, "lrpepxv": -1.0, "lrredundpairs": 1.373, "humanprotein_id": 4876, "vphfpdID": "005091"}, {"lrredund": 20.9141, "lrpepelmv": 137.2032, "hphfpdID": "000002", "pdbset": null, "lrpepxh": -1.0, "finallr": 2869.483, "lrpepelmh": -1.0, "template": "", "viralprotein_id": 18164, "lrsm": -1.0, "id": 68342582, "lrpepxv": -1.0, "lrredundpairs": 1.5513, "humanprotein_id": 6315, "vphfpdID": "005092"}, {"lrredund": 20.9141, "lrpepelmv": 2.8446, "hphfpdID": "001509", "pdbset": null, "lrpepxh": -1.0, "finallr": 194.3095, "lrpepelmh": -1.0, "template": "1lr1:BA(0.49,0.45,217/273,44,74)", "viralprotein_id": 18164, "lrsm": 9.2908, "id": 68342607, "lrpepxv": -1.0, "lrredundpairs": 1.774, "humanprotein_id": 2598, "vphfpdID": "005092"}, {"lrredund": 20.9141, "lrpepelmv": -1.0, "hphfpdID": "002082", "pdbset": null, "lrpepxh": -1.0, "finallr": 203.9124, "lrpepelmh": -1.0, "template": "", "viralprotein_id": 18164, "lrsm": -1.0, "id": 68343456, "lrpepxv": 9.75, "lrredundpairs": -1.0, "humanprotein_id": 6306, "vphfpdID": "005092"}, {"lrredund": 2.409, "lrpepelmv": -1.0, "hphfpdID": "012620.e357_415", "pdbset": null, "lrpepxh": -1.0, "finallr": 150.1047, "lrpepelmh": -1.0, "template": "2kbx:AB(0.42,0.15,50/97,23,17)", "viralprotein_id": 18164, "lrsm": 3.1219, "id": 68344683, "lrpepxv": 62.31, "lrredundpairs": -1.0, "humanprotein_id": 5442, "vphfpdID": "005092"}, {"lrredund": 4.0064, "lrpepelmv": 137.2032, "hphfpdID": "000004", "pdbset": null, "lrpepxh": -1.0, "finallr": 549.6912, "lrpepelmh": -1.0, "template": "", "viralprotein_id": 18164, "lrsm": -1.0, "id": 68344831, "lrpepxv": -1.0, "lrredundpairs": 1.5513, "humanprotein_id": 6298, "vphfpdID": "005092"}, {"lrredund": 19.2898, "lrpepelmv": -1.0, "hphfpdID": "016615.d83_292", "pdbset": null, "lrpepxh": -1.0, "finallr": 235.468, "lrpepelmh": -1.0, "template": "4icg:AB(0.32,0.42,108/127,47,58)", "viralprotein_id": 18164, "lrsm": 12.2069, "id": 68344880, "lrpepxv": 2.59, "lrredundpairs": -1.0, "humanprotein_id": 5095, "vphfpdID": "005092"}, {"lrredund": 4.0064, "lrpepelmv": -1.0, "hphfpdID": "012457.d428_576", "pdbset": null, "lrpepxh": -1.0, "finallr": 101.1073, "lrpepelmh": -1.0, "template": "1i49:AB(0.09,0.09,25/188,14,16)", "viralprotein_id": 18164, "lrsm": 25.2364, "id": 68345346, "lrpepxv": 3.66, "lrredundpairs": 1.1877, "humanprotein_id": 4538, "vphfpdID": "005092"}, {"lrredund": 20.9141, "lrpepelmv": 8.2623, "hphfpdID": "016466.e85_146", "pdbset": null, "lrpepxh": -1.0, "finallr": 172.7992, "lrpepelmh": -1.0, "template": "3a98:CA(0.48,0.13,5/10,5,3)", "viralprotein_id": 18164, "lrsm": 1.4599, "id": 68345675, "lrpepxv": -1.0, "lrredundpairs": 1.7812, "humanprotein_id": 3727, "vphfpdID": "005092"}, {"lrredund": 21.3884, "lrpepelmv": -1.0, "hphfpdID": "016869.e1196_1264", "pdbset": null, "lrpepxh": -1.0, "finallr": 261.0853, "lrpepelmh": -1.0, "template": "4icg:AB(0.32,0.30,113/127,50,59)", "viralprotein_id": 18164, "lrsm": 12.2069, "id": 68346908, "lrpepxv": 2.59, "lrredundpairs": -1.0, "humanprotein_id": 4495, "vphfpdID": "005092"}, {"lrredund": 20.9141, "lrpepelmv": -1.0, "hphfpdID": "005354.d1990_2099", "pdbset": null, "lrpepxh": -1.0, "finallr": 255.2956, "lrpepelmh": -1.0, "template": "4icg:AB(0.32,0.47,116/127,54,69)", "viralprotein_id": 18164, "lrsm": 12.2069, "id": 68347196, "lrpepxv": 3.66, "lrredundpairs": -1.0, "humanprotein_id": 7033, "vphfpdID": "005092"}, {"lrredund": 3.124, "lrpepelmv": 137.2032, "hphfpdID": "000003", "pdbset": null, "lrpepxh": -1.0, "finallr": 428.6231, "lrpepelmh": -1.0, "template": "", "viralprotein_id": 18164, "lrsm": -1.0, "id": 68348610, "lrpepxv": -1.0, "lrredundpairs": 1.5513, "humanprotein_id": 6857, "vphfpdID": "005092"}, {"lrredund": 20.9141, "lrpepelmv": 137.2032, "hphfpdID": "000006", "pdbset": null, "lrpepxh": -1.0, "finallr": 2869.483, "lrpepelmh": -1.0, "template": "", "viralprotein_id": 18164, "lrsm": -1.0, "id": 68348906, "lrpepxv": -1.0, "lrredundpairs": 1.774, "humanprotein_id": 4514, "vphfpdID": "005092"}, {"lrredund": 2.409, "lrpepelmv": 137.2032, "hphfpdID": "000005", "pdbset": null, "lrpepxh": -1.0, "finallr": 330.5227, "lrpepelmh": -1.0, "template": "", "viralprotein_id": 18164, "lrsm": -1.0, "id": 68350009, "lrpepxv": 2.59, "lrredundpairs": 1.5513, "humanprotein_id": 4794, "vphfpdID": "005092"}, {"lrredund": 20.9141, "lrpepelmv": -1.0, "hphfpdID": "001751.e1_73", "pdbset": null, "lrpepxh": -1.0, "finallr": 113.5635, "lrpepelmh": -1.0, "template": "2f3m:CD(0.51,0.44,39/112,22,16)", "viralprotein_id": 18164, "lrsm": 1.5568, "id": 68350807, "lrpepxv": 5.43, "lrredundpairs": 0.7707, "humanprotein_id": 5041, "vphfpdID": "005092"}, {"lrredund": 20.9141, "lrpepelmv": 137.2032, "hphfpdID": "000007", "pdbset": null, "lrpepxh": -1.0, "finallr": 2869.483, "lrpepelmh": -1.0, "template": "", "viralprotein_id": 18164, "lrsm": -1.0, "id": 68351158, "lrpepxv": -1.0, "lrredundpairs": 1.5513, "humanprotein_id": 6393, "vphfpdID": "005092"}, {"lrredund": 20.9141, "lrpepelmv": 20.1497, "hphfpdID": "008378.d463_902", "pdbset": null, "lrpepxh": -1.0, "finallr": 421.4137, "lrpepelmh": -1.0, "template": "2j9u:AB(0.51,0.45,28/53,10,4)", "viralprotein_id": 18164, "lrsm": 1.2265, "id": 68351506, "lrpepxv": -1.0, "lrredundpairs": -1.0, "humanprotein_id": 3758, "vphfpdID": "005092"}, {"lrredund": 20.9141, "lrpepelmv": 8.2623, "hphfpdID": "007144.d1_56", "pdbset": null, "lrpepxh": -1.0, "finallr": 172.7992, "lrpepelmh": -1.0, "template": "3a98:CA(0.48,0.07,5/10,5,3)", "viralprotein_id": 18164, "lrsm": 2.2022, "id": 68352271, "lrpepxv": -1.0, "lrredundpairs": 1.774, "humanprotein_id": 6385, "vphfpdID": "005092"}, {"lrredund": 20.9141, "lrpepelmv": -1.0, "hphfpdID": "000172.d365_549", "pdbset": null, "lrpepxh": -1.0, "finallr": 409.6191, "lrpepelmh": -1.0, "template": "1lr1:BA(0.49,0.51,219/273,44,77)", "viralprotein_id": 18164, "lrsm": 19.5858, "id": 68352539, "lrpepxv": -1.0, "lrredundpairs": 1.1877, "humanprotein_id": 2981, "vphfpdID": "005092"}, {"lrredund": 19.2898, "lrpepelmv": -1.0, "hphfpdID": "010507.d93_206", "pdbset": null, "lrpepxh": -1.0, "finallr": 155.539, "lrpepelmh": -1.0, "template": "4icg:BA(0.44,0.59,121/127,45,43)", "viralprotein_id": 18164, "lrsm": 8.0633, "id": 68353140, "lrpepxv": 5.43, "lrredundpairs": 1.373, "humanprotein_id": 4475, "vphfpdID": "005092"}, {"lrredund": 4.0064, "lrpepelmv": 137.2032, "hphfpdID": "000001", "pdbset": null, "lrpepxh": -1.0, "finallr": 549.6912, "lrpepelmh": -1.0, "template": "", "viralprotein_id": 18164, "lrsm": -1.0, "id": 68353618, "lrpepxv": -1.0, "lrredundpairs": 1.5513, "humanprotein_id": 4793, "vphfpdID": "005092"}, {"lrredund": 20.9141, "lrpepelmv": -1.0, "hphfpdID": "004136.d455_590", "pdbset": null, "lrpepxh": -1.0, "finallr": 177.6693, "lrpepelmh": -1.0, "template": "1ni8:BA(0.39,0.48,130/140,41,37)", "viralprotein_id": 18164, "lrsm": 8.4952, "id": 68353951, "lrpepxv": -1.0, "lrredundpairs": -1.0, "humanprotein_id": 7444, "vphfpdID": "005092"}, {"lrredund": 19.2898, "lrpepelmv": -1.0, "hphfpdID": "005567.d9_86", "pdbset": null, "lrpepxh": -1.0, "finallr": 104.7436, "lrpepelmh": -1.0, "template": "1wr6:AE(0.59,0.15,43/67,22,25)", "viralprotein_id": 18164, "lrsm": 2.0697, "id": 68354630, "lrpepxv": 5.43, "lrredundpairs": 1.373, "humanprotein_id": 3874, "vphfpdID": "005092"}, {"lrredund": 20.9141, "lrpepelmv": -1.0, "hphfpdID": "005478.e262_551", "pdbset": null, "lrpepxh": -1.0, "finallr": 113.7978, "lrpepelmh": -1.0, "template": "3uuc:CD(0.60,0.06,98/123,49,56)", "viralprotein_id": 18164, "lrsm": 5.4412, "id": 68356318, "lrpepxv": -1.0, "lrredundpairs": 1.1877, "humanprotein_id": 2880, "vphfpdID": "005092"}, {"lrredund": 15.8699, "lrpepelmv": -1.0, "hphfpdID": "013775.d602_690", "pdbset": null, "lrpepxh": -1.0, "finallr": 151.6763, "lrpepelmh": -1.0, "template": "1r6r:BA(0.00,0.60,123/215,42,74)", "viralprotein_id": 18164, "lrsm": 9.5575, "id": 68356555, "lrpepxv": 2.59, "lrredundpairs": -1.0, "humanprotein_id": 15519, "vphfpdID": "005092"}, {"lrredund": 21.3884, "lrpepelmv": -1.0, "hphfpdID": "016869.e1196_1264", "pdbset": null, "lrpepxh": -1.0, "finallr": 116.3786, "lrpepelmh": -1.0, "template": "1nvo:AB(0.41,0.37,115/157,43,75)", "viralprotein_id": 18166, "lrsm": 5.4412, "id": 46815005, "lrpepxv": -1.0, "lrredundpairs": -1.0, "humanprotein_id": 4495, "vphfpdID": "005094.e91_166"}, {"lrredund": 1.7951, "lrpepelmv": -1.0, "hphfpdID": "001523.d36_225", "pdbset": null, "lrpepxh": -1.0, "finallr": 214.1208, "lrpepelmh": -1.0, "template": "3j2p:DB(0.00,0.09,29/62,18,18)", "viralprotein_id": 18166, "lrsm": 119.2807, "id": 46815092, "lrpepxv": -1.0, "lrredundpairs": 1.7951, "humanprotein_id": 19283, "vphfpdID": "005094.e91_166"}, {"lrredund": 19.2898, "lrpepelmv": -1.0, "hphfpdID": "014262.e165_274", "pdbset": null, "lrpepxh": -1.0, "finallr": 115.7521, "lrpepelmh": -1.0, "template": "2bwb:HB(0.18,0.08,2/2,3,2)", "viralprotein_id": 18166, "lrsm": 6.0007, "id": 46815759, "lrpepxv": -1.0, "lrredundpairs": -1.0, "humanprotein_id": 5865, "vphfpdID": "005094@3j2p_B.2"}, {"lrredund": 4.0064, "lrpepelmv": 107.1532, "hphfpdID": "000004", "pdbset": null, "lrpepxh": -1.0, "finallr": 429.2986, "lrpepelmh": -1.0, "template": "", "viralprotein_id": 18166, "lrsm": -1.0, "id": 46816525, "lrpepxv": -1.0, "lrredundpairs": 1.373, "humanprotein_id": 6298, "vphfpdID": "005094@3c6e_C.1"}, {"lrredund": 20.9141, "lrpepelmv": -1.0, "hphfpdID": "018500.d533_608", "pdbset": null, "lrpepxh": -1.0, "finallr": 115.0004, "lrpepelmh": -1.0, "template": "2zvo:BA(0.37,0.02,20/42,15,11)", "viralprotein_id": 18166, "lrsm": 5.4987, "id": 46816757, "lrpepxv": -1.0, "lrredundpairs": 20.9141, "humanprotein_id": 3463, "vphfpdID": "005094.e91_166"}, {"lrredund": 20.9141, "lrpepelmv": -1.0, "hphfpdID": "006178.e810_907", "pdbset": null, "lrpepxh": -1.0, "finallr": 145.9733, "lrpepelmh": -1.0, "template": "2aei:LT(0.17,0.20,30/128,23,28)", "viralprotein_id": 18166, "lrsm": 6.9797, "id": 46816788, "lrpepxv": -1.0, "lrredundpairs": 0.7707, "humanprotein_id": 2856, "vphfpdID": "005094@3j2p_B.2"}, {"lrredund": 20.9141, "lrpepelmv": 107.1532, "hphfpdID": "000006", "pdbset": null, "lrpepxh": -1.0, "finallr": 2241.013, "lrpepelmh": -1.0, "template": "3uux:BA(0.10,0.49,1/186,1,0)", "viralprotein_id": 18166, "lrsm": 1.8315, "id": 46817288, "lrpepxv": -1.0, "lrredundpairs": 1.373, "humanprotein_id": 4514, "vphfpdID": "005094@3j2p_B.2"}, {"lrredund": -1.0, "lrpepelmv": -1.0, "hphfpdID": "016699.e1_151", "pdbset": null, "lrpepxh": -1.0, "finallr": 185.0402, "lrpepelmh": -1.0, "template": "3j27:FD(0.03,0.07,30/63,17,15)", "viralprotein_id": 18166, "lrsm": 119.2807, "id": 46818568, "lrpepxv": -1.0, "lrredundpairs": 1.5513, "humanprotein_id": 7136, "vphfpdID": "005094@3j2p_B.2"}, {"lrredund": 4.0064, "lrpepelmv": -1.0, "hphfpdID": "007350", "pdbset": null, "lrpepxh": -1.0, "finallr": 101.1073, "lrpepelmh": -1.0, "template": "2fj7:FD(0.16,0.01,2/31,2,0)", "viralprotein_id": 18166, "lrsm": 25.2364, "id": 46818960, "lrpepxv": -1.0, "lrredundpairs": 4.0064, "humanprotein_id": 8204, "vphfpdID": "005094.e91_166"}, {"lrredund": 4.0064, "lrpepelmv": -1.0, "hphfpdID": "000408.e1_183", "pdbset": null, "lrpepxh": -1.0, "finallr": 101.1073, "lrpepelmh": -1.0, "template": "2yjf:MB(0.18,0.01,16/144,9,7)", "viralprotein_id": 18166, "lrsm": 25.2364, "id": 46819164, "lrpepxv": -1.0, "lrredundpairs": 4.0064, "humanprotein_id": 6443, "vphfpdID": "005094.e91_166"}, {"lrredund": 20.9141, "lrpepelmv": -1.0, "hphfpdID": "005354.d998_1157", "pdbset": null, "lrpepxh": -1.0, "finallr": 163.0298, "lrpepelmh": -1.0, "template": "2dvq:AB(0.27,0.08,47/90,26,21)", "viralprotein_id": 18166, "lrsm": 7.7952, "id": 46819188, "lrpepxv": -1.0, "lrredundpairs": 0.7707, "humanprotein_id": 7033, "vphfpdID": "005094.e91_166"}, {"lrredund": -1.0, "lrpepelmv": -1.0, "hphfpdID": "016698", "pdbset": null, "lrpepxh": -1.0, "finallr": 212.4628, "lrpepelmh": -1.0, "template": "3j2p:DB(0.00,0.05,26/62,19,23)", "viralprotein_id": 18166, "lrsm": 119.2807, "id": 46819213, "lrpepxv": -1.0, "lrredundpairs": 1.7812, "humanprotein_id": 7299, "vphfpdID": "005094@3j2p_B.2"}, {"lrredund": 19.2898, "lrpepelmv": 6.3442, "hphfpdID": "001349.d2715_2964", "pdbset": null, "lrpepxh": -1.0, "finallr": 122.3786, "lrpepelmh": -1.0, "template": "2idh:EG(0.28,0.43,23/27,7,0)", "viralprotein_id": 18166, "lrsm": 1.5932, "id": 46819317, "lrpepxv": -1.0, "lrredundpairs": -1.0, "humanprotein_id": 7312, "vphfpdID": "005094@3c6e_C.1"}, {"lrredund": 2.409, "lrpepelmv": 107.1532, "hphfpdID": "000005", "pdbset": null, "lrpepxh": -1.0, "finallr": 258.1321, "lrpepelmh": -1.0, "template": "", "viralprotein_id": 18166, "lrsm": -1.0, "id": 46819770, "lrpepxv": -1.0, "lrredundpairs": 1.373, "humanprotein_id": 4794, "vphfpdID": "005094@3c6e_C.1"}, {"lrredund": 20.9141, "lrpepelmv": 107.1532, "hphfpdID": "000002", "pdbset": null, "lrpepxh": -1.0, "finallr": 2241.013, "lrpepelmh": -1.0, "template": "", "viralprotein_id": 18166, "lrsm": -1.0, "id": 46819831, "lrpepxv": -1.0, "lrredundpairs": 1.373, "humanprotein_id": 6315, "vphfpdID": "005094@3c6e_C.1"}, {"lrredund": 4.0064, "lrpepelmv": -1.0, "hphfpdID": "000397.e1_181", "pdbset": null, "lrpepxh": -1.0, "finallr": 101.1073, "lrpepelmh": -1.0, "template": "2yjf:ME(0.18,0.01,19/65,15,17)", "viralprotein_id": 18166, "lrsm": 25.2364, "id": 46820120, "lrpepxv": -1.0, "lrredundpairs": 4.0064, "humanprotein_id": 6195, "vphfpdID": "005094.e91_166"}, {"lrredund": -1.0, "lrpepelmv": -1.0, "hphfpdID": "020221.e1_84", "pdbset": null, "lrpepxh": -1.0, "finallr": 185.0402, "lrpepelmh": -1.0, "template": "3j2p:DB(0.00,0.04,25/62,20,24)", "viralprotein_id": 18166, "lrsm": 119.2807, "id": 46820139, "lrpepxv": -1.0, "lrredundpairs": 1.5513, "humanprotein_id": 15466, "vphfpdID": "005094@3j2p_B.2"}, {"lrredund": 20.9141, "lrpepelmv": -1.0, "hphfpdID": "000172.d365_549", "pdbset": null, "lrpepxh": -1.0, "finallr": 115.0004, "lrpepelmh": -1.0, "template": "3j27:FD(0.03,0.18,29/63,19,22)", "viralprotein_id": 18166, "lrsm": 5.4987, "id": 46820659, "lrpepxv": -1.0, "lrredundpairs": 1.1877, "humanprotein_id": 2981, "vphfpdID": "005094@3j2p_B.2"}, {"lrredund": 20.9141, "lrpepelmv": 4.1867, "hphfpdID": "001509.e418_498", "pdbset": null, "lrpepxh": -1.0, "finallr": 171.6559, "lrpepelmh": -1.0, "template": "1nvo:AB(0.41,0.17,118/157,45,51)", "viralprotein_id": 18166, "lrsm": 8.2077, "id": 46822011, "lrpepxv": -1.0, "lrredundpairs": 1.5513, "humanprotein_id": 2598, "vphfpdID": "005094@3j2p_B.2"}, {"lrredund": 20.9141, "lrpepelmv": -1.0, "hphfpdID": "007744.d1_434", "pdbset": null, "lrpepxh": -1.0, "finallr": 250.8713, "lrpepelmh": -1.0, "template": "2qwr:BA(0.25,0.04,36/45,23,25)", "viralprotein_id": 18166, "lrsm": 11.9953, "id": 46822625, "lrpepxv": -1.0, "lrredundpairs": 1.373, "humanprotein_id": 4876, "vphfpdID": "005094@3j2p_B.2"}, {"lrredund": 1.2535, "lrpepelmv": -1.0, "hphfpdID": "017520.d607_759", "pdbset": null, "lrpepxh": -1.0, "finallr": 124.3505, "lrpepelmh": -1.0, "template": "3j2p:DB(0.00,0.08,23/62,16,21)", "viralprotein_id": 18166, "lrsm": 99.2027, "id": 46823738, "lrpepxv": -1.0, "lrredundpairs": 1.0145, "humanprotein_id": 19606, "vphfpdID": "005094.e91_166"}, {"lrredund": 20.9141, "lrpepelmv": 107.1532, "hphfpdID": "000007", "pdbset": null, "lrpepxh": -1.0, "finallr": 2241.013, "lrpepelmh": -1.0, "template": "1nvo:AB(0.41,0.51,115/157,42,49)", "viralprotein_id": 18166, "lrsm": 4.5712, "id": 46823741, "lrpepxv": -1.0, "lrredundpairs": 1.1877, "humanprotein_id": 6393, "vphfpdID": "005094@3j2p_B.2"}, {"lrredund": 0.9127, "lrpepelmv": -1.0, "hphfpdID": "013161.e1_297", "pdbset": null, "lrpepxh": -1.0, "finallr": 108.8675, "lrpepelmh": -1.0, "template": "3j27:DF(0.03,0.07,30/63,18,10)", "viralprotein_id": 18166, "lrsm": 119.2807, "id": 46824309, "lrpepxv": -1.0, "lrredundpairs": 0.5125, "humanprotein_id": 8104, "vphfpdID": "005094.e91_166"}, {"lrredund": 20.9141, "lrpepelmv": -1.0, "hphfpdID": "011519.g120_294", "pdbset": null, "lrpepxh": -1.0, "finallr": 132.5129, "lrpepelmh": -1.0, "template": "2lo0:BA(0.20,0.49,125/165,48,92)", "viralprotein_id": 18166, "lrsm": 6.3361, "id": 46824503, "lrpepxv": -1.0, "lrredundpairs": -1.0, "humanprotein_id": 3074, "vphfpdID": "005094.e91_166"}, {"lrredund": -1.0, "lrpepelmv": -1.0, "hphfpdID": "015375", "pdbset": null, "lrpepxh": -1.0, "finallr": 116.6671, "lrpepelmh": -1.0, "template": "3bq7:CF(0.32,0.07,60/89,41,58)", "viralprotein_id": 18166, "lrsm": 84.9724, "id": 46824665, "lrpepxv": -1.0, "lrredundpairs": 1.373, "humanprotein_id": 10185, "vphfpdID": "005094@3j2p_B.2"}, {"lrredund": 20.9141, "lrpepelmv": -1.0, "hphfpdID": "016615.d83_292", "pdbset": null, "lrpepxh": -1.0, "finallr": 899.6669, "lrpepelmh": -1.0, "template": "3j27:FD(0.03,0.11,30/63,21,27)", "viralprotein_id": 18166, "lrsm": 43.0172, "id": 46825023, "lrpepxv": -1.0, "lrredundpairs": -1.0, "humanprotein_id": 5095, "vphfpdID": "005094@3j2p_B.2"}, {"lrredund": 21.3884, "lrpepelmv": -1.0, "hphfpdID": "017046.d486_635", "pdbset": null, "lrpepxh": -1.0, "finallr": 393.8285, "lrpepelmh": -1.0, "template": "3dhw:AC(0.42,0.17,61/76,41,54)", "viralprotein_id": 18166, "lrsm": 18.4132, "id": 46826010, "lrpepxv": -1.0, "lrredundpairs": 0.7707, "humanprotein_id": 6818, "vphfpdID": "005094@3j2p_B.2"}, {"lrredund": 4.0064, "lrpepelmv": 107.1532, "hphfpdID": "000001", "pdbset": null, "lrpepxh": -1.0, "finallr": 429.2986, "lrpepelmh": -1.0, "template": "", "viralprotein_id": 18166, "lrsm": -1.0, "id": 46826442, "lrpepxv": -1.0, "lrredundpairs": 1.373, "humanprotein_id": 4793, "vphfpdID": "005094@3c6e_C.1"}, {"lrredund": 20.9141, "lrpepelmv": -1.0, "hphfpdID": "004076.d108_222", "pdbset": null, "lrpepxh": -1.0, "finallr": 113.7978, "lrpepelmh": -1.0, "template": "1nvo:BA(0.42,0.29,100/157,43,78)", "viralprotein_id": 18166, "lrsm": 5.4412, "id": 46826701, "lrpepxv": -1.0, "lrredundpairs": -1.0, "humanprotein_id": 4894, "vphfpdID": "005094@3j2p_B.2"}, {"lrredund": 20.9141, "lrpepelmv": -1.0, "hphfpdID": "007747", "pdbset": null, "lrpepxh": -1.0, "finallr": 115.0004, "lrpepelmh": -1.0, "template": "2qwp:BA(0.26,0.07,23/43,16,20)", "viralprotein_id": 18166, "lrsm": 5.4987, "id": 46826706, "lrpepxv": -1.0, "lrredundpairs": 1.1877, "humanprotein_id": 3627, "vphfpdID": "005094@3j2p_B.2"}, {"lrredund": 20.9141, "lrpepelmv": -1.0, "hphfpdID": "007197", "pdbset": null, "lrpepxh": -1.0, "finallr": 163.0298, "lrpepelmh": -1.0, "template": "2qwq:BA(0.25,0.06,32/43,21,23)", "viralprotein_id": 18166, "lrsm": 7.7952, "id": 46828403, "lrpepxv": -1.0, "lrredundpairs": 20.9141, "humanprotein_id": 3620, "vphfpdID": "005094.e91_166"}, {"lrredund": 2.409, "lrpepelmv": 107.1532, "hphfpdID": "000003", "pdbset": null, "lrpepxh": -1.0, "finallr": 258.1321, "lrpepelmh": -1.0, "template": "2rld:AC(0.35,0.25,1/69,2,1)", "viralprotein_id": 18166, "lrsm": 1.8315, "id": 46830461, "lrpepxv": -1.0, "lrredundpairs": 1.373, "humanprotein_id": 6857, "vphfpdID": "005094@3j2p_B.2"}, {"lrredund": 0.9127, "lrpepelmv": -1.0, "hphfpdID": "016614.d75_283", "pdbset": null, "lrpepxh": -1.0, "finallr": 108.8675, "lrpepelmh": -1.0, "template": "3j2p:DB(0.00,0.08,25/62,17,15)", "viralprotein_id": 18166, "lrsm": 119.2807, "id": 46830566, "lrpepxv": -1.0, "lrredundpairs": 0.7707, "humanprotein_id": 5747, "vphfpdID": "005094.e91_166"}, {"lrredund": 20.9141, "lrpepelmv": 14.0845, "hphfpdID": "016615", "pdbset": null, "lrpepxh": -1.0, "finallr": 294.5643, "lrpepelmh": -1.0, "template": "", "viralprotein_id": 18156, "lrsm": -1.0, "id": 26102795, "lrpepxv": -1.0, "lrredundpairs": -1.0, "humanprotein_id": 5095, "vphfpdID": "005084@2ggv_A.5"}, {"lrredund": 20.9141, "lrpepelmv": 7.4157, "hphfpdID": "005478.e180_309", "pdbset": null, "lrpepxh": -1.0, "finallr": 155.0917, "lrpepelmh": -1.0, "template": "1ad9:BL(0.37,0.56,4/8,3,2)", "viralprotein_id": 18156, "lrsm": 1.2265, "id": 26107053, "lrpepxv": -1.0, "lrredundpairs": 0.7707, "humanprotein_id": 2880, "vphfpdID": "005084@2ggv_A.5"}, {"lrredund": 20.9141, "lrpepelmv": 14.0845, "hphfpdID": "016613.e316_567", "pdbset": null, "lrpepxh": -1.0, "finallr": 294.5643, "lrpepelmh": -1.0, "template": "3k2m:AC(0.58,0.60,22/22,5,0)", "viralprotein_id": 18156, "lrsm": 1.2704, "id": 26107211, "lrpepxv": -1.0, "lrredundpairs": -1.0, "humanprotein_id": 5161, "vphfpdID": "005084@2ggv_A.5"}, {"lrredund": 20.9141, "lrpepelmv": 14.0845, "hphfpdID": "007144", "pdbset": null, "lrpepxh": -1.0, "finallr": 294.5643, "lrpepelmh": -1.0, "template": "1x27:DF(0.53,0.06,36/76,19,19)", "viralprotein_id": 18156, "lrsm": 2.2022, "id": 26110090, "lrpepxv": -1.0, "lrredundpairs": 0.7707, "humanprotein_id": 6385, "vphfpdID": "005084@2ggv_A.5"}, {"lrredund": 20.9141, "lrpepelmv": 14.0845, "hphfpdID": "016466.e85_146", "pdbset": null, "lrpepxh": -1.0, "finallr": 294.5643, "lrpepelmh": -1.0, "template": "1x27:BC(0.49,0.02,35/78,21,21)", "viralprotein_id": 18156, "lrsm": 3.1219, "id": 26110797, "lrpepxv": -1.0, "lrredundpairs": 1.373, "humanprotein_id": 3727, "vphfpdID": "005084@2ggv_A.5"}, {"lrredund": 20.9141, "lrpepelmv": -1.0, "hphfpdID": "005354.e1664_1728", "pdbset": null, "lrpepxh": -1.0, "finallr": 157.6094, "lrpepelmh": -1.0, "template": "2ggv:AB(0.01,0.36,73/265,38,52)", "viralprotein_id": 18156, "lrsm": 7.536, "id": 26113647, "lrpepxv": -1.0, "lrredundpairs": -1.0, "humanprotein_id": 7033, "vphfpdID": "005084@2ggv_A.5"}, {"lrredund": 21.3884, "lrpepelmv": 6.3442, "hphfpdID": "001349.d2679_3055", "pdbset": null, "lrpepxh": -1.0, "finallr": 135.6925, "lrpepelmh": -1.0, "template": "2y3a:BA(0.47,0.08,1/267,1,0)", "viralprotein_id": 18162, "lrsm": 1.8315, "id": 30890553, "lrpepxv": -1.0, "lrredundpairs": -1.0, "humanprotein_id": 7312, "vphfpdID": "005090.g465_618@2vbc_A.4"}, {"lrredund": 21.3884, "lrpepelmv": -1.0, "hphfpdID": "011519", "pdbset": null, "lrpepxh": -1.0, "finallr": 230.863, "lrpepelmh": -1.0, "template": "2xpj:BC(0.45,0.53,50/320,43,48)", "viralprotein_id": 18162, "lrsm": 10.7938, "id": 30890732, "lrpepxv": -1.0, "lrredundpairs": -1.0, "humanprotein_id": 3074, "vphfpdID": "005090.d102_159@2m9q_A.5"}, {"lrredund": 21.3884, "lrpepelmv": 15.0122, "hphfpdID": "008378.d463_902", "pdbset": null, "lrpepxh": -1.0, "finallr": 321.0861, "lrpepelmh": -1.0, "template": "4ksn:DC(0.36,0.42,77/127,25,20)", "viralprotein_id": 18162, "lrsm": 2.0611, "id": 30891208, "lrpepxv": -1.0, "lrredundpairs": -1.0, "humanprotein_id": 3758, "vphfpdID": "005090.e1_181@2wzq_A.3"}, {"lrredund": 21.3884, "lrpepelmv": -1.0, "hphfpdID": "005354.g1197_1305", "pdbset": null, "lrpepxh": -1.0, "finallr": 116.3786, "lrpepelmh": -1.0, "template": "2ggv:BA(0.17,0.59,106/265,44,53)", "viralprotein_id": 18162, "lrsm": 5.4412, "id": 30891386, "lrpepxv": -1.0, "lrredundpairs": -1.0, "humanprotein_id": 7033, "vphfpdID": "005090.e1_181@2whx_A.2"}, {"lrredund": 19.2898, "lrpepelmv": -1.0, "hphfpdID": "016730", "pdbset": null, "lrpepxh": -1.0, "finallr": 365.6031, "lrpepelmh": -1.0, "template": "1v1o:AB(0.56,0.39,55/136,41,53)", "viralprotein_id": 18162, "lrsm": 18.9532, "id": 30891504, "lrpepxv": -1.0, "lrredundpairs": 19.2898, "humanprotein_id": 6290, "vphfpdID": "005090.d102_159@3u1j_B.6"}, {"lrredund": 19.2898, "lrpepelmv": -1.0, "hphfpdID": "016729", "pdbset": null, "lrpepxh": -1.0, "finallr": 347.015, "lrpepelmh": -1.0, "template": "1v1o:AB(0.56,0.58,56/136,41,53)", "viralprotein_id": 18162, "lrsm": 17.9896, "id": 30891580, "lrpepxv": -1.0, "lrredundpairs": 0.7707, "humanprotein_id": 6415, "vphfpdID": "005090.d102_159@3u1j_B.6"}, {"lrredund": 19.2898, "lrpepelmv": 96.2413, "hphfpdID": "000007", "pdbset": null, "lrpepxh": -1.0, "finallr": 1856.474, "lrpepelmh": -1.0, "template": "3rbc:WR(0.51,0.49,17/106,8,8)", "viralprotein_id": 18162, "lrsm": 1.02, "id": 30891647, "lrpepxv": -1.0, "lrredundpairs": 0.7707, "humanprotein_id": 6393, "vphfpdID": "005090.g465_618@2jls_A.1"}, {"lrredund": 21.3884, "lrpepelmv": 5.8994, "hphfpdID": "004076.d589_668", "pdbset": null, "lrpepxh": -1.0, "finallr": 126.1797, "lrpepelmh": -1.0, "template": "4h6i:BA(0.55,0.32,1/1,0,0)", "viralprotein_id": 18162, "lrsm": 1.3385, "id": 30892598, "lrpepxv": -1.0, "lrredundpairs": -1.0, "humanprotein_id": 4894, "vphfpdID": "005090.g465_618@2jlw_A.2"}, {"lrredund": 21.3884, "lrpepelmv": -1.0, "hphfpdID": "017281.d481_584", "pdbset": null, "lrpepxh": -1.0, "finallr": 155.1801, "lrpepelmh": -1.0, "template": "1gtv:BA(0.55,0.51,649/3064,54,28)", "viralprotein_id": 18162, "lrsm": 7.2553, "id": 30893080, "lrpepxv": -1.0, "lrredundpairs": -1.0, "humanprotein_id": 5906, "vphfpdID": "005090.e168_354@2whx_A.1"}, {"lrredund": 21.3884, "lrpepelmv": 14.0867, "hphfpdID": "016615.d83_292", "pdbset": null, "lrpepxh": -1.0, "finallr": 301.2919, "lrpepelmh": -1.0, "template": "3pev:AB(0.41,0.55,26/180,8,0)", "viralprotein_id": 18162, "lrsm": 1.02, "id": 30893815, "lrpepxv": -1.0, "lrredundpairs": -1.0, "humanprotein_id": 5095, "vphfpdID": "005090@2vbc_A.1"}, {"lrredund": 20.9141, "lrpepelmv": -1.0, "hphfpdID": "018500.d533_608", "pdbset": null, "lrpepxh": -1.0, "finallr": 163.0298, "lrpepelmh": -1.0, "template": "3ptf:BD(0.28,0.02,34/68,22,32)", "viralprotein_id": 18162, "lrsm": 7.7952, "id": 30893914, "lrpepxv": -1.0, "lrredundpairs": 0.7707, "humanprotein_id": 3463, "vphfpdID": "005090.d102_159@3lkw_A.9"}, {"lrredund": 4.2492, "lrpepelmv": -1.0, "hphfpdID": "006463.e153_335", "pdbset": null, "lrpepxh": -1.0, "finallr": 205.6264, "lrpepelmh": -1.0, "template": "1i32:CB(0.36,0.03,51/226,41,48)", "viralprotein_id": 18162, "lrsm": 48.3918, "id": 30894124, "lrpepxv": -1.0, "lrredundpairs": -1.0, "humanprotein_id": 2943, "vphfpdID": "005090.d102_159@2m9q_A.5"}, {"lrredund": 4.2492, "lrpepelmv": 96.2413, "hphfpdID": "000004", "pdbset": null, "lrpepxh": -1.0, "finallr": 408.9483, "lrpepelmh": -1.0, "template": "4hwc:EC(0.59,0.47,20/23,12,6)", "viralprotein_id": 18162, "lrsm": 1.2704, "id": 30894197, "lrpepxv": -1.0, "lrredundpairs": 0.7707, "humanprotein_id": 6298, "vphfpdID": "005090.g465_618@2jlw_A.2"}, {"lrredund": 21.3884, "lrpepelmv": 14.0867, "hphfpdID": "016613.e316_567", "pdbset": null, "lrpepxh": -1.0, "finallr": 301.2919, "lrpepelmh": -1.0, "template": "2r0k:AH(0.45,0.43,26/107,21,18)", "viralprotein_id": 18162, "lrsm": 1.5568, "id": 30895114, "lrpepxv": -1.0, "lrredundpairs": -1.0, "humanprotein_id": 5161, "vphfpdID": "005090.e1_181@2whx_A.2"}, {"lrredund": 21.3884, "lrpepelmv": -1.0, "hphfpdID": "013900", "pdbset": null, "lrpepxh": -1.0, "finallr": 108.061, "lrpepelmh": -1.0, "template": "1dck:BA(0.59,0.49,131/164,42,30)", "viralprotein_id": 18162, "lrsm": 5.0523, "id": 30895462, "lrpepxv": -1.0, "lrredundpairs": -1.0, "humanprotein_id": 4285, "vphfpdID": "005090.e326_464@2jls_A.5"}, {"lrredund": 0.5125, "lrpepelmv": -1.0, "hphfpdID": "000708.e187_284", "pdbset": null, "lrpepxh": -1.0, "finallr": 130.0295, "lrpepelmh": -1.0, "template": "3u1j:BE(0.18,0.01,86/86,41,65)", "viralprotein_id": 18162, "lrsm": 253.7161, "id": 30897120, "lrpepxv": -1.0, "lrredundpairs": -1.0, "humanprotein_id": 2858, "vphfpdID": "005090.e1_181@2whx_A.2"}, {"lrredund": 21.3884, "lrpepelmv": -1.0, "hphfpdID": "001154.e1_193", "pdbset": null, "lrpepxh": -1.0, "finallr": 140.3079, "lrpepelmh": -1.0, "template": "1b2u:FC(0.54,0.44,5/74,2,0)", "viralprotein_id": 18162, "lrsm": 1.02, "id": 30897326, "lrpepxv": 6.56, "lrredundpairs": -1.0, "humanprotein_id": 4803, "vphfpdID": "005090@5gjb_A.12"}, {"lrredund": 21.3884, "lrpepelmv": -1.0, "hphfpdID": "001751.e1650_1757", "pdbset": null, "lrpepxh": -1.0, "finallr": 116.139, "lrpepelmh": -1.0, "template": "1t2v:AD(0.55,0.02,62/62,21,13)", "viralprotein_id": 18162, "lrsm": 4.4478, "id": 30898638, "lrpepxv": 5.43, "lrredundpairs": -1.0, "humanprotein_id": 5041, "vphfpdID": "005090.e168_354@2wzq_A.3"}, {"lrredund": 20.9141, "lrpepelmv": -1.0, "hphfpdID": "006178.e810_907", "pdbset": null, "lrpepxh": -1.0, "finallr": 376.2355, "lrpepelmh": -1.0, "template": "1wlk:BA(0.55,0.60,58/128,42,51)", "viralprotein_id": 18162, "lrsm": 17.9896, "id": 30900188, "lrpepxv": -1.0, "lrredundpairs": -1.0, "humanprotein_id": 2856, "vphfpdID": "005090.d102_159@4m9m_A.4"}, {"lrredund": 15.8699, "lrpepelmv": 96.2413, "hphfpdID": "000006", "pdbset": null, "lrpepxh": -1.0, "finallr": 1527.339, "lrpepelmh": -1.0, "template": "2wwv:DC(0.59,0.38,33/66,9,2)", "viralprotein_id": 18162, "lrsm": 1.2265, "id": 30900378, "lrpepxv": -1.0, "lrredundpairs": -1.0, "humanprotein_id": 4514, "vphfpdID": "005090@5gjb_A.12"}, {"lrredund": 21.3884, "lrpepelmv": -1.0, "hphfpdID": "016448", "pdbset": null, "lrpepxh": -1.0, "finallr": 102.3562, "lrpepelmh": -1.0, "template": "1nei:BA(0.53,0.40,128/209,17,7)", "viralprotein_id": 18162, "lrsm": 4.7856, "id": 30900409, "lrpepxv": -1.0, "lrredundpairs": 0.7707, "humanprotein_id": 7393, "vphfpdID": "005090.g465_618@2jlr_A.7"}, {"lrredund": 19.2898, "lrpepelmv": 14.0867, "hphfpdID": "007144.e151_217", "pdbset": null, "lrpepxh": -1.0, "finallr": 271.7296, "lrpepelmh": -1.0, "template": "4afq:BD(0.50,0.06,62/104,41,47)", "viralprotein_id": 18162, "lrsm": 8.2077, "id": 30900967, "lrpepxv": -1.0, "lrredundpairs": 19.2898, "humanprotein_id": 6385, "vphfpdID": "005090.e1_181@2whx_A.2"}, {"lrredund": 0.5125, "lrpepelmv": -1.0, "hphfpdID": "016347.e1_130", "pdbset": null, "lrpepxh": -1.0, "finallr": 130.0295, "lrpepelmh": -1.0, "template": "2ijo:BI(0.18,0.01,88/88,41,67)", "viralprotein_id": 18162, "lrsm": 253.7161, "id": 30901014, "lrpepxv": -1.0, "lrredundpairs": 0.7707, "humanprotein_id": 1465, "vphfpdID": "005090.e1_181@2whx_A.2"}, {"lrredund": 19.2898, "lrpepelmv": -1.0, "hphfpdID": "018501.e80_165", "pdbset": null, "lrpepxh": -1.0, "finallr": 365.6031, "lrpepelmh": -1.0, "template": "1v1p:BA(0.54,0.40,59/128,42,57)", "viralprotein_id": 18162, "lrsm": 18.9532, "id": 30901711, "lrpepxv": -1.0, "lrredundpairs": 0.7707, "humanprotein_id": 1286, "vphfpdID": "005090.d102_159@3u1j_B.6"}, {"lrredund": 21.3884, "lrpepelmv": -1.0, "hphfpdID": "001509.e1_53", "pdbset": null, "lrpepxh": -1.0, "finallr": 261.0853, "lrpepelmh": -1.0, "template": "2dwv:BA(0.45,0.22,85/102,44,82)", "viralprotein_id": 18162, "lrsm": 12.2069, "id": 30902370, "lrpepxv": -1.0, "lrredundpairs": 0.7707, "humanprotein_id": 2598, "vphfpdID": "005090.d102_159@2m9q_A.5"}, {"lrredund": 21.3884, "lrpepelmv": -1.0, "hphfpdID": "014262.d1_78", "pdbset": null, "lrpepxh": -1.0, "finallr": 384.7679, "lrpepelmh": -1.0, "template": "1v1p:BA(0.54,0.53,59/128,41,56)", "viralprotein_id": 18162, "lrsm": 17.9896, "id": 30902407, "lrpepxv": -1.0, "lrredundpairs": -1.0, "humanprotein_id": 5865, "vphfpdID": "005090.d102_159@3u1j_B.6"}, {"lrredund": 21.3884, "lrpepelmv": -1.0, "hphfpdID": "005209.d106_189", "pdbset": null, "lrpepxh": -1.0, "finallr": 117.6084, "lrpepelmh": -1.0, "template": "2j0q:AD(0.31,0.06,5/11,4,0)", "viralprotein_id": 18162, "lrsm": 5.4987, "id": 30902521, "lrpepxv": -1.0, "lrredundpairs": 19.2898, "humanprotein_id": 8007, "vphfpdID": "005090.e326_464@2wzq_A.3"}, {"lrredund": 21.3884, "lrpepelmv": 14.0867, "hphfpdID": "016466.e142_262", "pdbset": null, "lrpepxh": -1.0, "finallr": 301.2919, "lrpepelmh": -1.0, "template": "1xbt:BA(0.43,0.36,3/71,3,0)", "viralprotein_id": 18162, "lrsm": 1.2142, "id": 30902565, "lrpepxv": -1.0, "lrredundpairs": 1.1877, "humanprotein_id": 3727, "vphfpdID": "005090.e168_354@2jlw_A.6"}, {"lrredund": 21.3884, "lrpepelmv": 96.2413, "hphfpdID": "000002", "pdbset": null, "lrpepxh": -1.0, "finallr": 2058.446, "lrpepelmh": -1.0, "template": "4e6k:GA(0.54,0.50,13/32,7,4)", "viralprotein_id": 18162, "lrsm": 1.1641, "id": 30902958, "lrpepxv": -1.0, "lrredundpairs": 0.7707, "humanprotein_id": 6315, "vphfpdID": "005090.g465_618@2jlq_A.3"}, {"lrredund": 21.3884, "lrpepelmv": -1.0, "hphfpdID": "000172.e295_362", "pdbset": null, "lrpepxh": -1.0, "finallr": 393.8285, "lrpepelmh": -1.0, "template": "2ijo:BI(0.18,0.31,82/88,41,64)", "viralprotein_id": 18162, "lrsm": 18.4132, "id": 30903431, "lrpepxv": -1.0, "lrredundpairs": -1.0, "humanprotein_id": 2981, "vphfpdID": "005090.e1_181@2whx_A.2"}, {"lrredund": 21.3884, "lrpepelmv": 4.3901, "hphfpdID": "003962.d92_178", "pdbset": null, "lrpepxh": -1.0, "finallr": 204.4193, "lrpepelmh": -1.0, "template": "2ggv:BA(0.08,0.50,151/265,47,77)", "viralprotein_id": 18162, "lrsm": 9.5575, "id": 30904115, "lrpepxv": -1.0, "lrredundpairs": 1.1877, "humanprotein_id": 6447, "vphfpdID": "005090.e1_181@2vbc_A.1"}, {"lrredund": 4.2492, "lrpepelmv": -1.0, "hphfpdID": "004471.d455_536", "pdbset": null, "lrpepxh": -1.0, "finallr": 107.2347, "lrpepelmh": -1.0, "template": "2jlz:BA(0.01,0.18,6/48,2,0)", "viralprotein_id": 18162, "lrsm": 25.2364, "id": 30905081, "lrpepxv": -1.0, "lrredundpairs": -1.0, "humanprotein_id": 998, "vphfpdID": "005090.e326_464@2jlw_A.7"}, {"lrredund": 2.0764, "lrpepelmv": 137.2032, "hphfpdID": "000005", "pdbset": null, "lrpepxh": -1.0, "finallr": 284.8889, "lrpepelmh": -1.0, "template": "", "viralprotein_id": 18155, "lrsm": -1.0, "id": 44870923, "lrpepxv": -1.0, "lrredundpairs": -1.0, "humanprotein_id": 4794, "vphfpdID": "005083"}, {"lrredund": -1.0, "lrpepelmv": 137.2032, "hphfpdID": "000006", "pdbset": null, "lrpepxh": -1.0, "finallr": 137.2032, "lrpepelmh": -1.0, "template": "", "viralprotein_id": 18155, "lrsm": -1.0, "id": 44873021, "lrpepxv": -1.0, "lrredundpairs": -1.0, "humanprotein_id": 4514, "vphfpdID": "005083"}, {"lrredund": -1.0, "lrpepelmv": 137.2032, "hphfpdID": "000001", "pdbset": null, "lrpepxh": -1.0, "finallr": 137.2032, "lrpepelmh": -1.0, "template": "", "viralprotein_id": 18155, "lrsm": -1.0, "id": 44873167, "lrpepxv": -1.0, "lrredundpairs": -1.0, "humanprotein_id": 4793, "vphfpdID": "005083"}, {"lrredund": -1.0, "lrpepelmv": 137.2032, "hphfpdID": "000004", "pdbset": null, "lrpepxh": -1.0, "finallr": 137.2032, "lrpepelmh": -1.0, "template": "", "viralprotein_id": 18155, "lrsm": -1.0, "id": 44873250, "lrpepxv": -1.0, "lrredundpairs": -1.0, "humanprotein_id": 6298, "vphfpdID": "005083"}, {"lrredund": -1.0, "lrpepelmv": 137.2032, "hphfpdID": "000003", "pdbset": null, "lrpepxh": -1.0, "finallr": 137.2032, "lrpepelmh": -1.0, "template": "", "viralprotein_id": 18155, "lrsm": -1.0, "id": 44874647, "lrpepxv": -1.0, "lrredundpairs": -1.0, "humanprotein_id": 6857, "vphfpdID": "005083"}, {"lrredund": -1.0, "lrpepelmv": 137.2032, "hphfpdID": "000007", "pdbset": null, "lrpepxh": -1.0, "finallr": 137.2032, "lrpepelmh": -1.0, "template": "", "viralprotein_id": 18155, "lrsm": -1.0, "id": 44874748, "lrpepxv": -1.0, "lrredundpairs": -1.0, "humanprotein_id": 6393, "vphfpdID": "005083"}, {"lrredund": -1.0, "lrpepelmv": 137.2032, "hphfpdID": "000002", "pdbset": null, "lrpepxh": -1.0, "finallr": 137.2032, "lrpepelmh": -1.0, "template": "", "viralprotein_id": 18155, "lrsm": -1.0, "id": 44875209, "lrpepxv": -1.0, "lrredundpairs": -1.0, "humanprotein_id": 6315, "vphfpdID": "005083"}, {"lrredund": 0.9127, "lrpepelmv": -1.0, "hphfpdID": "011060.d51_161", "pdbset": null, "lrpepxh": -1.0, "finallr": 108.8675, "lrpepelmh": -1.0, "template": "3uyp:BA(0.00,0.09,46/100,15,8)", "viralprotein_id": 18158, "lrsm": 119.2807, "id": 16510648, "lrpepxv": -1.0, "lrredundpairs": -1.0, "humanprotein_id": 1070, "vphfpdID": "005086@3uyp_B.7"}, {"lrredund": 1.7951, "lrpepelmv": -1.0, "hphfpdID": "004071.e1_152", "pdbset": null, "lrpepxh": -1.0, "finallr": 233.6683, "lrpepelmh": -1.0, "template": "4ala:CL(0.06,0.04,26/26,13,12)", "viralprotein_id": 18158, "lrsm": 130.17, "id": 16510766, "lrpepxv": -1.0, "lrredundpairs": -1.0, "humanprotein_id": 3946, "vphfpdID": "005086@5aam_C.4"}, {"lrredund": 20.9141, "lrpepelmv": -1.0, "hphfpdID": "010507.d93_206", "pdbset": null, "lrpepxh": -1.0, "finallr": 211.4847, "lrpepelmh": -1.0, "template": "1nvo:BA(0.32,0.39,127/157,42,52)", "viralprotein_id": 18158, "lrsm": 10.1121, "id": 16510789, "lrpepxv": -1.0, "lrredundpairs": 1.1877, "humanprotein_id": 4475, "vphfpdID": "005086.e394_495@5ire_A.1"}, {"lrredund": 21.3884, "lrpepelmv": 72.805, "hphfpdID": "000007", "pdbset": null, "lrpepxh": -1.0, "finallr": 1557.181, "lrpepelmh": -1.0, "template": "1upt:DB(0.58,0.45,60/71,23,7)", "viralprotein_id": 18158, "lrsm": 2.5395, "id": 16510962, "lrpepxv": -1.0, "lrredundpairs": 1.373, "humanprotein_id": 6393, "vphfpdID": "005086.e394_495@3j2p_A.2"}, {"lrredund": 1.7951, "lrpepelmv": -1.0, "hphfpdID": "004933", "pdbset": null, "lrpepxh": -1.0, "finallr": 111.8526, "lrpepelmh": -1.0, "template": "3uc0:BL(0.17,0.44,1/1,2,1)", "viralprotein_id": 18158, "lrsm": 1.5932, "id": 16511510, "lrpepxv": 62.31, "lrredundpairs": 1.5513, "humanprotein_id": 12551, "vphfpdID": "005086.e1_297"}, {"lrredund": -1.0, "lrpepelmv": -1.0, "hphfpdID": "010903.e1_178", "pdbset": null, "lrpepxh": -1.0, "finallr": 169.0977, "lrpepelmh": -1.0, "template": "3uyp:BA(0.00,0.09,55/100,22,8)", "viralprotein_id": 18158, "lrsm": 169.0977, "id": 16512003, "lrpepxv": -1.0, "lrredundpairs": -1.0, "humanprotein_id": 4444, "vphfpdID": "005086@3uyp_B.7"}, {"lrredund": -1.0, "lrpepelmv": -1.0, "hphfpdID": "008444.e1_115", "pdbset": null, "lrpepxh": -1.0, "finallr": 153.8931, "lrpepelmh": -1.0, "template": "3uaj:BD(0.01,0.09,1/28,1,0)", "viralprotein_id": 18158, "lrsm": 99.2027, "id": 16512039, "lrpepxv": 2.59, "lrredundpairs": 1.5513, "humanprotein_id": 16131, "vphfpdID": "005086.e1_297"}, {"lrredund": 0.9127, "lrpepelmv": -1.0, "hphfpdID": "013782", "pdbset": null, "lrpepxh": -1.0, "finallr": 138.1886, "lrpepelmh": -1.0, "template": "1avo:JL(0.05,0.01,33/127,21,21)", "viralprotein_id": 18158, "lrsm": 151.4063, "id": 16512177, "lrpepxv": -1.0, "lrredundpairs": 1.5513, "humanprotein_id": 6908, "vphfpdID": "005086.e394_495@5ire_A.1"}, {"lrredund": 3.124, "lrpepelmv": -1.0, "hphfpdID": "016486.d81_222", "pdbset": null, "lrpepxh": -1.0, "finallr": 194.6564, "lrpepelmh": -1.0, "template": "1auu:BA(0.51,0.21,75/104,21,23)", "viralprotein_id": 18158, "lrsm": 2.0611, "id": 16512203, "lrpepxv": 62.31, "lrredundpairs": 1.7812, "humanprotein_id": 6479, "vphfpdID": "005086.e1_297"}, {"lrredund": 1.7092, "lrpepelmv": -1.0, "hphfpdID": "017520.g760_840", "pdbset": null, "lrpepxh": -1.0, "finallr": 169.5572, "lrpepelmh": -1.0, "template": "2lfs:BA(0.08,0.02,7/284,5,2)", "viralprotein_id": 18158, "lrsm": 99.2027, "id": 16512212, "lrpepxv": -1.0, "lrredundpairs": 1.7092, "humanprotein_id": 19606, "vphfpdID": "005086.e394_495@5ire_A.1"}, {"lrredund": -1.0, "lrpepelmv": -1.0, "hphfpdID": "018932", "pdbset": null, "lrpepxh": -1.0, "finallr": 119.2807, "lrpepelmh": -1.0, "template": "3uyp:BA(0.00,0.09,56/100,17,12)", "viralprotein_id": 18158, "lrsm": 119.2807, "id": 16512311, "lrpepxv": -1.0, "lrredundpairs": -1.0, "humanprotein_id": 11673, "vphfpdID": "005086@3uyp_B.7"}, {"lrredund": 3.124, "lrpepelmv": 72.805, "hphfpdID": "000005", "pdbset": null, "lrpepxh": -1.0, "finallr": 227.4427, "lrpepelmh": -1.0, "template": "", "viralprotein_id": 18158, "lrsm": -1.0, "id": 16512477, "lrpepxv": 3.66, "lrredundpairs": 0.7707, "humanprotein_id": 4794, "vphfpdID": "005086@5b1c_A.6"}, {"lrredund": 20.9141, "lrpepelmv": 4.1867, "hphfpdID": "001509.e418_498", "pdbset": null, "lrpepxh": -1.0, "finallr": 113.7978, "lrpepelmh": -1.0, "template": "2kik:AB(0.49,0.25,108/144,44,51)", "viralprotein_id": 18158, "lrsm": 5.4412, "id": 16512836, "lrpepxv": -1.0, "lrredundpairs": 20.9141, "humanprotein_id": 2598, "vphfpdID": "005086.e394_495@3j2p_A.2"}, {"lrredund": 20.9141, "lrpepelmv": -1.0, "hphfpdID": "018800.e1_115", "pdbset": null, "lrpepxh": 2.59, "finallr": 527.7975, "lrpepelmh": -1.0, "template": "3uyp:BA(0.00,0.18,5/100,6,3)", "viralprotein_id": 18158, "lrsm": 25.2364, "id": 16512855, "lrpepxv": 2.59, "lrredundpairs": -1.0, "humanprotein_id": 4109, "vphfpdID": "005086@3uyp_B.7"}, {"lrredund": 20.9141, "lrpepelmv": 15.8041, "hphfpdID": "016613.e316_567", "pdbset": null, "lrpepxh": -1.0, "finallr": 330.5284, "lrpepelmh": -1.0, "template": "1f3d:JH(0.55,0.40,48/56,21,23)", "viralprotein_id": 18158, "lrsm": 2.6756, "id": 16512959, "lrpepxv": -1.0, "lrredundpairs": -1.0, "humanprotein_id": 5161, "vphfpdID": "005086@5aam_C.4"}, {"lrredund": 21.3884, "lrpepelmv": 9.677, "hphfpdID": "001751.e1650_1757", "pdbset": null, "lrpepxh": -1.0, "finallr": 206.9754, "lrpepelmh": -1.0, "template": "", "viralprotein_id": 18158, "lrsm": -1.0, "id": 16513079, "lrpepxv": -1.0, "lrredundpairs": -1.0, "humanprotein_id": 5041, "vphfpdID": "005086@3uaj_A.1"}, {"lrredund": 2.3588, "lrpepelmv": -1.0, "hphfpdID": "017834.e146_281", "pdbset": null, "lrpepxh": -1.0, "finallr": 146.9768, "lrpepelmh": -1.0, "template": "2ecs:AB(0.43,0.29,64/115,13,10)", "viralprotein_id": 18158, "lrsm": 1.8563, "id": 16513082, "lrpepxv": 62.31, "lrredundpairs": -1.0, "humanprotein_id": 5361, "vphfpdID": "005086@5aam_C.4"}, {"lrredund": 20.9141, "lrpepelmv": 8.2623, "hphfpdID": "001060.d472_611", "pdbset": null, "lrpepxh": 3.66, "finallr": 172.7992, "lrpepelmh": -1.0, "template": "", "viralprotein_id": 18158, "lrsm": -1.0, "id": 16513524, "lrpepxv": -1.0, "lrredundpairs": 0.7707, "humanprotein_id": 17652, "vphfpdID": "005086@3we1_A.5"}, {"lrredund": 1.7951, "lrpepelmv": -1.0, "hphfpdID": "015809.e1_144", "pdbset": null, "lrpepxh": -1.0, "finallr": 214.1208, "lrpepelmh": -1.0, "template": "3uaj:BD(0.01,0.06,17/28,11,9)", "viralprotein_id": 18158, "lrsm": 119.2807, "id": 16514203, "lrpepxv": 3.84, "lrredundpairs": 1.5513, "humanprotein_id": 6462, "vphfpdID": "005086.e1_297"}, {"lrredund": 2.409, "lrpepelmv": -1.0, "hphfpdID": "013789", "pdbset": null, "lrpepxh": -1.0, "finallr": 238.9792, "lrpepelmh": -1.0, "template": "1avo:NB(0.06,0.02,23/125,15,14)", "viralprotein_id": 18158, "lrsm": 99.2027, "id": 16514329, "lrpepxv": -1.0, "lrredundpairs": 1.5513, "humanprotein_id": 6243, "vphfpdID": "005086.e394_495@5ire_A.1"}, {"lrredund": 20.9141, "lrpepelmv": -1.0, "hphfpdID": "018501", "pdbset": null, "lrpepxh": -1.0, "finallr": 250.8713, "lrpepelmh": -1.0, "template": "2zvo:BA(0.20,0.10,34/42,22,28)", "viralprotein_id": 18158, "lrsm": 11.9953, "id": 16514544, "lrpepxv": -1.0, "lrredundpairs": 20.9141, "humanprotein_id": 1286, "vphfpdID": "005086.e394_495@3j2p_A.2"}, {"lrredund": 21.3884, "lrpepelmv": -1.0, "hphfpdID": "004138", "pdbset": null, "lrpepxh": -1.0, "finallr": 140.3079, "lrpepelmh": -1.0, "template": "", "viralprotein_id": 18158, "lrsm": -1.0, "id": 16514707, "lrpepxv": 6.56, "lrredundpairs": 0.7707, "humanprotein_id": 7446, "vphfpdID": "005086.e297_398"}, {"lrredund": 20.9141, "lrpepelmv": 9.3373, "hphfpdID": "001349.d2715_2964", "pdbset": null, "lrpepxh": -1.0, "finallr": 195.2815, "lrpepelmh": -1.0, "template": "", "viralprotein_id": 18158, "lrsm": -1.0, "id": 16514902, "lrpepxv": 2.59, "lrredundpairs": -1.0, "humanprotein_id": 7312, "vphfpdID": "005086@5b1c_A.6"}, {"lrredund": -1.0, "lrpepelmv": -1.0, "hphfpdID": "018366", "pdbset": null, "lrpepxh": -1.0, "finallr": 260.2086, "lrpepelmh": -1.0, "template": "3uaj:BD(0.01,0.04,28/28,21,22)", "viralprotein_id": 18158, "lrsm": 260.2086, "id": 16515274, "lrpepxv": -1.0, "lrredundpairs": -1.0, "humanprotein_id": 2895, "vphfpdID": "005086@3uaj_A.1"}, {"lrredund": -1.0, "lrpepelmv": -1.0, "hphfpdID": "007679.d53_160", "pdbset": null, "lrpepxh": -1.0, "finallr": 169.0977, "lrpepelmh": -1.0, "template": "3uaj:AH(0.00,0.10,39/66,26,28)", "viralprotein_id": 18158, "lrsm": 169.0977, "id": 16515600, "lrpepxv": -1.0, "lrredundpairs": -1.0, "humanprotein_id": 3616, "vphfpdID": "005086@3uaj_A.1"}, {"lrredund": 21.3884, "lrpepelmv": -1.0, "hphfpdID": "016615.d83_292", "pdbset": null, "lrpepxh": -1.0, "finallr": 539.7672, "lrpepelmh": -1.0, "template": "4gjw:AB(0.10,0.09,2/32,4,2)", "viralprotein_id": 18158, "lrsm": 25.2364, "id": 16515611, "lrpepxv": -1.0, "lrredundpairs": -1.0, "humanprotein_id": 5095, "vphfpdID": "005086.e394_495@5ire_A.1"}, {"lrredund": 1.7092, "lrpepelmv": -1.0, "hphfpdID": "006230", "pdbset": null, "lrpepxh": -1.0, "finallr": 106.5002, "lrpepelmh": -1.0, "template": "4nee:IG(0.53,0.46,11/249,6,1)", "viralprotein_id": 18158, "lrsm": 1.02, "id": 16515689, "lrpepxv": 62.31, "lrredundpairs": 1.1877, "humanprotein_id": 2506, "vphfpdID": "005086.e1_297"}, {"lrredund": -1.0, "lrpepelmv": -1.0, "hphfpdID": "010813.d72_137", "pdbset": null, "lrpepxh": -1.0, "finallr": 119.2807, "lrpepelmh": -1.0, "template": "4am0:SA(0.05,0.03,22/33,16,19)", "viralprotein_id": 18158, "lrsm": 119.2807, "id": 16515793, "lrpepxv": -1.0, "lrredundpairs": -1.0, "humanprotein_id": 15815, "vphfpdID": "005086@3uaj_A.1"}, {"lrredund": -1.0, "lrpepelmv": -1.0, "hphfpdID": "011533.e222_333", "pdbset": null, "lrpepxh": -1.0, "finallr": 119.2807, "lrpepelmh": -1.0, "template": "3uaj:AL(0.00,0.10,20/26,17,18)", "viralprotein_id": 18158, "lrsm": 119.2807, "id": 16516053, "lrpepxv": -1.0, "lrredundpairs": -1.0, "humanprotein_id": 19842, "vphfpdID": "005086@3uaj_A.1"}, {"lrredund": 3.124, "lrpepelmv": -1.0, "hphfpdID": "002604.e1_122", "pdbset": null, "lrpepxh": -1.0, "finallr": 372.633, "lrpepelmh": -1.0, "template": "3uaj:AL(0.00,0.10,16/26,10,8)", "viralprotein_id": 18158, "lrsm": 119.2807, "id": 16516230, "lrpepxv": -1.0, "lrredundpairs": 1.373, "humanprotein_id": 2803, "vphfpdID": "005086.e1_297"}, {"lrredund": -1.0, "lrpepelmv": -1.0, "hphfpdID": "015901.e150_263", "pdbset": null, "lrpepxh": -1.0, "finallr": 163.7724, "lrpepelmh": -1.0, "template": "3uaj:BD(0.01,0.08,17/28,11,9)", "viralprotein_id": 18158, "lrsm": 119.2807, "id": 16516231, "lrpepxv": -1.0, "lrredundpairs": 1.373, "humanprotein_id": 9004, "vphfpdID": "005086.e1_297"}, {"lrredund": 4.2492, "lrpepelmv": 72.805, "hphfpdID": "000004", "pdbset": null, "lrpepxh": -1.0, "finallr": 309.3629, "lrpepelmh": -1.0, "template": "", "viralprotein_id": 18158, "lrsm": -1.0, "id": 16516255, "lrpepxv": -1.0, "lrredundpairs": -1.0, "humanprotein_id": 6298, "vphfpdID": "005086@3uaj_A.1"}, {"lrredund": 20.9141, "lrpepelmv": -1.0, "hphfpdID": "013775.g545_601", "pdbset": null, "lrpepxh": -1.0, "finallr": 111.3247, "lrpepelmh": -1.0, "template": "1y74:DA(0.51,0.41,153/209,43,28)", "viralprotein_id": 18158, "lrsm": 5.323, "id": 16516271, "lrpepxv": -1.0, "lrredundpairs": -1.0, "humanprotein_id": 15519, "vphfpdID": "005086.e394_495@3j2p_A.2"}, {"lrredund": 20.9141, "lrpepelmv": -1.0, "hphfpdID": "005567.d9_86", "pdbset": null, "lrpepxh": -1.0, "finallr": 115.0004, "lrpepelmh": -1.0, "template": "2zvo:BA(0.20,0.13,25/42,17,18)", "viralprotein_id": 18158, "lrsm": 5.4987, "id": 16516354, "lrpepxv": -1.0, "lrredundpairs": 20.9141, "humanprotein_id": 3874, "vphfpdID": "005086.e394_495@3j2p_A.2"}, {"lrredund": 20.9141, "lrpepelmv": -1.0, "hphfpdID": "007747", "pdbset": null, "lrpepxh": -1.0, "finallr": 163.0298, "lrpepelmh": -1.0, "template": "3ldq:BA(0.28,0.02,52/80,35,42)", "viralprotein_id": 18158, "lrsm": 7.7952, "id": 16516830, "lrpepxv": -1.0, "lrredundpairs": 20.9141, "humanprotein_id": 3627, "vphfpdID": "005086.e394_495@5ire_A.1"}, {"lrredund": 3.124, "lrpepelmv": -1.0, "hphfpdID": "005933.d914_1052", "pdbset": null, "lrpepxh": -1.0, "finallr": 309.9091, "lrpepelmh": -1.0, "template": "2lfs:BA(0.08,0.02,8/284,10,8)", "viralprotein_id": 18158, "lrsm": 99.2027, "id": 16516922, "lrpepxv": -1.0, "lrredundpairs": 1.5513, "humanprotein_id": 6869, "vphfpdID": "005086.e394_495@5ire_A.1"}, {"lrredund": 2.409, "lrpepelmv": -1.0, "hphfpdID": "008837.e1_127", "pdbset": null, "lrpepxh": -1.0, "finallr": 103.6285, "lrpepelmh": -1.0, "template": "3uyp:BA(0.02,0.17,44/100,24,24)", "viralprotein_id": 18158, "lrsm": 43.0172, "id": 16517006, "lrpepxv": -1.0, "lrredundpairs": -1.0, "humanprotein_id": 5254, "vphfpdID": "005086@5aam_C.4"}, {"lrredund": 0.9127, "lrpepelmv": -1.0, "hphfpdID": "013785.e68_239", "pdbset": null, "lrpepxh": -1.0, "finallr": 138.1886, "lrpepelmh": -1.0, "template": "1avo:JL(0.05,0.00,33/127,23,23)", "viralprotein_id": 18158, "lrsm": 151.4063, "id": 16517077, "lrpepxv": -1.0, "lrredundpairs": 1.5513, "humanprotein_id": 19005, "vphfpdID": "005086.e394_495@5ire_A.1"}, {"lrredund": -1.0, "lrpepelmv": -1.0, "hphfpdID": "015502", "pdbset": null, "lrpepxh": -1.0, "finallr": 102.6886, "lrpepelmh": -1.0, "template": "3uaj:AH(0.00,0.17,54/66,29,33)", "viralprotein_id": 18158, "lrsm": 66.1952, "id": 16517132, "lrpepxv": -1.0, "lrredundpairs": 1.5513, "humanprotein_id": 18105, "vphfpdID": "005086.e1_297"}, {"lrredund": -1.0, "lrpepelmv": -1.0, "hphfpdID": "000968.d76_219", "pdbset": null, "lrpepxh": -1.0, "finallr": 136.2052, "lrpepelmh": -1.0, "template": "2lfs:BA(0.08,0.01,7/284,9,7)", "viralprotein_id": 18158, "lrsm": 99.2027, "id": 16517316, "lrpepxv": -1.0, "lrredundpairs": 1.373, "humanprotein_id": 3064, "vphfpdID": "005086.e394_495@5ire_A.1"}, {"lrredund": 21.3884, "lrpepelmv": -1.0, "hphfpdID": "005354.d1990_2099", "pdbset": null, "lrpepxh": -1.0, "finallr": 194.6095, "lrpepelmh": -1.0, "template": "1cwq:AB(0.29,0.32,255/3617,48,170)", "viralprotein_id": 18158, "lrsm": 9.0988, "id": 16517651, "lrpepxv": -1.0, "lrredundpairs": -1.0, "humanprotein_id": 7033, "vphfpdID": "005086.e394_495@3j2p_A.2"}, {"lrredund": 3.124, "lrpepelmv": 72.805, "hphfpdID": "000003", "pdbset": null, "lrpepxh": -1.0, "finallr": 227.4427, "lrpepelmh": -1.0, "template": "", "viralprotein_id": 18158, "lrsm": -1.0, "id": 16517772, "lrpepxv": 3.66, "lrredundpairs": 1.373, "humanprotein_id": 6857, "vphfpdID": "005086@3we1_A.5"}, {"lrredund": 20.9141, "lrpepelmv": 15.8041, "hphfpdID": "016466.e142_262", "pdbset": null, "lrpepxh": 3.51, "finallr": 330.5284, "lrpepelmh": -1.0, "template": "3t04:DA(0.43,0.08,68/148,18,3)", "viralprotein_id": 18158, "lrsm": 2.8001, "id": 16517844, "lrpepxv": -1.0, "lrredundpairs": -1.0, "humanprotein_id": 3727, "vphfpdID": "005086@3uyp_B.7"}, {"lrredund": 20.9141, "lrpepelmv": -1.0, "hphfpdID": "009492.e319_419", "pdbset": null, "lrpepxh": -1.0, "finallr": 634.6207, "lrpepelmh": -1.0, "template": "3uaj:BC(0.01,0.17,33/67,17,20)", "viralprotein_id": 18158, "lrsm": 30.3442, "id": 16517965, "lrpepxv": 3.84, "lrredundpairs": 1.373, "humanprotein_id": 13229, "vphfpdID": "005086.e1_297"}, {"lrredund": 4.2492, "lrpepelmv": 72.805, "hphfpdID": "000001", "pdbset": null, "lrpepxh": -1.0, "finallr": 309.3629, "lrpepelmh": -1.0, "template": "", "viralprotein_id": 18158, "lrsm": -1.0, "id": 16518111, "lrpepxv": -1.0, "lrredundpairs": -1.0, "humanprotein_id": 4793, "vphfpdID": "005086@2h0p_A.3"}, {"lrredund": -1.0, "lrpepelmv": -1.0, "hphfpdID": "018040", "pdbset": null, "lrpepxh": -1.0, "finallr": 169.0977, "lrpepelmh": -1.0, "template": "3uzq:BA(0.04,0.05,57/100,27,34)", "viralprotein_id": 18158, "lrsm": 169.0977, "id": 16518213, "lrpepxv": -1.0, "lrredundpairs": -1.0, "humanprotein_id": 18201, "vphfpdID": "005086@5aam_C.4"}, {"lrredund": -1.0, "lrpepelmv": -1.0, "hphfpdID": "008085.e1_141", "pdbset": null, "lrpepxh": -1.0, "finallr": 130.17, "lrpepelmh": -1.0, "template": "3uaj:AL(0.00,0.10,26/26,18,19)", "viralprotein_id": 18158, "lrsm": 130.17, "id": 16518323, "lrpepxv": -1.0, "lrredundpairs": -1.0, "humanprotein_id": 2652, "vphfpdID": "005086@3uaj_A.1"}, {"lrredund": 1.7951, "lrpepelmv": -1.0, "hphfpdID": "005521.d1_109", "pdbset": null, "lrpepxh": 3.66, "finallr": 111.8526, "lrpepelmh": -1.0, "template": "2ecs:BA(0.32,0.24,62/115,19,14)", "viralprotein_id": 18158, "lrsm": 2.8001, "id": 16518375, "lrpepxv": 62.31, "lrredundpairs": -1.0, "humanprotein_id": 18750, "vphfpdID": "005086@5aam_C.4"}, {"lrredund": -1.0, "lrpepelmv": -1.0, "hphfpdID": "002620", "pdbset": null, "lrpepxh": -1.0, "finallr": 119.2807, "lrpepelmh": -1.0, "template": "3uaj:BD(0.01,0.08,21/28,14,6)", "viralprotein_id": 18158, "lrsm": 119.2807, "id": 16518466, "lrpepxv": -1.0, "lrredundpairs": -1.0, "humanprotein_id": 3276, "vphfpdID": "005086@3uaj_A.1"}, {"lrredund": -1.0, "lrpepelmv": -1.0, "hphfpdID": "015500.e1_158", "pdbset": null, "lrpepxh": -1.0, "finallr": 119.2807, "lrpepelmh": -1.0, "template": "3uyp:BA(0.00,0.09,51/100,12,4)", "viralprotein_id": 18158, "lrsm": 119.2807, "id": 16518471, "lrpepxv": -1.0, "lrredundpairs": -1.0, "humanprotein_id": 1893, "vphfpdID": "005086@3uyp_B.7"}, {"lrredund": 4.2492, "lrpepelmv": -1.0, "hphfpdID": "001026.e454_552", "pdbset": null, "lrpepxh": -1.0, "finallr": 107.2347, "lrpepelmh": -1.0, "template": "4gjw:AB(0.10,0.03,2/32,4,2)", "viralprotein_id": 18158, "lrsm": 25.2364, "id": 16518522, "lrpepxv": -1.0, "lrredundpairs": 1.5513, "humanprotein_id": 4437, "vphfpdID": "005086.e394_495@5ire_A.1"}, {"lrredund": 20.9141, "lrpepelmv": -1.0, "hphfpdID": "008850.e218_311", "pdbset": null, "lrpepxh": -1.0, "finallr": 634.6207, "lrpepelmh": -1.0, "template": "3uyp:BA(0.00,0.19,41/100,15,10)", "viralprotein_id": 18158, "lrsm": 30.3442, "id": 16518572, "lrpepxv": 2.59, "lrredundpairs": 0.7707, "humanprotein_id": 7761, "vphfpdID": "005086@3uyp_B.7"}, {"lrredund": -1.0, "lrpepelmv": -1.0, "hphfpdID": "007021.e1_147", "pdbset": null, "lrpepxh": 2.59, "finallr": 260.2086, "lrpepelmh": -1.0, "template": "4ffy:AH(0.05,0.05,48/57,25,38)", "viralprotein_id": 18158, "lrsm": 260.2086, "id": 16518587, "lrpepxv": -1.0, "lrredundpairs": -1.0, "humanprotein_id": 15641, "vphfpdID": "005086@3uyp_B.7"}, {"lrredund": 20.9141, "lrpepelmv": -1.0, "hphfpdID": "007725.d40_193", "pdbset": null, "lrpepxh": -1.0, "finallr": 162.3567, "lrpepelmh": -1.0, "template": "2k5b:BA(0.32,0.05,69/140,33,55)", "viralprotein_id": 18158, "lrsm": 7.763, "id": 16518593, "lrpepxv": -1.0, "lrredundpairs": 20.9141, "humanprotein_id": 3138, "vphfpdID": "005086.e394_495@5ire_A.1"}, {"lrredund": 20.9141, "lrpepelmv": -1.0, "hphfpdID": "016869.e1196_1264", "pdbset": null, "lrpepxh": -1.0, "finallr": 211.4847, "lrpepelmh": -1.0, "template": "1nvo:BA(0.32,0.37,139/157,50,69)", "viralprotein_id": 18158, "lrsm": 10.1121, "id": 16518638, "lrpepxv": -1.0, "lrredundpairs": -1.0, "humanprotein_id": 4495, "vphfpdID": "005086.e394_495@5ire_A.1"}, {"lrredund": 20.9141, "lrpepelmv": -1.0, "hphfpdID": "013899.d849_992", "pdbset": null, "lrpepxh": -1.0, "finallr": 113.5635, "lrpepelmh": -1.0, "template": "1igu:BA(0.48,0.51,70/115,19,9)", "viralprotein_id": 18158, "lrsm": 1.5595, "id": 16518720, "lrpepxv": 5.43, "lrredundpairs": 0.7707, "humanprotein_id": 1240, "vphfpdID": "005086.e1_297"}, {"lrredund": 21.3884, "lrpepelmv": 72.805, "hphfpdID": "000006", "pdbset": null, "lrpepxh": -1.0, "finallr": 1557.181, "lrpepelmh": -1.0, "template": "", "viralprotein_id": 18158, "lrsm": -1.0, "id": 16518759, "lrpepxv": -1.0, "lrredundpairs": -1.0, "humanprotein_id": 4514, "vphfpdID": "005086@3j2p_A.2"}, {"lrredund": 20.9141, "lrpepelmv": -1.0, "hphfpdID": "007744.d499_701", "pdbset": null, "lrpepxh": -1.0, "finallr": 319.0095, "lrpepelmh": -1.0, "template": "1nvo:AB(0.40,0.18,141/157,44,64)", "viralprotein_id": 18158, "lrsm": 15.2533, "id": 16519422, "lrpepxv": -1.0, "lrredundpairs": 20.9141, "humanprotein_id": 4876, "vphfpdID": "005086.e394_495@5ire_A.1"}, {"lrredund": 1.7951, "lrpepelmv": -1.0, "hphfpdID": "012780", "pdbset": null, "lrpepxh": -1.0, "finallr": 111.8526, "lrpepelmh": -1.0, "template": "", "viralprotein_id": 18158, "lrsm": -1.0, "id": 16519438, "lrpepxv": 62.31, "lrredundpairs": -1.0, "humanprotein_id": 6995, "vphfpdID": "005086.e297_398"}, {"lrredund": 20.9141, "lrpepelmv": -1.0, "hphfpdID": "007726.d35_188", "pdbset": null, "lrpepxh": -1.0, "finallr": 162.3567, "lrpepelmh": -1.0, "template": "2k5b:BA(0.32,0.02,69/140,34,59)", "viralprotein_id": 18158, "lrsm": 7.763, "id": 16520006, "lrpepxv": -1.0, "lrredundpairs": 20.9141, "humanprotein_id": 3176, "vphfpdID": "005086.e394_495@5ire_A.1"}, {"lrredund": 15.8699, "lrpepelmv": -1.0, "hphfpdID": "002626", "pdbset": null, "lrpepxh": -1.0, "finallr": 4129.486, "lrpepelmh": -1.0, "template": "3uaj:BD(0.01,0.07,28/28,21,22)", "viralprotein_id": 18158, "lrsm": 260.2086, "id": 16520483, "lrpepxv": -1.0, "lrredundpairs": -1.0, "humanprotein_id": 2804, "vphfpdID": "005086@3uaj_A.1"}, {"lrredund": 15.8699, "lrpepelmv": -1.0, "hphfpdID": "014262.d1_78", "pdbset": null, "lrpepxh": -1.0, "finallr": 123.7092, "lrpepelmh": -1.0, "template": "2zvo:BA(0.20,0.08,32/42,21,26)", "viralprotein_id": 18158, "lrsm": 7.7952, "id": 16520556, "lrpepxv": -1.0, "lrredundpairs": -1.0, "humanprotein_id": 5865, "vphfpdID": "005086.e394_495@3j2p_A.2"}, {"lrredund": 1.7951, "lrpepelmv": -1.0, "hphfpdID": "004295.e233_441", "pdbset": null, "lrpepxh": -1.0, "finallr": 111.8526, "lrpepelmh": -1.0, "template": "4nee:IG(0.53,0.40,10/249,4,1)", "viralprotein_id": 18158, "lrsm": 1.02, "id": 16520668, "lrpepxv": 62.31, "lrredundpairs": 0.7707, "humanprotein_id": 19622, "vphfpdID": "005086.e1_297"}, {"lrredund": -1.0, "lrpepelmv": -1.0, "hphfpdID": "002577.e1_135", "pdbset": null, "lrpepxh": -1.0, "finallr": 130.17, "lrpepelmh": -1.0, "template": "3uaj:AL(0.00,0.10,26/26,19,20)", "viralprotein_id": 18158, "lrsm": 130.17, "id": 16520767, "lrpepxv": -1.0, "lrredundpairs": -1.0, "humanprotein_id": 16421, "vphfpdID": "005086@3uaj_A.1"}, {"lrredund": 4.2492, "lrpepelmv": -1.0, "hphfpdID": "008086.d318_419", "pdbset": null, "lrpepxh": -1.0, "finallr": 182.7888, "lrpepelmh": -1.0, "template": "4ffy:AH(0.05,0.11,37/57,22,29)", "viralprotein_id": 18158, "lrsm": 43.0172, "id": 16521193, "lrpepxv": 2.59, "lrredundpairs": -1.0, "humanprotein_id": 14249, "vphfpdID": "005086@3uyp_B.7"}, {"lrredund": 1.7951, "lrpepelmv": -1.0, "hphfpdID": "004626.e84_273", "pdbset": null, "lrpepxh": -1.0, "finallr": 111.8526, "lrpepelmh": -1.0, "template": "3n06:BA(0.51,0.49,8/114,7,5)", "viralprotein_id": 18158, "lrsm": 1.02, "id": 16521352, "lrpepxv": 62.31, "lrredundpairs": -1.0, "humanprotein_id": 1798, "vphfpdID": "005086@5aam_C.4"}, {"lrredund": 21.3884, "lrpepelmv": -1.0, "hphfpdID": "016448", "pdbset": null, "lrpepxh": -1.0, "finallr": 102.7509, "lrpepelmh": -1.0, "template": "2zvo:BA(0.20,0.28,34/42,21,27)", "viralprotein_id": 18158, "lrsm": 4.804, "id": 16521508, "lrpepxv": -1.0, "lrredundpairs": 1.5513, "humanprotein_id": 7393, "vphfpdID": "005086.e394_495@3j2p_A.2"}, {"lrredund": -1.0, "lrpepelmv": -1.0, "hphfpdID": "018901", "pdbset": null, "lrpepxh": -1.0, "finallr": 169.0977, "lrpepelmh": -1.0, "template": "3uaj:AH(0.00,0.10,41/66,22,25)", "viralprotein_id": 18158, "lrsm": 169.0977, "id": 16521862, "lrpepxv": -1.0, "lrredundpairs": -1.0, "humanprotein_id": 18927, "vphfpdID": "005086@3uaj_A.1"}, {"lrredund": 21.3884, "lrpepelmv": 15.8041, "hphfpdID": "007144", "pdbset": null, "lrpepxh": -1.0, "finallr": 338.0243, "lrpepelmh": -1.0, "template": "3kvp:BE(0.55,0.30,27/67,15,8)", "viralprotein_id": 18158, "lrsm": 1.2265, "id": 16521921, "lrpepxv": -1.0, "lrredundpairs": -1.0, "humanprotein_id": 6385, "vphfpdID": "005086@3j2p_A.2"}, {"lrredund": 20.9141, "lrpepelmv": -1.0, "hphfpdID": "008378.d463_902", "pdbset": null, "lrpepxh": -1.0, "finallr": 177.6693, "lrpepelmh": -1.0, "template": "4l9d:AB(0.34,0.55,125/155,48,37)", "viralprotein_id": 18158, "lrsm": 8.4952, "id": 16522013, "lrpepxv": -1.0, "lrredundpairs": -1.0, "humanprotein_id": 3758, "vphfpdID": "005086@3uyp_B.7"}, {"lrredund": -1.0, "lrpepelmv": -1.0, "hphfpdID": "018356.e1_135", "pdbset": null, "lrpepxh": -1.0, "finallr": 260.2086, "lrpepelmh": -1.0, "template": "3uaj:AL(0.00,0.10,26/26,21,24)", "viralprotein_id": 18158, "lrsm": 260.2086, "id": 16522043, "lrpepxv": -1.0, "lrredundpairs": -1.0, "humanprotein_id": 18427, "vphfpdID": "005086@3uaj_A.1"}, {"lrredund": 1.7951, "lrpepelmv": -1.0, "hphfpdID": "001067.e1_120", "pdbset": null, "lrpepxh": -1.0, "finallr": 111.8526, "lrpepelmh": -1.0, "template": "3c6e:AC(0.34,0.48,61/93,21,21)", "viralprotein_id": 18158, "lrsm": 1.7316, "id": 16522770, "lrpepxv": 62.31, "lrredundpairs": 0.7707, "humanprotein_id": 1249, "vphfpdID": "005086.e1_297"}, {"lrredund": -1.0, "lrpepelmv": -1.0, "hphfpdID": "015902.e1_143", "pdbset": null, "lrpepxh": -1.0, "finallr": 260.2086, "lrpepelmh": -1.0, "template": "3uaj:AL(0.00,0.10,26/26,21,21)", "viralprotein_id": 18158, "lrsm": 260.2086, "id": 16522862, "lrpepxv": -1.0, "lrredundpairs": -1.0, "humanprotein_id": 9335, "vphfpdID": "005086@3uaj_A.1"}, {"lrredund": 3.7695, "lrpepelmv": 4.3901, "hphfpdID": "017499.e4558_4663", "pdbset": null, "lrpepxh": 3.66, "finallr": 114.3823, "lrpepelmh": -1.0, "template": "4ala:CL(0.04,0.14,19/26,7,1)", "viralprotein_id": 18158, "lrsm": 30.3442, "id": 16523018, "lrpepxv": 3.84, "lrredundpairs": -1.0, "humanprotein_id": 13935, "vphfpdID": "005086@3uyp_B.7"}, {"lrredund": 21.3884, "lrpepelmv": -1.0, "hphfpdID": "004136.e672_776", "pdbset": null, "lrpepxh": -1.0, "finallr": 140.3079, "lrpepelmh": -1.0, "template": "3rbb:BA(0.51,0.47,3/55,3,0)", "viralprotein_id": 18158, "lrsm": 1.02, "id": 16523553, "lrpepxv": 6.56, "lrredundpairs": 0.7707, "humanprotein_id": 7444, "vphfpdID": "005086.e1_297"}, {"lrredund": 3.7695, "lrpepelmv": -1.0, "hphfpdID": "018962", "pdbset": null, "lrpepxh": -1.0, "finallr": 234.8775, "lrpepelmh": -1.0, "template": "", "viralprotein_id": 18158, "lrsm": -1.0, "id": 16523584, "lrpepxv": 62.31, "lrredundpairs": 1.7951, "humanprotein_id": 14000, "vphfpdID": "005086.e297_398"}, {"lrredund": 20.9141, "lrpepelmv": -1.0, "hphfpdID": "001452.e40_119", "pdbset": null, "lrpepxh": -1.0, "finallr": 115.0004, "lrpepelmh": -1.0, "template": "3we1:AB(0.00,0.39,30/61,12,6)", "viralprotein_id": 18158, "lrsm": 5.4987, "id": 16524215, "lrpepxv": -1.0, "lrredundpairs": 1.5513, "humanprotein_id": 6282, "vphfpdID": "005086@3we1_A.5"}, {"lrredund": 21.3884, "lrpepelmv": -1.0, "hphfpdID": "004076.d108_222", "pdbset": null, "lrpepxh": -1.0, "finallr": 216.2808, "lrpepelmh": -1.0, "template": "1nvo:BA(0.32,0.29,132/157,46,66)", "viralprotein_id": 18158, "lrsm": 10.1121, "id": 16524224, "lrpepxv": -1.0, "lrredundpairs": 0.7707, "humanprotein_id": 4894, "vphfpdID": "005086.e394_495@5ire_A.1"}, {"lrredund": 21.3884, "lrpepelmv": -1.0, "hphfpdID": "005478.e262_551", "pdbset": null, "lrpepxh": -1.0, "finallr": 149.2837, "lrpepelmh": -1.0, "template": "2qse:AB(0.36,0.02,39/143,24,27)", "viralprotein_id": 18158, "lrsm": 6.9797, "id": 16524323, "lrpepxv": -1.0, "lrredundpairs": 20.9141, "humanprotein_id": 2880, "vphfpdID": "005086.e394_495@3j2p_A.2"}, {"lrredund": 21.3884, "lrpepelmv": -1.0, "hphfpdID": "013779", "pdbset": null, "lrpepxh": -1.0, "finallr": 140.3079, "lrpepelmh": -1.0, "template": "", "viralprotein_id": 18158, "lrsm": -1.0, "id": 16524925, "lrpepxv": 6.56, "lrredundpairs": 20.9141, "humanprotein_id": 5896, "vphfpdID": "005086.e297_398"}, {"lrredund": -1.0, "lrpepelmv": -1.0, "hphfpdID": "008082.d824_911", "pdbset": null, "lrpepxh": -1.0, "finallr": 169.0977, "lrpepelmh": -1.0, "template": "3uaj:BC(0.01,0.08,40/67,23,21)", "viralprotein_id": 18158, "lrsm": 169.0977, "id": 16524929, "lrpepxv": -1.0, "lrredundpairs": -1.0, "humanprotein_id": 14184, "vphfpdID": "005086.e1_297"}, {"lrredund": 21.3884, "lrpepelmv": -1.0, "hphfpdID": "003962.d133_182", "pdbset": null, "lrpepxh": -1.0, "finallr": 116.139, "lrpepelmh": -1.0, "template": "4nzt:HM(0.53,0.46,8/23,5,0)", "viralprotein_id": 18158, "lrsm": 1.02, "id": 16525014, "lrpepxv": 5.43, "lrredundpairs": 1.7812, "humanprotein_id": 6447, "vphfpdID": "005086.e297_398"}, {"lrredund": 20.9141, "lrpepelmv": -1.0, "hphfpdID": "006178.e810_907", "pdbset": null, "lrpepxh": 3.66, "finallr": 319.0095, "lrpepelmh": -1.0, "template": "4l9d:BA(0.35,0.25,125/155,49,58)", "viralprotein_id": 18158, "lrsm": 15.2533, "id": 16525292, "lrpepxv": -1.0, "lrredundpairs": 0.7707, "humanprotein_id": 2856, "vphfpdID": "005086@3uyp_B.7"}, {"lrredund": 1.7951, "lrpepelmv": 15.8041, "hphfpdID": "016614.d75_283", "pdbset": null, "lrpepxh": -1.0, "finallr": 178.0787, "lrpepelmh": -1.0, "template": "3j2p:CB(0.00,0.08,13/86,9,8)", "viralprotein_id": 18158, "lrsm": 99.2027, "id": 16525400, "lrpepxv": -1.0, "lrredundpairs": 0.7707, "humanprotein_id": 5747, "vphfpdID": "005086.e394_495@3j2p_A.2"}, {"lrredund": 20.9141, "lrpepelmv": 72.805, "hphfpdID": "000002", "pdbset": null, "lrpepxh": -1.0, "finallr": 1522.65, "lrpepelmh": -1.0, "template": "2rld:CD(0.29,0.30,43/51,22,26)", "viralprotein_id": 18158, "lrsm": 4.804, "id": 16525533, "lrpepxv": -1.0, "lrredundpairs": 1.373, "humanprotein_id": 6315, "vphfpdID": "005086.e394_495@3j2p_A.2"}, {"lrredund": -1.0, "lrpepelmv": -1.0, "hphfpdID": "018942.e1_130", "pdbset": null, "lrpepxh": -1.0, "finallr": 262.3213, "lrpepelmh": -1.0, "template": "3uaj:BC(0.01,0.09,41/67,21,16)", "viralprotein_id": 18158, "lrsm": 169.0977, "id": 16525602, "lrpepxv": 3.84, "lrredundpairs": 1.5513, "humanprotein_id": 447, "vphfpdID": "005086.e1_297"}, {"lrredund": 20.9141, "lrpepelmv": -1.0, "hphfpdID": "018500", "pdbset": null, "lrpepxh": -1.0, "finallr": 163.0298, "lrpepelmh": -1.0, "template": "2zvo:BA(0.20,0.19,32/42,22,27)", "viralprotein_id": 18158, "lrsm": 7.7952, "id": 16525785, "lrpepxv": -1.0, "lrredundpairs": 20.9141, "humanprotein_id": 3463, "vphfpdID": "005086.e394_495@3j2p_A.2"}, {"lrredund": -1.0, "lrpepelmv": -1.0, "hphfpdID": "008083.e811_921", "pdbset": null, "lrpepxh": -1.0, "finallr": 169.0977, "lrpepelmh": -1.0, "template": "3uaj:AH(0.00,0.10,34/66,24,25)", "viralprotein_id": 18158, "lrsm": 169.0977, "id": 16526172, "lrpepxv": -1.0, "lrredundpairs": -1.0, "humanprotein_id": 1909, "vphfpdID": "005086@3uaj_A.1"}, {"lrredund": -1.0, "lrpepelmv": -1.0, "hphfpdID": "010596", "pdbset": null, "lrpepxh": -1.0, "finallr": 130.3236, "lrpepelmh": -1.0, "template": "3uyp:BA(0.00,0.10,56/100,25,15)", "viralprotein_id": 18158, "lrsm": 169.0977, "id": 16526528, "lrpepxv": -1.0, "lrredundpairs": 0.7707, "humanprotein_id": 10269, "vphfpdID": "005086@3uyp_B.7"}, {"lrredund": 20.9141, "lrpepelmv": -1.0, "hphfpdID": "015989.e224_425", "pdbset": null, "lrpepxh": -1.0, "finallr": 111.3247, "lrpepelmh": -1.0, "template": "4l9d:AB(0.34,0.57,123/155,41,26)", "viralprotein_id": 18158, "lrsm": 5.323, "id": 16526630, "lrpepxv": -1.0, "lrredundpairs": -1.0, "humanprotein_id": 6577, "vphfpdID": "005086@3uyp_B.7"}, {"lrredund": 21.3884, "lrpepelmv": -1.0, "hphfpdID": "000172.d365_549", "pdbset": null, "lrpepxh": -1.0, "finallr": 539.7672, "lrpepelmh": -1.0, "template": "3j27:AB(0.06,0.11,17/238,12,8)", "viralprotein_id": 18158, "lrsm": 25.2364, "id": 16526671, "lrpepxv": -1.0, "lrredundpairs": 0.7707, "humanprotein_id": 2981, "vphfpdID": "005086.e394_495@3j2p_A.2"}, {"lrredund": -1.0, "lrpepelmv": -1.0, "hphfpdID": "002628.e1_134", "pdbset": null, "lrpepxh": -1.0, "finallr": 169.0977, "lrpepelmh": -1.0, "template": "4ffy:AH(0.05,0.05,38/57,22,26)", "viralprotein_id": 18158, "lrsm": 169.0977, "id": 16526681, "lrpepxv": -1.0, "lrredundpairs": -1.0, "humanprotein_id": 3618, "vphfpdID": "005086@3uyp_B.7"}, {"lrredund": 20.9141, "lrpepelmv": -1.0, "hphfpdID": "009491.e318_418", "pdbset": null, "lrpepxh": -1.0, "finallr": 250.8713, "lrpepelmh": -1.0, "template": "4ffy:AH(0.05,0.27,47/57,21,27)", "viralprotein_id": 18158, "lrsm": 11.9953, "id": 16527339, "lrpepxv": -1.0, "lrredundpairs": -1.0, "humanprotein_id": 12198, "vphfpdID": "005086@3uyp_B.7"}, {"lrredund": -1.0, "lrpepelmv": -1.0, "hphfpdID": "000177.d88_156", "pdbset": null, "lrpepxh": -1.0, "finallr": 153.8931, "lrpepelmh": -1.0, "template": "3uaj:BD(0.01,0.06,2/28,2,0)", "viralprotein_id": 18158, "lrsm": 99.2027, "id": 16527658, "lrpepxv": -1.0, "lrredundpairs": 1.5513, "humanprotein_id": 9992, "vphfpdID": "005086.e1_297"}, {"lrredund": 2.0764, "lrpepelmv": 13.7313, "hphfpdID": "016427.d890_971", "pdbset": null, "lrpepxh": -1.0, "finallr": 205.9844, "lrpepelmh": -1.0, "template": "1ji5:BA(0.05,0.05,2/162,3,2)", "viralprotein_id": 18165, "lrsm": 99.2027, "id": 49793763, "lrpepxv": -1.0, "lrredundpairs": 0.7707, "humanprotein_id": 7485, "vphfpdID": "005093.e1_92@4ctj_A.2"}, {"lrredund": 15.8699, "lrpepelmv": -1.0, "hphfpdID": "005354.d1990_2099", "pdbset": null, "lrpepxh": -1.0, "finallr": 162.588, "lrpepelmh": -1.0, "template": "2q9l:DC(0.46,0.57,58/156,41,54)", "viralprotein_id": 18165, "lrsm": 10.2451, "id": 49795231, "lrpepxv": -1.0, "lrredundpairs": -1.0, "humanprotein_id": 7033, "vphfpdID": "005093.e1_92@5ccv_A.4"}, {"lrredund": 3.5815, "lrpepelmv": 96.2413, "hphfpdID": "000004", "pdbset": null, "lrpepxh": -1.0, "finallr": 344.6881, "lrpepelmh": -1.0, "template": "2xjn:GD(0.05,0.32,1/49,1,0)", "viralprotein_id": 18165, "lrsm": 4.5731, "id": 49796112, "lrpepxv": -1.0, "lrredundpairs": -1.0, "humanprotein_id": 6298, "vphfpdID": "005093.e1_92@5ikm_A.1"}, {"lrredund": 15.8699, "lrpepelmv": -1.0, "hphfpdID": "004076", "pdbset": null, "lrpepxh": -1.0, "finallr": 130.2548, "lrpepelmh": -1.0, "template": "1jdh:BA(0.51,0.03,91/169,51,65)", "viralprotein_id": 18165, "lrsm": 8.2077, "id": 49797473, "lrpepxv": -1.0, "lrredundpairs": -1.0, "humanprotein_id": 4894, "vphfpdID": "005093.e1_92@3gcz_A.11"}, {"lrredund": 21.3884, "lrpepelmv": 4.8562, "hphfpdID": "002673.d1_204", "pdbset": null, "lrpepxh": -1.0, "finallr": 116.3786, "lrpepelmh": -1.0, "template": "2bfx:CB(0.56,0.17,80/141,41,52)", "viralprotein_id": 18165, "lrsm": 5.4412, "id": 49799987, "lrpepxv": -1.0, "lrredundpairs": -1.0, "humanprotein_id": 4427, "vphfpdID": "005093.e1_92@5dto_A.5"}, {"lrredund": 3.5815, "lrpepelmv": 96.2413, "hphfpdID": "000001", "pdbset": null, "lrpepxh": -1.0, "finallr": 344.6881, "lrpepelmh": -1.0, "template": "", "viralprotein_id": 18165, "lrsm": -1.0, "id": 49800173, "lrpepxv": -1.0, "lrredundpairs": -1.0, "humanprotein_id": 4793, "vphfpdID": "005093@4ctj_A.16"}, {"lrredund": 21.3884, "lrpepelmv": -1.0, "hphfpdID": "007744.d499_743", "pdbset": null, "lrpepxh": -1.0, "finallr": 117.6084, "lrpepelmh": -1.0, "template": "2y3h:BA(0.17,0.16,6/8,5,4)", "viralprotein_id": 18165, "lrsm": 5.4987, "id": 49801451, "lrpepxv": -1.0, "lrredundpairs": 0.7707, "humanprotein_id": 4876, "vphfpdID": "005093.e1_92@3p8z_A.3"}, {"lrredund": 21.3884, "lrpepelmv": 96.2413, "hphfpdID": "000007", "pdbset": null, "lrpepxh": -1.0, "finallr": 2058.446, "lrpepelmh": -1.0, "template": "2xjo:CJ(0.04,0.35,11/39,5,0)", "viralprotein_id": 18165, "lrsm": 4.5731, "id": 49801810, "lrpepxv": -1.0, "lrredundpairs": 0.7707, "humanprotein_id": 6393, "vphfpdID": "005093.e1_92@3p8z_A.3"}, {"lrredund": 21.3884, "lrpepelmv": 14.0438, "hphfpdID": "016613.e557_714", "pdbset": null, "lrpepxh": -1.0, "finallr": 300.3744, "lrpepelmh": -1.0, "template": "3hsh:FD(0.55,0.45,64/114,21,23)", "viralprotein_id": 18165, "lrsm": 1.7316, "id": 49802376, "lrpepxv": -1.0, "lrredundpairs": -1.0, "humanprotein_id": 5161, "vphfpdID": "005093.e55_250@4v0q_A.6"}, {"lrredund": 21.3884, "lrpepelmv": 14.0438, "hphfpdID": "007144.e56_156", "pdbset": null, "lrpepxh": -1.0, "finallr": 300.3744, "lrpepelmh": -1.0, "template": "3hsh:BE(0.59,0.37,124/204,32,34)", "viralprotein_id": 18165, "lrsm": 2.6731, "id": 49802859, "lrpepxv": -1.0, "lrredundpairs": 0.7707, "humanprotein_id": 6385, "vphfpdID": "005093.e55_250@4v0q_A.6"}, {"lrredund": 21.3884, "lrpepelmv": 17.9524, "hphfpdID": "001751.e1650_1757", "pdbset": null, "lrpepxh": -1.0, "finallr": 383.9742, "lrpepelmh": -1.0, "template": "3qwa:BA(0.54,0.60,63/134,9,7)", "viralprotein_id": 18165, "lrsm": 1.4802, "id": 49803289, "lrpepxv": -1.0, "lrredundpairs": -1.0, "humanprotein_id": 5041, "vphfpdID": "005093.e55_250@3p8z_A.10"}, {"lrredund": 19.2898, "lrpepelmv": -1.0, "hphfpdID": "000172.d385_506", "pdbset": null, "lrpepxh": -1.0, "finallr": 134.6362, "lrpepelmh": -1.0, "template": "2y3h:CB(0.20,0.16,36/136,21,31)", "viralprotein_id": 18165, "lrsm": 6.9797, "id": 49803471, "lrpepxv": -1.0, "lrredundpairs": -1.0, "humanprotein_id": 2981, "vphfpdID": "005093.e1_92@3gcz_A.11"}, {"lrredund": 21.3884, "lrpepelmv": 7.4157, "hphfpdID": "005478.e262_551", "pdbset": null, "lrpepxh": -1.0, "finallr": 158.609, "lrpepelmh": -1.0, "template": "1rdt:AD(0.51,0.28,28/102,21,26)", "viralprotein_id": 18165, "lrsm": 1.8531, "id": 49804216, "lrpepxv": -1.0, "lrredundpairs": -1.0, "humanprotein_id": 2880, "vphfpdID": "005093.e1_92@4v0r_A.7"}, {"lrredund": 21.3884, "lrpepelmv": 96.2413, "hphfpdID": "000002", "pdbset": null, "lrpepxh": -1.0, "finallr": 2058.446, "lrpepelmh": -1.0, "template": "2wh0:AC(0.54,0.03,30/64,22,24)", "viralprotein_id": 18165, "lrsm": 3.1219, "id": 49804946, "lrpepxv": -1.0, "lrredundpairs": -1.0, "humanprotein_id": 6315, "vphfpdID": "005093.e1_92@4v0r_A.7"}, {"lrredund": 21.3884, "lrpepelmv": -1.0, "hphfpdID": "017281.d241_344", "pdbset": null, "lrpepxh": -1.0, "finallr": 108.061, "lrpepelmh": -1.0, "template": "4ilk:AB(0.58,0.59,123/195,44,50)", "viralprotein_id": 18165, "lrsm": 5.0523, "id": 49805729, "lrpepxv": -1.0, "lrredundpairs": 0.7707, "humanprotein_id": 5906, "vphfpdID": "005093.e55_250@2p1d_A.3"}, {"lrredund": 21.3884, "lrpepelmv": 96.2413, "hphfpdID": "000006", "pdbset": null, "lrpepxh": -1.0, "finallr": 2058.446, "lrpepelmh": -1.0, "template": "2wh0:AC(0.54,0.04,30/64,20,22)", "viralprotein_id": 18165, "lrsm": 2.2022, "id": 49806189, "lrpepxv": -1.0, "lrredundpairs": 0.7707, "humanprotein_id": 4514, "vphfpdID": "005093.e1_92@4v0r_A.7"}]