[{"lrredund": 3.8142, "lrpepelmv": 65.3909, "hphfpdID": "000004", "pdbset": null, "lrpepxh": -1.0, "finallr": 249.4138, "lrpepelmh": -1.0, "template": "", "viralprotein_id": 16207, "lrsm": -1.0, "id": 93901875, "lrpepxv": -1.0, "lrredundpairs": -1.0, "humanprotein_id": 6298, "vphfpdID": "003304"}, {"lrredund": 21.3884, "lrpepelmv": 8.8544, "hphfpdID": "016615.d584_674", "pdbset": null, "lrpepxh": -1.0, "finallr": 189.3823, "lrpepelmh": -1.0, "template": "", "viralprotein_id": 16207, "lrsm": -1.0, "id": 93900215, "lrpepxv": -1.0, "lrredundpairs": -1.0, "humanprotein_id": 5095, "vphfpdID": "003304"}, {"lrredund": 19.2898, "lrpepelmv": 65.3909, "hphfpdID": "000007", "pdbset": null, "lrpepxh": -1.0, "finallr": 1261.376, "lrpepelmh": -1.0, "template": "", "viralprotein_id": 16207, "lrsm": -1.0, "id": 93902045, "lrpepxv": -1.0, "lrredundpairs": 0.7707, "humanprotein_id": 6393, "vphfpdID": "003304"}, {"lrredund": 2.3254, "lrpepelmv": 65.3909, "hphfpdID": "000003", "pdbset": null, "lrpepxh": -1.0, "finallr": 152.0599, "lrpepelmh": -1.0, "template": "", "viralprotein_id": 16207, "lrsm": -1.0, "id": 93902768, "lrpepxv": -1.0, "lrredundpairs": 0.7707, "humanprotein_id": 6857, "vphfpdID": "003304"}, {"lrredund": 15.8699, "lrpepelmv": 8.8544, "hphfpdID": "016466.e85_146", "pdbset": null, "lrpepxh": -1.0, "finallr": 140.519, "lrpepelmh": -1.0, "template": "2f91:AB(0.54,0.43,69/171,21,22)", "viralprotein_id": 16207, "lrsm": 1.7316, "id": 93904094, "lrpepxv": -1.0, "lrredundpairs": 1.5513, "humanprotein_id": 3727, "vphfpdID": "003304"}, {"lrredund": 2.3254, "lrpepelmv": 65.3909, "hphfpdID": "000005", "pdbset": null, "lrpepxh": -1.0, "finallr": 152.0599, "lrpepelmh": -1.0, "template": "", "viralprotein_id": 16207, "lrsm": -1.0, "id": 93904158, "lrpepxv": -1.0, "lrredundpairs": 0.7707, "humanprotein_id": 4794, "vphfpdID": "003304"}, {"lrredund": 15.8699, "lrpepelmv": 65.3909, "hphfpdID": "000002", "pdbset": null, "lrpepxh": -1.0, "finallr": 1037.746, "lrpepelmh": -1.0, "template": "", "viralprotein_id": 16207, "lrsm": -1.0, "id": 93907154, "lrpepxv": -1.0, "lrredundpairs": 0.7707, "humanprotein_id": 6315, "vphfpdID": "003304"}, {"lrredund": 19.2898, "lrpepelmv": 8.8544, "hphfpdID": "016613", "pdbset": null, "lrpepxh": -1.0, "finallr": 170.8003, "lrpepelmh": -1.0, "template": "", "viralprotein_id": 16207, "lrsm": -1.0, "id": 93907340, "lrpepxv": -1.0, "lrredundpairs": -1.0, "humanprotein_id": 5161, "vphfpdID": "003304"}, {"lrredund": 19.2898, "lrpepelmv": 65.3909, "hphfpdID": "000006", "pdbset": null, "lrpepxh": -1.0, "finallr": 1261.376, "lrpepelmh": -1.0, "template": "", "viralprotein_id": 16207, "lrsm": -1.0, "id": 93909757, "lrpepxv": -1.0, "lrredundpairs": 0.7707, "humanprotein_id": 4514, "vphfpdID": "003304"}, {"lrredund": 20.9141, "lrpepelmv": 8.8544, "hphfpdID": "007144.d1_56", "pdbset": null, "lrpepxh": -1.0, "finallr": 185.1826, "lrpepelmh": -1.0, "template": "4afz:AC(0.57,0.03,39/92,14,10)", "viralprotein_id": 16207, "lrsm": 2.2022, "id": 93910743, "lrpepxv": -1.0, "lrredundpairs": 1.1877, "humanprotein_id": 6385, "vphfpdID": "003304"}, {"lrredund": 3.8142, "lrpepelmv": 65.3909, "hphfpdID": "000001", "pdbset": null, "lrpepxh": -1.0, "finallr": 249.4138, "lrpepelmh": -1.0, "template": "", "viralprotein_id": 16207, "lrsm": -1.0, "id": 93911609, "lrpepxv": -1.0, "lrredundpairs": 0.7707, "humanprotein_id": 4793, "vphfpdID": "003304"}, {"lrredund": 2.0764, "lrpepelmv": -1.0, "hphfpdID": "001371.d191_415", "pdbset": null, "lrpepxh": -1.0, "finallr": 100.4807, "lrpepelmh": -1.0, "template": "1e1r:EB(0.38,0.01,59/180,42,52)", "viralprotein_id": 16200, "lrsm": 48.3918, "id": 84393387, "lrpepxv": -1.0, "lrredundpairs": 0.7707, "humanprotein_id": 4456, "vphfpdID": "003298.d124_251@1xwi_A.10"}, {"lrredund": 20.9141, "lrpepelmv": 9.677, "hphfpdID": "001751.e1_73", "pdbset": null, "lrpepxh": -1.0, "finallr": 202.3856, "lrpepelmh": -1.0, "template": "2orv:AB(0.36,0.24,32/214,21,24)", "viralprotein_id": 16200, "lrsm": 2.7953, "id": 84393402, "lrpepxv": -1.0, "lrredundpairs": -1.0, "humanprotein_id": 5041, "vphfpdID": "003298.d124_251@5gjq_H.6"}, {"lrredund": 2.0764, "lrpepelmv": -1.0, "hphfpdID": "001311.d377_523", "pdbset": null, "lrpepxh": -1.0, "finallr": 100.4807, "lrpepelmh": -1.0, "template": "1s3s:AE(0.22,0.15,58/158,42,49)", "viralprotein_id": 16200, "lrsm": 48.3918, "id": 84393452, "lrpepxv": -1.0, "lrredundpairs": -1.0, "humanprotein_id": 17917, "vphfpdID": "003298@5ftj_A.10"}, {"lrredund": 4.2492, "lrpepelmv": 32.9939, "hphfpdID": "017284.e87_316", "pdbset": null, "lrpepxh": -1.0, "finallr": 140.1976, "lrpepelmh": -1.0, "template": "", "viralprotein_id": 16200, "lrsm": -1.0, "id": 84393553, "lrpepxv": -1.0, "lrredundpairs": -1.0, "humanprotein_id": 7960, "vphfpdID": "003298@5gjq_I.2"}, {"lrredund": 21.3884, "lrpepelmv": 65.3909, "hphfpdID": "000002", "pdbset": null, "lrpepxh": -1.0, "finallr": 1398.606, "lrpepelmh": -1.0, "template": "1mab:AG(0.55,0.57,7/157,2,1)", "viralprotein_id": 16200, "lrsm": 0.9682, "id": 84396179, "lrpepxv": -1.0, "lrredundpairs": 1.1877, "humanprotein_id": 6315, "vphfpdID": "003298@5gjq_K.6"}, {"lrredund": 15.8699, "lrpepelmv": -1.0, "hphfpdID": "014262.e165_274", "pdbset": null, "lrpepxh": -1.0, "finallr": 154.4721, "lrpepelmh": -1.0, "template": "2d9s:AB(0.57,0.59,96/97,42,66)", "viralprotein_id": 16200, "lrsm": 9.7337, "id": 84396449, "lrpepxv": -1.0, "lrredundpairs": -1.0, "humanprotein_id": 5865, "vphfpdID": "003298@5gjq_I.2"}, {"lrredund": 20.9141, "lrpepelmv": -1.0, "hphfpdID": "018500.d533_608", "pdbset": null, "lrpepxh": -1.0, "finallr": 100.4723, "lrpepelmh": -1.0, "template": "2qho:BA(0.57,0.02,51/51,21,17)", "viralprotein_id": 16200, "lrsm": 4.804, "id": 84396656, "lrpepxv": -1.0, "lrredundpairs": 1.5513, "humanprotein_id": 3463, "vphfpdID": "003298@5e7p_A.5"}, {"lrredund": 21.3884, "lrpepelmv": -1.0, "hphfpdID": "017046.e457_686", "pdbset": null, "lrpepxh": -1.0, "finallr": 230.863, "lrpepelmh": -1.0, "template": "2c9o:CB(0.43,0.57,57/329,41,34)", "viralprotein_id": 16200, "lrsm": 10.7938, "id": 84397675, "lrpepxv": -1.0, "lrredundpairs": 0.7707, "humanprotein_id": 6818, "vphfpdID": "003298@5ftj_A.10"}, {"lrredund": 4.2492, "lrpepelmv": 32.9939, "hphfpdID": "017283.e380_439", "pdbset": null, "lrpepxh": -1.0, "finallr": 140.1976, "lrpepelmh": -1.0, "template": "2hcb:BC(0.26,0.32,13/161,13,13)", "viralprotein_id": 16200, "lrsm": 1.8315, "id": 84398180, "lrpepxv": -1.0, "lrredundpairs": 0.7707, "humanprotein_id": 5846, "vphfpdID": "003298.d124_251@5e7p_A.3"}, {"lrredund": 1.7951, "lrpepelmv": -1.0, "hphfpdID": "015069", "pdbset": null, "lrpepxh": -1.0, "finallr": 152.5339, "lrpepelmh": -1.0, "template": "3uk6:KE(0.31,0.04,59/137,41,46)", "viralprotein_id": 16200, "lrsm": 84.9724, "id": 84398453, "lrpepxv": -1.0, "lrredundpairs": -1.0, "humanprotein_id": 19347, "vphfpdID": "003298.d124_251@4ww0_A.14"}, {"lrredund": 19.2898, "lrpepelmv": 14.9984, "hphfpdID": "007144.e56_156", "pdbset": null, "lrpepxh": -1.0, "finallr": 289.3153, "lrpepelmh": -1.0, "template": "1h8h:CD(0.44,0.35,1/308,2,1)", "viralprotein_id": 16200, "lrsm": 1.2142, "id": 84398699, "lrpepxv": -1.0, "lrredundpairs": 1.373, "humanprotein_id": 6385, "vphfpdID": "003298@5gjq_L.3"}, {"lrredund": -1.0, "lrpepelmv": -1.0, "hphfpdID": "001595.d185_350", "pdbset": null, "lrpepxh": -1.0, "finallr": 100.9217, "lrpepelmh": -1.0, "template": "4kod:AC(0.25,0.14,60/132,43,47)", "viralprotein_id": 16200, "lrsm": 84.9724, "id": 84398825, "lrpepxv": -1.0, "lrredundpairs": 1.1877, "humanprotein_id": 19354, "vphfpdID": "003298@5ftj_A.10"}, {"lrredund": 2.3254, "lrpepelmv": -1.0, "hphfpdID": "010142.d363_517", "pdbset": null, "lrpepxh": -1.0, "finallr": 197.5948, "lrpepelmh": -1.0, "template": "1ny6:ED(0.25,0.14,56/123,42,40)", "viralprotein_id": 16200, "lrsm": 84.9724, "id": 84399817, "lrpepxv": -1.0, "lrredundpairs": -1.0, "humanprotein_id": 4862, "vphfpdID": "003298@1ojl_A.8"}, {"lrredund": 21.3884, "lrpepelmv": 6.3442, "hphfpdID": "001349.d2683_2962", "pdbset": null, "lrpepxh": -1.0, "finallr": 135.6925, "lrpepelmh": -1.0, "template": "", "viralprotein_id": 16200, "lrsm": -1.0, "id": 84400205, "lrpepxv": -1.0, "lrredundpairs": -1.0, "humanprotein_id": 7312, "vphfpdID": "003298@5gjq_K.6"}, {"lrredund": 2.3254, "lrpepelmv": 65.3909, "hphfpdID": "000005", "pdbset": null, "lrpepxh": -1.0, "finallr": 152.0599, "lrpepelmh": -1.0, "template": "", "viralprotein_id": 16200, "lrsm": -1.0, "id": 84400374, "lrpepxv": -1.0, "lrredundpairs": 1.1877, "humanprotein_id": 4794, "vphfpdID": "003298@5ftj_A.10"}, {"lrredund": 19.2898, "lrpepelmv": -1.0, "hphfpdID": "017281.d474_687", "pdbset": null, "lrpepxh": -1.0, "finallr": 1818.347, "lrpepelmh": -1.0, "template": "3cf0:BM(0.19,0.00,71/263,44,49)", "viralprotein_id": 16200, "lrsm": 94.2647, "id": 84400527, "lrpepxv": -1.0, "lrredundpairs": 0.7707, "humanprotein_id": 5906, "vphfpdID": "003298.d124_251@5g4f_A.11"}, {"lrredund": 20.9141, "lrpepelmv": -1.0, "hphfpdID": "005209.d243_326", "pdbset": null, "lrpepxh": -1.0, "finallr": 111.3247, "lrpepelmh": -1.0, "template": "2rp4:BA(0.40,0.47,128/292,41,59)", "viralprotein_id": 16200, "lrsm": 5.323, "id": 84400966, "lrpepxv": -1.0, "lrredundpairs": 1.1877, "humanprotein_id": 8007, "vphfpdID": "003298.d124_251@4w5w_A.9"}, {"lrredund": 4.2492, "lrpepelmv": -1.0, "hphfpdID": "008899", "pdbset": null, "lrpepxh": -1.0, "finallr": 149.4305, "lrpepelmh": -1.0, "template": "2qqe:AB(0.47,0.04,202/241,70,66)", "viralprotein_id": 16200, "lrsm": 35.1668, "id": 84401085, "lrpepxv": -1.0, "lrredundpairs": 0.7707, "humanprotein_id": 2925, "vphfpdID": "003298@5gjq_I.2"}, {"lrredund": 19.2898, "lrpepelmv": 65.3909, "hphfpdID": "000006", "pdbset": null, "lrpepxh": -1.0, "finallr": 1261.376, "lrpepelmh": -1.0, "template": "", "viralprotein_id": 16200, "lrsm": -1.0, "id": 84401162, "lrpepxv": -1.0, "lrredundpairs": 1.1877, "humanprotein_id": 4514, "vphfpdID": "003298@5gjq_M.9"}, {"lrredund": 4.2492, "lrpepelmv": 65.3909, "hphfpdID": "000004", "pdbset": null, "lrpepxh": -1.0, "finallr": 277.8589, "lrpepelmh": -1.0, "template": "2p5t:DC(0.47,0.32,23/139,10,5)", "viralprotein_id": 16200, "lrsm": 1.2142, "id": 84401368, "lrpepxv": -1.0, "lrredundpairs": 1.1877, "humanprotein_id": 6298, "vphfpdID": "003298.d124_251@5ftj_A.7"}, {"lrredund": 21.3884, "lrpepelmv": 14.9984, "hphfpdID": "016466.e85_146", "pdbset": null, "lrpepxh": -1.0, "finallr": 320.7909, "lrpepelmh": -1.0, "template": "1t0j:BA(0.37,0.24,29/177,24,22)", "viralprotein_id": 16200, "lrsm": 1.8531, "id": 84401454, "lrpepxv": -1.0, "lrredundpairs": 15.8699, "humanprotein_id": 3727, "vphfpdID": "003298.d124_251@5e7p_A.3"}, {"lrredund": 2.0764, "lrpepelmv": -1.0, "hphfpdID": "013715.d168_335", "pdbset": null, "lrpepxh": -1.0, "finallr": 176.4367, "lrpepelmh": -1.0, "template": "1s3s:DB(0.21,0.18,59/136,41,47)", "viralprotein_id": 16200, "lrsm": 84.9724, "id": 84404359, "lrpepxv": -1.0, "lrredundpairs": 1.373, "humanprotein_id": 5262, "vphfpdID": "003298@5ftj_A.10"}, {"lrredund": 20.9141, "lrpepelmv": -1.0, "hphfpdID": "006178.e1265_1358", "pdbset": null, "lrpepxh": -1.0, "finallr": 113.5635, "lrpepelmh": -1.0, "template": "4dc9:BD(0.57,0.39,29/55,9,3)", "viralprotein_id": 16200, "lrsm": 1.2265, "id": 84404435, "lrpepxv": 5.43, "lrredundpairs": 0.7707, "humanprotein_id": 2856, "vphfpdID": "003298@5gjq_L.3"}, {"lrredund": 15.8699, "lrpepelmv": 14.0845, "hphfpdID": "016615.d584_674", "pdbset": null, "lrpepxh": -1.0, "finallr": 223.5194, "lrpepelmh": -1.0, "template": "", "viralprotein_id": 16200, "lrsm": -1.0, "id": 84404602, "lrpepxv": -1.0, "lrredundpairs": -1.0, "humanprotein_id": 5095, "vphfpdID": "003298@5ftj_A.10"}, {"lrredund": 20.9141, "lrpepelmv": 65.3909, "hphfpdID": "000007", "pdbset": null, "lrpepxh": -1.0, "finallr": 1367.591, "lrpepelmh": -1.0, "template": "", "viralprotein_id": 16200, "lrsm": -1.0, "id": 84404787, "lrpepxv": -1.0, "lrredundpairs": 1.373, "humanprotein_id": 6393, "vphfpdID": "003298@5ftj_A.10"}, {"lrredund": 21.3884, "lrpepelmv": 14.0845, "hphfpdID": "016613.e557_714", "pdbset": null, "lrpepxh": -1.0, "finallr": 301.2446, "lrpepelmh": -1.0, "template": "", "viralprotein_id": 16200, "lrsm": -1.0, "id": 84406195, "lrpepxv": -1.0, "lrredundpairs": -1.0, "humanprotein_id": 5161, "vphfpdID": "003298@5gjq_L.3"}, {"lrredund": 4.2492, "lrpepelmv": 65.3909, "hphfpdID": "000001", "pdbset": null, "lrpepxh": -1.0, "finallr": 277.8589, "lrpepelmh": -1.0, "template": "", "viralprotein_id": 16200, "lrsm": -1.0, "id": 84407306, "lrpepxv": -1.0, "lrredundpairs": -1.0, "humanprotein_id": 4793, "vphfpdID": "003298@5gjq_J.4"}, {"lrredund": 21.3884, "lrpepelmv": -1.0, "hphfpdID": "013900.e252_425", "pdbset": null, "lrpepxh": -1.0, "finallr": 146.3215, "lrpepelmh": -1.0, "template": "2fw8:BA(0.46,0.14,113/294,58,80)", "viralprotein_id": 16200, "lrsm": 6.8412, "id": 84407572, "lrpepxv": -1.0, "lrredundpairs": -1.0, "humanprotein_id": 4285, "vphfpdID": "003298.d124_251@5e7p_A.3"}, {"lrredund": 2.3254, "lrpepelmv": 65.3909, "hphfpdID": "000003", "pdbset": null, "lrpepxh": -1.0, "finallr": 152.0599, "lrpepelmh": -1.0, "template": "1xpr:EF(0.54,0.42,2/136,2,0)", "viralprotein_id": 16200, "lrsm": 1.02, "id": 84407773, "lrpepxv": -1.0, "lrredundpairs": 1.1877, "humanprotein_id": 6857, "vphfpdID": "003298.d124_251@5gjq_H.6"}, {"lrredund": 2.3254, "lrpepelmv": -1.0, "hphfpdID": "013707", "pdbset": null, "lrpepxh": -1.0, "finallr": 112.5303, "lrpepelmh": -1.0, "template": "2dhr:BC(0.31,0.04,59/233,41,45)", "viralprotein_id": 16200, "lrsm": 48.3918, "id": 84407942, "lrpepxv": -1.0, "lrredundpairs": 1.373, "humanprotein_id": 6308, "vphfpdID": "003298@5gjq_I.2"}, {"lrredund": null, "lrpepelmv": null, "hphfpdID": "004306.e1_97", "pdbset": "1m11", "lrpepxh": null, "finallr": null, "lrpepelmh": null, "template": "1s3s:EH(0.22,0.35,3/70,5,3)", "viralprotein_id": 16200, "lrsm": null, "id": 84393251, "lrpepxv": null, "lrredundpairs": null, "humanprotein_id": 3167, "vphfpdID": "003298@5ftj_A.10"}, {"lrredund": null, "lrpepelmv": null, "hphfpdID": "004197.e1_151", "pdbset": "1jew", "lrpepxh": null, "finallr": null, "lrpepelmh": null, "template": "1hez:EC(0.58,0.29,71/81,24,27)", "viralprotein_id": 16200, "lrsm": null, "id": 84399311, "lrpepxv": null, "lrredundpairs": null, "humanprotein_id": 6456, "vphfpdID": "003298.d124_251@4lcb_A.13"}, {"lrredund": 4.2492, "lrpepelmv": 72.805, "hphfpdID": "000001", "pdbset": null, "lrpepxh": -1.0, "finallr": 309.3629, "lrpepelmh": -1.0, "template": "", "viralprotein_id": 16201, "lrsm": -1.0, "id": 95207994, "lrpepxv": -1.0, "lrredundpairs": -1.0, "humanprotein_id": 4793, "vphfpdID": "003299@1ev1_2.4"}, {"lrredund": 0.5125, "lrpepelmv": -1.0, "hphfpdID": "009822.d493_548", "pdbset": null, "lrpepxh": -1.0, "finallr": 123.4664, "lrpepelmh": -1.0, "template": "1upn:BE(0.00,0.09,93/97,30,48)", "viralprotein_id": 16201, "lrsm": 240.91, "id": 95208079, "lrpepxv": -1.0, "lrredundpairs": -1.0, "humanprotein_id": 3960, "vphfpdID": "003299.e55_260@1h8t_B.2"}, {"lrredund": 19.2898, "lrpepelmv": -1.0, "hphfpdID": "000172.d132_188", "pdbset": null, "lrpepxh": -1.0, "finallr": 147.4508, "lrpepelmh": -1.0, "template": "4cdw:CB(0.41,0.56,278/1864,44,192)", "viralprotein_id": 16201, "lrsm": 7.644, "id": 95208466, "lrpepxv": -1.0, "lrredundpairs": -1.0, "humanprotein_id": 2981, "vphfpdID": "003299.e55_260@1cov_2.7"}, {"lrredund": 15.8699, "lrpepelmv": 72.805, "hphfpdID": "000006", "pdbset": null, "lrpepxh": -1.0, "finallr": 1155.407, "lrpepelmh": -1.0, "template": "", "viralprotein_id": 16201, "lrsm": -1.0, "id": 95208503, "lrpepxv": -1.0, "lrredundpairs": -1.0, "humanprotein_id": 4514, "vphfpdID": "003299@1h8t_B.1"}, {"lrredund": -1.0, "lrpepelmv": -1.0, "hphfpdID": "016746.d180_237", "pdbset": null, "lrpepxh": -1.0, "finallr": 240.91, "lrpepelmh": -1.0, "template": "1upn:BE(0.02,0.07,86/97,36,72)", "viralprotein_id": 16201, "lrsm": 240.91, "id": 95208697, "lrpepxv": -1.0, "lrredundpairs": -1.0, "humanprotein_id": 9487, "vphfpdID": "003299.e1_229@1ev1_2.4"}, {"lrredund": -1.0, "lrpepelmv": -1.0, "hphfpdID": "003970.d2797_2855", "pdbset": null, "lrpepxh": -1.0, "finallr": 240.91, "lrpepelmh": -1.0, "template": "1upn:BE(0.02,0.08,89/97,34,65)", "viralprotein_id": 16201, "lrsm": 240.91, "id": 95208726, "lrpepxv": -1.0, "lrredundpairs": -1.0, "humanprotein_id": 15290, "vphfpdID": "003299.e1_229@1ev1_2.4"}, {"lrredund": 19.2898, "lrpepelmv": 16.112, "hphfpdID": "007144.d1_56", "pdbset": null, "lrpepxh": -1.0, "finallr": 310.7976, "lrpepelmh": -1.0, "template": "1na1:CB(0.35,0.50,273/1559,46,83)", "viralprotein_id": 16201, "lrsm": 7.644, "id": 95208880, "lrpepxv": -1.0, "lrredundpairs": -1.0, "humanprotein_id": 6385, "vphfpdID": "003299.e55_260@1h8t_B.2"}, {"lrredund": 21.3884, "lrpepelmv": 16.112, "hphfpdID": "016615", "pdbset": null, "lrpepxh": -1.0, "finallr": 344.6103, "lrpepelmh": -1.0, "template": "1z7z:2I(0.06,0.43,13/25,3,0)", "viralprotein_id": 16201, "lrsm": 2.2022, "id": 95209099, "lrpepxv": -1.0, "lrredundpairs": -1.0, "humanprotein_id": 5095, "vphfpdID": "003299.e55_260@1d4m_2.4"}, {"lrredund": 4.2492, "lrpepelmv": -1.0, "hphfpdID": "011448.e640_715", "pdbset": null, "lrpepxh": -1.0, "finallr": 107.2347, "lrpepelmh": -1.0, "template": "1mqt:BC(0.02,0.17,32/434,11,3)", "viralprotein_id": 16201, "lrsm": 25.2364, "id": 95209448, "lrpepxv": -1.0, "lrredundpairs": -1.0, "humanprotein_id": 5301, "vphfpdID": "003299.e55_260@4gb3_2.8"}, {"lrredund": -1.0, "lrpepelmv": -1.0, "hphfpdID": "012558.e1467_1524", "pdbset": null, "lrpepxh": -1.0, "finallr": 210.1762, "lrpepelmh": -1.0, "template": "3iyp:CF(0.00,0.19,138/156,46,67)", "viralprotein_id": 16201, "lrsm": 210.1762, "id": 95209812, "lrpepxv": -1.0, "lrredundpairs": -1.0, "humanprotein_id": 16189, "vphfpdID": "003299.e55_260@3iyp_C.3"}, {"lrredund": -1.0, "lrpepelmv": -1.0, "hphfpdID": "003971.d2658_2711", "pdbset": null, "lrpepxh": -1.0, "finallr": 240.91, "lrpepelmh": -1.0, "template": "1upn:BE(0.02,0.08,93/97,34,65)", "viralprotein_id": 16201, "lrsm": 240.91, "id": 95210148, "lrpepxv": -1.0, "lrredundpairs": -1.0, "humanprotein_id": 10968, "vphfpdID": "003299.e55_260@1d4m_2.4"}, {"lrredund": 21.3884, "lrpepelmv": 16.112, "hphfpdID": "016613", "pdbset": null, "lrpepxh": -1.0, "finallr": 344.6103, "lrpepelmh": -1.0, "template": "", "viralprotein_id": 16201, "lrsm": -1.0, "id": 95210303, "lrpepxv": -1.0, "lrredundpairs": -1.0, "humanprotein_id": 5161, "vphfpdID": "003299@1d4m_2.3"}, {"lrredund": -1.0, "lrpepelmv": -1.0, "hphfpdID": "009823.e386_447", "pdbset": null, "lrpepxh": -1.0, "finallr": 826.1879, "lrpepelmh": -1.0, "template": "3iyp:CF(0.02,0.08,142/156,42,69)", "viralprotein_id": 16201, "lrsm": 826.1879, "id": 95210309, "lrpepxv": -1.0, "lrredundpairs": -1.0, "humanprotein_id": 3922, "vphfpdID": "003299.e55_260@1h8t_B.2"}, {"lrredund": 19.2898, "lrpepelmv": -1.0, "hphfpdID": "018800.e503_596", "pdbset": null, "lrpepxh": -1.0, "finallr": 106.0689, "lrpepelmh": -1.0, "template": "1z7z:2I(0.06,0.19,13/25,7,5)", "viralprotein_id": 16201, "lrsm": 5.4987, "id": 95210643, "lrpepxv": -1.0, "lrredundpairs": 0.7707, "humanprotein_id": 4109, "vphfpdID": "003299.e55_260@1d4m_2.4"}, {"lrredund": -1.0, "lrpepelmv": -1.0, "hphfpdID": "005984.e81_136", "pdbset": null, "lrpepxh": -1.0, "finallr": 210.1762, "lrpepelmh": -1.0, "template": "3iyp:CF(0.01,0.18,129/156,42,91)", "viralprotein_id": 16201, "lrsm": 210.1762, "id": 95210664, "lrpepxv": -1.0, "lrredundpairs": -1.0, "humanprotein_id": 8771, "vphfpdID": "003299.e1_229@1oop_B.5"}, {"lrredund": -1.0, "lrpepelmv": -1.0, "hphfpdID": "005622.d396_450", "pdbset": null, "lrpepxh": -1.0, "finallr": 240.91, "lrpepelmh": -1.0, "template": "1upn:BE(0.00,0.10,93/97,31,46)", "viralprotein_id": 16201, "lrsm": 240.91, "id": 95210868, "lrpepxv": -1.0, "lrredundpairs": -1.0, "humanprotein_id": 3001, "vphfpdID": "003299.e55_260@1h8t_B.2"}, {"lrredund": 19.2898, "lrpepelmv": 72.805, "hphfpdID": "000007", "pdbset": null, "lrpepxh": -1.0, "finallr": 1404.393, "lrpepelmh": -1.0, "template": "", "viralprotein_id": 16201, "lrsm": -1.0, "id": 95210976, "lrpepxv": -1.0, "lrredundpairs": -1.0, "humanprotein_id": 6393, "vphfpdID": "003299@1ev1_2.4"}, {"lrredund": 0.5125, "lrpepelmv": -1.0, "hphfpdID": "002887.e165_268", "pdbset": null, "lrpepxh": -1.0, "finallr": 123.4664, "lrpepelmh": -1.0, "template": "1upn:BE(0.01,0.06,90/97,25,32)", "viralprotein_id": 16201, "lrsm": 240.91, "id": 95211178, "lrpepxv": -1.0, "lrredundpairs": -1.0, "humanprotein_id": 2727, "vphfpdID": "003299.e55_260@3iyp_C.3"}, {"lrredund": 0.9127, "lrpepelmv": -1.0, "hphfpdID": "001883.e301_436", "pdbset": null, "lrpepxh": -1.0, "finallr": 219.8786, "lrpepelmh": -1.0, "template": "1upn:BE(0.02,0.07,87/97,35,66)", "viralprotein_id": 16201, "lrsm": 240.91, "id": 95211357, "lrpepxv": -1.0, "lrredundpairs": -1.0, "humanprotein_id": 3294, "vphfpdID": "003299.e1_229@1ev1_2.4"}, {"lrredund": 21.3884, "lrpepelmv": -1.0, "hphfpdID": "001274", "pdbset": null, "lrpepxh": -1.0, "finallr": 117.6084, "lrpepelmh": -1.0, "template": "1z7z:2I(0.03,0.36,13/25,4,0)", "viralprotein_id": 16201, "lrsm": 5.4987, "id": 95212453, "lrpepxv": -1.0, "lrredundpairs": -1.0, "humanprotein_id": 2978, "vphfpdID": "003299.e1_229@3iyp_C.1"}, {"lrredund": -1.0, "lrpepelmv": -1.0, "hphfpdID": "003833.e1_90", "pdbset": null, "lrpepxh": -1.0, "finallr": 240.91, "lrpepelmh": -1.0, "template": "1upn:BE(0.00,0.09,95/97,26,32)", "viralprotein_id": 16201, "lrsm": 240.91, "id": 95212544, "lrpepxv": -1.0, "lrredundpairs": -1.0, "humanprotein_id": 4146, "vphfpdID": "003299.e55_260@1h8t_B.2"}, {"lrredund": -1.0, "lrpepelmv": -1.0, "hphfpdID": "015571.e418_526", "pdbset": null, "lrpepxh": -1.0, "finallr": 240.91, "lrpepelmh": -1.0, "template": "1upn:BE(0.03,0.07,89/97,29,37)", "viralprotein_id": 16201, "lrsm": 240.91, "id": 95212761, "lrpepxv": -1.0, "lrredundpairs": -1.0, "humanprotein_id": 10309, "vphfpdID": "003299.e55_260@4gb3_2.8"}, {"lrredund": -1.0, "lrpepelmv": -1.0, "hphfpdID": "000980.d205_261", "pdbset": null, "lrpepxh": -1.0, "finallr": 240.91, "lrpepelmh": -1.0, "template": "1upn:BE(0.00,0.10,93/97,30,49)", "viralprotein_id": 16201, "lrsm": 240.91, "id": 95212779, "lrpepxv": -1.0, "lrredundpairs": -1.0, "humanprotein_id": 2854, "vphfpdID": "003299.e55_260@1h8t_B.2"}, {"lrredund": 2.3254, "lrpepelmv": 72.805, "hphfpdID": "000003", "pdbset": null, "lrpepxh": -1.0, "finallr": 169.3006, "lrpepelmh": -1.0, "template": "", "viralprotein_id": 16201, "lrsm": -1.0, "id": 95213607, "lrpepxv": -1.0, "lrredundpairs": -1.0, "humanprotein_id": 6857, "vphfpdID": "003299@1oop_B.5"}, {"lrredund": 0.5125, "lrpepelmv": -1.0, "hphfpdID": "010149.d99_158", "pdbset": null, "lrpepxh": -1.0, "finallr": 423.4213, "lrpepelmh": -1.0, "template": "3iyp:CF(0.04,0.06,139/156,48,80)", "viralprotein_id": 16201, "lrsm": 826.1879, "id": 95213787, "lrpepxv": -1.0, "lrredundpairs": -1.0, "humanprotein_id": 3891, "vphfpdID": "003299.e55_260@1cov_2.7"}, {"lrredund": 21.3884, "lrpepelmv": -1.0, "hphfpdID": "002626", "pdbset": null, "lrpepxh": -1.0, "finallr": 117.6084, "lrpepelmh": -1.0, "template": "1z7z:2I(0.08,0.18,13/25,4,0)", "viralprotein_id": 16201, "lrsm": 5.4987, "id": 95214203, "lrpepxv": -1.0, "lrredundpairs": -1.0, "humanprotein_id": 2804, "vphfpdID": "003299.e55_260@4gb3_2.8"}, {"lrredund": -1.0, "lrpepelmv": -1.0, "hphfpdID": "016491.d120_175", "pdbset": null, "lrpepxh": -1.0, "finallr": 240.91, "lrpepelmh": -1.0, "template": "1upn:BE(0.00,0.09,93/97,33,51)", "viralprotein_id": 16201, "lrsm": 240.91, "id": 95214488, "lrpepxv": -1.0, "lrredundpairs": -1.0, "humanprotein_id": 6512, "vphfpdID": "003299.e55_260@1h8t_B.2"}, {"lrredund": 0.5125, "lrpepelmv": -1.0, "hphfpdID": "001909.e65_297", "pdbset": null, "lrpepxh": -1.0, "finallr": 123.4664, "lrpepelmh": -1.0, "template": "1upn:BE(0.02,0.04,95/97,32,54)", "viralprotein_id": 16201, "lrsm": 240.91, "id": 95214632, "lrpepxv": -1.0, "lrredundpairs": -1.0, "humanprotein_id": 2901, "vphfpdID": "003299.e55_260@1oop_B.5"}, {"lrredund": -1.0, "lrpepelmv": -1.0, "hphfpdID": "006163.d107_323", "pdbset": null, "lrpepxh": -1.0, "finallr": 240.91, "lrpepelmh": -1.0, "template": "1upn:BE(0.04,0.06,89/97,29,29)", "viralprotein_id": 16201, "lrsm": 240.91, "id": 95215425, "lrpepxv": -1.0, "lrredundpairs": -1.0, "humanprotein_id": 16194, "vphfpdID": "003299.e55_260@1ev1_2.1"}, {"lrredund": 2.0764, "lrpepelmv": 72.805, "hphfpdID": "000005", "pdbset": null, "lrpepxh": -1.0, "finallr": 151.1722, "lrpepelmh": -1.0, "template": "", "viralprotein_id": 16201, "lrsm": -1.0, "id": 95215590, "lrpepxv": -1.0, "lrredundpairs": -1.0, "humanprotein_id": 4794, "vphfpdID": "003299@1ev1_2.4"}, {"lrredund": -1.0, "lrpepelmv": -1.0, "hphfpdID": "012886.d742_795", "pdbset": null, "lrpepxh": -1.0, "finallr": 240.91, "lrpepelmh": -1.0, "template": "1upn:BE(0.00,0.10,93/97,33,51)", "viralprotein_id": 16201, "lrsm": 240.91, "id": 95215632, "lrpepxv": -1.0, "lrredundpairs": -1.0, "humanprotein_id": 3093, "vphfpdID": "003299.e55_260@1h8t_B.2"}, {"lrredund": 0.5125, "lrpepelmv": -1.0, "hphfpdID": "010054.e366_443", "pdbset": null, "lrpepxh": -1.0, "finallr": 123.4664, "lrpepelmh": -1.0, "template": "1upn:BE(0.03,0.07,95/97,31,45)", "viralprotein_id": 16201, "lrsm": 240.91, "id": 95215646, "lrpepxv": -1.0, "lrredundpairs": -1.0, "humanprotein_id": 882, "vphfpdID": "003299.e55_260@1mqt_B.6"}, {"lrredund": 4.2492, "lrpepelmv": 72.805, "hphfpdID": "000004", "pdbset": null, "lrpepxh": -1.0, "finallr": 309.3629, "lrpepelmh": -1.0, "template": "", "viralprotein_id": 16201, "lrsm": -1.0, "id": 95215909, "lrpepxv": -1.0, "lrredundpairs": -1.0, "humanprotein_id": 6298, "vphfpdID": "003299@1ev1_2.4"}, {"lrredund": 21.3884, "lrpepelmv": -1.0, "hphfpdID": "011519", "pdbset": null, "lrpepxh": -1.0, "finallr": 393.8285, "lrpepelmh": -1.0, "template": "1nlq:EC(0.53,0.05,88/101,41,47)", "viralprotein_id": 16201, "lrsm": 18.4132, "id": 95216375, "lrpepxv": -1.0, "lrredundpairs": -1.0, "humanprotein_id": 3074, "vphfpdID": "003299.e55_260@1ev1_2.1"}, {"lrredund": -1.0, "lrpepelmv": -1.0, "hphfpdID": "003972.d3109_3228", "pdbset": null, "lrpepxh": -1.0, "finallr": 240.91, "lrpepelmh": -1.0, "template": "1upn:BE(0.04,0.03,89/97,36,72)", "viralprotein_id": 16201, "lrsm": 240.91, "id": 95216521, "lrpepxv": -1.0, "lrredundpairs": -1.0, "humanprotein_id": 10967, "vphfpdID": "003299.e55_260@1ev1_2.1"}, {"lrredund": 20.9141, "lrpepelmv": -1.0, "hphfpdID": "006178.e689_810", "pdbset": null, "lrpepxh": -1.0, "finallr": 348.8874, "lrpepelmh": -1.0, "template": "1na1:BC(0.07,0.49,636/1560,52,37)", "viralprotein_id": 16201, "lrsm": 16.6819, "id": 95216785, "lrpepxv": -1.0, "lrredundpairs": -1.0, "humanprotein_id": 2856, "vphfpdID": "003299@3iyp_C.2"}, {"lrredund": -1.0, "lrpepelmv": -1.0, "hphfpdID": "002889.d85_142", "pdbset": null, "lrpepxh": -1.0, "finallr": 240.91, "lrpepelmh": -1.0, "template": "1upn:BE(0.03,0.06,95/97,29,39)", "viralprotein_id": 16201, "lrsm": 240.91, "id": 95216786, "lrpepxv": -1.0, "lrredundpairs": -1.0, "humanprotein_id": 3204, "vphfpdID": "003299.e55_260@1mqt_B.6"}, {"lrredund": 21.3884, "lrpepelmv": 16.112, "hphfpdID": "016466.e142_262", "pdbset": null, "lrpepxh": -1.0, "finallr": 344.6103, "lrpepelmh": -1.0, "template": "3m7f:BA(0.53,0.07,54/93,25,36)", "viralprotein_id": 16201, "lrsm": 3.1219, "id": 95216948, "lrpepxv": -1.0, "lrredundpairs": -1.0, "humanprotein_id": 3727, "vphfpdID": "003299.e55_260@1mqt_B.6"}, {"lrredund": 3.5815, "lrpepelmv": -1.0, "hphfpdID": "017982.d310_390", "pdbset": null, "lrpepxh": -1.0, "finallr": 122.7382, "lrpepelmh": -1.0, "template": "1upn:BC(0.01,0.38,181/480,43,26)", "viralprotein_id": 16201, "lrsm": 34.2701, "id": 95216991, "lrpepxv": -1.0, "lrredundpairs": 0.7707, "humanprotein_id": 1403, "vphfpdID": "003299@1d4m_2.3"}, {"lrredund": 21.3884, "lrpepelmv": 72.805, "hphfpdID": "000002", "pdbset": null, "lrpepxh": -1.0, "finallr": 1557.181, "lrpepelmh": -1.0, "template": "", "viralprotein_id": 16201, "lrsm": -1.0, "id": 95217177, "lrpepxv": -1.0, "lrredundpairs": -1.0, "humanprotein_id": 6315, "vphfpdID": "003299@1h8t_B.1"}, {"lrredund": 2.3254, "lrpepelmv": -1.0, "hphfpdID": "007927", "pdbset": null, "lrpepxh": -1.0, "finallr": 277.3754, "lrpepelmh": -1.0, "template": "1z7z:2I(0.06,0.00,13/25,9,8)", "viralprotein_id": 16201, "lrsm": 119.2807, "id": 95217217, "lrpepxv": -1.0, "lrredundpairs": 0.7707, "humanprotein_id": 3016, "vphfpdID": "003299.e55_260@3iyp_C.3"}, {"lrredund": 21.3884, "lrpepelmv": -1.0, "hphfpdID": "015893", "pdbset": null, "lrpepxh": -1.0, "finallr": 102.103, "lrpepelmh": -1.0, "template": "2lk6:BA(0.54,0.59,127/154,20,14)", "viralprotein_id": 16201, "lrsm": 4.7738, "id": 95217420, "lrpepxv": -1.0, "lrredundpairs": -1.0, "humanprotein_id": 14569, "vphfpdID": "003299@1ev1_2.4"}, {"lrredund": -1.0, "lrpepelmv": -1.0, "hphfpdID": "015570.e737_801", "pdbset": null, "lrpepxh": -1.0, "finallr": 240.91, "lrpepelmh": -1.0, "template": "1upn:BE(0.03,0.07,89/97,31,40)", "viralprotein_id": 16201, "lrsm": 240.91, "id": 95217797, "lrpepxv": -1.0, "lrredundpairs": -1.0, "humanprotein_id": 16282, "vphfpdID": "003299.e55_260@4gb3_2.8"}, {"lrredund": -1.0, "lrpepelmv": -1.0, "hphfpdID": "006162.d92_281", "pdbset": null, "lrpepxh": -1.0, "finallr": 240.91, "lrpepelmh": -1.0, "template": "1upn:BE(0.03,0.05,90/97,23,14)", "viralprotein_id": 16201, "lrsm": 240.91, "id": 95218891, "lrpepxv": -1.0, "lrredundpairs": -1.0, "humanprotein_id": 13968, "vphfpdID": "003299.e55_260@1cov_2.7"}, {"lrredund": 21.3884, "lrpepelmv": 2.8446, "hphfpdID": "001509.e1_53", "pdbset": null, "lrpepxh": -1.0, "finallr": 256.5607, "lrpepelmh": -1.0, "template": "2idh:BA(0.33,0.06,45/45,21,31)", "viralprotein_id": 16201, "lrsm": 11.9953, "id": 95219022, "lrpepxv": -1.0, "lrredundpairs": -1.0, "humanprotein_id": 2598, "vphfpdID": "003299.e1_229@1h8t_B.2"}, {"lrredund": 0.5125, "lrpepelmv": -1.0, "hphfpdID": "009821.e191_255", "pdbset": null, "lrpepxh": -1.0, "finallr": 123.4664, "lrpepelmh": -1.0, "template": "1upn:BE(0.00,0.08,92/97,29,43)", "viralprotein_id": 16201, "lrsm": 240.91, "id": 95219154, "lrpepxv": -1.0, "lrredundpairs": -1.0, "humanprotein_id": 3805, "vphfpdID": "003299.e55_260@1h8t_B.2"}, {"lrredund": -1.0, "lrpepelmv": -1.0, "hphfpdID": "003500.e151_252", "pdbset": null, "lrpepxh": -1.0, "finallr": 240.91, "lrpepelmh": -1.0, "template": "1upn:BE(0.02,0.06,95/97,34,59)", "viralprotein_id": 16201, "lrsm": 240.91, "id": 95220061, "lrpepxv": -1.0, "lrredundpairs": -1.0, "humanprotein_id": 3061, "vphfpdID": "003299.e55_260@1d4m_2.4"}, {"lrredund": -1.0, "lrpepelmv": -1.0, "hphfpdID": "004306", "pdbset": null, "lrpepxh": -1.0, "finallr": 826.1879, "lrpepelmh": -1.0, "template": "3iyp:CF(0.02,0.00,156/156,47,78)", "viralprotein_id": 16201, "lrsm": 826.1879, "id": 95220574, "lrpepxv": -1.0, "lrredundpairs": -1.0, "humanprotein_id": 3167, "vphfpdID": "003299.e55_260@1h8t_B.2"}, {"lrredund": -1.0, "lrpepelmv": -1.0, "hphfpdID": "015681.e703_766", "pdbset": null, "lrpepxh": -1.0, "finallr": 240.91, "lrpepelmh": -1.0, "template": "1upn:BE(0.00,0.10,92/97,31,47)", "viralprotein_id": 16201, "lrsm": 240.91, "id": 95220856, "lrpepxv": -1.0, "lrredundpairs": -1.0, "humanprotein_id": 8723, "vphfpdID": "003299.e55_260@1h8t_B.2"}, {"lrredund": -1.0, "lrpepelmv": -1.0, "hphfpdID": "016757.d1905_1958", "pdbset": null, "lrpepxh": -1.0, "finallr": 240.91, "lrpepelmh": -1.0, "template": "1upn:BE(0.02,0.08,90/97,31,54)", "viralprotein_id": 16201, "lrsm": 240.91, "id": 95220896, "lrpepxv": -1.0, "lrredundpairs": -1.0, "humanprotein_id": 8661, "vphfpdID": "003299.e55_260@1oop_B.5"}, {"lrredund": 15.8699, "lrpepelmv": 11.4911, "hphfpdID": "001060.e180_274", "pdbset": null, "lrpepxh": -1.0, "finallr": 182.3629, "lrpepelmh": -1.0, "template": "4b27:FE(0.47,0.50,56/96,21,19)", "viralprotein_id": 16201, "lrsm": 1.7387, "id": 95221173, "lrpepxv": -1.0, "lrredundpairs": -1.0, "humanprotein_id": 17652, "vphfpdID": "003299.e1_229@1h8t_B.2"}, {"lrredund": 21.3884, "lrpepelmv": 4.1146, "hphfpdID": "003962.d92_178", "pdbset": null, "lrpepxh": -1.0, "finallr": 100.9952, "lrpepelmh": -1.0, "template": "4c10:BC(0.04,0.52,210/1497,23,115)", "viralprotein_id": 16201, "lrsm": 4.722, "id": 95221497, "lrpepxv": -1.0, "lrredundpairs": -1.0, "humanprotein_id": 6447, "vphfpdID": "003299.e55_260@1mqt_B.6"}, {"lrredund": -1.0, "lrpepelmv": -1.0, "hphfpdID": "009823.d642_700", "pdbset": null, "lrpepxh": -1.0, "finallr": 130.17, "lrpepelmh": -1.0, "template": "1upn:AE(0.04,0.06,7/8,7,4)", "viralprotein_id": 16202, "lrsm": 130.17, "id": 52835755, "lrpepxv": -1.0, "lrredundpairs": -1.0, "humanprotein_id": 3922, "vphfpdID": "003300@1d4m_1.4"}, {"lrredund": 21.3884, "lrpepelmv": -1.0, "hphfpdID": "013899.d849_992", "pdbset": null, "lrpepxh": -1.0, "finallr": 219.339, "lrpepelmh": -1.0, "template": "2l48:BA(0.59,0.37,115/127,43,71)", "viralprotein_id": 16202, "lrsm": 10.255, "id": 52835872, "lrpepxv": -1.0, "lrredundpairs": -1.0, "humanprotein_id": 1240, "vphfpdID": "003300@1h8t_A.1"}, {"lrredund": 19.2898, "lrpepelmv": -1.0, "hphfpdID": "005209.d106_189", "pdbset": null, "lrpepxh": -1.0, "finallr": 197.8178, "lrpepelmh": -1.0, "template": "2l48:BA(0.59,0.26,113/127,43,68)", "viralprotein_id": 16202, "lrsm": 10.255, "id": 52836082, "lrpepxv": -1.0, "lrredundpairs": -1.0, "humanprotein_id": 8007, "vphfpdID": "003300@1h8t_A.1"}, {"lrredund": 19.2898, "lrpepelmv": -1.0, "hphfpdID": "016730", "pdbset": null, "lrpepxh": -1.0, "finallr": 187.7603, "lrpepelmh": -1.0, "template": "2lk5:AB(0.52,0.60,109/132,41,86)", "viralprotein_id": 16202, "lrsm": 9.7337, "id": 52836540, "lrpepxv": -1.0, "lrredundpairs": 0.7707, "humanprotein_id": 6290, "vphfpdID": "003300.e1_198@1d4m_1.4"}, {"lrredund": -1.0, "lrpepelmv": -1.0, "hphfpdID": "003971.e2947_3189", "pdbset": null, "lrpepxh": -1.0, "finallr": 130.17, "lrpepelmh": -1.0, "template": "1upn:AE(0.06,0.04,7/8,8,5)", "viralprotein_id": 16202, "lrsm": 130.17, "id": 52837294, "lrpepxv": -1.0, "lrredundpairs": -1.0, "humanprotein_id": 10968, "vphfpdID": "003300@3iyp_A.5"}, {"lrredund": 19.2898, "lrpepelmv": -1.0, "hphfpdID": "005354.e1664_1728", "pdbset": null, "lrpepxh": -1.0, "finallr": 131.9646, "lrpepelmh": -1.0, "template": "1z7s:13(0.11,0.49,81/621,50,72)", "viralprotein_id": 16202, "lrsm": 6.8412, "id": 52837330, "lrpepxv": -1.0, "lrredundpairs": -1.0, "humanprotein_id": 7033, "vphfpdID": "003300.e1_198@1ev1_1.8"}, {"lrredund": -1.0, "lrpepelmv": -1.0, "hphfpdID": "002889.d1109_1163", "pdbset": null, "lrpepxh": -1.0, "finallr": 130.17, "lrpepelmh": -1.0, "template": "1upn:AE(0.02,0.06,7/8,7,5)", "viralprotein_id": 16202, "lrsm": 130.17, "id": 52837955, "lrpepxv": -1.0, "lrredundpairs": -1.0, "humanprotein_id": 3204, "vphfpdID": "003300@1h8t_A.1"}, {"lrredund": 21.3884, "lrpepelmv": 6.3869, "hphfpdID": "001509.e1_53", "pdbset": null, "lrpepxh": -1.0, "finallr": 261.0853, "lrpepelmh": -1.0, "template": "2dwv:BA(0.53,0.22,88/102,45,78)", "viralprotein_id": 16202, "lrsm": 12.2069, "id": 52838246, "lrpepxv": -1.0, "lrredundpairs": -1.0, "humanprotein_id": 2598, "vphfpdID": "003300.e1_198@1d4m_1.4"}, {"lrredund": 19.2898, "lrpepelmv": -1.0, "hphfpdID": "005567.d338_586", "pdbset": null, "lrpepxh": -1.0, "finallr": 187.7603, "lrpepelmh": -1.0, "template": "2dwv:BA(0.53,0.52,94/102,41,77)", "viralprotein_id": 16202, "lrsm": 9.7337, "id": 52838354, "lrpepxv": -1.0, "lrredundpairs": -1.0, "humanprotein_id": 3874, "vphfpdID": "003300.e1_198@1d4m_1.4"}, {"lrredund": 21.3884, "lrpepelmv": -1.0, "hphfpdID": "009491.e318_418", "pdbset": null, "lrpepxh": -1.0, "finallr": 230.863, "lrpepelmh": -1.0, "template": "3b83:HC(0.59,0.38,54/149,41,45)", "viralprotein_id": 16202, "lrsm": 10.7938, "id": 52838659, "lrpepxv": -1.0, "lrredundpairs": -1.0, "humanprotein_id": 12198, "vphfpdID": "003300.e1_198@1d4m_1.4"}, {"lrredund": -1.0, "lrpepelmv": -1.0, "hphfpdID": "016491", "pdbset": null, "lrpepxh": -1.0, "finallr": 130.17, "lrpepelmh": -1.0, "template": "1upn:AE(0.02,0.05,7/8,6,3)", "viralprotein_id": 16202, "lrsm": 130.17, "id": 52838882, "lrpepxv": -1.0, "lrredundpairs": -1.0, "humanprotein_id": 6512, "vphfpdID": "003300@1h8t_A.1"}, {"lrredund": 19.2898, "lrpepelmv": 15.8041, "hphfpdID": "016613.e316_567", "pdbset": null, "lrpepxh": -1.0, "finallr": 304.8578, "lrpepelmh": -1.0, "template": "1yc7:AB(0.57,0.48,53/58,21,22)", "viralprotein_id": 16202, "lrsm": 2.5395, "id": 52838940, "lrpepxv": -1.0, "lrredundpairs": -1.0, "humanprotein_id": 5161, "vphfpdID": "003300.d62_253@1oop_A.6"}, {"lrredund": 21.3884, "lrpepelmv": 14.9984, "hphfpdID": "001060.e180_274", "pdbset": null, "lrpepxh": -1.0, "finallr": 320.7909, "lrpepelmh": -1.0, "template": "2a28:DC(0.46,0.04,2/2,1,0)", "viralprotein_id": 16202, "lrsm": 2.4032, "id": 52838995, "lrpepxv": -1.0, "lrredundpairs": -1.0, "humanprotein_id": 17652, "vphfpdID": "003300.e1_198@3iyp_A.7"}, {"lrredund": 4.2492, "lrpepelmv": 96.2413, "hphfpdID": "000004", "pdbset": null, "lrpepxh": -1.0, "finallr": 408.9483, "lrpepelmh": -1.0, "template": "", "viralprotein_id": 16202, "lrsm": -1.0, "id": 52839112, "lrpepxv": -1.0, "lrredundpairs": -1.0, "humanprotein_id": 6298, "vphfpdID": "003300@1mqt_A.2"}, {"lrredund": 2.3254, "lrpepelmv": 4.3901, "hphfpdID": "016486.d81_222", "pdbset": null, "lrpepxh": -1.0, "finallr": 144.8956, "lrpepelmh": -1.0, "template": "4cdw:AD(0.14,0.58,175/1151,19,168)", "viralprotein_id": 16202, "lrsm": 3.7424, "id": 52839253, "lrpepxv": 62.31, "lrredundpairs": 0.7707, "humanprotein_id": 6479, "vphfpdID": "003300.d62_253@1cov_1.8"}, {"lrredund": -1.0, "lrpepelmv": -1.0, "hphfpdID": "006161.e107_330", "pdbset": null, "lrpepxh": -1.0, "finallr": 130.17, "lrpepelmh": -1.0, "template": "1upn:AE(0.02,0.07,7/8,5,2)", "viralprotein_id": 16202, "lrsm": 130.17, "id": 52839321, "lrpepxv": -1.0, "lrredundpairs": -1.0, "humanprotein_id": 6793, "vphfpdID": "003300@1h8t_A.1"}, {"lrredund": 20.9141, "lrpepelmv": -1.0, "hphfpdID": "018500.d533_608", "pdbset": null, "lrpepxh": -1.0, "finallr": 163.0298, "lrpepelmh": -1.0, "template": "2xew:GA(0.33,0.02,29/71,21,27)", "viralprotein_id": 16202, "lrsm": 7.7952, "id": 52839323, "lrpepxv": -1.0, "lrredundpairs": 0.7707, "humanprotein_id": 3463, "vphfpdID": "003300.e1_198@1d4m_1.4"}, {"lrredund": 19.2898, "lrpepelmv": 96.2413, "hphfpdID": "000006", "pdbset": null, "lrpepxh": -1.0, "finallr": 1856.474, "lrpepelmh": -1.0, "template": "", "viralprotein_id": 16202, "lrsm": -1.0, "id": 52839611, "lrpepxv": -1.0, "lrredundpairs": -1.0, "humanprotein_id": 4514, "vphfpdID": "003300@1oop_A.3"}, {"lrredund": 21.3884, "lrpepelmv": -1.0, "hphfpdID": "002626.e1_127", "pdbset": null, "lrpepxh": -1.0, "finallr": 175.5488, "lrpepelmh": -1.0, "template": "3epd:1R(0.08,0.36,84/130,41,56)", "viralprotein_id": 16202, "lrsm": 8.2077, "id": 52839629, "lrpepxv": -1.0, "lrredundpairs": 0.7707, "humanprotein_id": 2804, "vphfpdID": "003300@1oop_A.3"}, {"lrredund": 2.3254, "lrpepelmv": 96.2413, "hphfpdID": "000003", "pdbset": null, "lrpepxh": -1.0, "finallr": 223.7994, "lrpepelmh": -1.0, "template": "", "viralprotein_id": 16202, "lrsm": -1.0, "id": 52839920, "lrpepxv": -1.0, "lrredundpairs": -1.0, "humanprotein_id": 6857, "vphfpdID": "003300@3iyp_A.5"}, {"lrredund": -1.0, "lrpepelmv": -1.0, "hphfpdID": "001910.e47_252", "pdbset": null, "lrpepxh": -1.0, "finallr": 130.17, "lrpepelmh": -1.0, "template": "1upn:AE(0.02,0.07,7/8,7,4)", "viralprotein_id": 16202, "lrsm": 130.17, "id": 52840131, "lrpepxv": -1.0, "lrredundpairs": -1.0, "humanprotein_id": 4210, "vphfpdID": "003300@1h8t_A.1"}, {"lrredund": -1.0, "lrpepelmv": -1.0, "hphfpdID": "006160.d149_203", "pdbset": null, "lrpepxh": -1.0, "finallr": 130.17, "lrpepelmh": -1.0, "template": "1upn:AE(0.06,0.04,7/8,6,3)", "viralprotein_id": 16202, "lrsm": 130.17, "id": 52840158, "lrpepxv": -1.0, "lrredundpairs": -1.0, "humanprotein_id": 5022, "vphfpdID": "003300@3iyp_A.5"}, {"lrredund": 19.2898, "lrpepelmv": 96.2413, "hphfpdID": "000007", "pdbset": null, "lrpepxh": -1.0, "finallr": 1856.474, "lrpepelmh": -1.0, "template": "", "viralprotein_id": 16202, "lrsm": -1.0, "id": 52840391, "lrpepxv": 3.66, "lrredundpairs": -1.0, "humanprotein_id": 6393, "vphfpdID": "003300@4gb3_1.7"}, {"lrredund": 21.3884, "lrpepelmv": -1.0, "hphfpdID": "014262.d1_78", "pdbset": null, "lrpepxh": -1.0, "finallr": 128.3451, "lrpepelmh": -1.0, "template": "2xew:LC(0.30,0.09,2/2,2,0)", "viralprotein_id": 16202, "lrsm": 6.0007, "id": 52840483, "lrpepxv": -1.0, "lrredundpairs": -1.0, "humanprotein_id": 5865, "vphfpdID": "003300.e1_198@1d4m_1.4"}, {"lrredund": 4.2492, "lrpepelmv": -1.0, "hphfpdID": "011448.e640_715", "pdbset": null, "lrpepxh": -1.0, "finallr": 107.2347, "lrpepelmh": -1.0, "template": "1mqt:AC(0.02,0.17,7/611,7,4)", "viralprotein_id": 16202, "lrsm": 25.2364, "id": 52840807, "lrpepxv": -1.0, "lrredundpairs": -1.0, "humanprotein_id": 5301, "vphfpdID": "003300.e1_198@1mqt_A.1"}, {"lrredund": 19.2898, "lrpepelmv": 15.8041, "hphfpdID": "016466.e142_262", "pdbset": null, "lrpepxh": -1.0, "finallr": 304.8578, "lrpepelmh": -1.0, "template": "3m7f:BA(0.53,0.07,54/93,24,24)", "viralprotein_id": 16202, "lrsm": 3.1219, "id": 52840932, "lrpepxv": -1.0, "lrredundpairs": -1.0, "humanprotein_id": 3727, "vphfpdID": "003300@1oop_A.3"}, {"lrredund": -1.0, "lrpepelmv": -1.0, "hphfpdID": "004306", "pdbset": null, "lrpepxh": -1.0, "finallr": 130.17, "lrpepelmh": -1.0, "template": "3iyp:AF(0.01,0.00,13/13,19,13)", "viralprotein_id": 16202, "lrsm": 130.17, "id": 52841021, "lrpepxv": -1.0, "lrredundpairs": -1.0, "humanprotein_id": 3167, "vphfpdID": "003300@3iyp_A.5"}, {"lrredund": 21.3884, "lrpepelmv": 9.3373, "hphfpdID": "001349.d2715_2964", "pdbset": null, "lrpepxh": -1.0, "finallr": 199.7102, "lrpepelmh": -1.0, "template": "2idh:DB(0.52,0.45,25/29,4,0)", "viralprotein_id": 16202, "lrsm": 1.3385, "id": 52841230, "lrpepxv": -1.0, "lrredundpairs": -1.0, "humanprotein_id": 7312, "vphfpdID": "003300.e1_198@3iyp_A.7"}, {"lrredund": 0.9127, "lrpepelmv": -1.0, "hphfpdID": "010149.d99_158", "pdbset": null, "lrpepxh": -1.0, "finallr": 108.8675, "lrpepelmh": -1.0, "template": "3iyp:AF(0.01,0.06,7/13,10,7)", "viralprotein_id": 16202, "lrsm": 119.2807, "id": 52841511, "lrpepxv": -1.0, "lrredundpairs": -1.0, "humanprotein_id": 3891, "vphfpdID": "003300@3iyp_A.5"}, {"lrredund": 20.9141, "lrpepelmv": -1.0, "hphfpdID": "006178.e810_907", "pdbset": null, "lrpepxh": -1.0, "finallr": 471.8326, "lrpepelmh": -1.0, "template": "3b83:HC(0.59,0.06,60/149,45,49)", "viralprotein_id": 16202, "lrsm": 22.5605, "id": 52842251, "lrpepxv": -1.0, "lrredundpairs": 0.7707, "humanprotein_id": 2856, "vphfpdID": "003300.e1_198@1d4m_1.4"}, {"lrredund": 19.2898, "lrpepelmv": -1.0, "hphfpdID": "018800.e521_739", "pdbset": null, "lrpepxh": -1.0, "finallr": 197.6251, "lrpepelmh": -1.0, "template": "3b83:HC(0.59,0.56,59/149,43,42)", "viralprotein_id": 16202, "lrsm": 10.2451, "id": 52843003, "lrpepxv": -1.0, "lrredundpairs": 0.7707, "humanprotein_id": 4109, "vphfpdID": "003300.e1_198@1d4m_1.4"}, {"lrredund": 19.2898, "lrpepelmv": -1.0, "hphfpdID": "018501", "pdbset": null, "lrpepxh": -1.0, "finallr": 115.7521, "lrpepelmh": -1.0, "template": "2xew:LC(0.30,0.09,2/2,3,2)", "viralprotein_id": 16202, "lrsm": 6.0007, "id": 52843225, "lrpepxv": -1.0, "lrredundpairs": 0.7707, "humanprotein_id": 1286, "vphfpdID": "003300.e1_198@1d4m_1.4"}, {"lrredund": 2.3254, "lrpepelmv": -1.0, "hphfpdID": "007927", "pdbset": null, "lrpepxh": -1.0, "finallr": 393.2198, "lrpepelmh": -1.0, "template": "1z7z:1I(0.08,0.00,49/65,27,35)", "viralprotein_id": 16202, "lrsm": 169.0977, "id": 52843710, "lrpepxv": -1.0, "lrredundpairs": 0.7707, "humanprotein_id": 3016, "vphfpdID": "003300.d62_253@1d4m_1.2"}, {"lrredund": 19.2898, "lrpepelmv": -1.0, "hphfpdID": "008378.d463_902", "pdbset": null, "lrpepxh": -1.0, "finallr": 197.6251, "lrpepelmh": -1.0, "template": "3b83:HC(0.54,0.56,57/149,41,38)", "viralprotein_id": 16202, "lrsm": 10.2451, "id": 52843902, "lrpepxv": -1.0, "lrredundpairs": -1.0, "humanprotein_id": 3758, "vphfpdID": "003300.e1_198@1oop_A.3"}, {"lrredund": -1.0, "lrpepelmv": -1.0, "hphfpdID": "006159.d208_262", "pdbset": null, "lrpepxh": -1.0, "finallr": 130.17, "lrpepelmh": -1.0, "template": "1upn:AE(0.02,0.06,7/8,7,5)", "viralprotein_id": 16202, "lrsm": 130.17, "id": 52844335, "lrpepxv": -1.0, "lrredundpairs": -1.0, "humanprotein_id": 6819, "vphfpdID": "003300@1h8t_A.1"}, {"lrredund": 21.3884, "lrpepelmv": 9.677, "hphfpdID": "001751.e1_73", "pdbset": null, "lrpepxh": -1.0, "finallr": 206.9754, "lrpepelmh": -1.0, "template": "3epf:14(0.07,0.50,15/100,11,12)", "viralprotein_id": 16202, "lrsm": 1.8315, "id": 52845041, "lrpepxv": -1.0, "lrredundpairs": -1.0, "humanprotein_id": 5041, "vphfpdID": "003300.e1_198@1cov_1.5"}, {"lrredund": 4.2492, "lrpepelmv": 96.2413, "hphfpdID": "000001", "pdbset": null, "lrpepxh": -1.0, "finallr": 408.9483, "lrpepelmh": -1.0, "template": "", "viralprotein_id": 16202, "lrsm": -1.0, "id": 52845678, "lrpepxv": -1.0, "lrredundpairs": -1.0, "humanprotein_id": 4793, "vphfpdID": "003300@1d4m_1.4"}, {"lrredund": -1.0, "lrpepelmv": -1.0, "hphfpdID": "006162.d458_513", "pdbset": null, "lrpepxh": -1.0, "finallr": 130.17, "lrpepelmh": -1.0, "template": "1upn:AE(0.04,0.05,7/8,8,5)", "viralprotein_id": 16202, "lrsm": 130.17, "id": 52845865, "lrpepxv": -1.0, "lrredundpairs": -1.0, "humanprotein_id": 13968, "vphfpdID": "003300@1d4m_1.4"}, {"lrredund": 21.3884, "lrpepelmv": -1.0, "hphfpdID": "016869.d56_203", "pdbset": null, "lrpepxh": -1.0, "finallr": 116.139, "lrpepelmh": -1.0, "template": "3dnj:BA(0.57,0.31,31/69,10,4)", "viralprotein_id": 16202, "lrsm": 1.2265, "id": 52846448, "lrpepxv": 5.43, "lrredundpairs": -1.0, "humanprotein_id": 4495, "vphfpdID": "003300.d62_253@1cov_1.8"}, {"lrredund": 21.3884, "lrpepelmv": -1.0, "hphfpdID": "008850.e118_222", "pdbset": null, "lrpepxh": -1.0, "finallr": 219.1254, "lrpepelmh": -1.0, "template": "3b83:HC(0.59,0.60,57/149,48,47)", "viralprotein_id": 16202, "lrsm": 10.2451, "id": 52846461, "lrpepxv": -1.0, "lrredundpairs": -1.0, "humanprotein_id": 7761, "vphfpdID": "003300.e1_198@1d4m_1.4"}, {"lrredund": 15.8699, "lrpepelmv": 96.2413, "hphfpdID": "000002", "pdbset": null, "lrpepxh": -1.0, "finallr": 1527.339, "lrpepelmh": -1.0, "template": "", "viralprotein_id": 16202, "lrsm": -1.0, "id": 52846924, "lrpepxv": -1.0, "lrredundpairs": -1.0, "humanprotein_id": 6315, "vphfpdID": "003300@1d4m_1.4"}, {"lrredund": 20.9141, "lrpepelmv": 15.8041, "hphfpdID": "007144.d1_56", "pdbset": null, "lrpepxh": -1.0, "finallr": 330.5284, "lrpepelmh": -1.0, "template": "1na1:CB(0.49,0.50,268/1559,51,136)", "viralprotein_id": 16202, "lrsm": 7.644, "id": 52847653, "lrpepxv": -1.0, "lrredundpairs": -1.0, "humanprotein_id": 6385, "vphfpdID": "003300.d62_253@1cov_1.8"}, {"lrredund": -1.0, "lrpepelmv": -1.0, "hphfpdID": "006491.d63_179", "pdbset": null, "lrpepxh": -1.0, "finallr": 130.17, "lrpepelmh": -1.0, "template": "1upn:AE(0.02,0.08,7/8,4,0)", "viralprotein_id": 16202, "lrsm": 130.17, "id": 52847836, "lrpepxv": -1.0, "lrredundpairs": -1.0, "humanprotein_id": 18546, "vphfpdID": "003300@1h8t_A.1"}, {"lrredund": -1.0, "lrpepelmv": -1.0, "hphfpdID": "005984.e81_136", "pdbset": null, "lrpepxh": -1.0, "finallr": 130.17, "lrpepelmh": -1.0, "template": "1upn:AE(0.02,0.05,7/8,9,7)", "viralprotein_id": 16202, "lrsm": 130.17, "id": 52848585, "lrpepxv": -1.0, "lrredundpairs": -1.0, "humanprotein_id": 8771, "vphfpdID": "003300@1h8t_A.1"}, {"lrredund": 19.2898, "lrpepelmv": -1.0, "hphfpdID": "011519.e1_119", "pdbset": null, "lrpepxh": -1.0, "finallr": 355.1866, "lrpepelmh": -1.0, "template": "2p1b:IJ(0.52,0.01,113/125,43,54)", "viralprotein_id": 16202, "lrsm": 18.4132, "id": 52848713, "lrpepxv": -1.0, "lrredundpairs": -1.0, "humanprotein_id": 3074, "vphfpdID": "003300.d62_253@1mqt_A.3"}, {"lrredund": -1.0, "lrpepelmv": -1.0, "hphfpdID": "006163.d208_263", "pdbset": null, "lrpepxh": -1.0, "finallr": 130.17, "lrpepelmh": -1.0, "template": "1upn:AE(0.02,0.06,7/8,9,7)", "viralprotein_id": 16202, "lrsm": 130.17, "id": 52849129, "lrpepxv": -1.0, "lrredundpairs": -1.0, "humanprotein_id": 16194, "vphfpdID": "003300@1h8t_A.1"}, {"lrredund": -1.0, "lrpepelmv": -1.0, "hphfpdID": "003970.e2620_2859", "pdbset": null, "lrpepxh": -1.0, "finallr": 130.17, "lrpepelmh": -1.0, "template": "1upn:AE(0.02,0.08,7/8,4,0)", "viralprotein_id": 16202, "lrsm": 130.17, "id": 52849346, "lrpepxv": -1.0, "lrredundpairs": -1.0, "humanprotein_id": 15290, "vphfpdID": "003300@1h8t_A.1"}, {"lrredund": 19.2898, "lrpepelmv": 15.8041, "hphfpdID": "016615", "pdbset": null, "lrpepxh": -1.0, "finallr": 304.8578, "lrpepelmh": -1.0, "template": "1z7z:1I(0.08,0.43,49/65,21,24)", "viralprotein_id": 16202, "lrsm": 3.1219, "id": 52849717, "lrpepxv": -1.0, "lrredundpairs": -1.0, "humanprotein_id": 5095, "vphfpdID": "003300.d62_253@1mqt_A.3"}, {"lrredund": 19.2898, "lrpepelmv": 4.3901, "hphfpdID": "003962.d92_178", "pdbset": null, "lrpepxh": -1.0, "finallr": 373.848, "lrpepelmh": -1.0, "template": "1h8t:AC(0.03,0.57,59/627,41,58)", "viralprotein_id": 16202, "lrsm": 19.3806, "id": 52849790, "lrpepxv": -1.0, "lrredundpairs": 0.7707, "humanprotein_id": 6447, "vphfpdID": "003300.e1_198@1h8t_A.2"}, {"lrredund": 21.3884, "lrpepelmv": -1.0, "hphfpdID": "009492.e220_326", "pdbset": null, "lrpepxh": -1.0, "finallr": 230.863, "lrpepelmh": -1.0, "template": "3b83:HC(0.59,0.30,56/149,44,37)", "viralprotein_id": 16202, "lrsm": 10.7938, "id": 52850237, "lrpepxv": -1.0, "lrredundpairs": 0.7707, "humanprotein_id": 13229, "vphfpdID": "003300.e1_198@1d4m_1.4"}, {"lrredund": 2.3254, "lrpepelmv": 96.2413, "hphfpdID": "000005", "pdbset": null, "lrpepxh": -1.0, "finallr": 223.7994, "lrpepelmh": -1.0, "template": "", "viralprotein_id": 16202, "lrsm": -1.0, "id": 52850601, "lrpepxv": -1.0, "lrredundpairs": -1.0, "humanprotein_id": 4794, "vphfpdID": "003300@1mqt_A.2"}, {"lrredund": -1.0, "lrpepelmv": -1.0, "hphfpdID": "016757.e2495_2551", "pdbset": null, "lrpepxh": -1.0, "finallr": 130.17, "lrpepelmh": -1.0, "template": "1upn:AE(0.02,0.06,7/8,8,6)", "viralprotein_id": 16202, "lrsm": 130.17, "id": 52850820, "lrpepxv": -1.0, "lrredundpairs": -1.0, "humanprotein_id": 8661, "vphfpdID": "003300@1h8t_A.1"}, {"lrredund": 2.3254, "lrpepelmv": 72.805, "hphfpdID": "000005", "pdbset": null, "lrpepxh": -1.0, "finallr": 169.3006, "lrpepelmh": -1.0, "template": "3cc4:SV(0.60,0.50,13/31,4,0)", "viralprotein_id": 16203, "lrsm": 1.1641, "id": 77269472, "lrpepxv": -1.0, "lrredundpairs": -1.0, "humanprotein_id": 4794, "vphfpdID": "003168@3zz4_A.5"}, {"lrredund": 4.2492, "lrpepelmv": 72.805, "hphfpdID": "000004", "pdbset": null, "lrpepxh": -1.0, "finallr": 309.3629, "lrpepelmh": -1.0, "template": "1n8r:TW(0.59,0.50,12/29,5,0)", "viralprotein_id": 16203, "lrsm": 1.1641, "id": 77269706, "lrpepxv": -1.0, "lrredundpairs": -1.0, "humanprotein_id": 6298, "vphfpdID": "003168@3zye_A.2"}, {"lrredund": 19.2898, "lrpepelmv": -1.0, "hphfpdID": "005354.e1664_1728", "pdbset": null, "lrpepxh": -1.0, "finallr": 150.368, "lrpepelmh": -1.0, "template": "3ruo:BA(0.01,0.33,46/78,23,31)", "viralprotein_id": 16203, "lrsm": 7.7952, "id": 77271198, "lrpepxv": -1.0, "lrredundpairs": -1.0, "humanprotein_id": 7033, "vphfpdID": "003168@2zu1_A.4"}, {"lrredund": 21.3884, "lrpepelmv": -1.0, "hphfpdID": "016859.d618_709", "pdbset": null, "lrpepxh": -1.0, "finallr": 102.3562, "lrpepelmh": -1.0, "template": "2jpp:BA(0.53,0.47,129/262,17,0)", "viralprotein_id": 16203, "lrsm": 4.7856, "id": 77271603, "lrpepxv": -1.0, "lrredundpairs": -1.0, "humanprotein_id": 4494, "vphfpdID": "003168@5bpe_A.7"}, {"lrredund": 20.9141, "lrpepelmv": 15.8041, "hphfpdID": "007144.e151_217", "pdbset": null, "lrpepxh": -1.0, "finallr": 330.5284, "lrpepelmh": -1.0, "template": "4afs:AC(0.40,0.13,55/107,25,21)", "viralprotein_id": 16203, "lrsm": 3.1219, "id": 77271784, "lrpepxv": 2.59, "lrredundpairs": 0.7707, "humanprotein_id": 6385, "vphfpdID": "003168@3zye_A.2"}, {"lrredund": 4.2492, "lrpepelmv": 72.805, "hphfpdID": "000001", "pdbset": null, "lrpepxh": -1.0, "finallr": 309.3629, "lrpepelmh": -1.0, "template": "3ccl:SV(0.58,0.57,14/32,5,0)", "viralprotein_id": 16203, "lrsm": 1.1641, "id": 77273249, "lrpepxv": -1.0, "lrredundpairs": -1.0, "humanprotein_id": 4793, "vphfpdID": "003168@3zye_A.2"}, {"lrredund": 21.3884, "lrpepelmv": 72.805, "hphfpdID": "000007", "pdbset": null, "lrpepxh": -1.0, "finallr": 1557.181, "lrpepelmh": -1.0, "template": "", "viralprotein_id": 16203, "lrsm": -1.0, "id": 77274108, "lrpepxv": -1.0, "lrredundpairs": -1.0, "humanprotein_id": 6393, "vphfpdID": "003168@3zye_A.2"}, {"lrredund": 19.2898, "lrpepelmv": -1.0, "hphfpdID": "017454.e64_147", "pdbset": null, "lrpepxh": -1.0, "finallr": 150.368, "lrpepelmh": -1.0, "template": "3ruo:BA(0.01,0.38,43/78,22,26)", "viralprotein_id": 16203, "lrsm": 7.7952, "id": 77274819, "lrpepxv": -1.0, "lrredundpairs": -1.0, "humanprotein_id": 7296, "vphfpdID": "003168@2zu1_A.4"}, {"lrredund": 19.2898, "lrpepelmv": 15.8041, "hphfpdID": "016613.e316_567", "pdbset": null, "lrpepxh": -1.0, "finallr": 304.8578, "lrpepelmh": -1.0, "template": "2r0k:AH(0.46,0.43,44/107,21,24)", "viralprotein_id": 16203, "lrsm": 1.7387, "id": 77275849, "lrpepxv": -1.0, "lrredundpairs": -1.0, "humanprotein_id": 5161, "vphfpdID": "003168@3zz3_A.3"}, {"lrredund": 19.2898, "lrpepelmv": 72.805, "hphfpdID": "000006", "pdbset": null, "lrpepxh": -1.0, "finallr": 1404.393, "lrpepelmh": -1.0, "template": "3cc4:SV(0.60,0.58,13/31,3,0)", "viralprotein_id": 16203, "lrsm": 1.1641, "id": 77276136, "lrpepxv": -1.0, "lrredundpairs": -1.0, "humanprotein_id": 4514, "vphfpdID": "003168@3zz4_A.5"}, {"lrredund": 19.2898, "lrpepelmv": 72.805, "hphfpdID": "000002", "pdbset": null, "lrpepxh": -1.0, "finallr": 1404.393, "lrpepelmh": -1.0, "template": "", "viralprotein_id": 16203, "lrsm": -1.0, "id": 77276496, "lrpepxv": -1.0, "lrredundpairs": -1.0, "humanprotein_id": 6315, "vphfpdID": "003168@2zu1_A.4"}, {"lrredund": 19.2898, "lrpepelmv": 15.8041, "hphfpdID": "016466", "pdbset": null, "lrpepxh": -1.0, "finallr": 304.8578, "lrpepelmh": -1.0, "template": "4ag2:BD(0.44,0.12,58/103,24,15)", "viralprotein_id": 16203, "lrsm": 3.1219, "id": 77276828, "lrpepxv": -1.0, "lrredundpairs": 0.7707, "humanprotein_id": 3727, "vphfpdID": "003168@2zu1_A.4"}, {"lrredund": -1.0, "lrpepelmv": -1.0, "hphfpdID": "018185", "pdbset": null, "lrpepxh": -1.0, "finallr": 104.2902, "lrpepelmh": -1.0, "template": "1uhb:BA(0.36,0.02,283/335,61,73)", "viralprotein_id": 16203, "lrsm": 87.8085, "id": 77277450, "lrpepxv": -1.0, "lrredundpairs": 1.1877, "humanprotein_id": 13230, "vphfpdID": "003168@2zu1_A.4"}, {"lrredund": 4.2492, "lrpepelmv": -1.0, "hphfpdID": "004140.d596_736", "pdbset": null, "lrpepxh": -1.0, "finallr": 178.2539, "lrpepelmh": -1.0, "template": "4ioc:QV(0.59,0.58,25/47,8,0)", "viralprotein_id": 16203, "lrsm": 1.1641, "id": 77277482, "lrpepxv": 41.95, "lrredundpairs": -1.0, "humanprotein_id": 7448, "vphfpdID": "003168@3zz3_A.3"}, {"lrredund": 3.7695, "lrpepelmv": -1.0, "hphfpdID": "017423", "pdbset": null, "lrpepxh": -1.0, "finallr": 132.561, "lrpepelmh": -1.0, "template": "1gg6:CB(0.39,0.19,276/343,45,47)", "viralprotein_id": 16203, "lrsm": 35.1668, "id": 77277540, "lrpepxv": -1.0, "lrredundpairs": -1.0, "humanprotein_id": 2716, "vphfpdID": "003168@3zz3_A.3"}, {"lrredund": 2.409, "lrpepelmv": 72.805, "hphfpdID": "000003", "pdbset": null, "lrpepxh": -1.0, "finallr": 175.3871, "lrpepelmh": -1.0, "template": "", "viralprotein_id": 16203, "lrsm": -1.0, "id": 77279099, "lrpepxv": -1.0, "lrredundpairs": -1.0, "humanprotein_id": 6857, "vphfpdID": "003168@3zz3_A.3"}, {"lrredund": 21.3884, "lrpepelmv": 15.8041, "hphfpdID": "016615.d554_715", "pdbset": null, "lrpepxh": -1.0, "finallr": 338.0243, "lrpepelmh": -1.0, "template": "", "viralprotein_id": 16203, "lrsm": -1.0, "id": 77281204, "lrpepxv": -1.0, "lrredundpairs": -1.0, "humanprotein_id": 5095, "vphfpdID": "003168@5bpe_A.7"}, {"lrredund": -1.0, "lrpepelmv": -1.0, "hphfpdID": "018183", "pdbset": null, "lrpepxh": -1.0, "finallr": 104.2902, "lrpepelmh": -1.0, "template": "1uhb:BA(0.36,0.03,283/335,60,71)", "viralprotein_id": 16203, "lrsm": 87.8085, "id": 77281858, "lrpepxv": -1.0, "lrredundpairs": 1.1877, "humanprotein_id": 3122, "vphfpdID": "003168@2zu1_A.4"}, {"lrredund": null, "lrpepelmv": null, "hphfpdID": "004197.e1_151", "pdbset": "1jew", "lrpepxh": null, "finallr": null, "lrpepelmh": null, "template": "2f91:AB(0.43,0.33,106/171,28,41)", "viralprotein_id": 16203, "lrsm": null, "id": 77272361, "lrpepxv": null, "lrredundpairs": null, "humanprotein_id": 6456, "vphfpdID": "003168@5iyt_A.6"}, {"lrredund": null, "lrpepelmv": null, "hphfpdID": "004306.e1_97", "pdbset": "1m11", "lrpepxh": null, "finallr": null, "lrpepelmh": null, "template": "2vu8:EI(0.37,0.23,64/111,29,37)", "viralprotein_id": 16203, "lrsm": null, "id": 77275323, "lrpepxv": null, "lrredundpairs": null, "humanprotein_id": 3167, "vphfpdID": "003168@5bpe_A.7"}, {"lrredund": 20.9141, "lrpepelmv": -1.0, "hphfpdID": "005158.d704_1019", "pdbset": null, "lrpepxh": -1.0, "finallr": 125.499, "lrpepelmh": -1.0, "template": "3zfx:AB(0.31,0.07,16/20,7,5)", "viralprotein_id": 16205, "lrsm": 6.0007, "id": 44489147, "lrpepxv": -1.0, "lrredundpairs": 1.373, "humanprotein_id": 2711, "vphfpdID": "003302@4q4x_4.10"}, {"lrredund": 20.9141, "lrpepelmv": -1.0, "hphfpdID": "018500", "pdbset": null, "lrpepxh": -1.0, "finallr": 100.4723, "lrpepelmh": -1.0, "template": "2o2v:AB(0.34,0.22,47/56,24,35)", "viralprotein_id": 16205, "lrsm": 4.804, "id": 44492353, "lrpepxv": -1.0, "lrredundpairs": 2.4183, "humanprotein_id": 3463, "vphfpdID": "003302@1ev1_4.8"}, {"lrredund": 1.7092, "lrpepelmv": 88.0779, "hphfpdID": "011393.d137_294", "pdbset": null, "lrpepxh": -1.0, "finallr": 150.5426, "lrpepelmh": -1.0, "template": "1y7r:AB(0.58,0.40,57/255,23,20)", "viralprotein_id": 16205, "lrsm": 1.5568, "id": 44492659, "lrpepxv": -1.0, "lrredundpairs": -1.0, "humanprotein_id": 4671, "vphfpdID": "003302@1ev1_4.8"}, {"lrredund": 20.9141, "lrpepelmv": -1.0, "hphfpdID": "016729", "pdbset": null, "lrpepxh": -1.0, "finallr": 111.3247, "lrpepelmh": -1.0, "template": "1nei:BA(0.46,0.48,124/209,47,51)", "viralprotein_id": 16205, "lrsm": 5.323, "id": 44494318, "lrpepxv": -1.0, "lrredundpairs": 1.774, "humanprotein_id": 6415, "vphfpdID": "003302@1vbe_4.9"}, {"lrredund": 20.9141, "lrpepelmv": 14.0438, "hphfpdID": "016466.e142_262", "pdbset": null, "lrpepxh": -1.0, "finallr": 293.7134, "lrpepelmh": -1.0, "template": "1rpy:BA(0.32,0.41,59/97,30,20)", "viralprotein_id": 16205, "lrsm": 2.0697, "id": 44494370, "lrpepxv": -1.0, "lrredundpairs": 3.9363, "humanprotein_id": 3727, "vphfpdID": "003302@1ev1_4.8"}, {"lrredund": 20.9141, "lrpepelmv": 9.3373, "hphfpdID": "001349.d2679_3055", "pdbset": null, "lrpepxh": -1.0, "finallr": 195.2815, "lrpepelmh": -1.0, "template": "", "viralprotein_id": 16205, "lrsm": -1.0, "id": 44495598, "lrpepxv": -1.0, "lrredundpairs": 0.7707, "humanprotein_id": 7312, "vphfpdID": "003302@1d4m_4.3"}, {"lrredund": 20.9141, "lrpepelmv": 14.0438, "hphfpdID": "016615.d584_674", "pdbset": null, "lrpepxh": -1.0, "finallr": 293.7134, "lrpepelmh": -1.0, "template": "", "viralprotein_id": 16205, "lrsm": -1.0, "id": 44496073, "lrpepxv": -1.0, "lrredundpairs": -1.0, "humanprotein_id": 5095, "vphfpdID": "003302@1vbe_4.9"}, {"lrredund": 0.9127, "lrpepelmv": -1.0, "hphfpdID": "011228.e260_421", "pdbset": null, "lrpepxh": -1.0, "finallr": 103.2207, "lrpepelmh": -1.0, "template": "3ewi:BA(0.19,0.00,80/151,42,79)", "viralprotein_id": 16205, "lrsm": 113.0937, "id": 44498796, "lrpepxv": -1.0, "lrredundpairs": 0.7707, "humanprotein_id": 12943, "vphfpdID": "003302@4q4x_4.10"}, {"lrredund": 20.9141, "lrpepelmv": -1.0, "hphfpdID": "016730", "pdbset": null, "lrpepxh": -1.0, "finallr": 113.7978, "lrpepelmh": -1.0, "template": "1nei:AB(0.45,0.32,102/209,50,69)", "viralprotein_id": 16205, "lrsm": 5.4412, "id": 44502345, "lrpepxv": -1.0, "lrredundpairs": 1.774, "humanprotein_id": 6290, "vphfpdID": "003302@1vbe_4.9"}, {"lrredund": 20.9141, "lrpepelmv": -1.0, "hphfpdID": "018501.e80_165", "pdbset": null, "lrpepxh": -1.0, "finallr": 100.4723, "lrpepelmh": -1.0, "template": "2o2v:AB(0.34,0.19,47/56,26,39)", "viralprotein_id": 16205, "lrsm": 4.804, "id": 44503285, "lrpepxv": -1.0, "lrredundpairs": 2.4183, "humanprotein_id": 1286, "vphfpdID": "003302@1ev1_4.8"}, {"lrredund": 19.2898, "lrpepelmv": -1.0, "hphfpdID": "016448", "pdbset": null, "lrpepxh": -1.0, "finallr": 102.6786, "lrpepelmh": -1.0, "template": "1nei:BA(0.46,0.40,129/209,43,53)", "viralprotein_id": 16205, "lrsm": 5.323, "id": 44503436, "lrpepxv": -1.0, "lrredundpairs": 1.774, "humanprotein_id": 7393, "vphfpdID": "003302@1vbe_4.9"}, {"lrredund": 20.9141, "lrpepelmv": 14.0438, "hphfpdID": "016613.e557_714", "pdbset": null, "lrpepxh": -1.0, "finallr": 293.7134, "lrpepelmh": -1.0, "template": "2zdi:BA(0.57,0.47,42/50,21,16)", "viralprotein_id": 16205, "lrsm": 2.5395, "id": 44504048, "lrpepxv": -1.0, "lrredundpairs": 0.7707, "humanprotein_id": 5161, "vphfpdID": "003302@1ev1_4.8"}, {"lrredund": 20.9141, "lrpepelmv": 14.0438, "hphfpdID": "007144", "pdbset": null, "lrpepxh": -1.0, "finallr": 293.7134, "lrpepelmh": -1.0, "template": "", "viralprotein_id": 16205, "lrsm": -1.0, "id": 44504578, "lrpepxv": -1.0, "lrredundpairs": 1.5513, "humanprotein_id": 6385, "vphfpdID": "003302@3epf_4.13"}, {"lrredund": 19.2898, "lrpepelmv": -1.0, "hphfpdID": "011519.e1_119", "pdbset": null, "lrpepxh": -1.0, "finallr": 355.1866, "lrpepelmh": -1.0, "template": "1xb9:GH(0.57,0.03,95/117,48,73)", "viralprotein_id": 16206, "lrsm": 18.4132, "id": 69904542, "lrpepxv": -1.0, "lrredundpairs": -1.0, "humanprotein_id": 3074, "vphfpdID": "003303.e43_239@3iyp_B.1"}, {"lrredund": 20.9141, "lrpepelmv": -1.0, "hphfpdID": "006178.e2120_2203", "pdbset": null, "lrpepxh": -1.0, "finallr": 405.3279, "lrpepelmh": -1.0, "template": "1bev:32(0.05,0.43,56/409,41,22)", "viralprotein_id": 16206, "lrsm": 19.3806, "id": 69904709, "lrpepxv": -1.0, "lrredundpairs": -1.0, "humanprotein_id": 2856, "vphfpdID": "003303.e1_195@1h8t_C.2"}, {"lrredund": -1.0, "lrpepelmv": -1.0, "hphfpdID": "010149.d162_224", "pdbset": null, "lrpepxh": -1.0, "finallr": 130.17, "lrpepelmh": -1.0, "template": "1upn:CE(0.02,0.08,12/14,10,12)", "viralprotein_id": 16206, "lrsm": 130.17, "id": 69904751, "lrpepxv": -1.0, "lrredundpairs": -1.0, "humanprotein_id": 3891, "vphfpdID": "003303.e43_239@1cov_3.6"}, {"lrredund": 4.2492, "lrpepelmv": 3.1171, "hphfpdID": "003963.d94_165", "pdbset": null, "lrpepxh": -1.0, "finallr": 163.6651, "lrpepelmh": -1.0, "template": "1mqt:CD(0.00,0.18,27/101,23,23)", "viralprotein_id": 16206, "lrsm": 38.5167, "id": 69905161, "lrpepxv": -1.0, "lrredundpairs": -1.0, "humanprotein_id": 4131, "vphfpdID": "003303.e1_195@1mqt_C.5"}, {"lrredund": -1.0, "lrpepelmv": -1.0, "hphfpdID": "006162.d458_513", "pdbset": null, "lrpepxh": -1.0, "finallr": 130.17, "lrpepelmh": -1.0, "template": "1upn:CE(0.02,0.05,14/14,9,7)", "viralprotein_id": 16206, "lrsm": 130.17, "id": 69905963, "lrpepxv": -1.0, "lrredundpairs": -1.0, "humanprotein_id": 13968, "vphfpdID": "003303.e43_239@1oop_C.4"}, {"lrredund": 2.3254, "lrpepelmv": -1.0, "hphfpdID": "007927", "pdbset": null, "lrpepxh": -1.0, "finallr": 302.6975, "lrpepelmh": -1.0, "template": "1z7z:3I(0.03,0.00,20/20,13,7)", "viralprotein_id": 16206, "lrsm": 130.17, "id": 69906364, "lrpepxv": -1.0, "lrredundpairs": 0.7707, "humanprotein_id": 3016, "vphfpdID": "003303.e43_239@3iyp_B.1"}, {"lrredund": -1.0, "lrpepelmv": -1.0, "hphfpdID": "001910.e47_252", "pdbset": null, "lrpepxh": -1.0, "finallr": 130.17, "lrpepelmh": -1.0, "template": "1upn:CE(0.00,0.07,14/14,6,3)", "viralprotein_id": 16206, "lrsm": 130.17, "id": 69906569, "lrpepxv": -1.0, "lrredundpairs": -1.0, "humanprotein_id": 4210, "vphfpdID": "003303.e43_239@1h8t_C.2"}, {"lrredund": 15.8699, "lrpepelmv": 2.8446, "hphfpdID": "001509.e1_53", "pdbset": null, "lrpepxh": -1.0, "finallr": 108.5685, "lrpepelmh": -1.0, "template": "2rs3:31(0.03,0.38,71/557,41,66)", "viralprotein_id": 16206, "lrsm": 6.8412, "id": 69907246, "lrpepxv": -1.0, "lrredundpairs": -1.0, "humanprotein_id": 2598, "vphfpdID": "003303@1mqt_C.5"}, {"lrredund": -1.0, "lrpepelmv": -1.0, "hphfpdID": "003972.e3168_3410", "pdbset": null, "lrpepxh": -1.0, "finallr": 130.17, "lrpepelmh": -1.0, "template": "1upn:CE(0.01,0.09,14/14,5,0)", "viralprotein_id": 16206, "lrsm": 130.17, "id": 69907361, "lrpepxv": -1.0, "lrredundpairs": -1.0, "humanprotein_id": 10967, "vphfpdID": "003303.e43_239@3iyp_B.1"}, {"lrredund": 21.3884, "lrpepelmv": -1.0, "hphfpdID": "005354.e1664_1728", "pdbset": null, "lrpepxh": -1.0, "finallr": 194.6095, "lrpepelmh": -1.0, "template": "4cey:CA(0.05,0.57,462/3570,41,330)", "viralprotein_id": 16206, "lrsm": 9.0988, "id": 69907443, "lrpepxv": -1.0, "lrredundpairs": -1.0, "humanprotein_id": 7033, "vphfpdID": "003303@3iyp_B.1"}, {"lrredund": 21.3884, "lrpepelmv": 16.112, "hphfpdID": "016615", "pdbset": null, "lrpepxh": -1.0, "finallr": 344.6103, "lrpepelmh": -1.0, "template": "1z7z:3I(0.03,0.43,20/20,15,18)", "viralprotein_id": 16206, "lrsm": 2.4032, "id": 69907624, "lrpepxv": -1.0, "lrredundpairs": -1.0, "humanprotein_id": 5095, "vphfpdID": "003303.e43_239@4gb3_3.7"}, {"lrredund": -1.0, "lrpepelmv": -1.0, "hphfpdID": "004306", "pdbset": null, "lrpepxh": -1.0, "finallr": 260.2086, "lrpepelmh": -1.0, "template": "3iyp:BF(0.02,0.00,59/59,34,29)", "viralprotein_id": 16206, "lrsm": 260.2086, "id": 69907759, "lrpepxv": -1.0, "lrredundpairs": -1.0, "humanprotein_id": 3167, "vphfpdID": "003303.e43_239@1oop_C.4"}, {"lrredund": -1.0, "lrpepelmv": -1.0, "hphfpdID": "003970.e2620_2859", "pdbset": null, "lrpepxh": -1.0, "finallr": 130.17, "lrpepelmh": -1.0, "template": "1upn:CE(0.00,0.08,14/14,4,0)", "viralprotein_id": 16206, "lrsm": 130.17, "id": 69907851, "lrpepxv": -1.0, "lrredundpairs": -1.0, "humanprotein_id": 15290, "vphfpdID": "003303.e43_239@1h8t_C.2"}, {"lrredund": -1.0, "lrpepelmv": -1.0, "hphfpdID": "006163.d208_263", "pdbset": null, "lrpepxh": -1.0, "finallr": 130.17, "lrpepelmh": -1.0, "template": "1upn:CE(0.01,0.06,14/14,10,12)", "viralprotein_id": 16206, "lrsm": 130.17, "id": 69908350, "lrpepxv": -1.0, "lrredundpairs": -1.0, "humanprotein_id": 16194, "vphfpdID": "003303.e43_239@3iyp_B.1"}, {"lrredund": -1.0, "lrpepelmv": -1.0, "hphfpdID": "005984.e81_136", "pdbset": null, "lrpepxh": -1.0, "finallr": 130.17, "lrpepelmh": -1.0, "template": "1upn:CE(0.02,0.05,14/14,10,13)", "viralprotein_id": 16206, "lrsm": 130.17, "id": 69908543, "lrpepxv": -1.0, "lrredundpairs": -1.0, "humanprotein_id": 8771, "vphfpdID": "003303.e43_239@1ev1_3.8"}, {"lrredund": 21.3884, "lrpepelmv": 9.677, "hphfpdID": "001751.e1_73", "pdbset": null, "lrpepxh": -1.0, "finallr": 206.9754, "lrpepelmh": -1.0, "template": "2hwb:31(0.03,0.56,52/563,26,13)", "viralprotein_id": 16206, "lrsm": 2.7953, "id": 69909093, "lrpepxv": -1.0, "lrredundpairs": -1.0, "humanprotein_id": 5041, "vphfpdID": "003303@4gb3_3.7"}, {"lrredund": 21.3884, "lrpepelmv": 6.3442, "hphfpdID": "001349.d2715_2964", "pdbset": null, "lrpepxh": -1.0, "finallr": 135.6925, "lrpepelmh": -1.0, "template": "2idh:BD(0.46,0.44,12/29,6,0)", "viralprotein_id": 16206, "lrsm": 1.2265, "id": 69909263, "lrpepxv": -1.0, "lrredundpairs": -1.0, "humanprotein_id": 7312, "vphfpdID": "003303.e1_195@1h8t_C.2"}, {"lrredund": 21.3884, "lrpepelmv": 16.112, "hphfpdID": "016613", "pdbset": null, "lrpepxh": -1.0, "finallr": 344.6103, "lrpepelmh": -1.0, "template": "", "viralprotein_id": 16206, "lrsm": -1.0, "id": 69909844, "lrpepxv": -1.0, "lrredundpairs": -1.0, "humanprotein_id": 5161, "vphfpdID": "003303@1mqt_C.5"}, {"lrredund": -1.0, "lrpepelmv": -1.0, "hphfpdID": "006491.d63_179", "pdbset": null, "lrpepxh": -1.0, "finallr": 130.17, "lrpepelmh": -1.0, "template": "1upn:CE(0.02,0.08,14/14,5,0)", "viralprotein_id": 16206, "lrsm": 130.17, "id": 69910151, "lrpepxv": -1.0, "lrredundpairs": -1.0, "humanprotein_id": 18546, "vphfpdID": "003303.e43_239@1oop_C.4"}, {"lrredund": -1.0, "lrpepelmv": -1.0, "hphfpdID": "002889.d1109_1163", "pdbset": null, "lrpepxh": -1.0, "finallr": 130.17, "lrpepelmh": -1.0, "template": "1upn:CE(0.02,0.06,14/14,8,8)", "viralprotein_id": 16206, "lrsm": 130.17, "id": 69910858, "lrpepxv": -1.0, "lrredundpairs": -1.0, "humanprotein_id": 3204, "vphfpdID": "003303.e43_239@1mqt_C.5"}, {"lrredund": 19.2898, "lrpepelmv": -1.0, "hphfpdID": "018800.e400_510", "pdbset": null, "lrpepxh": -1.0, "finallr": 197.8178, "lrpepelmh": -1.0, "template": "2ox5:CD(0.53,0.42,105/128,43,58)", "viralprotein_id": 16206, "lrsm": 10.255, "id": 69910919, "lrpepxv": -1.0, "lrredundpairs": 0.7707, "humanprotein_id": 4109, "vphfpdID": "003303.e1_195@4gb3_3.7"}, {"lrredund": 19.2898, "lrpepelmv": -1.0, "hphfpdID": "016730", "pdbset": null, "lrpepxh": -1.0, "finallr": 155.539, "lrpepelmh": -1.0, "template": "2lk6:BA(0.59,0.53,139/154,42,89)", "viralprotein_id": 16206, "lrsm": 8.0633, "id": 69910957, "lrpepxv": -1.0, "lrredundpairs": -1.0, "humanprotein_id": 6290, "vphfpdID": "003303.e1_195@4gb3_3.7"}, {"lrredund": -1.0, "lrpepelmv": -1.0, "hphfpdID": "003971.e2947_3189", "pdbset": null, "lrpepxh": -1.0, "finallr": 130.17, "lrpepelmh": -1.0, "template": "1upn:CE(0.02,0.04,14/14,7,3)", "viralprotein_id": 16206, "lrsm": 130.17, "id": 69911909, "lrpepxv": -1.0, "lrredundpairs": -1.0, "humanprotein_id": 10968, "vphfpdID": "003303.e43_239@1oop_C.4"}, {"lrredund": -1.0, "lrpepelmv": -1.0, "hphfpdID": "009823.d642_700", "pdbset": null, "lrpepxh": -1.0, "finallr": 130.17, "lrpepelmh": -1.0, "template": "1upn:CE(0.03,0.06,14/14,11,14)", "viralprotein_id": 16206, "lrsm": 130.17, "id": 69912120, "lrpepxv": -1.0, "lrredundpairs": -1.0, "humanprotein_id": 3922, "vphfpdID": "003303.e43_239@1d4m_3.3"}, {"lrredund": 3.5815, "lrpepelmv": 32.9939, "hphfpdID": "017284.e489_542", "pdbset": null, "lrpepxh": -1.0, "finallr": 118.1675, "lrpepelmh": -1.0, "template": "2ete:BA(0.57,0.42,44/492,21,21)", "viralprotein_id": 16206, "lrsm": 1.5568, "id": 69912954, "lrpepxv": -1.0, "lrredundpairs": -1.0, "humanprotein_id": 7960, "vphfpdID": "003303.e1_195@1mqt_C.5"}, {"lrredund": -1.0, "lrpepelmv": -1.0, "hphfpdID": "016757.e2495_2551", "pdbset": null, "lrpepxh": -1.0, "finallr": 130.17, "lrpepelmh": -1.0, "template": "1upn:CE(0.02,0.06,14/14,11,14)", "viralprotein_id": 16206, "lrsm": 130.17, "id": 69913090, "lrpepxv": -1.0, "lrredundpairs": -1.0, "humanprotein_id": 8661, "vphfpdID": "003303.e43_239@1mqt_C.5"}, {"lrredund": 21.3884, "lrpepelmv": -1.0, "hphfpdID": "002626.e1_127", "pdbset": null, "lrpepxh": -1.0, "finallr": 649.013, "lrpepelmh": -1.0, "template": "1rvf:3H(0.04,0.15,4/7,4,2)", "viralprotein_id": 16206, "lrsm": 30.3442, "id": 69913664, "lrpepxv": -1.0, "lrredundpairs": -1.0, "humanprotein_id": 2804, "vphfpdID": "003303.e43_239@1oop_C.4"}, {"lrredund": -1.0, "lrpepelmv": -1.0, "hphfpdID": "006161.e107_330", "pdbset": null, "lrpepxh": -1.0, "finallr": 130.17, "lrpepelmh": -1.0, "template": "1upn:CE(0.00,0.07,14/14,4,0)", "viralprotein_id": 16206, "lrsm": 130.17, "id": 69914144, "lrpepxv": -1.0, "lrredundpairs": -1.0, "humanprotein_id": 6793, "vphfpdID": "003303.e43_239@1h8t_C.2"}, {"lrredund": 20.9141, "lrpepelmv": 16.112, "hphfpdID": "007144.d1_56", "pdbset": null, "lrpepxh": -1.0, "finallr": 336.9684, "lrpepelmh": -1.0, "template": "1na1:CB(0.03,0.50,277/1559,54,118)", "viralprotein_id": 16206, "lrsm": 13.7249, "id": 69914454, "lrpepxv": -1.0, "lrredundpairs": -1.0, "humanprotein_id": 6385, "vphfpdID": "003303.e43_239@4gb3_3.7"}, {"lrredund": -1.0, "lrpepelmv": -1.0, "hphfpdID": "016746.d180_237", "pdbset": null, "lrpepxh": -1.0, "finallr": 130.17, "lrpepelmh": -1.0, "template": "1upn:CE(0.00,0.09,14/14,8,9)", "viralprotein_id": 16206, "lrsm": 130.17, "id": 69915019, "lrpepxv": -1.0, "lrredundpairs": -1.0, "humanprotein_id": 9487, "vphfpdID": "003303.e43_239@1h8t_C.2"}, {"lrredund": -1.0, "lrpepelmv": -1.0, "hphfpdID": "015571.d665_828", "pdbset": null, "lrpepxh": -1.0, "finallr": 130.17, "lrpepelmh": -1.0, "template": "1upn:CE(0.00,0.10,14/14,6,3)", "viralprotein_id": 16206, "lrsm": 130.17, "id": 69915406, "lrpepxv": -1.0, "lrredundpairs": -1.0, "humanprotein_id": 10309, "vphfpdID": "003303.e43_239@1h8t_C.2"}, {"lrredund": 20.9141, "lrpepelmv": -1.0, "hphfpdID": "000172.d132_188", "pdbset": null, "lrpepxh": -1.0, "finallr": 190.294, "lrpepelmh": -1.0, "template": "4cdw:CB(0.05,0.56,290/1864,41,178)", "viralprotein_id": 16206, "lrsm": 9.0988, "id": 69915666, "lrpepxv": -1.0, "lrredundpairs": -1.0, "humanprotein_id": 2981, "vphfpdID": "003303.e43_239@1h8t_C.2"}, {"lrredund": -1.0, "lrpepelmv": -1.0, "hphfpdID": "016491", "pdbset": null, "lrpepxh": -1.0, "finallr": 130.17, "lrpepelmh": -1.0, "template": "1upn:CE(0.03,0.05,14/14,7,3)", "viralprotein_id": 16206, "lrsm": 130.17, "id": 69915841, "lrpepxv": -1.0, "lrredundpairs": -1.0, "humanprotein_id": 6512, "vphfpdID": "003303.e43_239@1d4m_3.3"}, {"lrredund": -1.0, "lrpepelmv": -1.0, "hphfpdID": "006159.d208_262", "pdbset": null, "lrpepxh": -1.0, "finallr": 130.17, "lrpepelmh": -1.0, "template": "1upn:CE(0.02,0.06,14/14,8,8)", "viralprotein_id": 16206, "lrsm": 130.17, "id": 69915913, "lrpepxv": -1.0, "lrredundpairs": -1.0, "humanprotein_id": 6819, "vphfpdID": "003303.e43_239@1cov_3.6"}, {"lrredund": 21.3884, "lrpepelmv": 3.1171, "hphfpdID": "003962.d92_178", "pdbset": null, "lrpepxh": -1.0, "finallr": 149.2837, "lrpepelmh": -1.0, "template": "1mqt:CD(0.00,0.26,27/101,24,27)", "viralprotein_id": 16206, "lrsm": 6.9797, "id": 69915935, "lrpepxv": -1.0, "lrredundpairs": -1.0, "humanprotein_id": 6447, "vphfpdID": "003303.e1_195@1mqt_C.5"}, {"lrredund": 2.3254, "lrpepelmv": 8.2623, "hphfpdID": "008422.d1598_1679", "pdbset": null, "lrpepxh": -1.0, "finallr": 112.5303, "lrpepelmh": -1.0, "template": "4gb3:32(0.00,0.39,58/458,41,31)", "viralprotein_id": 16206, "lrsm": 48.3918, "id": 69916092, "lrpepxv": -1.0, "lrredundpairs": -1.0, "humanprotein_id": 8037, "vphfpdID": "003303.e1_195@1cov_3.6"}, {"lrredund": 19.2898, "lrpepelmv": 16.112, "hphfpdID": "016466.e85_146", "pdbset": null, "lrpepxh": -1.0, "finallr": 310.7976, "lrpepelmh": -1.0, "template": "2wzr:31(0.21,0.49,105/522,49,69)", "viralprotein_id": 16206, "lrsm": 4.5353, "id": 69916578, "lrpepxv": -1.0, "lrredundpairs": -1.0, "humanprotein_id": 3727, "vphfpdID": "003303@4gb3_3.7"}, {"lrredund": -1.0, "lrpepelmv": -1.0, "hphfpdID": "003500.e151_252", "pdbset": null, "lrpepxh": -1.0, "finallr": 130.17, "lrpepelmh": -1.0, "template": "1upn:CE(0.00,0.10,14/14,10,13)", "viralprotein_id": 16206, "lrsm": 130.17, "id": 69916869, "lrpepxv": -1.0, "lrredundpairs": -1.0, "humanprotein_id": 3061, "vphfpdID": "003303.e43_239@1h8t_C.2"}, {"lrredund": 21.3884, "lrpepelmv": -1.0, "hphfpdID": "001274", "pdbset": null, "lrpepxh": -1.0, "finallr": 128.3451, "lrpepelmh": -1.0, "template": "1z7z:3I(0.03,0.36,20/20,10,7)", "viralprotein_id": 16206, "lrsm": 6.0007, "id": 69917132, "lrpepxv": -1.0, "lrredundpairs": -1.0, "humanprotein_id": 2978, "vphfpdID": "003303.e43_239@3iyp_B.1"}, {"lrredund": -1.0, "lrpepelmv": -1.0, "hphfpdID": "008082.d824_911", "pdbset": null, "lrpepxh": -1.0, "finallr": 119.2807, "lrpepelmh": -1.0, "template": "1rvf:3H(0.03,0.07,5/7,7,5)", "viralprotein_id": 16206, "lrsm": 119.2807, "id": 69917308, "lrpepxv": -1.0, "lrredundpairs": -1.0, "humanprotein_id": 14184, "vphfpdID": "003303@1ev1_3.8"}, {"lrredund": 21.3884, "lrpepelmv": -1.0, "hphfpdID": "004138.d421_563", "pdbset": null, "lrpepxh": -1.0, "finallr": 117.6084, "lrpepelmh": -1.0, "template": "3hug:LC(0.16,0.18,22/31,9,6)", "viralprotein_id": 16208, "lrsm": 5.4987, "id": 8615303, "lrpepxv": -1.0, "lrredundpairs": -1.0, "humanprotein_id": 7446, "vphfpdID": "003305.g1_151@4zp8_A.9"}, {"lrredund": 21.3884, "lrpepelmv": -1.0, "hphfpdID": "005209.e1_96", "pdbset": null, "lrpepxh": -1.0, "finallr": 102.7509, "lrpepelmh": -1.0, "template": "3hi9:CD(0.57,0.01,54/60,21,10)", "viralprotein_id": 16208, "lrsm": 4.804, "id": 8615368, "lrpepxv": 3.51, "lrredundpairs": -1.0, "humanprotein_id": 8007, "vphfpdID": "003305.d152_405@4zpc_A.8"}, {"lrredund": 21.3884, "lrpepelmv": -1.0, "hphfpdID": "012444", "pdbset": null, "lrpepxh": -1.0, "finallr": 282.9685, "lrpepelmh": -1.0, "template": "1bvk:FD(0.57,0.58,11/29,6,4)", "viralprotein_id": 16208, "lrsm": 0.9682, "id": 8615418, "lrpepxv": 13.23, "lrredundpairs": -1.0, "humanprotein_id": 2955, "vphfpdID": "003305.g1_151@4zpc_A.12"}, {"lrredund": 21.3884, "lrpepelmv": -1.0, "hphfpdID": "004136.e672_776", "pdbset": null, "lrpepxh": -1.0, "finallr": 106.0864, "lrpepelmh": -1.0, "template": "4a8x:AB(0.56,0.21,67/94,9,2)", "viralprotein_id": 16208, "lrsm": 1.8563, "id": 8615685, "lrpepxv": 4.96, "lrredundpairs": -1.0, "humanprotein_id": 7444, "vphfpdID": "003305.d152_405@4zp9_A.9"}, {"lrredund": -1.0, "lrpepelmv": -1.0, "hphfpdID": "004234.e84_325", "pdbset": null, "lrpepxh": -1.0, "finallr": 151.4063, "lrpepelmh": -1.0, "template": "1l0n:CD(0.07,0.03,31/144,24,31)", "viralprotein_id": 16208, "lrsm": 151.4063, "id": 8615697, "lrpepxv": -1.0, "lrredundpairs": -1.0, "humanprotein_id": 3197, "vphfpdID": "003305.g1_151@4zp7_A.5"}, {"lrredund": 15.8699, "lrpepelmv": 15.8041, "hphfpdID": "016615.d116_248", "pdbset": null, "lrpepxh": -1.0, "finallr": 250.8094, "lrpepelmh": -1.0, "template": "2vma:AB(0.36,0.40,28/192,25,26)", "viralprotein_id": 16208, "lrsm": 1.8531, "id": 8616823, "lrpepxv": -1.0, "lrredundpairs": -1.0, "humanprotein_id": 5095, "vphfpdID": "003305.g1_151@3cdu_A.4"}, {"lrredund": 21.3884, "lrpepelmv": 3.8765, "hphfpdID": "018111", "pdbset": null, "lrpepxh": -1.0, "finallr": 111.6474, "lrpepelmh": -1.0, "template": "1w98:BA(0.30,0.25,23/178,8,1)", "viralprotein_id": 16208, "lrsm": 1.8315, "id": 8618185, "lrpepxv": 5.22, "lrredundpairs": -1.0, "humanprotein_id": 15404, "vphfpdID": "003305.g1_151@4zpd_A.10"}, {"lrredund": 21.3884, "lrpepelmv": -1.0, "hphfpdID": "018500", "pdbset": null, "lrpepxh": -1.0, "finallr": 117.6084, "lrpepelmh": -1.0, "template": "2qho:HG(0.33,0.05,25/56,17,14)", "viralprotein_id": 16208, "lrsm": 5.4987, "id": 8618356, "lrpepxv": -1.0, "lrredundpairs": -1.0, "humanprotein_id": 3463, "vphfpdID": "003305.g1_151@4zp6_A.7"}, {"lrredund": 21.3884, "lrpepelmv": -1.0, "hphfpdID": "002626.e1_127", "pdbset": null, "lrpepxh": -1.0, "finallr": 111.6474, "lrpepelmh": -1.0, "template": "2pc6:CA(0.57,0.60,62/264,11,5)", "viralprotein_id": 16208, "lrsm": 1.5396, "id": 8618451, "lrpepxv": 5.22, "lrredundpairs": -1.0, "humanprotein_id": 2804, "vphfpdID": "003305.d152_405@4zpa_A.5"}, {"lrredund": 2.0764, "lrpepelmv": 52.3486, "hphfpdID": "002272", "pdbset": null, "lrpepxh": -1.0, "finallr": 108.6966, "lrpepelmh": -1.0, "template": "3vrl:CE(0.56,0.56,2/2,2,0)", "viralprotein_id": 16208, "lrsm": 1.2704, "id": 8618591, "lrpepxv": 5.22, "lrredundpairs": -1.0, "humanprotein_id": 5274, "vphfpdID": "003305.g1_151@3cdu_A.4"}, {"lrredund": 21.3884, "lrpepelmv": 15.8041, "hphfpdID": "007144.d1_56", "pdbset": null, "lrpepxh": -1.0, "finallr": 338.0243, "lrpepelmh": -1.0, "template": "3k7r:BC(0.45,0.56,13/15,5,1)", "viralprotein_id": 16208, "lrsm": 1.2704, "id": 8618705, "lrpepxv": 3.51, "lrredundpairs": -1.0, "humanprotein_id": 6385, "vphfpdID": "003305.d152_405@3cdu_A.3"}, {"lrredund": 21.3884, "lrpepelmv": -1.0, "hphfpdID": "000172.e343_463", "pdbset": null, "lrpepxh": -1.0, "finallr": 208.1873, "lrpepelmh": -1.0, "template": "4icg:AB(0.56,0.50,108/127,49,52)", "viralprotein_id": 16208, "lrsm": 9.7337, "id": 8619121, "lrpepxv": -1.0, "lrredundpairs": -1.0, "humanprotein_id": 2981, "vphfpdID": "003305.g406_462"}, {"lrredund": 21.3884, "lrpepelmv": 3.8765, "hphfpdID": "002673", "pdbset": null, "lrpepxh": -1.0, "finallr": 149.2837, "lrpepelmh": -1.0, "template": "3ddq:DC(0.37,0.02,43/183,28,28)", "viralprotein_id": 16208, "lrsm": 6.9797, "id": 8619633, "lrpepxv": 4.96, "lrredundpairs": -1.0, "humanprotein_id": 4427, "vphfpdID": "003305.g1_151@4zpb_A.3"}, {"lrredund": 2.0764, "lrpepelmv": 137.2032, "hphfpdID": "000005", "pdbset": null, "lrpepxh": -1.0, "finallr": 284.8889, "lrpepelmh": -1.0, "template": "3iq6:BA(0.57,0.55,25/62,11,2)", "viralprotein_id": 16208, "lrsm": 1.1641, "id": 8619873, "lrpepxv": -1.0, "lrredundpairs": -1.0, "humanprotein_id": 4794, "vphfpdID": "003305.g1_151@4wfx_A.8"}, {"lrredund": 21.3884, "lrpepelmv": 3.8765, "hphfpdID": "007227.d88_247", "pdbset": null, "lrpepxh": -1.0, "finallr": 111.6474, "lrpepelmh": -1.0, "template": "1oiy:DC(0.36,0.12,35/171,22,21)", "viralprotein_id": 16208, "lrsm": 2.7953, "id": 8620047, "lrpepxv": 5.22, "lrredundpairs": -1.0, "humanprotein_id": 5539, "vphfpdID": "003305.g1_151@4k4z_A.1"}, {"lrredund": 2.3254, "lrpepelmv": 137.2032, "hphfpdID": "000003", "pdbset": null, "lrpepxh": -1.0, "finallr": 319.0525, "lrpepelmh": -1.0, "template": "2jd8:I1(0.59,0.54,14/24,9,10)", "viralprotein_id": 16208, "lrsm": 1.1641, "id": 8620642, "lrpepxv": -1.0, "lrredundpairs": -1.0, "humanprotein_id": 6857, "vphfpdID": "003305.g1_151@4k4z_A.1"}, {"lrredund": 4.2492, "lrpepelmv": 137.2032, "hphfpdID": "000004", "pdbset": null, "lrpepxh": -1.0, "finallr": 583.0042, "lrpepelmh": -1.0, "template": "3iq6:CA(0.60,0.49,17/19,8,4)", "viralprotein_id": 16208, "lrsm": 1.2704, "id": 8621127, "lrpepxv": -1.0, "lrredundpairs": -1.0, "humanprotein_id": 6298, "vphfpdID": "003305.g1_151@4zpd_A.10"}, {"lrredund": 21.3884, "lrpepelmv": -1.0, "hphfpdID": "001751", "pdbset": null, "lrpepxh": -1.0, "finallr": 111.6474, "lrpepelmh": -1.0, "template": "1a0o:FE(0.55,0.59,22/53,5,0)", "viralprotein_id": 16208, "lrsm": 1.1641, "id": 8621740, "lrpepxv": 5.22, "lrredundpairs": -1.0, "humanprotein_id": 5041, "vphfpdID": "003305.d152_405@4y34_A.2"}, {"lrredund": 21.3884, "lrpepelmv": -1.0, "hphfpdID": "005478.e262_551", "pdbset": null, "lrpepxh": -1.0, "finallr": 175.5488, "lrpepelmh": -1.0, "template": "4ivw:BA(0.58,0.02,87/149,45,58)", "viralprotein_id": 16208, "lrsm": 8.2077, "id": 8622209, "lrpepxv": -1.0, "lrredundpairs": -1.0, "humanprotein_id": 2880, "vphfpdID": "003305.g406_462"}, {"lrredund": 21.3884, "lrpepelmv": -1.0, "hphfpdID": "005158.d818_927", "pdbset": null, "lrpepxh": -1.0, "finallr": 106.0864, "lrpepelmh": -1.0, "template": "1f3m:BD(0.52,0.13,54/128,23,26)", "viralprotein_id": 16208, "lrsm": 2.0697, "id": 8622405, "lrpepxv": 4.96, "lrredundpairs": -1.0, "humanprotein_id": 2711, "vphfpdID": "003305.g1_151@4zpc_A.12"}, {"lrredund": 21.3884, "lrpepelmv": -1.0, "hphfpdID": "001509.e418_498", "pdbset": null, "lrpepxh": -1.0, "finallr": 113.8494, "lrpepelmh": -1.0, "template": "1rso:DC(0.58,0.37,144/245,48,64)", "viralprotein_id": 16208, "lrsm": 5.323, "id": 8622932, "lrpepxv": -1.0, "lrredundpairs": -1.0, "humanprotein_id": 2598, "vphfpdID": "003305.g406_462"}, {"lrredund": 4.2492, "lrpepelmv": 32.9939, "hphfpdID": "017284.e489_542", "pdbset": null, "lrpepxh": -1.0, "finallr": 140.1976, "lrpepelmh": -1.0, "template": "2krf:AB(0.60,0.44,74/138,23,23)", "viralprotein_id": 16208, "lrsm": 1.6435, "id": 8623132, "lrpepxv": 5.22, "lrredundpairs": -1.0, "humanprotein_id": 7960, "vphfpdID": "003305.g1_151@3cdu_A.4"}, {"lrredund": 21.3884, "lrpepelmv": 137.2032, "hphfpdID": "000002", "pdbset": null, "lrpepxh": -1.0, "finallr": 2934.559, "lrpepelmh": -1.0, "template": "3qvy:DB(0.60,0.52,13/20,5,2)", "viralprotein_id": 16208, "lrsm": 1.1641, "id": 8624881, "lrpepxv": -1.0, "lrredundpairs": -1.0, "humanprotein_id": 6315, "vphfpdID": "003305.g1_151@4zpc_A.12"}, {"lrredund": 21.3884, "lrpepelmv": -1.0, "hphfpdID": "007744.d499_743", "pdbset": null, "lrpepxh": -1.0, "finallr": 117.6084, "lrpepelmh": -1.0, "template": "3q4h:DA(0.35,0.03,8/16,3,0)", "viralprotein_id": 16208, "lrsm": 5.4987, "id": 8626247, "lrpepxv": -1.0, "lrredundpairs": -1.0, "humanprotein_id": 4876, "vphfpdID": "003305.g406_462"}, {"lrredund": 1.0145, "lrpepelmv": -1.0, "hphfpdID": "008214.e1_125", "pdbset": null, "lrpepxh": -1.0, "finallr": 153.6017, "lrpepelmh": -1.0, "template": "1sfk:GH(0.03,0.07,26/132,22,26)", "viralprotein_id": 16208, "lrsm": 151.4063, "id": 8627975, "lrpepxv": -1.0, "lrredundpairs": -1.0, "humanprotein_id": 16668, "vphfpdID": "003305.g1_151@4zp8_A.9"}, {"lrredund": 19.2898, "lrpepelmv": 137.2032, "hphfpdID": "000006", "pdbset": null, "lrpepxh": -1.0, "finallr": 2646.624, "lrpepelmh": -1.0, "template": "3lof:BA(0.56,0.38,30/69,13,3)", "viralprotein_id": 16208, "lrsm": 1.2265, "id": 8628930, "lrpepxv": -1.0, "lrredundpairs": -1.0, "humanprotein_id": 4514, "vphfpdID": "003305.g1_151@4zpc_A.12"}, {"lrredund": 4.2492, "lrpepelmv": 137.2032, "hphfpdID": "000001", "pdbset": null, "lrpepxh": -1.0, "finallr": 583.0042, "lrpepelmh": -1.0, "template": "3d1b:CA(0.36,0.57,11/58,4,2)", "viralprotein_id": 16208, "lrsm": 1.02, "id": 8629126, "lrpepxv": -1.0, "lrredundpairs": -1.0, "humanprotein_id": 4793, "vphfpdID": "003305.g1_151@4k4z_A.1"}, {"lrredund": 21.3884, "lrpepelmv": -1.0, "hphfpdID": "017046", "pdbset": null, "lrpepxh": -1.0, "finallr": 128.3451, "lrpepelmh": -1.0, "template": "4hzu:SB(0.11,0.19,4/4,7,4)", "viralprotein_id": 16208, "lrsm": 6.0007, "id": 8629312, "lrpepxv": -1.0, "lrredundpairs": -1.0, "humanprotein_id": 6818, "vphfpdID": "003305.g1_151@4zp8_A.9"}, {"lrredund": 21.3884, "lrpepelmv": -1.0, "hphfpdID": "010507.d93_206", "pdbset": null, "lrpepxh": -1.0, "finallr": 208.1873, "lrpepelmh": -1.0, "template": "4icg:BA(0.54,0.59,108/127,45,50)", "viralprotein_id": 16208, "lrsm": 9.7337, "id": 8630065, "lrpepxv": -1.0, "lrredundpairs": -1.0, "humanprotein_id": 4475, "vphfpdID": "003305.g406_462"}, {"lrredund": 21.3884, "lrpepelmv": -1.0, "hphfpdID": "011519.e1_119", "pdbset": null, "lrpepxh": -1.0, "finallr": 107.5723, "lrpepelmh": -1.0, "template": "2voy:AF(0.43,0.57,149/152,19,0)", "viralprotein_id": 16208, "lrsm": 5.0295, "id": 8630424, "lrpepxv": -1.0, "lrredundpairs": -1.0, "humanprotein_id": 3074, "vphfpdID": "003305.d152_405@4k4z_A.1"}, {"lrredund": 21.3884, "lrpepelmv": 137.2032, "hphfpdID": "000007", "pdbset": null, "lrpepxh": -1.0, "finallr": 2934.559, "lrpepelmh": -1.0, "template": "4ggf:AC(0.60,0.56,39/161,21,18)", "viralprotein_id": 16208, "lrsm": 1.4777, "id": 8630724, "lrpepxv": -1.0, "lrredundpairs": -1.0, "humanprotein_id": 6393, "vphfpdID": "003305.g1_151@4wfx_A.8"}, {"lrredund": 21.3884, "lrpepelmv": -1.0, "hphfpdID": "014262.d1_78", "pdbset": null, "lrpepxh": -1.0, "finallr": 117.6084, "lrpepelmh": -1.0, "template": "2qho:HG(0.33,0.06,25/56,19,19)", "viralprotein_id": 16208, "lrsm": 5.4987, "id": 8630926, "lrpepxv": -1.0, "lrredundpairs": -1.0, "humanprotein_id": 5865, "vphfpdID": "003305.g1_151@4zp6_A.7"}, {"lrredund": 21.3884, "lrpepelmv": 6.3442, "hphfpdID": "001349.d2683_2962", "pdbset": null, "lrpepxh": -1.0, "finallr": 135.6925, "lrpepelmh": -1.0, "template": "1ygy:AB(0.54,0.58,1/455,0,0)", "viralprotein_id": 16208, "lrsm": 0.9682, "id": 8631232, "lrpepxv": -1.0, "lrredundpairs": -1.0, "humanprotein_id": 7312, "vphfpdID": "003305.d152_405@4zp7_A.10"}, {"lrredund": 15.8699, "lrpepelmv": -1.0, "hphfpdID": "007430", "pdbset": null, "lrpepxh": -1.0, "finallr": 110.7665, "lrpepelmh": -1.0, "template": "4bkx:AB(0.29,0.00,37/255,24,27)", "viralprotein_id": 16208, "lrsm": 6.9797, "id": 8631251, "lrpepxv": -1.0, "lrredundpairs": -1.0, "humanprotein_id": 7414, "vphfpdID": "003305.g1_151@4zp7_A.5"}, {"lrredund": null, "lrpepelmv": null, "hphfpdID": "004306.e1_97", "pdbset": "1m11", "lrpepxh": null, "finallr": null, "lrpepelmh": null, "template": "4a48:AB(0.34,0.41,20/25,6,0)", "viralprotein_id": 16208, "lrsm": null, "id": 8628331, "lrpepxv": null, "lrredundpairs": null, "humanprotein_id": 3167, "vphfpdID": "003305@1rdr_A.14"}, {"lrredund": null, "lrpepelmv": null, "hphfpdID": "004197.e138_216", "pdbset": "1jew", "lrpepxh": null, "finallr": null, "lrpepelmh": null, "template": "1fe0:AB(0.44,0.59,61/68,10,0)", "viralprotein_id": 16208, "lrsm": null, "id": 8626316, "lrpepxv": null, "lrredundpairs": null, "humanprotein_id": 6456, "vphfpdID": "003305@1raj_A.37"}]