[{"lrredund": 20.9141, "lrpepelmv": -1.0, "hphfpdID": "005158.d704_1019", "pdbset": null, "lrpepxh": -1.0, "finallr": 125.499, "lrpepelmh": -1.0, "template": "3zfx:AB(0.32,0.07,16/20,7,5)", "viralprotein_id": 16421, "lrsm": 6.0007, "id": 36804959, "lrpepxv": -1.0, "lrredundpairs": 1.774, "humanprotein_id": 2711, "vphfpdID": "003490@4q4x_4.11"}, {"lrredund": 21.3884, "lrpepelmv": 14.0438, "hphfpdID": "016615", "pdbset": null, "lrpepxh": -1.0, "finallr": 300.3744, "lrpepelmh": -1.0, "template": "", "viralprotein_id": 16421, "lrsm": -1.0, "id": 36806746, "lrpepxv": -1.0, "lrredundpairs": -1.0, "humanprotein_id": 5095, "vphfpdID": "003490@4rs5_C.21"}, {"lrredund": 20.9141, "lrpepelmv": -1.0, "hphfpdID": "018501.e80_165", "pdbset": null, "lrpepxh": -1.0, "finallr": 100.4723, "lrpepelmh": -1.0, "template": "2o2v:AB(0.34,0.19,47/56,27,41)", "viralprotein_id": 16421, "lrsm": 4.804, "id": 36808378, "lrpepxv": -1.0, "lrredundpairs": 1.774, "humanprotein_id": 1286, "vphfpdID": "003490@1ev1_4.9"}, {"lrredund": 1.2535, "lrpepelmv": 88.0779, "hphfpdID": "011393.e308_496", "pdbset": null, "lrpepxh": -1.0, "finallr": 110.4056, "lrpepelmh": -1.0, "template": "2r1i:BA(0.53,0.38,48/271,22,10)", "viralprotein_id": 16421, "lrsm": 1.5568, "id": 36808553, "lrpepxv": -1.0, "lrredundpairs": -1.0, "humanprotein_id": 4671, "vphfpdID": "003490@3epf_4.10"}, {"lrredund": 20.9141, "lrpepelmv": -1.0, "hphfpdID": "014262.d1_78", "pdbset": null, "lrpepxh": -1.0, "finallr": 100.4723, "lrpepelmh": -1.0, "template": "2o2v:AB(0.34,0.20,47/56,23,38)", "viralprotein_id": 16421, "lrsm": 4.804, "id": 36810281, "lrpepxv": -1.0, "lrredundpairs": -1.0, "humanprotein_id": 5865, "vphfpdID": "003490@1ev1_4.9"}, {"lrredund": 21.3884, "lrpepelmv": 14.0438, "hphfpdID": "016613.e557_714", "pdbset": null, "lrpepxh": -1.0, "finallr": 300.3744, "lrpepelmh": -1.0, "template": "", "viralprotein_id": 16421, "lrsm": -1.0, "id": 36810473, "lrpepxv": -1.0, "lrredundpairs": -1.0, "humanprotein_id": 5161, "vphfpdID": "003490@4rs5_C.21"}, {"lrredund": 20.9141, "lrpepelmv": -1.0, "hphfpdID": "016448", "pdbset": null, "lrpepxh": -1.0, "finallr": 100.4723, "lrpepelmh": -1.0, "template": "2o2v:AB(0.34,0.22,47/56,25,40)", "viralprotein_id": 16421, "lrsm": 4.804, "id": 36811783, "lrpepxv": -1.0, "lrredundpairs": 1.774, "humanprotein_id": 7393, "vphfpdID": "003490@1ev1_4.9"}, {"lrredund": 15.8699, "lrpepelmv": -1.0, "hphfpdID": "001452", "pdbset": null, "lrpepxh": -1.0, "finallr": 400.4998, "lrpepelmh": -1.0, "template": "2h26:AB(0.15,0.02,4/134,6,4)", "viralprotein_id": 16421, "lrsm": 25.2364, "id": 36813259, "lrpepxv": -1.0, "lrredundpairs": 1.5513, "humanprotein_id": 6282, "vphfpdID": "003490@3iyp_D.3"}, {"lrredund": 20.9141, "lrpepelmv": 9.3373, "hphfpdID": "001349.d2715_2964", "pdbset": null, "lrpepxh": -1.0, "finallr": 195.2815, "lrpepelmh": -1.0, "template": "1tba:BA(0.41,0.57,16/288,14,16)", "viralprotein_id": 16421, "lrsm": 1.02, "id": 36814663, "lrpepxv": -1.0, "lrredundpairs": 0.7707, "humanprotein_id": 7312, "vphfpdID": "003490@4q4x_4.11"}, {"lrredund": 4.2492, "lrpepelmv": -1.0, "hphfpdID": "004699.e124_261", "pdbset": null, "lrpepxh": -1.0, "finallr": 107.2347, "lrpepelmh": -1.0, "template": "2h26:AB(0.15,0.02,4/134,6,4)", "viralprotein_id": 16421, "lrsm": 25.2364, "id": 36815042, "lrpepxv": -1.0, "lrredundpairs": 1.373, "humanprotein_id": 4544, "vphfpdID": "003490@3iyp_D.3"}, {"lrredund": 21.3884, "lrpepelmv": 14.0438, "hphfpdID": "007144", "pdbset": null, "lrpepxh": -1.0, "finallr": 300.3744, "lrpepelmh": -1.0, "template": "", "viralprotein_id": 16421, "lrsm": -1.0, "id": 36815210, "lrpepxv": -1.0, "lrredundpairs": -1.0, "humanprotein_id": 6385, "vphfpdID": "003490@4rs5_C.21"}, {"lrredund": 20.9141, "lrpepelmv": -1.0, "hphfpdID": "018500", "pdbset": null, "lrpepxh": -1.0, "finallr": 100.4723, "lrpepelmh": -1.0, "template": "2o2v:AB(0.34,0.22,47/56,25,38)", "viralprotein_id": 16421, "lrsm": 4.804, "id": 36817962, "lrpepxv": -1.0, "lrredundpairs": 1.5513, "humanprotein_id": 3463, "vphfpdID": "003490@1ev1_4.9"}, {"lrredund": 4.0064, "lrpepelmv": 4.2602, "hphfpdID": "005031.e64_165", "pdbset": null, "lrpepxh": -1.0, "finallr": 101.1073, "lrpepelmh": -1.0, "template": "3t0r:DC(0.09,0.10,4/47,5,4)", "viralprotein_id": 16421, "lrsm": 25.2364, "id": 36819409, "lrpepxv": -1.0, "lrredundpairs": 1.774, "humanprotein_id": 4123, "vphfpdID": "003490@3iyp_D.3"}, {"lrredund": -1.0, "lrpepelmv": -1.0, "hphfpdID": "011228.e260_421", "pdbset": null, "lrpepxh": -1.0, "finallr": 113.0937, "lrpepelmh": -1.0, "template": "3ewi:BA(0.13,0.00,80/151,42,79)", "viralprotein_id": 16421, "lrsm": 113.0937, "id": 36819996, "lrpepxv": -1.0, "lrredundpairs": -1.0, "humanprotein_id": 12943, "vphfpdID": "003490@1d4m_4.4"}, {"lrredund": 21.3884, "lrpepelmv": 14.0438, "hphfpdID": "016466.e142_262", "pdbset": null, "lrpepxh": -1.0, "finallr": 300.3744, "lrpepelmh": -1.0, "template": "", "viralprotein_id": 16421, "lrsm": -1.0, "id": 36820338, "lrpepxv": -1.0, "lrredundpairs": -1.0, "humanprotein_id": 3727, "vphfpdID": "003490@4rs5_C.21"}, {"lrredund": 21.3884, "lrpepelmv": -1.0, "hphfpdID": "017046.e457_686", "pdbset": null, "lrpepxh": -1.0, "finallr": 230.863, "lrpepelmh": -1.0, "template": "3hu3:BA(0.33,0.57,59/362,42,39)", "viralprotein_id": 16423, "lrsm": 10.7938, "id": 6674341, "lrpepxv": -1.0, "lrredundpairs": 0.7707, "humanprotein_id": 6818, "vphfpdID": "003492@5gjq_H.1"}, {"lrredund": 4.2492, "lrpepelmv": 32.9939, "hphfpdID": "017284.e489_542", "pdbset": null, "lrpepxh": -1.0, "finallr": 140.1976, "lrpepelmh": -1.0, "template": "1iqp:BF(0.48,0.52,7/9,4,0)", "viralprotein_id": 16423, "lrsm": 1.2265, "id": 6675569, "lrpepxv": -1.0, "lrredundpairs": -1.0, "humanprotein_id": 7960, "vphfpdID": "003492@5g4f_A.5"}, {"lrredund": 20.9141, "lrpepelmv": -1.0, "hphfpdID": "006178.e2120_2203", "pdbset": null, "lrpepxh": -1.0, "finallr": 113.5635, "lrpepelmh": -1.0, "template": "4hyy:CA(0.48,0.37,6/10,4,0)", "viralprotein_id": 16423, "lrsm": 1.2265, "id": 6675621, "lrpepxv": 5.43, "lrredundpairs": 0.7707, "humanprotein_id": 2856, "vphfpdID": "003492@5e7p_A.4"}, {"lrredund": 19.2898, "lrpepelmv": 65.3909, "hphfpdID": "000006", "pdbset": null, "lrpepxh": -1.0, "finallr": 1261.376, "lrpepelmh": -1.0, "template": "", "viralprotein_id": 16423, "lrsm": -1.0, "id": 6677032, "lrpepxv": -1.0, "lrredundpairs": 1.1877, "humanprotein_id": 4514, "vphfpdID": "003492@1xwi_A.7"}, {"lrredund": 4.2492, "lrpepelmv": 65.3909, "hphfpdID": "000004", "pdbset": null, "lrpepxh": -1.0, "finallr": 277.8589, "lrpepelmh": -1.0, "template": "", "viralprotein_id": 16423, "lrsm": -1.0, "id": 6677380, "lrpepxv": -1.0, "lrredundpairs": -1.0, "humanprotein_id": 6298, "vphfpdID": "003492@2zan_A.6"}, {"lrredund": 21.3884, "lrpepelmv": 14.0845, "hphfpdID": "016613.e557_714", "pdbset": null, "lrpepxh": -1.0, "finallr": 301.2446, "lrpepelmh": -1.0, "template": "", "viralprotein_id": 16423, "lrsm": -1.0, "id": 6678349, "lrpepxv": -1.0, "lrredundpairs": -1.0, "humanprotein_id": 5161, "vphfpdID": "003492@2zan_A.6"}, {"lrredund": 19.2898, "lrpepelmv": -1.0, "hphfpdID": "017281", "pdbset": null, "lrpepxh": -1.0, "finallr": 1639.1, "lrpepelmh": -1.0, "template": "1s3s:BD(0.34,0.03,58/136,42,50)", "viralprotein_id": 16423, "lrsm": 84.9724, "id": 6679056, "lrpepxv": -1.0, "lrredundpairs": 0.7707, "humanprotein_id": 5906, "vphfpdID": "003492@5e7p_A.4"}, {"lrredund": 4.2492, "lrpepelmv": 32.9939, "hphfpdID": "017283.d76_264", "pdbset": null, "lrpepxh": -1.0, "finallr": 140.1976, "lrpepelmh": -1.0, "template": "", "viralprotein_id": 16423, "lrsm": -1.0, "id": 6679569, "lrpepxv": -1.0, "lrredundpairs": -1.0, "humanprotein_id": 5846, "vphfpdID": "003492@2zan_A.6"}, {"lrredund": 19.2898, "lrpepelmv": 14.9984, "hphfpdID": "016466.e85_146", "pdbset": null, "lrpepxh": -1.0, "finallr": 289.3153, "lrpepelmh": -1.0, "template": "2oob:AB(0.50,0.47,23/44,11,4)", "viralprotein_id": 16423, "lrsm": 1.2265, "id": 6681220, "lrpepxv": -1.0, "lrredundpairs": 1.373, "humanprotein_id": 3727, "vphfpdID": "003492@5gjq_I.2"}, {"lrredund": 2.3254, "lrpepelmv": 65.3909, "hphfpdID": "000003", "pdbset": null, "lrpepxh": -1.0, "finallr": 152.0599, "lrpepelmh": -1.0, "template": "", "viralprotein_id": 16423, "lrsm": -1.0, "id": 6681951, "lrpepxv": -1.0, "lrredundpairs": 1.1877, "humanprotein_id": 6857, "vphfpdID": "003492@5g4f_A.5"}, {"lrredund": 19.2898, "lrpepelmv": -1.0, "hphfpdID": "001751.e1_73", "pdbset": null, "lrpepxh": -1.0, "finallr": 104.7436, "lrpepelmh": -1.0, "template": "2orv:BA(0.33,0.12,45/214,23,24)", "viralprotein_id": 16423, "lrsm": 2.7953, "id": 6683398, "lrpepxv": 5.43, "lrredundpairs": -1.0, "humanprotein_id": 5041, "vphfpdID": "003492@5e7p_A.4"}, {"lrredund": 21.3884, "lrpepelmv": 6.3442, "hphfpdID": "001349.d2715_2964", "pdbset": null, "lrpepxh": -1.0, "finallr": 135.6925, "lrpepelmh": -1.0, "template": "", "viralprotein_id": 16423, "lrsm": -1.0, "id": 6683484, "lrpepxv": -1.0, "lrredundpairs": -1.0, "humanprotein_id": 7312, "vphfpdID": "003492@5gjq_J.8"}, {"lrredund": 19.2898, "lrpepelmv": -1.0, "hphfpdID": "014262.e165_274", "pdbset": null, "lrpepxh": -1.0, "finallr": 187.7603, "lrpepelmh": -1.0, "template": "2d9s:AB(0.50,0.59,95/97,42,55)", "viralprotein_id": 16423, "lrsm": 9.7337, "id": 6683609, "lrpepxv": 5.43, "lrredundpairs": -1.0, "humanprotein_id": 5865, "vphfpdID": "003492@5gjq_I.2"}, {"lrredund": 21.3884, "lrpepelmv": 65.3909, "hphfpdID": "000002", "pdbset": null, "lrpepxh": -1.0, "finallr": 1398.606, "lrpepelmh": -1.0, "template": "", "viralprotein_id": 16423, "lrsm": -1.0, "id": 6683749, "lrpepxv": -1.0, "lrredundpairs": 1.1877, "humanprotein_id": 6315, "vphfpdID": "003492@5gjq_L.3"}, {"lrredund": 15.8699, "lrpepelmv": -1.0, "hphfpdID": "009031", "pdbset": null, "lrpepxh": -1.0, "finallr": 151.6763, "lrpepelmh": -1.0, "template": "1a49:FH(0.59,0.01,128/286,49,42)", "viralprotein_id": 16423, "lrsm": 9.5575, "id": 6683921, "lrpepxv": -1.0, "lrredundpairs": 0.7707, "humanprotein_id": 3826, "vphfpdID": "003492.d125_223@4gdf_A.1"}, {"lrredund": 3.5815, "lrpepelmv": -1.0, "hphfpdID": "008899", "pdbset": null, "lrpepxh": -1.0, "finallr": 125.9497, "lrpepelmh": -1.0, "template": "2qqe:AB(0.53,0.04,196/241,68,64)", "viralprotein_id": 16423, "lrsm": 35.1668, "id": 6683951, "lrpepxv": -1.0, "lrredundpairs": 0.7707, "humanprotein_id": 2925, "vphfpdID": "003492@5gjq_H.1"}, {"lrredund": 21.3884, "lrpepelmv": 14.9984, "hphfpdID": "001060.e180_274", "pdbset": null, "lrpepxh": -1.0, "finallr": 320.7909, "lrpepelmh": -1.0, "template": "", "viralprotein_id": 16423, "lrsm": -1.0, "id": 6684169, "lrpepxv": -1.0, "lrredundpairs": -1.0, "humanprotein_id": 17652, "vphfpdID": "003492@2zan_A.6"}, {"lrredund": 21.3884, "lrpepelmv": 14.0845, "hphfpdID": "016615.d116_248", "pdbset": null, "lrpepxh": -1.0, "finallr": 301.2446, "lrpepelmh": -1.0, "template": "2dzn:FB(0.46,0.49,1/1,2,1)", "viralprotein_id": 16423, "lrsm": 1.3385, "id": 6684783, "lrpepxv": -1.0, "lrredundpairs": -1.0, "humanprotein_id": 5095, "vphfpdID": "003492@5gjq_J.8"}, {"lrredund": 20.9141, "lrpepelmv": -1.0, "hphfpdID": "018500.d533_608", "pdbset": null, "lrpepxh": -1.0, "finallr": 100.4723, "lrpepelmh": -1.0, "template": "2qho:BA(0.57,0.02,51/51,26,31)", "viralprotein_id": 16423, "lrsm": 4.804, "id": 6684980, "lrpepxv": -1.0, "lrredundpairs": 1.5513, "humanprotein_id": 3463, "vphfpdID": "003492@5gjq_I.2"}, {"lrredund": 20.9141, "lrpepelmv": 14.9984, "hphfpdID": "007144.e56_156", "pdbset": null, "lrpepxh": -1.0, "finallr": 313.6772, "lrpepelmh": -1.0, "template": "3n3f:AB(0.58,0.28,5/5,4,2)", "viralprotein_id": 16423, "lrsm": 1.3385, "id": 6685063, "lrpepxv": -1.0, "lrredundpairs": -1.0, "humanprotein_id": 6385, "vphfpdID": "003492@5gjq_J.8"}, {"lrredund": 4.2492, "lrpepelmv": 65.3909, "hphfpdID": "000001", "pdbset": null, "lrpepxh": -1.0, "finallr": 277.8589, "lrpepelmh": -1.0, "template": "", "viralprotein_id": 16423, "lrsm": -1.0, "id": 6685432, "lrpepxv": -1.0, "lrredundpairs": 1.1877, "humanprotein_id": 4793, "vphfpdID": "003492@5ftj_A.10"}, {"lrredund": 20.9141, "lrpepelmv": 65.3909, "hphfpdID": "000007", "pdbset": null, "lrpepxh": -1.0, "finallr": 1367.591, "lrpepelmh": -1.0, "template": "", "viralprotein_id": 16423, "lrsm": -1.0, "id": 6686929, "lrpepxv": -1.0, "lrredundpairs": 1.373, "humanprotein_id": 6393, "vphfpdID": "003492@1xwi_A.7"}, {"lrredund": 2.3254, "lrpepelmv": 65.3909, "hphfpdID": "000005", "pdbset": null, "lrpepxh": -1.0, "finallr": 152.0599, "lrpepelmh": -1.0, "template": "", "viralprotein_id": 16423, "lrsm": -1.0, "id": 6687492, "lrpepxv": -1.0, "lrredundpairs": 1.1877, "humanprotein_id": 4794, "vphfpdID": "003492@1xwi_A.7"}, {"lrredund": 1.2535, "lrpepelmv": -1.0, "hphfpdID": "013693", "pdbset": null, "lrpepxh": -1.0, "finallr": 106.5129, "lrpepelmh": -1.0, "template": "1s3s:DB(0.28,0.11,59/136,41,43)", "viralprotein_id": 16423, "lrsm": 84.9724, "id": 6688873, "lrpepxv": -1.0, "lrredundpairs": 1.373, "humanprotein_id": 6333, "vphfpdID": "003492@5gjq_I.2"}, {"lrredund": -1.0, "lrpepelmv": -1.0, "hphfpdID": "015570.e737_801", "pdbset": null, "lrpepxh": -1.0, "finallr": 240.91, "lrpepelmh": -1.0, "template": "1upn:BE(0.02,0.07,78/97,29,56)", "viralprotein_id": 16425, "lrsm": 240.91, "id": 85620451, "lrpepxv": -1.0, "lrredundpairs": -1.0, "humanprotein_id": 16282, "vphfpdID": "003494.e56_250@1cov_2.18"}, {"lrredund": 0.9127, "lrpepelmv": -1.0, "hphfpdID": "007930", "pdbset": null, "lrpepxh": -1.0, "finallr": 118.8062, "lrpepelmh": -1.0, "template": "1z7z:2I(0.04,0.05,25/25,13,22)", "viralprotein_id": 16425, "lrsm": 130.17, "id": 85620783, "lrpepxv": -1.0, "lrredundpairs": 0.7707, "humanprotein_id": 7732, "vphfpdID": "003494.e56_250@1z7s_2.21"}, {"lrredund": 21.3884, "lrpepelmv": 65.3909, "hphfpdID": "000007", "pdbset": null, "lrpepxh": -1.0, "finallr": 1398.606, "lrpepelmh": -1.0, "template": "", "viralprotein_id": 16425, "lrsm": -1.0, "id": 85620816, "lrpepxv": -1.0, "lrredundpairs": -1.0, "humanprotein_id": 6393, "vphfpdID": "003494@5bno_B.11"}, {"lrredund": -1.0, "lrpepelmv": -1.0, "hphfpdID": "001909.e65_297", "pdbset": null, "lrpepxh": -1.0, "finallr": 169.0977, "lrpepelmh": -1.0, "template": "1upn:BE(0.06,0.04,43/97,24,28)", "viralprotein_id": 16425, "lrsm": 169.0977, "id": 85620884, "lrpepxv": -1.0, "lrredundpairs": -1.0, "humanprotein_id": 2901, "vphfpdID": "003494@1vbe_2.21"}, {"lrredund": 21.3884, "lrpepelmv": 14.0867, "hphfpdID": "016466.e85_146", "pdbset": null, "lrpepxh": -1.0, "finallr": 301.2919, "lrpepelmh": -1.0, "template": "", "viralprotein_id": 16425, "lrsm": -1.0, "id": 85621336, "lrpepxv": -1.0, "lrredundpairs": -1.0, "humanprotein_id": 3727, "vphfpdID": "003494@5bno_B.11"}, {"lrredund": 4.2492, "lrpepelmv": -1.0, "hphfpdID": "011448.e640_715", "pdbset": null, "lrpepxh": -1.0, "finallr": 107.2347, "lrpepelmh": -1.0, "template": "1mqt:BC(0.01,0.17,32/434,14,9)", "viralprotein_id": 16425, "lrsm": 25.2364, "id": 85622014, "lrpepxv": -1.0, "lrredundpairs": -1.0, "humanprotein_id": 5301, "vphfpdID": "003494.e56_250@1mqt_B.14"}, {"lrredund": -1.0, "lrpepelmv": -1.0, "hphfpdID": "003972.d3109_3228", "pdbset": null, "lrpepxh": -1.0, "finallr": 240.91, "lrpepelmh": -1.0, "template": "1upn:BE(0.04,0.03,80/97,34,70)", "viralprotein_id": 16425, "lrsm": 240.91, "id": 85622282, "lrpepxv": -1.0, "lrredundpairs": -1.0, "humanprotein_id": 10967, "vphfpdID": "003494.e56_250@1mqt_B.14"}, {"lrredund": 21.3884, "lrpepelmv": 65.3909, "hphfpdID": "000006", "pdbset": null, "lrpepxh": -1.0, "finallr": 1398.606, "lrpepelmh": -1.0, "template": "1n8r:TW(0.56,0.58,4/29,1,0)", "viralprotein_id": 16425, "lrsm": 0.9682, "id": 85622462, "lrpepxv": -1.0, "lrredundpairs": -1.0, "humanprotein_id": 4514, "vphfpdID": "003494.e56_250@4rs5_C.4"}, {"lrredund": -1.0, "lrpepelmv": -1.0, "hphfpdID": "002889.d85_142", "pdbset": null, "lrpepxh": -1.0, "finallr": 240.91, "lrpepelmh": -1.0, "template": "1upn:BE(0.04,0.06,80/97,33,65)", "viralprotein_id": 16425, "lrsm": 240.91, "id": 85622620, "lrpepxv": -1.0, "lrredundpairs": -1.0, "humanprotein_id": 3204, "vphfpdID": "003494.e56_250@3iyp_C.8"}, {"lrredund": -1.0, "lrpepelmv": -1.0, "hphfpdID": "016757.d2717_2771", "pdbset": null, "lrpepxh": -1.0, "finallr": 240.91, "lrpepelmh": -1.0, "template": "1upn:BE(0.02,0.08,80/97,33,68)", "viralprotein_id": 16425, "lrsm": 240.91, "id": 85622718, "lrpepxv": -1.0, "lrredundpairs": -1.0, "humanprotein_id": 8661, "vphfpdID": "003494.e56_250@1d4m_2.17"}, {"lrredund": -1.0, "lrpepelmv": -1.0, "hphfpdID": "006162.d92_281", "pdbset": null, "lrpepxh": -1.0, "finallr": 240.91, "lrpepelmh": -1.0, "template": "1upn:BE(0.04,0.05,80/97,23,35)", "viralprotein_id": 16425, "lrsm": 240.91, "id": 85622792, "lrpepxv": -1.0, "lrredundpairs": -1.0, "humanprotein_id": 13968, "vphfpdID": "003494.e56_250@1mqt_B.14"}, {"lrredund": -1.0, "lrpepelmv": -1.0, "hphfpdID": "009822.d367_426", "pdbset": null, "lrpepxh": -1.0, "finallr": 169.0977, "lrpepelmh": -1.0, "template": "1upn:BE(0.05,0.05,44/97,22,21)", "viralprotein_id": 16425, "lrsm": 169.0977, "id": 85623050, "lrpepxv": -1.0, "lrredundpairs": -1.0, "humanprotein_id": 3960, "vphfpdID": "003494@5c9a_B.3"}, {"lrredund": 21.3884, "lrpepelmv": -1.0, "hphfpdID": "018800.e503_596", "pdbset": null, "lrpepxh": -1.0, "finallr": 128.3451, "lrpepelmh": -1.0, "template": "1z7z:2I(0.08,0.19,22/25,11,14)", "viralprotein_id": 16425, "lrsm": 6.0007, "id": 85624187, "lrpepxv": -1.0, "lrredundpairs": 0.7707, "humanprotein_id": 4109, "vphfpdID": "003494.e56_250@4q4x_2.22"}, {"lrredund": 21.3884, "lrpepelmv": 4.0957, "hphfpdID": "003962.d92_178", "pdbset": null, "lrpepxh": -1.0, "finallr": 100.9952, "lrpepelmh": -1.0, "template": "4c10:BC(0.03,0.52,210/1497,28,175)", "viralprotein_id": 16425, "lrsm": 4.722, "id": 85624496, "lrpepxv": -1.0, "lrredundpairs": -1.0, "humanprotein_id": 6447, "vphfpdID": "003494.e56_250@1d4m_2.17"}, {"lrredund": 20.9141, "lrpepelmv": -1.0, "hphfpdID": "006178.e689_810", "pdbset": null, "lrpepxh": -1.0, "finallr": 348.8874, "lrpepelmh": -1.0, "template": "1na1:BC(0.11,0.49,635/1560,63,36)", "viralprotein_id": 16425, "lrsm": 16.6819, "id": 85624497, "lrpepxv": -1.0, "lrredundpairs": -1.0, "humanprotein_id": 2856, "vphfpdID": "003494@1mqt_B.15"}, {"lrredund": 19.2898, "lrpepelmv": -1.0, "hphfpdID": "012444", "pdbset": null, "lrpepxh": -1.0, "finallr": 106.0689, "lrpepelmh": -1.0, "template": "2ybg:BC(0.33,0.05,5/7,5,0)", "viralprotein_id": 16425, "lrsm": 5.4987, "id": 85625380, "lrpepxv": -1.0, "lrredundpairs": -1.0, "humanprotein_id": 2955, "vphfpdID": "003494.g1_55@1pov_0.10"}, {"lrredund": 2.3254, "lrpepelmv": 65.3909, "hphfpdID": "000005", "pdbset": null, "lrpepxh": -1.0, "finallr": 152.0599, "lrpepelmh": -1.0, "template": "", "viralprotein_id": 16425, "lrsm": -1.0, "id": 85625817, "lrpepxv": -1.0, "lrredundpairs": -1.0, "humanprotein_id": 4794, "vphfpdID": "003494@1eah_2.16"}, {"lrredund": 4.2492, "lrpepelmv": -1.0, "hphfpdID": "017982.d310_390", "pdbset": null, "lrpepxh": -1.0, "finallr": 145.6204, "lrpepelmh": -1.0, "template": "4n53:BC(0.02,0.37,585/1928,45,165)", "viralprotein_id": 16425, "lrsm": 34.2701, "id": 85626096, "lrpepxv": -1.0, "lrredundpairs": 0.7707, "humanprotein_id": 1403, "vphfpdID": "003494.e56_250@5abj_B.12"}, {"lrredund": -1.0, "lrpepelmv": -1.0, "hphfpdID": "016746.d180_237", "pdbset": null, "lrpepxh": -1.0, "finallr": 169.0977, "lrpepelmh": -1.0, "template": "1upn:BE(0.03,0.07,45/97,21,19)", "viralprotein_id": 16425, "lrsm": 169.0977, "id": 85626299, "lrpepxv": -1.0, "lrredundpairs": -1.0, "humanprotein_id": 9487, "vphfpdID": "003494@4cew_B.5"}, {"lrredund": 21.3884, "lrpepelmv": -1.0, "hphfpdID": "005354.e1664_1728", "pdbset": null, "lrpepxh": -1.0, "finallr": 146.3215, "lrpepelmh": -1.0, "template": "3vbo:BC(0.03,0.50,99/332,45,40)", "viralprotein_id": 16425, "lrsm": 6.8412, "id": 85626473, "lrpepxv": -1.0, "lrredundpairs": -1.0, "humanprotein_id": 7033, "vphfpdID": "003494@3j91_0.4"}, {"lrredund": -1.0, "lrpepelmv": -1.0, "hphfpdID": "003971.d2658_2711", "pdbset": null, "lrpepxh": -1.0, "finallr": 240.91, "lrpepelmh": -1.0, "template": "1upn:BE(0.02,0.08,78/97,30,64)", "viralprotein_id": 16425, "lrsm": 240.91, "id": 85626686, "lrpepxv": -1.0, "lrredundpairs": -1.0, "humanprotein_id": 10968, "vphfpdID": "003494.e56_250@1d4m_2.17"}, {"lrredund": 21.3884, "lrpepelmv": 65.3909, "hphfpdID": "000002", "pdbset": null, "lrpepxh": -1.0, "finallr": 1398.606, "lrpepelmh": -1.0, "template": "", "viralprotein_id": 16425, "lrsm": -1.0, "id": 85626951, "lrpepxv": -1.0, "lrredundpairs": -1.0, "humanprotein_id": 6315, "vphfpdID": "003494@1z7s_2.22"}, {"lrredund": 0.5125, "lrpepelmv": -1.0, "hphfpdID": "009823.e386_447", "pdbset": null, "lrpepxh": -1.0, "finallr": 227.8388, "lrpepelmh": -1.0, "template": "3iyp:CF(0.02,0.08,109/156,41,80)", "viralprotein_id": 16425, "lrsm": 444.5636, "id": 85627376, "lrpepxv": -1.0, "lrredundpairs": -1.0, "humanprotein_id": 3922, "vphfpdID": "003494.e56_250@1d4m_2.17"}, {"lrredund": 4.2492, "lrpepelmv": 65.3909, "hphfpdID": "000001", "pdbset": null, "lrpepxh": -1.0, "finallr": 277.8589, "lrpepelmh": -1.0, "template": "", "viralprotein_id": 16425, "lrsm": -1.0, "id": 85627524, "lrpepxv": -1.0, "lrredundpairs": -1.0, "humanprotein_id": 4793, "vphfpdID": "003494@4rs5_C.2"}, {"lrredund": 21.3884, "lrpepelmv": -1.0, "hphfpdID": "011519", "pdbset": null, "lrpepxh": -1.0, "finallr": 393.8285, "lrpepelmh": -1.0, "template": "1k5j:ED(0.53,0.05,89/91,45,58)", "viralprotein_id": 16425, "lrsm": 18.4132, "id": 85627843, "lrpepxv": -1.0, "lrredundpairs": -1.0, "humanprotein_id": 3074, "vphfpdID": "003494.e56_250@1bev_2.1"}, {"lrredund": 0.9127, "lrpepelmv": -1.0, "hphfpdID": "010054.e366_443", "pdbset": null, "lrpepxh": -1.0, "finallr": 219.8786, "lrpepelmh": -1.0, "template": "1upn:BE(0.02,0.07,78/97,28,52)", "viralprotein_id": 16425, "lrsm": 240.91, "id": 85628356, "lrpepxv": -1.0, "lrredundpairs": -1.0, "humanprotein_id": 882, "vphfpdID": "003494.e56_250@1cov_2.18"}, {"lrredund": 21.3884, "lrpepelmv": 9.677, "hphfpdID": "001751.e1650_1757", "pdbset": null, "lrpepxh": -1.0, "finallr": 206.9754, "lrpepelmh": -1.0, "template": "", "viralprotein_id": 16425, "lrsm": -1.0, "id": 85628371, "lrpepxv": -1.0, "lrredundpairs": -1.0, "humanprotein_id": 5041, "vphfpdID": "003494@1ar9_2.9"}, {"lrredund": 2.409, "lrpepelmv": -1.0, "hphfpdID": "006208.e2514_2647", "pdbset": null, "lrpepxh": -1.0, "finallr": 110.7567, "lrpepelmh": -1.0, "template": "3cnk:BA(0.34,0.00,95/100,43,50)", "viralprotein_id": 16425, "lrsm": 45.9762, "id": 85628838, "lrpepxv": -1.0, "lrredundpairs": -1.0, "humanprotein_id": 4231, "vphfpdID": "003494.e56_250@5abj_B.12"}, {"lrredund": 2.3254, "lrpepelmv": 65.3909, "hphfpdID": "000003", "pdbset": null, "lrpepxh": -1.0, "finallr": 152.0599, "lrpepelmh": -1.0, "template": "", "viralprotein_id": 16425, "lrsm": -1.0, "id": 85628956, "lrpepxv": -1.0, "lrredundpairs": -1.0, "humanprotein_id": 6857, "vphfpdID": "003494@4cew_B.5"}, {"lrredund": 21.3884, "lrpepelmv": -1.0, "hphfpdID": "009491.e1_122", "pdbset": null, "lrpepxh": -1.0, "finallr": 117.6084, "lrpepelmh": -1.0, "template": "1rvf:2H(0.10,0.27,11/27,6,1)", "viralprotein_id": 16425, "lrsm": 5.4987, "id": 85629074, "lrpepxv": -1.0, "lrredundpairs": -1.0, "humanprotein_id": 12198, "vphfpdID": "003494.e56_250@1z7s_2.21"}, {"lrredund": -1.0, "lrpepelmv": -1.0, "hphfpdID": "003500.e151_252", "pdbset": null, "lrpepxh": -1.0, "finallr": 169.0977, "lrpepelmh": -1.0, "template": "1upn:BE(0.04,0.06,43/97,21,22)", "viralprotein_id": 16425, "lrsm": 169.0977, "id": 85629426, "lrpepxv": -1.0, "lrredundpairs": -1.0, "humanprotein_id": 3061, "vphfpdID": "003494@5bno_B.11"}, {"lrredund": -1.0, "lrpepelmv": -1.0, "hphfpdID": "004306", "pdbset": null, "lrpepxh": -1.0, "finallr": 826.1879, "lrpepelmh": -1.0, "template": "3iyp:CF(0.03,0.00,126/156,42,80)", "viralprotein_id": 16425, "lrsm": 826.1879, "id": 85629857, "lrpepxv": -1.0, "lrredundpairs": -1.0, "humanprotein_id": 3167, "vphfpdID": "003494@1cov_2.20"}, {"lrredund": 0.5125, "lrpepelmv": -1.0, "hphfpdID": "002887.e165_268", "pdbset": null, "lrpepxh": -1.0, "finallr": 123.4664, "lrpepelmh": -1.0, "template": "1upn:BE(0.04,0.06,83/97,31,63)", "viralprotein_id": 16425, "lrsm": 240.91, "id": 85630085, "lrpepxv": -1.0, "lrredundpairs": -1.0, "humanprotein_id": 2727, "vphfpdID": "003494.e56_250@1oop_B.11"}, {"lrredund": 0.5125, "lrpepelmv": -1.0, "hphfpdID": "003970.d2797_2855", "pdbset": null, "lrpepxh": -1.0, "finallr": 123.4664, "lrpepelmh": -1.0, "template": "1upn:BE(0.02,0.08,80/97,29,58)", "viralprotein_id": 16425, "lrsm": 240.91, "id": 85630170, "lrpepxv": -1.0, "lrredundpairs": -1.0, "humanprotein_id": 15290, "vphfpdID": "003494.e56_250@1d4m_2.17"}, {"lrredund": 0.9127, "lrpepelmv": -1.0, "hphfpdID": "001883.e301_436", "pdbset": null, "lrpepxh": -1.0, "finallr": 219.8786, "lrpepelmh": -1.0, "template": "1upn:BE(0.02,0.07,78/97,29,59)", "viralprotein_id": 16425, "lrsm": 240.91, "id": 85630665, "lrpepxv": -1.0, "lrredundpairs": -1.0, "humanprotein_id": 3294, "vphfpdID": "003494.e56_250@1d4m_2.17"}, {"lrredund": -1.0, "lrpepelmv": -1.0, "hphfpdID": "006163.d269_323", "pdbset": null, "lrpepxh": -1.0, "finallr": 240.91, "lrpepelmh": -1.0, "template": "1upn:BE(0.02,0.07,78/97,29,59)", "viralprotein_id": 16425, "lrsm": 240.91, "id": 85631822, "lrpepxv": -1.0, "lrredundpairs": -1.0, "humanprotein_id": 16194, "vphfpdID": "003494.e56_250@1d4m_2.17"}, {"lrredund": 21.3884, "lrpepelmv": 14.0867, "hphfpdID": "016615", "pdbset": null, "lrpepxh": -1.0, "finallr": 301.2919, "lrpepelmh": -1.0, "template": "1z7z:2I(0.08,0.43,22/25,7,0)", "viralprotein_id": 16425, "lrsm": 2.4032, "id": 85632357, "lrpepxv": -1.0, "lrredundpairs": -1.0, "humanprotein_id": 5095, "vphfpdID": "003494.e56_250@4q4x_2.22"}, {"lrredund": 20.9141, "lrpepelmv": -1.0, "hphfpdID": "000172.d132_188", "pdbset": null, "lrpepxh": -1.0, "finallr": 159.8669, "lrpepelmh": -1.0, "template": "4cdw:CB(0.41,0.56,270/1864,43,190)", "viralprotein_id": 16425, "lrsm": 7.644, "id": 85632388, "lrpepxv": -1.0, "lrredundpairs": -1.0, "humanprotein_id": 2981, "vphfpdID": "003494.e56_250@1z7s_2.21"}, {"lrredund": 21.3884, "lrpepelmv": -1.0, "hphfpdID": "001452", "pdbset": null, "lrpepxh": -1.0, "finallr": 149.2837, "lrpepelmh": -1.0, "template": "3fru:AB(0.36,0.03,29/134,23,26)", "viralprotein_id": 16425, "lrsm": 6.9797, "id": 85632447, "lrpepxv": -1.0, "lrredundpairs": -1.0, "humanprotein_id": 6282, "vphfpdID": "003494.g1_55@1pov_0.10"}, {"lrredund": 2.3254, "lrpepelmv": -1.0, "hphfpdID": "007927", "pdbset": null, "lrpepxh": -1.0, "finallr": 302.6975, "lrpepelmh": -1.0, "template": "1z7z:2I(0.04,0.00,25/25,14,24)", "viralprotein_id": 16425, "lrsm": 130.17, "id": 85632899, "lrpepxv": -1.0, "lrredundpairs": 0.7707, "humanprotein_id": 3016, "vphfpdID": "003494.e56_250@1z7s_2.21"}, {"lrredund": 0.5125, "lrpepelmv": -1.0, "hphfpdID": "010149.d99_158", "pdbset": null, "lrpepxh": -1.0, "finallr": 423.4213, "lrpepelmh": -1.0, "template": "3iyp:CF(0.03,0.06,127/156,50,99)", "viralprotein_id": 16425, "lrsm": 826.1879, "id": 85633065, "lrpepxv": -1.0, "lrredundpairs": -1.0, "humanprotein_id": 3891, "vphfpdID": "003494.e56_250@3iyp_C.8"}, {"lrredund": -1.0, "lrpepelmv": -1.0, "hphfpdID": "015571.e418_526", "pdbset": null, "lrpepxh": -1.0, "finallr": 240.91, "lrpepelmh": -1.0, "template": "1upn:BE(0.02,0.07,80/97,30,61)", "viralprotein_id": 16425, "lrsm": 240.91, "id": 85633675, "lrpepxv": -1.0, "lrredundpairs": -1.0, "humanprotein_id": 10309, "vphfpdID": "003494.e56_250@1d4m_2.17"}, {"lrredund": 21.3884, "lrpepelmv": -1.0, "hphfpdID": "002626.e1_127", "pdbset": null, "lrpepxh": -1.0, "finallr": 128.3451, "lrpepelmh": -1.0, "template": "1z7z:2I(0.08,0.19,22/25,7,0)", "viralprotein_id": 16425, "lrsm": 6.0007, "id": 85633741, "lrpepxv": -1.0, "lrredundpairs": -1.0, "humanprotein_id": 2804, "vphfpdID": "003494.e56_250@4q4x_2.22"}, {"lrredund": 4.2492, "lrpepelmv": 65.3909, "hphfpdID": "000004", "pdbset": null, "lrpepxh": -1.0, "finallr": 277.8589, "lrpepelmh": -1.0, "template": "", "viralprotein_id": 16425, "lrsm": -1.0, "id": 85633885, "lrpepxv": -1.0, "lrredundpairs": -1.0, "humanprotein_id": 6298, "vphfpdID": "003494@1cov_2.20"}, {"lrredund": 21.3884, "lrpepelmv": 6.3442, "hphfpdID": "001349.d2715_2964", "pdbset": null, "lrpepxh": -1.0, "finallr": 135.6925, "lrpepelmh": -1.0, "template": "4aoc:EC(0.58,0.52,3/160,2,0)", "viralprotein_id": 16425, "lrsm": 0.9682, "id": 85633960, "lrpepxv": -1.0, "lrredundpairs": -1.0, "humanprotein_id": 7312, "vphfpdID": "003494@4bip_B.10"}, {"lrredund": 21.3884, "lrpepelmv": -1.0, "hphfpdID": "005209.e1_178", "pdbset": null, "lrpepxh": -1.0, "finallr": 117.6084, "lrpepelmh": -1.0, "template": "1cvj:DF(0.32,0.05,7/17,4,3)", "viralprotein_id": 16425, "lrsm": 5.4987, "id": 85634156, "lrpepxv": -1.0, "lrredundpairs": -1.0, "humanprotein_id": 8007, "vphfpdID": "003494.g1_55@1pov_0.10"}, {"lrredund": 0.9127, "lrpepelmv": -1.0, "hphfpdID": "009821.e191_255", "pdbset": null, "lrpepxh": -1.0, "finallr": 219.8786, "lrpepelmh": -1.0, "template": "1upn:BE(0.02,0.08,78/97,29,61)", "viralprotein_id": 16425, "lrsm": 240.91, "id": 85634240, "lrpepxv": -1.0, "lrredundpairs": -1.0, "humanprotein_id": 3805, "vphfpdID": "003494.e56_250@1d4m_2.17"}, {"lrredund": 21.3884, "lrpepelmv": 14.0867, "hphfpdID": "016613", "pdbset": null, "lrpepxh": -1.0, "finallr": 301.2919, "lrpepelmh": -1.0, "template": "", "viralprotein_id": 16425, "lrsm": -1.0, "id": 85634471, "lrpepxv": -1.0, "lrredundpairs": -1.0, "humanprotein_id": 5161, "vphfpdID": "003494@1h8t_B.14"}, {"lrredund": 21.3884, "lrpepelmv": 14.0867, "hphfpdID": "007144", "pdbset": null, "lrpepxh": -1.0, "finallr": 414.5201, "lrpepelmh": -1.0, "template": "1gri:BA(0.48,0.00,57/245,43,46)", "viralprotein_id": 16425, "lrsm": 19.3806, "id": 85634597, "lrpepxv": -1.0, "lrredundpairs": -1.0, "humanprotein_id": 6385, "vphfpdID": "003494.g1_55@1pov_0.10"}, {"lrredund": 4.2492, "lrpepelmv": 65.3909, "hphfpdID": "000004", "pdbset": null, "lrpepxh": -1.0, "finallr": 277.8589, "lrpepelmh": -1.0, "template": "", "viralprotein_id": 16427, "lrsm": -1.0, "id": 60020847, "lrpepxv": -1.0, "lrredundpairs": -1.0, "humanprotein_id": 6298, "vphfpdID": "003496@4mg3_A.4"}, {"lrredund": 19.2898, "lrpepelmv": 11.4911, "hphfpdID": "001060.e180_274", "pdbset": null, "lrpepxh": -1.0, "finallr": 221.6614, "lrpepelmh": -1.0, "template": "2lk6:BA(0.41,0.33,133/154,35,46)", "viralprotein_id": 16427, "lrsm": 4.0761, "id": 60021048, "lrpepxv": -1.0, "lrredundpairs": 0.7707, "humanprotein_id": 17652, "vphfpdID": "003496@4fvd_A.2"}, {"lrredund": 2.3254, "lrpepelmv": 65.3909, "hphfpdID": "000003", "pdbset": null, "lrpepxh": -1.0, "finallr": 152.0599, "lrpepelmh": -1.0, "template": "1gn2:CA(0.46,0.60,42/216,21,22)", "viralprotein_id": 16427, "lrsm": 1.4777, "id": 60021409, "lrpepxv": -1.0, "lrredundpairs": 1.1877, "humanprotein_id": 6857, "vphfpdID": "003496@3w95_A.3"}, {"lrredund": 19.2898, "lrpepelmv": 65.3909, "hphfpdID": "000002", "pdbset": null, "lrpepxh": -1.0, "finallr": 1261.376, "lrpepelmh": -1.0, "template": "", "viralprotein_id": 16427, "lrsm": -1.0, "id": 60023475, "lrpepxv": -1.0, "lrredundpairs": 1.1877, "humanprotein_id": 6315, "vphfpdID": "003496@3w95_A.3"}, {"lrredund": 21.3884, "lrpepelmv": 11.4911, "hphfpdID": "016466.e85_146", "pdbset": null, "lrpepxh": -1.0, "finallr": 245.7766, "lrpepelmh": -1.0, "template": "2lk6:BA(0.44,0.51,128/154,36,48)", "viralprotein_id": 16427, "lrsm": 3.4243, "id": 60023501, "lrpepxv": -1.0, "lrredundpairs": 1.5513, "humanprotein_id": 3727, "vphfpdID": "003496@3w95_A.3"}, {"lrredund": 19.2898, "lrpepelmv": 65.3909, "hphfpdID": "000007", "pdbset": null, "lrpepxh": -1.0, "finallr": 1261.376, "lrpepelmh": -1.0, "template": "", "viralprotein_id": 16427, "lrsm": -1.0, "id": 60024043, "lrpepxv": -1.0, "lrredundpairs": 0.7707, "humanprotein_id": 6393, "vphfpdID": "003496@1z8r_A.1"}, {"lrredund": 4.2492, "lrpepelmv": 65.3909, "hphfpdID": "000001", "pdbset": null, "lrpepxh": -1.0, "finallr": 277.8589, "lrpepelmh": -1.0, "template": "", "viralprotein_id": 16427, "lrsm": -1.0, "id": 60025331, "lrpepxv": -1.0, "lrredundpairs": -1.0, "humanprotein_id": 4793, "vphfpdID": "003496@4mg3_A.4"}, {"lrredund": 15.8699, "lrpepelmv": -1.0, "hphfpdID": "016730", "pdbset": null, "lrpepxh": -1.0, "finallr": 127.9634, "lrpepelmh": -1.0, "template": "2lk6:BA(0.56,0.53,134/154,42,86)", "viralprotein_id": 16427, "lrsm": 8.0633, "id": 60028958, "lrpepxv": -1.0, "lrredundpairs": 1.1877, "humanprotein_id": 6290, "vphfpdID": "003496@4mg3_A.4"}, {"lrredund": 20.9141, "lrpepelmv": 11.4911, "hphfpdID": "007144.e151_217", "pdbset": null, "lrpepxh": -1.0, "finallr": 240.3264, "lrpepelmh": -1.0, "template": "2lk6:BA(0.41,0.46,129/154,34,53)", "viralprotein_id": 16427, "lrsm": 3.4243, "id": 60029491, "lrpepxv": -1.0, "lrredundpairs": 1.5513, "humanprotein_id": 6385, "vphfpdID": "003496@4fvd_A.2"}, {"lrredund": 2.409, "lrpepelmv": 65.3909, "hphfpdID": "000005", "pdbset": null, "lrpepxh": -1.0, "finallr": 157.5266, "lrpepelmh": -1.0, "template": "2c2l:CA(0.60,0.50,13/19,10,8)", "viralprotein_id": 16427, "lrsm": 1.1641, "id": 60030693, "lrpepxv": -1.0, "lrredundpairs": 1.1877, "humanprotein_id": 4794, "vphfpdID": "003496@4fvd_A.2"}, {"lrredund": 19.2898, "lrpepelmv": 65.3909, "hphfpdID": "000006", "pdbset": null, "lrpepxh": -1.0, "finallr": 1261.376, "lrpepelmh": -1.0, "template": "", "viralprotein_id": 16427, "lrsm": -1.0, "id": 60033317, "lrpepxv": -1.0, "lrredundpairs": 1.1877, "humanprotein_id": 4514, "vphfpdID": "003496@3w95_A.3"}, {"lrredund": 15.8699, "lrpepelmv": -1.0, "hphfpdID": "011519.e1_119", "pdbset": null, "lrpepxh": -1.0, "finallr": 134.8178, "lrpepelmh": -1.0, "template": "2lk6:BA(0.56,0.44,133/154,41,81)", "viralprotein_id": 16427, "lrsm": 8.4952, "id": 60034960, "lrpepxv": -1.0, "lrredundpairs": -1.0, "humanprotein_id": 3074, "vphfpdID": "003496@4mg3_A.4"}, {"lrredund": 21.3884, "lrpepelmv": -1.0, "hphfpdID": "002626", "pdbset": null, "lrpepxh": -1.0, "finallr": 128.3451, "lrpepelmh": -1.0, "template": "2r0l:AL(0.34,0.05,28/35,8,2)", "viralprotein_id": 16428, "lrsm": 6.0007, "id": 54956254, "lrpepxv": -1.0, "lrredundpairs": -1.0, "humanprotein_id": 2804, "vphfpdID": "003497@2ijd_1.5"}, {"lrredund": 21.3884, "lrpepelmv": 9.677, "hphfpdID": "001751.e1_73", "pdbset": null, "lrpepxh": -1.0, "finallr": 206.9754, "lrpepelmh": -1.0, "template": "2f3c:EI(0.43,0.33,41/92,21,23)", "viralprotein_id": 16428, "lrsm": 2.0697, "id": 54956464, "lrpepxv": -1.0, "lrredundpairs": -1.0, "humanprotein_id": 5041, "vphfpdID": "003497@3osy_A.15"}, {"lrredund": 21.3884, "lrpepelmv": 72.805, "hphfpdID": "000002", "pdbset": null, "lrpepxh": -1.0, "finallr": 1557.181, "lrpepelmh": -1.0, "template": "", "viralprotein_id": 16428, "lrsm": -1.0, "id": 54959309, "lrpepxv": -1.0, "lrredundpairs": -1.0, "humanprotein_id": 6315, "vphfpdID": "003497@3osy_A.15"}, {"lrredund": 21.3884, "lrpepelmv": 14.0438, "hphfpdID": "016613.e316_567", "pdbset": null, "lrpepxh": -1.0, "finallr": 300.3744, "lrpepelmh": -1.0, "template": "2r0k:AH(0.49,0.43,45/107,23,25)", "viralprotein_id": 16428, "lrsm": 1.7387, "id": 54960522, "lrpepxv": -1.0, "lrredundpairs": -1.0, "humanprotein_id": 5161, "vphfpdID": "003497@3zve_A.8"}, {"lrredund": 3.7695, "lrpepelmv": -1.0, "hphfpdID": "017423", "pdbset": null, "lrpepxh": -1.0, "finallr": 132.561, "lrpepelmh": -1.0, "template": "1gg6:CB(0.41,0.19,276/343,43,42)", "viralprotein_id": 16428, "lrsm": 35.1668, "id": 54961909, "lrpepxv": -1.0, "lrredundpairs": -1.0, "humanprotein_id": 2716, "vphfpdID": "003497@3zz3_A.12"}, {"lrredund": 4.2492, "lrpepelmv": 72.805, "hphfpdID": "000004", "pdbset": null, "lrpepxh": -1.0, "finallr": 309.3629, "lrpepelmh": -1.0, "template": "1yjn:SV(0.60,0.48,17/32,6,2)", "viralprotein_id": 16428, "lrsm": 1.1641, "id": 54964063, "lrpepxv": -1.0, "lrredundpairs": -1.0, "humanprotein_id": 6298, "vphfpdID": "003497@4dcd_A.4"}, {"lrredund": 21.3884, "lrpepelmv": 72.805, "hphfpdID": "000007", "pdbset": null, "lrpepxh": -1.0, "finallr": 1557.181, "lrpepelmh": -1.0, "template": "", "viralprotein_id": 16428, "lrsm": -1.0, "id": 54964506, "lrpepxv": -1.0, "lrredundpairs": -1.0, "humanprotein_id": 6393, "vphfpdID": "003497@3zye_A.6"}, {"lrredund": 3.5815, "lrpepelmv": -1.0, "hphfpdID": "019163.e1_122", "pdbset": null, "lrpepxh": -1.0, "finallr": 150.2439, "lrpepelmh": -1.0, "template": "1nu9:AC(0.49,0.48,2/199,3,1)", "viralprotein_id": 16428, "lrsm": 1.02, "id": 54964845, "lrpepxv": 41.95, "lrredundpairs": -1.0, "humanprotein_id": 1208, "vphfpdID": "003497@2ijd_1.5"}, {"lrredund": 2.409, "lrpepelmv": 72.805, "hphfpdID": "000003", "pdbset": null, "lrpepxh": -1.0, "finallr": 175.3871, "lrpepelmh": -1.0, "template": "", "viralprotein_id": 16428, "lrsm": -1.0, "id": 54965393, "lrpepxv": -1.0, "lrredundpairs": -1.0, "humanprotein_id": 6857, "vphfpdID": "003497@2zu1_A.13"}, {"lrredund": 4.2492, "lrpepelmv": -1.0, "hphfpdID": "004140", "pdbset": null, "lrpepxh": -1.0, "finallr": 178.2539, "lrpepelmh": -1.0, "template": "", "viralprotein_id": 16428, "lrsm": -1.0, "id": 54965718, "lrpepxv": 41.95, "lrredundpairs": -1.0, "humanprotein_id": 7448, "vphfpdID": "003497@3zz6_A.7"}, {"lrredund": 2.3254, "lrpepelmv": 72.805, "hphfpdID": "000005", "pdbset": null, "lrpepxh": -1.0, "finallr": 169.3006, "lrpepelmh": -1.0, "template": "1n8r:TW(0.54,0.54,12/29,4,0)", "viralprotein_id": 16428, "lrsm": 1.1641, "id": 54965923, "lrpepxv": -1.0, "lrredundpairs": -1.0, "humanprotein_id": 4794, "vphfpdID": "003497@3zz3_A.12"}, {"lrredund": 19.2898, "lrpepelmv": 14.0438, "hphfpdID": "016466.e85_146", "pdbset": null, "lrpepxh": -1.0, "finallr": 270.902, "lrpepelmh": -1.0, "template": "4ag2:AC(0.42,0.02,59/102,22,16)", "viralprotein_id": 16428, "lrsm": 3.1219, "id": 54965950, "lrpepxv": -1.0, "lrredundpairs": 0.7707, "humanprotein_id": 3727, "vphfpdID": "003497@3sjk_A.3"}, {"lrredund": 4.2492, "lrpepelmv": 72.805, "hphfpdID": "000001", "pdbset": null, "lrpepxh": -1.0, "finallr": 309.3629, "lrpepelmh": -1.0, "template": "4io9:QV(0.57,0.58,28/45,8,4)", "viralprotein_id": 16428, "lrsm": 1.1641, "id": 54966442, "lrpepxv": -1.0, "lrredundpairs": -1.0, "humanprotein_id": 4793, "vphfpdID": "003497@4dcd_A.4"}, {"lrredund": 20.9141, "lrpepelmv": -1.0, "hphfpdID": "005354.e1664_1728", "pdbset": null, "lrpepxh": -1.0, "finallr": 163.0298, "lrpepelmh": -1.0, "template": "3ruo:BA(0.01,0.33,46/78,24,32)", "viralprotein_id": 16428, "lrsm": 7.7952, "id": 54968086, "lrpepxv": -1.0, "lrredundpairs": -1.0, "humanprotein_id": 7033, "vphfpdID": "003497@2zu1_A.13"}, {"lrredund": 19.2898, "lrpepelmv": -1.0, "hphfpdID": "017454.e64_147", "pdbset": null, "lrpepxh": -1.0, "finallr": 150.368, "lrpepelmh": -1.0, "template": "3ruo:BA(0.01,0.38,43/78,23,27)", "viralprotein_id": 16428, "lrsm": 7.7952, "id": 54968111, "lrpepxv": -1.0, "lrredundpairs": -1.0, "humanprotein_id": 7296, "vphfpdID": "003497@5iyt_A.9"}, {"lrredund": 20.9141, "lrpepelmv": 14.0438, "hphfpdID": "007144.e151_217", "pdbset": null, "lrpepxh": -1.0, "finallr": 293.7134, "lrpepelmh": -1.0, "template": "4ag2:AC(0.38,0.05,59/102,24,19)", "viralprotein_id": 16428, "lrsm": 3.1219, "id": 54968591, "lrpepxv": -1.0, "lrredundpairs": 0.7707, "humanprotein_id": 6385, "vphfpdID": "003497@3r0f_A.19"}, {"lrredund": 19.2898, "lrpepelmv": 72.805, "hphfpdID": "000006", "pdbset": null, "lrpepxh": -1.0, "finallr": 1404.393, "lrpepelmh": -1.0, "template": "1n8r:TW(0.59,0.58,12/29,2,0)", "viralprotein_id": 16428, "lrsm": 1.1641, "id": 54968679, "lrpepxv": -1.0, "lrredundpairs": -1.0, "humanprotein_id": 4514, "vphfpdID": "003497@3r0f_A.19"}, {"lrredund": 21.3884, "lrpepelmv": 14.0438, "hphfpdID": "016615.d586_639", "pdbset": null, "lrpepxh": -1.0, "finallr": 300.3744, "lrpepelmh": -1.0, "template": "", "viralprotein_id": 16428, "lrsm": -1.0, "id": 54968698, "lrpepxv": -1.0, "lrredundpairs": -1.0, "humanprotein_id": 5095, "vphfpdID": "003497@5bpe_A.10"}, {"lrredund": 21.3884, "lrpepelmv": -1.0, "hphfpdID": "016859.d618_709", "pdbset": null, "lrpepxh": -1.0, "finallr": 102.3562, "lrpepelmh": -1.0, "template": "2jpp:BA(0.53,0.47,129/262,20,5)", "viralprotein_id": 16428, "lrsm": 4.7856, "id": 54968928, "lrpepxv": -1.0, "lrredundpairs": -1.0, "humanprotein_id": 4494, "vphfpdID": "003497@5bpe_A.10"}, {"lrredund": 20.9141, "lrpepelmv": -1.0, "hphfpdID": "005158", "pdbset": null, "lrpepxh": -1.0, "finallr": 105.1868, "lrpepelmh": -1.0, "template": "1l1c:AB(0.44,0.52,121/127,13,15)", "viralprotein_id": 16428, "lrsm": 5.0295, "id": 54969353, "lrpepxv": -1.0, "lrredundpairs": 0.7707, "humanprotein_id": 2711, "vphfpdID": "003497@5c1y_A.2"}, {"lrredund": 2.409, "lrpepelmv": 15.8041, "hphfpdID": "013200.d1090_1177", "pdbset": null, "lrpepxh": -1.0, "finallr": 116.5758, "lrpepelmh": -1.0, "template": "1h8t:AB(0.09,0.28,60/343,41,56)", "viralprotein_id": 16429, "lrsm": 48.3918, "id": 83561485, "lrpepxv": -1.0, "lrredundpairs": -1.0, "humanprotein_id": 4104, "vphfpdID": "003498@1ev1_1.19"}, {"lrredund": 21.3884, "lrpepelmv": -1.0, "hphfpdID": "011519.e1_119", "pdbset": null, "lrpepxh": -1.0, "finallr": 727.8665, "lrpepelmh": -1.0, "template": "1xb9:DE(0.57,0.03,58/115,42,49)", "viralprotein_id": 16429, "lrsm": 34.0309, "id": 83561815, "lrpepxv": -1.0, "lrredundpairs": -1.0, "humanprotein_id": 3074, "vphfpdID": "003498.e1_194@1eah_1.33"}, {"lrredund": 20.9141, "lrpepelmv": -1.0, "hphfpdID": "001154.e176_349", "pdbset": null, "lrpepxh": -1.0, "finallr": 113.5635, "lrpepelmh": -1.0, "template": "1z7z:1I(0.19,0.46,55/65,22,24)", "viralprotein_id": 16429, "lrsm": 3.1848, "id": 83562165, "lrpepxv": 5.43, "lrredundpairs": -1.0, "humanprotein_id": 4803, "vphfpdID": "003498.d66_255@1bev_1.29"}, {"lrredund": 21.3884, "lrpepelmv": 6.3442, "hphfpdID": "001349.d2715_2964", "pdbset": null, "lrpepxh": -1.0, "finallr": 135.6925, "lrpepelmh": -1.0, "template": "2idh:DB(0.53,0.45,25/29,4,0)", "viralprotein_id": 16429, "lrsm": 1.3385, "id": 83562933, "lrpepxv": 2.59, "lrredundpairs": 0.7707, "humanprotein_id": 7312, "vphfpdID": "003498.e1_194@2plv_1.24"}, {"lrredund": 21.3884, "lrpepelmv": -1.0, "hphfpdID": "009491.e1_122", "pdbset": null, "lrpepxh": -1.0, "finallr": 405.3783, "lrpepelmh": -1.0, "template": "3b83:HC(0.52,0.38,60/149,42,39)", "viralprotein_id": 16429, "lrsm": 18.9532, "id": 83563060, "lrpepxv": 3.84, "lrredundpairs": 0.7707, "humanprotein_id": 12198, "vphfpdID": "003498.e1_194@1pvc_1.16"}, {"lrredund": 21.3884, "lrpepelmv": 2.8446, "hphfpdID": "001509.e1_53", "pdbset": null, "lrpepxh": -1.0, "finallr": 261.0853, "lrpepelmh": -1.0, "template": "2dwv:BA(0.55,0.22,90/102,43,79)", "viralprotein_id": 16429, "lrsm": 12.2069, "id": 83563064, "lrpepxv": 5.43, "lrredundpairs": 15.8699, "humanprotein_id": 2598, "vphfpdID": "003498.e1_194@1vbe_1.14"}, {"lrredund": 3.124, "lrpepelmv": 4.5877, "hphfpdID": "016486.d81_222", "pdbset": null, "lrpepxh": -1.0, "finallr": 194.6564, "lrpepelmh": -1.0, "template": "4cdw:AD(0.21,0.58,175/1151,19,168)", "viralprotein_id": 16429, "lrsm": 3.7424, "id": 83563075, "lrpepxv": 62.31, "lrredundpairs": 3.124, "humanprotein_id": 6479, "vphfpdID": "003498.d66_255@1vbe_1.1"}, {"lrredund": 21.3884, "lrpepelmv": 4.5877, "hphfpdID": "007227.d178_339", "pdbset": null, "lrpepxh": -1.0, "finallr": 149.2837, "lrpepelmh": -1.0, "template": "4f9c:BA(0.19,0.17,35/267,22,25)", "viralprotein_id": 16429, "lrsm": 6.9797, "id": 83565245, "lrpepxv": -1.0, "lrredundpairs": 15.8699, "humanprotein_id": 5539, "vphfpdID": "003498.e1_194@1oop_A.22"}, {"lrredund": 21.3884, "lrpepelmv": -1.0, "hphfpdID": "014262.d1_78", "pdbset": null, "lrpepxh": -1.0, "finallr": 128.3451, "lrpepelmh": -1.0, "template": "2xew:LC(0.30,0.09,2/2,2,0)", "viralprotein_id": 16429, "lrsm": 6.0007, "id": 83565610, "lrpepxv": 5.43, "lrredundpairs": -1.0, "humanprotein_id": 5865, "vphfpdID": "003498.e1_194@4cdu_A.9"}, {"lrredund": 21.3884, "lrpepelmv": 72.805, "hphfpdID": "000006", "pdbset": null, "lrpepxh": -1.0, "finallr": 1557.181, "lrpepelmh": -1.0, "template": "1wrd:BA(0.37,0.59,58/130,21,29)", "viralprotein_id": 16429, "lrsm": 1.7387, "id": 83565617, "lrpepxv": -1.0, "lrredundpairs": 20.9141, "humanprotein_id": 4514, "vphfpdID": "003498.e1_194@4rr3_A.25"}, {"lrredund": 4.2492, "lrpepelmv": 72.805, "hphfpdID": "000001", "pdbset": null, "lrpepxh": -1.0, "finallr": 309.3629, "lrpepelmh": -1.0, "template": "", "viralprotein_id": 16429, "lrsm": -1.0, "id": 83566140, "lrpepxv": -1.0, "lrredundpairs": -1.0, "humanprotein_id": 4793, "vphfpdID": "003498@1al2_1.30"}, {"lrredund": 21.3884, "lrpepelmv": -1.0, "hphfpdID": "002626", "pdbset": null, "lrpepxh": -1.0, "finallr": 649.013, "lrpepelmh": -1.0, "template": "1rvf:1L(0.05,0.13,13/17,12,8)", "viralprotein_id": 16429, "lrsm": 30.3442, "id": 83566754, "lrpepxv": -1.0, "lrredundpairs": 1.7812, "humanprotein_id": 2804, "vphfpdID": "003498.d66_255@1rhi_1.30"}, {"lrredund": 20.9141, "lrpepelmv": 15.8041, "hphfpdID": "007144.d1_56", "pdbset": null, "lrpepxh": -1.0, "finallr": 330.5284, "lrpepelmh": -1.0, "template": "1na1:CB(0.55,0.50,259/1559,58,143)", "viralprotein_id": 16429, "lrsm": 7.2553, "id": 83566763, "lrpepxv": -1.0, "lrredundpairs": 20.9141, "humanprotein_id": 6385, "vphfpdID": "003498.d66_255@1al2_1.10"}, {"lrredund": 21.3884, "lrpepelmv": -1.0, "hphfpdID": "009492.e220_326", "pdbset": null, "lrpepxh": -1.0, "finallr": 230.863, "lrpepelmh": -1.0, "template": "3b83:HC(0.52,0.30,57/149,42,32)", "viralprotein_id": 16429, "lrsm": 10.7938, "id": 83567216, "lrpepxv": 3.84, "lrredundpairs": 21.3884, "humanprotein_id": 13229, "vphfpdID": "003498.e1_194@1ar7_1.27"}, {"lrredund": 0.9127, "lrpepelmv": -1.0, "hphfpdID": "004808", "pdbset": null, "lrpepxh": -1.0, "finallr": 138.1886, "lrpepelmh": -1.0, "template": "1klu:BA(0.05,0.04,52/247,30,50)", "viralprotein_id": 16429, "lrsm": 151.4063, "id": 83567544, "lrpepxv": -1.0, "lrredundpairs": -1.0, "humanprotein_id": 4147, "vphfpdID": "003498.e1_194@1cov_1.17"}, {"lrredund": 21.3884, "lrpepelmv": 14.9984, "hphfpdID": "001060.e180_274", "pdbset": null, "lrpepxh": -1.0, "finallr": 320.7909, "lrpepelmh": -1.0, "template": "2lk5:BA(0.43,0.36,108/132,36,68)", "viralprotein_id": 16429, "lrsm": 2.9486, "id": 83567671, "lrpepxv": -1.0, "lrredundpairs": -1.0, "humanprotein_id": 17652, "vphfpdID": "003498.e1_194@1z7s_1.15"}, {"lrredund": -1.0, "lrpepelmv": -1.0, "hphfpdID": "004306", "pdbset": null, "lrpepxh": -1.0, "finallr": 130.17, "lrpepelmh": -1.0, "template": "3iyp:AF(0.07,0.00,13/13,19,13)", "viralprotein_id": 16429, "lrsm": 130.17, "id": 83567699, "lrpepxv": -1.0, "lrredundpairs": -1.0, "humanprotein_id": 3167, "vphfpdID": "003498@3iyp_A.23"}, {"lrredund": -1.0, "lrpepelmv": -1.0, "hphfpdID": "018942.e1_130", "pdbset": null, "lrpepxh": -1.0, "finallr": 119.2807, "lrpepelmh": -1.0, "template": "1rvf:1H(0.05,0.05,22/53,8,7)", "viralprotein_id": 16429, "lrsm": 119.2807, "id": 83567844, "lrpepxv": 3.84, "lrredundpairs": -1.0, "humanprotein_id": 447, "vphfpdID": "003498.d66_255@1rug_1.35"}, {"lrredund": 21.3884, "lrpepelmv": 72.805, "hphfpdID": "000007", "pdbset": null, "lrpepxh": -1.0, "finallr": 1557.181, "lrpepelmh": -1.0, "template": "1nen:BA(0.55,0.39,4/281,3,0)", "viralprotein_id": 16429, "lrsm": 1.02, "id": 83568232, "lrpepxv": -1.0, "lrredundpairs": 20.9141, "humanprotein_id": 6393, "vphfpdID": "003498.e1_194@4jgy_A.4"}, {"lrredund": 3.7695, "lrpepelmv": 4.5877, "hphfpdID": "017499.e5879_5973", "pdbset": null, "lrpepxh": -1.0, "finallr": 162.1535, "lrpepelmh": -1.0, "template": "1z7z:1I(0.05,0.14,46/65,22,24)", "viralprotein_id": 16429, "lrsm": 43.0172, "id": 83568437, "lrpepxv": 3.84, "lrredundpairs": -1.0, "humanprotein_id": 13935, "vphfpdID": "003498.d66_255@1z7s_1.13"}, {"lrredund": 21.3884, "lrpepelmv": 15.8041, "hphfpdID": "016615", "pdbset": null, "lrpepxh": -1.0, "finallr": 338.0243, "lrpepelmh": -1.0, "template": "1z7z:1I(0.15,0.43,53/65,22,21)", "viralprotein_id": 16429, "lrsm": 4.804, "id": 83568507, "lrpepxv": -1.0, "lrredundpairs": -1.0, "humanprotein_id": 5095, "vphfpdID": "003498.d66_255@1pvc_1.3"}, {"lrredund": 21.3884, "lrpepelmv": -1.0, "hphfpdID": "016729", "pdbset": null, "lrpepxh": -1.0, "finallr": 219.339, "lrpepelmh": -1.0, "template": "2lk5:AB(0.53,0.47,113/132,41,86)", "viralprotein_id": 16429, "lrsm": 10.255, "id": 83568524, "lrpepxv": -1.0, "lrredundpairs": 20.9141, "humanprotein_id": 6415, "vphfpdID": "003498.e1_194@1h8t_A.10"}, {"lrredund": 21.3884, "lrpepelmv": -1.0, "hphfpdID": "001274", "pdbset": null, "lrpepxh": -1.0, "finallr": 102.7509, "lrpepelmh": -1.0, "template": "1z7z:1I(0.14,0.36,56/65,26,26)", "viralprotein_id": 16429, "lrsm": 4.804, "id": 83569058, "lrpepxv": -1.0, "lrredundpairs": -1.0, "humanprotein_id": 2978, "vphfpdID": "003498.d66_255@1ev1_1.16"}, {"lrredund": 2.409, "lrpepelmv": -1.0, "hphfpdID": "005406.e487_544", "pdbset": null, "lrpepxh": -1.0, "finallr": 150.1047, "lrpepelmh": -1.0, "template": "4cdx:CA(0.50,0.51,156/3612,18,90)", "viralprotein_id": 16429, "lrsm": 2.9842, "id": 83569239, "lrpepxv": 62.31, "lrredundpairs": 2.409, "humanprotein_id": 2951, "vphfpdID": "003498.d66_255@1bev_1.29"}, {"lrredund": 20.9141, "lrpepelmv": -1.0, "hphfpdID": "005158.e57_184", "pdbset": null, "lrpepxh": -1.0, "finallr": 163.0298, "lrpepelmh": -1.0, "template": "3h3b:DA(0.24,0.07,33/53,24,22)", "viralprotein_id": 16429, "lrsm": 7.7952, "id": 83569923, "lrpepxv": -1.0, "lrredundpairs": 20.9141, "humanprotein_id": 2711, "vphfpdID": "003498.e1_194@1hxs_1.32"}, {"lrredund": 4.2492, "lrpepelmv": 72.805, "hphfpdID": "000004", "pdbset": null, "lrpepxh": -1.0, "finallr": 309.3629, "lrpepelmh": -1.0, "template": "1nen:BA(0.55,0.38,3/281,2,0)", "viralprotein_id": 16429, "lrsm": 1.02, "id": 83570070, "lrpepxv": -1.0, "lrredundpairs": 4.0064, "humanprotein_id": 6298, "vphfpdID": "003498.e1_194@4jgy_A.4"}, {"lrredund": 21.3884, "lrpepelmv": -1.0, "hphfpdID": "005567.d200_296", "pdbset": null, "lrpepxh": -1.0, "finallr": 116.139, "lrpepelmh": -1.0, "template": "1gtf:FE(0.60,0.51,52/111,25,32)", "viralprotein_id": 16429, "lrsm": 1.6503, "id": 83570076, "lrpepxv": 5.43, "lrredundpairs": 1.373, "humanprotein_id": 3874, "vphfpdID": "003498.d66_255@1ruc_1.36"}, {"lrredund": 2.409, "lrpepelmv": -1.0, "hphfpdID": "008390.e1_464", "pdbset": null, "lrpepxh": -1.0, "finallr": 101.0575, "lrpepelmh": -1.0, "template": "2msp:BC(0.58,0.42,72/80,21,1)", "viralprotein_id": 16429, "lrsm": 2.4771, "id": 83570342, "lrpepxv": 41.95, "lrredundpairs": 1.1877, "humanprotein_id": 3033, "vphfpdID": "003498.e1_194@1v9u_1.28"}, {"lrredund": 1.7092, "lrpepelmv": -1.0, "hphfpdID": "010286.e295_391", "pdbset": null, "lrpepxh": -1.0, "finallr": 106.5002, "lrpepelmh": -1.0, "template": "2kwd:AB(0.23,0.35,73/94,21,24)", "viralprotein_id": 16429, "lrsm": 3.109, "id": 83570977, "lrpepxv": 62.31, "lrredundpairs": -1.0, "humanprotein_id": 9372, "vphfpdID": "003498.e1_194@1hxs_1.32"}, {"lrredund": 2.409, "lrpepelmv": -1.0, "hphfpdID": "007927", "pdbset": null, "lrpepxh": -1.0, "finallr": 626.8427, "lrpepelmh": -1.0, "template": "1z7z:1I(0.08,0.00,53/65,32,38)", "viralprotein_id": 16429, "lrsm": 260.2086, "id": 83571018, "lrpepxv": -1.0, "lrredundpairs": 2.409, "humanprotein_id": 3016, "vphfpdID": "003498.d66_255@1ar6_1.6"}, {"lrredund": 21.3884, "lrpepelmv": -1.0, "hphfpdID": "008378.d463_902", "pdbset": null, "lrpepxh": -1.0, "finallr": 102.7509, "lrpepelmh": -1.0, "template": "1z7z:1I(0.10,0.40,57/65,23,22)", "viralprotein_id": 16429, "lrsm": 4.804, "id": 83572160, "lrpepxv": -1.0, "lrredundpairs": 1.1877, "humanprotein_id": 3758, "vphfpdID": "003498.d66_255@4q4x_1.4"}, {"lrredund": 2.3254, "lrpepelmv": -1.0, "hphfpdID": "002604.e205_316", "pdbset": null, "lrpepxh": -1.0, "finallr": 106.9131, "lrpepelmh": -1.0, "template": "3epc:1R(0.04,0.35,94/116,42,64)", "viralprotein_id": 16429, "lrsm": 45.9762, "id": 83572308, "lrpepxv": -1.0, "lrredundpairs": 2.3254, "humanprotein_id": 2803, "vphfpdID": "003498.d66_255@2plv_1.9"}, {"lrredund": 20.9141, "lrpepelmv": -1.0, "hphfpdID": "000172.e1_188", "pdbset": null, "lrpepxh": -1.0, "finallr": 203.5706, "lrpepelmh": -1.0, "template": "2lk5:AB(0.58,0.53,114/132,41,65)", "viralprotein_id": 16429, "lrsm": 9.7337, "id": 83572754, "lrpepxv": -1.0, "lrredundpairs": 1.1877, "humanprotein_id": 2981, "vphfpdID": "003498.e1_194@1vbe_1.14"}, {"lrredund": 0.9127, "lrpepelmv": -1.0, "hphfpdID": "004879", "pdbset": null, "lrpepxh": -1.0, "finallr": 138.1886, "lrpepelmh": -1.0, "template": "1klu:BA(0.05,0.05,56/247,30,50)", "viralprotein_id": 16429, "lrsm": 151.4063, "id": 83572856, "lrpepxv": -1.0, "lrredundpairs": 0.9127, "humanprotein_id": 2813, "vphfpdID": "003498.e1_194@1cov_1.17"}, {"lrredund": 21.3884, "lrpepelmv": 15.8041, "hphfpdID": "016613.e316_567", "pdbset": null, "lrpepxh": -1.0, "finallr": 338.0243, "lrpepelmh": -1.0, "template": "1qun:BA(0.60,0.46,77/190,27,23)", "viralprotein_id": 16429, "lrsm": 1.6435, "id": 83573536, "lrpepxv": -1.0, "lrredundpairs": -1.0, "humanprotein_id": 5161, "vphfpdID": "003498.d66_255@4c0u_A.25"}, {"lrredund": 21.3884, "lrpepelmv": 72.805, "hphfpdID": "000002", "pdbset": null, "lrpepxh": -1.0, "finallr": 1557.181, "lrpepelmh": -1.0, "template": "", "viralprotein_id": 16429, "lrsm": -1.0, "id": 83573761, "lrpepxv": -1.0, "lrredundpairs": -1.0, "humanprotein_id": 6315, "vphfpdID": "003498@1vbe_1.11"}, {"lrredund": 21.3884, "lrpepelmv": -1.0, "hphfpdID": "018501.e80_165", "pdbset": null, "lrpepxh": -1.0, "finallr": 166.727, "lrpepelmh": -1.0, "template": "3nob:HG(0.32,0.07,36/78,22,25)", "viralprotein_id": 16429, "lrsm": 7.7952, "id": 83573816, "lrpepxv": -1.0, "lrredundpairs": 19.2898, "humanprotein_id": 1286, "vphfpdID": "003498.e1_194@4rs5_A.31"}, {"lrredund": 20.9141, "lrpepelmv": -1.0, "hphfpdID": "005209.d243_326", "pdbset": null, "lrpepxh": -1.0, "finallr": 396.3888, "lrpepelmh": -1.0, "template": "3qsi:IJ(0.45,0.48,60/133,42,57)", "viralprotein_id": 16429, "lrsm": 18.9532, "id": 83573871, "lrpepxv": -1.0, "lrredundpairs": 20.9141, "humanprotein_id": 8007, "vphfpdID": "003498.e1_194@1cov_1.17"}, {"lrredund": 20.9141, "lrpepelmv": -1.0, "hphfpdID": "018800.e113_232", "pdbset": null, "lrpepxh": -1.0, "finallr": 396.3888, "lrpepelmh": -1.0, "template": "3b83:HC(0.51,0.44,60/149,42,37)", "viralprotein_id": 16429, "lrsm": 18.9532, "id": 83574226, "lrpepxv": -1.0, "lrredundpairs": 20.9141, "humanprotein_id": 4109, "vphfpdID": "003498.e1_194@1hxs_1.32"}, {"lrredund": 21.3884, "lrpepelmv": 9.677, "hphfpdID": "001751.e1_73", "pdbset": null, "lrpepxh": -1.0, "finallr": 206.9754, "lrpepelmh": -1.0, "template": "1d4m:14(0.14,0.55,35/168,21,17)", "viralprotein_id": 16429, "lrsm": 1.8531, "id": 83574955, "lrpepxv": -1.0, "lrredundpairs": 0.7707, "humanprotein_id": 5041, "vphfpdID": "003498.e1_194@1bev_1.6"}, {"lrredund": 1.7092, "lrpepelmv": -1.0, "hphfpdID": "006230", "pdbset": null, "lrpepxh": -1.0, "finallr": 106.5002, "lrpepelmh": -1.0, "template": "3hpg:AG(0.60,0.24,2/17,2,0)", "viralprotein_id": 16429, "lrsm": 1.02, "id": 83574966, "lrpepxv": 62.31, "lrredundpairs": 1.373, "humanprotein_id": 2506, "vphfpdID": "003498.e1_194@1al2_1.30"}, {"lrredund": 21.3884, "lrpepelmv": -1.0, "hphfpdID": "006178.e810_907", "pdbset": null, "lrpepxh": -1.0, "finallr": 727.8665, "lrpepelmh": -1.0, "template": "3b83:HC(0.51,0.06,60/149,42,44)", "viralprotein_id": 16429, "lrsm": 34.0309, "id": 83575171, "lrpepxv": 3.84, "lrredundpairs": 1.5513, "humanprotein_id": 2856, "vphfpdID": "003498.e1_194@1hxs_1.32"}, {"lrredund": 21.3884, "lrpepelmv": -1.0, "hphfpdID": "016730", "pdbset": null, "lrpepxh": -1.0, "finallr": 208.1873, "lrpepelmh": -1.0, "template": "2lk5:AB(0.59,0.60,115/132,43,93)", "viralprotein_id": 16429, "lrsm": 9.7337, "id": 83575205, "lrpepxv": -1.0, "lrredundpairs": 20.9141, "humanprotein_id": 6290, "vphfpdID": "003498.e1_194@3j8f_1.29"}, {"lrredund": 21.3884, "lrpepelmv": -1.0, "hphfpdID": "016448.e1_99", "pdbset": null, "lrpepxh": -1.0, "finallr": 208.1873, "lrpepelmh": -1.0, "template": "2lk5:AB(0.59,0.60,106/132,41,78)", "viralprotein_id": 16429, "lrsm": 9.7337, "id": 83575741, "lrpepxv": -1.0, "lrredundpairs": 19.2898, "humanprotein_id": 7393, "vphfpdID": "003498.e1_194@1d4m_1.1"}, {"lrredund": 1.7951, "lrpepelmv": -1.0, "hphfpdID": "005521.d1_109", "pdbset": null, "lrpepxh": -1.0, "finallr": 111.8526, "lrpepelmh": -1.0, "template": "2lk5:AB(0.59,0.52,93/132,28,40)", "viralprotein_id": 16429, "lrsm": 1.6435, "id": 83575784, "lrpepxv": 62.31, "lrredundpairs": -1.0, "humanprotein_id": 18750, "vphfpdID": "003498.e1_194@1ar7_1.27"}, {"lrredund": 0.9127, "lrpepelmv": -1.0, "hphfpdID": "004869", "pdbset": null, "lrpepxh": -1.0, "finallr": 138.1886, "lrpepelmh": -1.0, "template": "1klu:BA(0.05,0.04,56/247,26,44)", "viralprotein_id": 16429, "lrsm": 151.4063, "id": 83575865, "lrpepxv": -1.0, "lrredundpairs": -1.0, "humanprotein_id": 2814, "vphfpdID": "003498.e1_194@1cov_1.17"}, {"lrredund": 2.409, "lrpepelmv": 72.805, "hphfpdID": "000005", "pdbset": null, "lrpepxh": -1.0, "finallr": 175.3871, "lrpepelmh": -1.0, "template": "1gn3:BA(0.59,0.60,38/238,24,33)", "viralprotein_id": 16429, "lrsm": 1.4777, "id": 83575990, "lrpepxv": -1.0, "lrredundpairs": 2.3254, "humanprotein_id": 4794, "vphfpdID": "003498.e1_194@1vbe_1.14"}, {"lrredund": 21.3884, "lrpepelmv": -1.0, "hphfpdID": "008850.e1_122", "pdbset": null, "lrpepxh": -1.0, "finallr": 230.863, "lrpepelmh": -1.0, "template": "3b83:HC(0.52,0.42,55/149,41,34)", "viralprotein_id": 16429, "lrsm": 10.7938, "id": 83576346, "lrpepxv": -1.0, "lrredundpairs": 1.5513, "humanprotein_id": 7761, "vphfpdID": "003498.e1_194@1pvc_1.16"}, {"lrredund": 21.3884, "lrpepelmv": -1.0, "hphfpdID": "003962.d92_178", "pdbset": null, "lrpepxh": -1.0, "finallr": 274.8026, "lrpepelmh": -1.0, "template": "1h8t:AC(0.18,0.57,59/627,41,58)", "viralprotein_id": 16429, "lrsm": 12.8482, "id": 83576512, "lrpepxv": -1.0, "lrredundpairs": 19.2898, "humanprotein_id": 6447, "vphfpdID": "003498.e1_194@1rug_1.36"}, {"lrredund": 21.3884, "lrpepelmv": -1.0, "hphfpdID": "001452", "pdbset": null, "lrpepxh": -1.0, "finallr": 539.7672, "lrpepelmh": -1.0, "template": "3arg:AB(0.16,0.03,6/155,9,6)", "viralprotein_id": 16429, "lrsm": 25.2364, "id": 83576523, "lrpepxv": -1.0, "lrredundpairs": 21.3884, "humanprotein_id": 6282, "vphfpdID": "003498.e1_194@1eah_1.33"}, {"lrredund": 21.3884, "lrpepelmv": -1.0, "hphfpdID": "013899.d849_992", "pdbset": null, "lrpepxh": -1.0, "finallr": 219.339, "lrpepelmh": -1.0, "template": "2l48:AB(0.52,0.36,120/127,41,62)", "viralprotein_id": 16429, "lrsm": 10.255, "id": 83576653, "lrpepxv": -1.0, "lrredundpairs": -1.0, "humanprotein_id": 1240, "vphfpdID": "003498@4gb3_1.15"}, {"lrredund": 21.3884, "lrpepelmv": -1.0, "hphfpdID": "005354.e1664_1728", "pdbset": null, "lrpepxh": -1.0, "finallr": 146.3215, "lrpepelmh": -1.0, "template": "1z7s:13(0.02,0.49,81/621,50,72)", "viralprotein_id": 16429, "lrsm": 6.8412, "id": 83576819, "lrpepxv": 2.59, "lrredundpairs": 0.7707, "humanprotein_id": 7033, "vphfpdID": "003498.e1_194@1z7s_1.15"}, {"lrredund": 2.409, "lrpepelmv": 72.805, "hphfpdID": "000003", "pdbset": null, "lrpepxh": -1.0, "finallr": 175.3871, "lrpepelmh": -1.0, "template": "1egd:CB(0.56,0.16,15/200,5,2)", "viralprotein_id": 16429, "lrsm": 1.2142, "id": 83577510, "lrpepxv": -1.0, "lrredundpairs": 2.409, "humanprotein_id": 6857, "vphfpdID": "003498.e1_194@1ev1_1.2"}, {"lrredund": 1.7092, "lrpepelmv": -1.0, "hphfpdID": "017834", "pdbset": null, "lrpepxh": -1.0, "finallr": 106.5002, "lrpepelmh": -1.0, "template": "4kg8:CA(0.51,0.19,89/100,42,73)", "viralprotein_id": 16429, "lrsm": 12.2069, "id": 83577705, "lrpepxv": 62.31, "lrredundpairs": 1.1877, "humanprotein_id": 5361, "vphfpdID": "003498.d66_255@1rug_1.35"}, {"lrredund": 1.7951, "lrpepelmv": -1.0, "hphfpdID": "004626", "pdbset": null, "lrpepxh": -1.0, "finallr": 111.8526, "lrpepelmh": -1.0, "template": "", "viralprotein_id": 16429, "lrsm": -1.0, "id": 83577761, "lrpepxv": 62.31, "lrredundpairs": -1.0, "humanprotein_id": 1798, "vphfpdID": "003498.d66_255@1rui_1.39"}, {"lrredund": 20.9141, "lrpepelmv": -1.0, "hphfpdID": "018500", "pdbset": null, "lrpepxh": -1.0, "finallr": 163.0298, "lrpepelmh": -1.0, "template": "3nob:HG(0.36,0.03,34/78,21,32)", "viralprotein_id": 16429, "lrsm": 7.7952, "id": 83578024, "lrpepxv": -1.0, "lrredundpairs": 20.9141, "humanprotein_id": 3463, "vphfpdID": "003498.e1_194@4cew_A.11"}, {"lrredund": 21.3884, "lrpepelmv": 15.8041, "hphfpdID": "016466.e85_146", "pdbset": null, "lrpepxh": -1.0, "finallr": 338.0243, "lrpepelmh": -1.0, "template": "2gnc:BA(0.35,0.04,14/41,6,3)", "viralprotein_id": 16429, "lrsm": 4.5731, "id": 83578132, "lrpepxv": -1.0, "lrredundpairs": 20.9141, "humanprotein_id": 3727, "vphfpdID": "003498.e1_194@4rr3_A.25"}, {"lrredund": 19.2898, "lrpepelmv": -1.0, "hphfpdID": "007197.g404_654", "pdbset": null, "lrpepxh": -1.0, "finallr": 122.2212, "lrpepelmh": -1.0, "template": "3dqg:BA(0.59,0.17,130/208,44,54)", "viralprotein_id": 16429, "lrsm": 6.3361, "id": 83578390, "lrpepxv": -1.0, "lrredundpairs": -1.0, "humanprotein_id": 3620, "vphfpdID": "003498@1h8t_A.25"}, {"lrredund": 4.2492, "lrpepelmv": -1.0, "hphfpdID": "017866.e1_124", "pdbset": null, "lrpepxh": -1.0, "finallr": 107.2347, "lrpepelmh": -1.0, "template": "1ext:BA(0.18,0.01,3/121,5,3)", "viralprotein_id": 16429, "lrsm": 25.2364, "id": 83578493, "lrpepxv": -1.0, "lrredundpairs": 1.1877, "humanprotein_id": 4118, "vphfpdID": "003498.e1_194@1v9u_1.28"}, {"lrredund": 21.3884, "lrpepelmv": -1.0, "hphfpdID": "016869.d56_203", "pdbset": null, "lrpepxh": -1.0, "finallr": 116.139, "lrpepelmh": -1.0, "template": "2k7i:AB(0.60,0.40,67/324,25,44)", "viralprotein_id": 16429, "lrsm": 1.6809, "id": 83578853, "lrpepxv": 5.43, "lrredundpairs": -1.0, "humanprotein_id": 4495, "vphfpdID": "003498.e1_194@1rug_1.36"}, {"lrredund": 4.2492, "lrpepelmv": -1.0, "hphfpdID": "004699.e124_261", "pdbset": null, "lrpepxh": -1.0, "finallr": 107.2347, "lrpepelmh": -1.0, "template": "3arg:AB(0.16,0.03,6/155,8,5)", "viralprotein_id": 16429, "lrsm": 25.2364, "id": 83579233, "lrpepxv": -1.0, "lrredundpairs": 4.2492, "humanprotein_id": 4544, "vphfpdID": "003498.e1_194@1eah_1.33"}, {"lrredund": 21.3884, "lrpepelmv": 3.2995, "hphfpdID": "007227.d178_339", "pdbset": null, "lrpepxh": -1.0, "finallr": 111.6474, "lrpepelmh": -1.0, "template": "2f2c:AB(0.30,0.08,1/206,2,1)", "viralprotein_id": 16419, "lrsm": 4.5731, "id": 44720829, "lrpepxv": 5.22, "lrredundpairs": -1.0, "humanprotein_id": 5539, "vphfpdID": "003488.g1_139@4nlx_A.20"}, {"lrredund": 2.0764, "lrpepelmv": -1.0, "hphfpdID": "016018.e898_1052", "pdbset": null, "lrpepxh": -1.0, "finallr": 205.9844, "lrpepelmh": -1.0, "template": "1w33:AB(0.01,0.06,1/201,1,0)", "viralprotein_id": 16419, "lrsm": 99.2027, "id": 44720967, "lrpepxv": 3.84, "lrredundpairs": -1.0, "humanprotein_id": 1695, "vphfpdID": "003488.g1_139@3ol9_A.16"}, {"lrredund": 15.8699, "lrpepelmv": -1.0, "hphfpdID": "004076.d108_222", "pdbset": null, "lrpepxh": -1.0, "finallr": 154.4721, "lrpepelmh": -1.0, "template": "3rq9:BA(0.51,0.56,75/84,41,60)", "viralprotein_id": 16419, "lrsm": 9.7337, "id": 44721619, "lrpepxv": -1.0, "lrredundpairs": -1.0, "humanprotein_id": 4894, "vphfpdID": "003488.g403_459@4wfx_A.5"}, {"lrredund": -1.0, "lrpepelmv": -1.0, "hphfpdID": "000304", "pdbset": null, "lrpepxh": -1.0, "finallr": 151.4063, "lrpepelmh": -1.0, "template": "1w33:AB(0.02,0.01,24/201,21,24)", "viralprotein_id": 16419, "lrsm": 151.4063, "id": 44721866, "lrpepxv": -1.0, "lrredundpairs": -1.0, "humanprotein_id": 12374, "vphfpdID": "003488.g1_139@4zpb_A.7"}, {"lrredund": 21.3884, "lrpepelmv": -1.0, "hphfpdID": "000172.d365_549", "pdbset": null, "lrpepxh": -1.0, "finallr": 384.7679, "lrpepelmh": -1.0, "template": "3zjz:BA(0.58,0.49,60/101,41,46)", "viralprotein_id": 16419, "lrsm": 17.9896, "id": 44722108, "lrpepxv": 3.84, "lrredundpairs": -1.0, "humanprotein_id": 2981, "vphfpdID": "003488.g403_459@4k4w_A.14"}, {"lrredund": -1.0, "lrpepelmv": -1.0, "hphfpdID": "007321", "pdbset": null, "lrpepxh": -1.0, "finallr": 151.4063, "lrpepelmh": -1.0, "template": "3mvd:HG(0.09,0.01,29/249,25,28)", "viralprotein_id": 16419, "lrsm": 151.4063, "id": 44722231, "lrpepxv": -1.0, "lrredundpairs": -1.0, "humanprotein_id": 4186, "vphfpdID": "003488.g1_139@4y34_A.1"}, {"lrredund": -1.0, "lrpepelmv": -1.0, "hphfpdID": "008214.e1_125", "pdbset": null, "lrpepxh": -1.0, "finallr": 151.4063, "lrpepelmh": -1.0, "template": "1sfk:AB(0.03,0.07,25/131,21,25)", "viralprotein_id": 16419, "lrsm": 151.4063, "id": 44722349, "lrpepxv": -1.0, "lrredundpairs": -1.0, "humanprotein_id": 16668, "vphfpdID": "003488.g1_139@4zpc_A.11"}, {"lrredund": 21.3884, "lrpepelmv": -1.0, "hphfpdID": "005567.d93_206", "pdbset": null, "lrpepxh": -1.0, "finallr": 172.4606, "lrpepelmh": -1.0, "template": "2b87:BA(0.60,0.43,135/159,41,61)", "viralprotein_id": 16419, "lrsm": 8.0633, "id": 44722483, "lrpepxv": -1.0, "lrredundpairs": -1.0, "humanprotein_id": 3874, "vphfpdID": "003488.g403_459@4nls_A.26"}, {"lrredund": 21.3884, "lrpepelmv": -1.0, "hphfpdID": "011519.g120_294", "pdbset": null, "lrpepxh": -1.0, "finallr": 539.7672, "lrpepelmh": -1.0, "template": "3ter:AB(0.09,0.05,1/95,2,1)", "viralprotein_id": 16419, "lrsm": 25.2364, "id": 44722888, "lrpepxv": -1.0, "lrredundpairs": -1.0, "humanprotein_id": 3074, "vphfpdID": "003488.g403_459@4wfx_A.5"}, {"lrredund": 4.2492, "lrpepelmv": -1.0, "hphfpdID": "002111.d149_202", "pdbset": null, "lrpepxh": -1.0, "finallr": 421.532, "lrpepelmh": -1.0, "template": "2wcb:BA(0.03,0.06,9/142,9,9)", "viralprotein_id": 16419, "lrsm": 99.2027, "id": 44723043, "lrpepxv": -1.0, "lrredundpairs": -1.0, "humanprotein_id": 11330, "vphfpdID": "003488.g1_139@4zp8_A.3"}, {"lrredund": -1.0, "lrpepelmv": -1.0, "hphfpdID": "007318", "pdbset": null, "lrpepxh": -1.0, "finallr": 151.4063, "lrpepelmh": -1.0, "template": "3azm:HG(0.09,0.01,37/250,29,34)", "viralprotein_id": 16419, "lrsm": 151.4063, "id": 44723044, "lrpepxv": -1.0, "lrredundpairs": -1.0, "humanprotein_id": 15339, "vphfpdID": "003488.g1_139@4nlq_A.26"}, {"lrredund": 21.3884, "lrpepelmv": -1.0, "hphfpdID": "010507.d93_206", "pdbset": null, "lrpepxh": -1.0, "finallr": 208.1873, "lrpepelmh": -1.0, "template": "4icg:BA(0.54,0.59,108/127,48,57)", "viralprotein_id": 16419, "lrsm": 9.7337, "id": 44723222, "lrpepxv": -1.0, "lrredundpairs": -1.0, "humanprotein_id": 4475, "vphfpdID": "003488.g403_459@4zp7_A.4"}, {"lrredund": -1.0, "lrpepelmv": -1.0, "hphfpdID": "007322", "pdbset": null, "lrpepxh": -1.0, "finallr": 151.4063, "lrpepelmh": -1.0, "template": "3mvd:HG(0.09,0.01,29/249,25,28)", "viralprotein_id": 16419, "lrsm": 151.4063, "id": 44724537, "lrpepxv": -1.0, "lrredundpairs": -1.0, "humanprotein_id": 14930, "vphfpdID": "003488.g1_139@4y34_A.1"}, {"lrredund": -1.0, "lrpepelmv": 137.2032, "hphfpdID": "000005", "pdbset": null, "lrpepxh": -1.0, "finallr": 137.2032, "lrpepelmh": -1.0, "template": "3ph0:BD(0.56,0.31,71/87,14,0)", "viralprotein_id": 16419, "lrsm": 2.0531, "id": 44724697, "lrpepxv": -1.0, "lrredundpairs": -1.0, "humanprotein_id": 4794, "vphfpdID": "003488.g403_459@2ijd_1.16"}, {"lrredund": 21.3884, "lrpepelmv": -1.0, "hphfpdID": "004136.d455_590", "pdbset": null, "lrpepxh": -1.0, "finallr": 208.1873, "lrpepelmh": -1.0, "template": "4icg:AB(0.57,0.57,105/127,44,38)", "viralprotein_id": 16419, "lrsm": 9.7337, "id": 44725798, "lrpepxv": 4.96, "lrredundpairs": -1.0, "humanprotein_id": 7444, "vphfpdID": "003488.g403_459@4zp9_A.2"}, {"lrredund": -1.0, "lrpepelmv": -1.0, "hphfpdID": "007328", "pdbset": null, "lrpepxh": -1.0, "finallr": 151.4063, "lrpepelmh": -1.0, "template": "3azm:HG(0.10,0.00,39/250,31,37)", "viralprotein_id": 16419, "lrsm": 151.4063, "id": 44725894, "lrpepxv": -1.0, "lrredundpairs": -1.0, "humanprotein_id": 10831, "vphfpdID": "003488.g1_139@4nlt_A.32"}, {"lrredund": 21.3884, "lrpepelmv": 137.2032, "hphfpdID": "000007", "pdbset": null, "lrpepxh": -1.0, "finallr": 2934.559, "lrpepelmh": -1.0, "template": "4afl:CD(0.55,0.39,58/63,21,12)", "viralprotein_id": 16419, "lrsm": 2.6756, "id": 44726521, "lrpepxv": -1.0, "lrredundpairs": -1.0, "humanprotein_id": 6393, "vphfpdID": "003488.g403_459@4zp6_A.1"}, {"lrredund": 21.3884, "lrpepelmv": -1.0, "hphfpdID": "014262.e226_317", "pdbset": null, "lrpepxh": -1.0, "finallr": 172.4606, "lrpepelmh": -1.0, "template": "2b87:BA(0.60,0.54,136/159,47,60)", "viralprotein_id": 16419, "lrsm": 8.0633, "id": 44726591, "lrpepxv": -1.0, "lrredundpairs": -1.0, "humanprotein_id": 5865, "vphfpdID": "003488.g403_459@4nly_A.29"}, {"lrredund": 21.3884, "lrpepelmv": 3.2995, "hphfpdID": "018111", "pdbset": null, "lrpepxh": -1.0, "finallr": 111.6474, "lrpepelmh": -1.0, "template": "1h1p:DC(0.31,0.29,28/160,4,0)", "viralprotein_id": 16419, "lrsm": 1.8315, "id": 44726644, "lrpepxv": 5.22, "lrredundpairs": -1.0, "humanprotein_id": 15404, "vphfpdID": "003488.g1_139@4k4u_A.15"}, {"lrredund": -1.0, "lrpepelmv": -1.0, "hphfpdID": "007331", "pdbset": null, "lrpepxh": -1.0, "finallr": 151.4063, "lrpepelmh": -1.0, "template": "3azm:HG(0.09,0.01,37/250,29,34)", "viralprotein_id": 16419, "lrsm": 151.4063, "id": 44726655, "lrpepxv": -1.0, "lrredundpairs": -1.0, "humanprotein_id": 15939, "vphfpdID": "003488.g1_139@4nlq_A.26"}, {"lrredund": 21.3884, "lrpepelmv": -1.0, "hphfpdID": "016730", "pdbset": null, "lrpepxh": -1.0, "finallr": 116.3786, "lrpepelmh": -1.0, "template": "1wrd:AB(0.55,0.22,66/130,42,61)", "viralprotein_id": 16419, "lrsm": 5.4412, "id": 44727076, "lrpepxv": -1.0, "lrredundpairs": -1.0, "humanprotein_id": 6290, "vphfpdID": "003488.g403_459@4zp7_A.4"}, {"lrredund": 21.3884, "lrpepelmv": -1.0, "hphfpdID": "012444", "pdbset": null, "lrpepxh": -1.0, "finallr": 282.9685, "lrpepelmh": -1.0, "template": "1kf9:AF(0.59,0.60,19/28,7,4)", "viralprotein_id": 16419, "lrsm": 1.1641, "id": 44727845, "lrpepxv": 13.23, "lrredundpairs": -1.0, "humanprotein_id": 2955, "vphfpdID": "003488.g403_459@4zp6_A.1"}, {"lrredund": 3.5815, "lrpepelmv": 137.2032, "hphfpdID": "000001", "pdbset": null, "lrpepxh": -1.0, "finallr": 491.3936, "lrpepelmh": -1.0, "template": "2odm:BA(0.45,0.39,55/63,25,32)", "viralprotein_id": 16419, "lrsm": 2.6756, "id": 44727952, "lrpepxv": -1.0, "lrredundpairs": -1.0, "humanprotein_id": 4793, "vphfpdID": "003488.g403_459@4k4w_A.14"}, {"lrredund": 2.0764, "lrpepelmv": -1.0, "hphfpdID": "007319", "pdbset": null, "lrpepxh": -1.0, "finallr": 314.3802, "lrpepelmh": -1.0, "template": "3mvd:HG(0.09,0.01,29/249,25,28)", "viralprotein_id": 16419, "lrsm": 151.4063, "id": 44727999, "lrpepxv": -1.0, "lrredundpairs": -1.0, "humanprotein_id": 2969, "vphfpdID": "003488.g1_139@4y34_A.1"}, {"lrredund": 21.3884, "lrpepelmv": -1.0, "hphfpdID": "005209.e1_96", "pdbset": null, "lrpepxh": -1.0, "finallr": 102.7509, "lrpepelmh": -1.0, "template": "3bs9:BA(0.51,0.06,45/45,22,13)", "viralprotein_id": 16419, "lrsm": 4.804, "id": 44728190, "lrpepxv": 2.59, "lrredundpairs": -1.0, "humanprotein_id": 8007, "vphfpdID": "003488.d140_402@1raj_A.3"}, {"lrredund": -1.0, "lrpepelmv": -1.0, "hphfpdID": "007362", "pdbset": null, "lrpepxh": -1.0, "finallr": 119.2807, "lrpepelmh": -1.0, "template": "1p3f:DB(0.09,0.01,19/36,19,19)", "viralprotein_id": 16419, "lrsm": 119.2807, "id": 44728204, "lrpepxv": -1.0, "lrredundpairs": -1.0, "humanprotein_id": 6354, "vphfpdID": "003488.g1_139@4y34_A.1"}, {"lrredund": -1.0, "lrpepelmv": 137.2032, "hphfpdID": "000002", "pdbset": null, "lrpepxh": -1.0, "finallr": 137.2032, "lrpepelmh": -1.0, "template": "1wnc:BA(0.44,0.40,31/113,21,20)", "viralprotein_id": 16419, "lrsm": 1.5568, "id": 44728375, "lrpepxv": -1.0, "lrredundpairs": -1.0, "humanprotein_id": 6315, "vphfpdID": "003488.g1_139@4nlw_A.23"}, {"lrredund": 21.3884, "lrpepelmv": 3.2995, "hphfpdID": "002673", "pdbset": null, "lrpepxh": -1.0, "finallr": 414.5201, "lrpepelmh": -1.0, "template": "1h1s:DC(0.48,0.02,58/152,42,50)", "viralprotein_id": 16419, "lrsm": 19.3806, "id": 44728582, "lrpepxv": 4.96, "lrredundpairs": -1.0, "humanprotein_id": 4427, "vphfpdID": "003488.g403_459@4y34_A.12"}, {"lrredund": -1.0, "lrpepelmv": -1.0, "hphfpdID": "007324", "pdbset": null, "lrpepxh": -1.0, "finallr": 151.4063, "lrpepelmh": -1.0, "template": "3azm:HG(0.09,0.01,37/250,29,34)", "viralprotein_id": 16419, "lrsm": 151.4063, "id": 44728849, "lrpepxv": -1.0, "lrredundpairs": -1.0, "humanprotein_id": 3315, "vphfpdID": "003488.g1_139@4nlq_A.26"}, {"lrredund": -1.0, "lrpepelmv": -1.0, "hphfpdID": "007323", "pdbset": null, "lrpepxh": -1.0, "finallr": 151.4063, "lrpepelmh": -1.0, "template": "3mvd:HG(0.09,0.01,29/249,25,28)", "viralprotein_id": 16419, "lrsm": 151.4063, "id": 44729191, "lrpepxv": -1.0, "lrredundpairs": -1.0, "humanprotein_id": 15664, "vphfpdID": "003488.g1_139@4y34_A.1"}, {"lrredund": 19.2898, "lrpepelmv": 137.2032, "hphfpdID": "000006", "pdbset": null, "lrpepxh": -1.0, "finallr": 2646.624, "lrpepelmh": -1.0, "template": "1u7j:AB(0.47,0.57,119/147,48,63)", "viralprotein_id": 16419, "lrsm": 9.7337, "id": 44729304, "lrpepxv": -1.0, "lrredundpairs": -1.0, "humanprotein_id": 4514, "vphfpdID": "003488.g403_459@4k4z_A.3"}, {"lrredund": 21.3884, "lrpepelmv": 14.0845, "hphfpdID": "007144.e151_217", "pdbset": null, "lrpepxh": -1.0, "finallr": 301.2446, "lrpepelmh": -1.0, "template": "4ls4:BA(0.42,0.60,43/98,26,28)", "viralprotein_id": 16419, "lrsm": 1.6503, "id": 44729326, "lrpepxv": 3.51, "lrredundpairs": -1.0, "humanprotein_id": 6385, "vphfpdID": "003488.g1_139@4wfx_A.2"}, {"lrredund": -1.0, "lrpepelmv": -1.0, "hphfpdID": "007327", "pdbset": null, "lrpepxh": -1.0, "finallr": 151.4063, "lrpepelmh": -1.0, "template": "1p3f:DC(0.09,0.00,27/253,21,25)", "viralprotein_id": 16419, "lrsm": 151.4063, "id": 44729875, "lrpepxv": -1.0, "lrredundpairs": -1.0, "humanprotein_id": 8203, "vphfpdID": "003488.g1_139@4y34_A.1"}, {"lrredund": 21.3884, "lrpepelmv": 7.4157, "hphfpdID": "005478.e262_551", "pdbset": null, "lrpepxh": -1.0, "finallr": 482.533, "lrpepelmh": -1.0, "template": "2gl8:AB(0.51,0.24,59/94,43,48)", "viralprotein_id": 16419, "lrsm": 22.5605, "id": 44730119, "lrpepxv": -1.0, "lrredundpairs": -1.0, "humanprotein_id": 2880, "vphfpdID": "003488.g403_459@1rdr_A.17"}, {"lrredund": -1.0, "lrpepelmv": -1.0, "hphfpdID": "007326", "pdbset": null, "lrpepxh": -1.0, "finallr": 151.4063, "lrpepelmh": -1.0, "template": "1p3f:DC(0.09,0.00,27/253,21,25)", "viralprotein_id": 16419, "lrsm": 151.4063, "id": 44730392, "lrpepxv": -1.0, "lrredundpairs": -1.0, "humanprotein_id": 11567, "vphfpdID": "003488.g1_139@4y34_A.1"}, {"lrredund": 21.3884, "lrpepelmv": -1.0, "hphfpdID": "002626.e1_127", "pdbset": null, "lrpepxh": -1.0, "finallr": 111.6474, "lrpepelmh": -1.0, "template": "1i1r:BA(0.20,0.19,4/153,5,4)", "viralprotein_id": 16419, "lrsm": 4.5731, "id": 44730615, "lrpepxv": 5.22, "lrredundpairs": -1.0, "humanprotein_id": 2804, "vphfpdID": "003488.g403_459@4nlu_A.27"}, {"lrredund": 15.8699, "lrpepelmv": 14.0845, "hphfpdID": "016615.e1_120", "pdbset": null, "lrpepxh": -1.0, "finallr": 285.4925, "lrpepelmh": -1.0, "template": "1gvn:CA(0.48,0.53,60/114,42,39)", "viralprotein_id": 16419, "lrsm": 17.9896, "id": 44731551, "lrpepxv": -1.0, "lrredundpairs": -1.0, "humanprotein_id": 5095, "vphfpdID": "003488.g403_459@4wfx_A.5"}, {"lrredund": -1.0, "lrpepelmv": -1.0, "hphfpdID": "008787.e277_852", "pdbset": null, "lrpepxh": -1.0, "finallr": 151.4063, "lrpepelmh": -1.0, "template": "2iw5:BA(0.03,0.01,37/214,24,33)", "viralprotein_id": 16419, "lrsm": 151.4063, "id": 44732067, "lrpepxv": -1.0, "lrredundpairs": -1.0, "humanprotein_id": 1729, "vphfpdID": "003488.g1_139@4nlt_A.32"}, {"lrredund": -1.0, "lrpepelmv": -1.0, "hphfpdID": "007325", "pdbset": null, "lrpepxh": -1.0, "finallr": 151.4063, "lrpepelmh": -1.0, "template": "3azm:HG(0.09,0.00,37/250,30,35)", "viralprotein_id": 16419, "lrsm": 151.4063, "id": 44732182, "lrpepxv": -1.0, "lrredundpairs": -1.0, "humanprotein_id": 9736, "vphfpdID": "003488.g1_139@4nlq_A.26"}, {"lrredund": -1.0, "lrpepelmv": -1.0, "hphfpdID": "007320", "pdbset": null, "lrpepxh": -1.0, "finallr": 151.4063, "lrpepelmh": -1.0, "template": "3azm:HG(0.10,0.00,39/250,31,37)", "viralprotein_id": 16419, "lrsm": 151.4063, "id": 44732296, "lrpepxv": -1.0, "lrredundpairs": -1.0, "humanprotein_id": 14196, "vphfpdID": "003488.g1_139@4nlt_A.32"}, {"lrredund": 21.3884, "lrpepelmv": 9.677, "hphfpdID": "001751.e1_73", "pdbset": null, "lrpepxh": -1.0, "finallr": 206.9754, "lrpepelmh": -1.0, "template": "4b7y:CD(0.50,0.35,37/80,22,20)", "viralprotein_id": 16419, "lrsm": 1.7387, "id": 44732387, "lrpepxv": 5.22, "lrredundpairs": -1.0, "humanprotein_id": 5041, "vphfpdID": "003488.g403_459@4r0e_A.31"}, {"lrredund": 21.3884, "lrpepelmv": -1.0, "hphfpdID": "005158", "pdbset": null, "lrpepxh": -1.0, "finallr": 106.0864, "lrpepelmh": -1.0, "template": "1w98:BA(0.26,0.32,31/178,5,2)", "viralprotein_id": 16419, "lrsm": 1.8315, "id": 44732656, "lrpepxv": 4.96, "lrredundpairs": -1.0, "humanprotein_id": 2711, "vphfpdID": "003488.g1_139@4r0e_A.18"}, {"lrredund": -1.0, "lrpepelmv": -1.0, "hphfpdID": "007410", "pdbset": null, "lrpepxh": -1.0, "finallr": 151.4063, "lrpepelmh": -1.0, "template": "3dht:BA(0.08,0.02,33/114,24,26)", "viralprotein_id": 16419, "lrsm": 151.4063, "id": 44732727, "lrpepxv": -1.0, "lrredundpairs": -1.0, "humanprotein_id": 9695, "vphfpdID": "003488.g403_459@1raj_A.33"}, {"lrredund": 15.8699, "lrpepelmv": -1.0, "hphfpdID": "018501.e80_165", "pdbset": null, "lrpepxh": -1.0, "finallr": 123.7092, "lrpepelmh": -1.0, "template": "2g3q:AB(0.31,0.07,38/77,22,37)", "viralprotein_id": 16419, "lrsm": 7.7952, "id": 44733034, "lrpepxv": -1.0, "lrredundpairs": -1.0, "humanprotein_id": 1286, "vphfpdID": "003488.g1_139@1xr5_A.39"}, {"lrredund": 2.0764, "lrpepelmv": -1.0, "hphfpdID": "000407.d164_268", "pdbset": null, "lrpepxh": -1.0, "finallr": 205.9844, "lrpepelmh": -1.0, "template": "1dxx:BA(0.04,0.06,8/265,9,7)", "viralprotein_id": 16419, "lrsm": 99.2027, "id": 44733378, "lrpepxv": 2.59, "lrredundpairs": -1.0, "humanprotein_id": 1594, "vphfpdID": "003488.g403_459@4ika_A.39"}, {"lrredund": 3.8142, "lrpepelmv": -1.0, "hphfpdID": "007334", "pdbset": null, "lrpepxh": -1.0, "finallr": 577.4942, "lrpepelmh": -1.0, "template": "3azm:HG(0.09,0.01,37/250,29,34)", "viralprotein_id": 16419, "lrsm": 151.4063, "id": 44733414, "lrpepxv": -1.0, "lrredundpairs": -1.0, "humanprotein_id": 3921, "vphfpdID": "003488.g1_139@4nlq_A.26"}, {"lrredund": 2.0764, "lrpepelmv": -1.0, "hphfpdID": "015927", "pdbset": null, "lrpepxh": -1.0, "finallr": 248.9926, "lrpepelmh": -1.0, "template": "1fs1:AB(0.46,0.08,60/70,41,55)", "viralprotein_id": 16419, "lrsm": 119.9155, "id": 44733502, "lrpepxv": -1.0, "lrredundpairs": -1.0, "humanprotein_id": 6419, "vphfpdID": "003488.g403_459@4wfx_A.5"}, {"lrredund": 2.0764, "lrpepelmv": 137.2032, "hphfpdID": "000003", "pdbset": null, "lrpepxh": -1.0, "finallr": 284.8889, "lrpepelmh": -1.0, "template": "3axy:JC(0.33,0.04,2/4,3,2)", "viralprotein_id": 16419, "lrsm": 5.4987, "id": 44733717, "lrpepxv": -1.0, "lrredundpairs": -1.0, "humanprotein_id": 6857, "vphfpdID": "003488.g1_139@4nly_A.31"}, {"lrredund": 21.3884, "lrpepelmv": -1.0, "hphfpdID": "004138.e667_768", "pdbset": null, "lrpepxh": -1.0, "finallr": 384.7679, "lrpepelmh": -1.0, "template": "3w6k:CF(0.60,0.49,56/104,41,47)", "viralprotein_id": 16419, "lrsm": 17.9896, "id": 44734277, "lrpepxv": 2.59, "lrredundpairs": -1.0, "humanprotein_id": 7446, "vphfpdID": "003488.g403_459@4nly_A.29"}, {"lrredund": 21.3884, "lrpepelmv": -1.0, "hphfpdID": "001274", "pdbset": null, "lrpepxh": -1.0, "finallr": 128.3451, "lrpepelmh": -1.0, "template": "3kdp:GB(0.30,0.07,2/2,3,2)", "viralprotein_id": 16419, "lrsm": 6.0007, "id": 44734360, "lrpepxv": -1.0, "lrredundpairs": -1.0, "humanprotein_id": 2978, "vphfpdID": "003488.g403_459@4zpa_A.9"}, {"lrredund": 21.3884, "lrpepelmv": 2.8446, "hphfpdID": "001509.e418_498", "pdbset": null, "lrpepxh": -1.0, "finallr": 405.3783, "lrpepelmh": -1.0, "template": "3k1s:CA(0.60,0.39,58/143,42,39)", "viralprotein_id": 16419, "lrsm": 18.9532, "id": 44734810, "lrpepxv": 5.22, "lrredundpairs": -1.0, "humanprotein_id": 2598, "vphfpdID": "003488.g403_459@4k4z_A.3"}, {"lrredund": 21.3884, "lrpepelmv": -1.0, "hphfpdID": "018500.d533_608", "pdbset": null, "lrpepxh": -1.0, "finallr": 175.5488, "lrpepelmh": -1.0, "template": "1wrd:AB(0.53,0.05,73/130,42,61)", "viralprotein_id": 16419, "lrsm": 8.2077, "id": 44735033, "lrpepxv": -1.0, "lrredundpairs": -1.0, "humanprotein_id": 3463, "vphfpdID": "003488.g403_459@4zpb_A.11"}, {"lrredund": 3.8142, "lrpepelmv": 137.2032, "hphfpdID": "000004", "pdbset": null, "lrpepxh": -1.0, "finallr": 523.3208, "lrpepelmh": -1.0, "template": "2wh0:DB(0.49,0.07,19/70,14,16)", "viralprotein_id": 16419, "lrsm": 1.8315, "id": 44735050, "lrpepxv": -1.0, "lrredundpairs": -1.0, "humanprotein_id": 6298, "vphfpdID": "003488.g403_459@4zpd_A.8"}, {"lrredund": 21.3884, "lrpepelmv": 6.3442, "hphfpdID": "001349.d2683_2962", "pdbset": null, "lrpepxh": -1.0, "finallr": 135.6925, "lrpepelmh": -1.0, "template": "1ygy:AB(0.55,0.58,1/455,0,0)", "viralprotein_id": 16419, "lrsm": 0.9682, "id": 44735672, "lrpepxv": -1.0, "lrredundpairs": -1.0, "humanprotein_id": 7312, "vphfpdID": "003488.d140_402@4zpc_A.13"}, {"lrredund": 3.5815, "lrpepelmv": -1.0, "hphfpdID": "000404.d145_249", "pdbset": null, "lrpepxh": -1.0, "finallr": 355.2943, "lrpepelmh": -1.0, "template": "1dxx:BA(0.04,0.06,8/265,10,8)", "viralprotein_id": 16419, "lrsm": 99.2027, "id": 44736711, "lrpepxv": -1.0, "lrredundpairs": -1.0, "humanprotein_id": 3719, "vphfpdID": "003488.g403_459@4ika_A.39"}, {"lrredund": 21.3884, "lrpepelmv": 72.805, "hphfpdID": "000002", "pdbset": null, "lrpepxh": -1.0, "finallr": 1557.181, "lrpepelmh": -1.0, "template": "", "viralprotein_id": 16422, "lrsm": -1.0, "id": 21007688, "lrpepxv": -1.0, "lrredundpairs": -1.0, "humanprotein_id": 6315, "vphfpdID": "003491@4jgy_C.10"}, {"lrredund": 21.3884, "lrpepelmv": 15.8041, "hphfpdID": "016466.e85_146", "pdbset": null, "lrpepxh": -1.0, "finallr": 338.0243, "lrpepelmh": -1.0, "template": "2wzr:31(0.30,0.49,101/522,47,67)", "viralprotein_id": 16422, "lrsm": 4.5353, "id": 21008305, "lrpepxv": -1.0, "lrredundpairs": -1.0, "humanprotein_id": 3727, "vphfpdID": "003491@3j91_3.6"}, {"lrredund": -1.0, "lrpepelmv": -1.0, "hphfpdID": "003520.e624_700", "pdbset": null, "lrpepxh": -1.0, "finallr": 130.17, "lrpepelmh": -1.0, "template": "1upn:CE(0.02,0.08,13/14,7,4)", "viralprotein_id": 16422, "lrsm": 130.17, "id": 21008347, "lrpepxv": -1.0, "lrredundpairs": -1.0, "humanprotein_id": 3767, "vphfpdID": "003491@1d4m_3.2"}, {"lrredund": -1.0, "lrpepelmv": -1.0, "hphfpdID": "004306", "pdbset": null, "lrpepxh": -1.0, "finallr": 260.2086, "lrpepelmh": -1.0, "template": "3iyp:BF(0.02,0.00,51/59,27,19)", "viralprotein_id": 16422, "lrsm": 260.2086, "id": 21008898, "lrpepxv": -1.0, "lrredundpairs": -1.0, "humanprotein_id": 3167, "vphfpdID": "003491.e1_195@1eah_3.16"}, {"lrredund": 21.3884, "lrpepelmv": 72.805, "hphfpdID": "000007", "pdbset": null, "lrpepxh": -1.0, "finallr": 1557.181, "lrpepelmh": -1.0, "template": "2j9u:BA(0.42,0.49,24/53,8,2)", "viralprotein_id": 16422, "lrsm": 1.2265, "id": 21009219, "lrpepxv": -1.0, "lrredundpairs": -1.0, "humanprotein_id": 6393, "vphfpdID": "003491.e1_195@4rs5_B.4"}, {"lrredund": -1.0, "lrpepelmv": -1.0, "hphfpdID": "010149.d162_224", "pdbset": null, "lrpepxh": -1.0, "finallr": 130.17, "lrpepelmh": -1.0, "template": "1upn:CE(0.02,0.08,12/14,10,12)", "viralprotein_id": 16422, "lrsm": 130.17, "id": 21010086, "lrpepxv": -1.0, "lrredundpairs": -1.0, "humanprotein_id": 3891, "vphfpdID": "003491.e1_195@1mqt_C.15"}, {"lrredund": 2.3254, "lrpepelmv": -1.0, "hphfpdID": "000166.g1267_1375", "pdbset": null, "lrpepxh": -1.0, "finallr": 112.5303, "lrpepelmh": -1.0, "template": "2rm2:32(0.03,0.31,58/390,41,36)", "viralprotein_id": 16422, "lrsm": 48.3918, "id": 21010156, "lrpepxv": -1.0, "lrredundpairs": -1.0, "humanprotein_id": 2740, "vphfpdID": "003491.e1_195@1mqt_C.15"}, {"lrredund": 21.3884, "lrpepelmv": -1.0, "hphfpdID": "013899.d444_603", "pdbset": null, "lrpepxh": -1.0, "finallr": 102.3562, "lrpepelmh": -1.0, "template": "2lk6:BA(0.54,0.44,121/154,19,16)", "viralprotein_id": 16422, "lrsm": 4.7856, "id": 21010162, "lrpepxv": -1.0, "lrredundpairs": -1.0, "humanprotein_id": 1240, "vphfpdID": "003491.e67_239@3j91_3.4"}, {"lrredund": 21.3884, "lrpepelmv": 2.8446, "hphfpdID": "001509.e1_53", "pdbset": null, "lrpepxh": -1.0, "finallr": 149.2837, "lrpepelmh": -1.0, "template": "3vbo:CB(0.02,0.34,43/332,24,38)", "viralprotein_id": 16422, "lrsm": 6.9797, "id": 21010226, "lrpepxv": -1.0, "lrredundpairs": -1.0, "humanprotein_id": 2598, "vphfpdID": "003491.e1_195@3j91_3.7"}, {"lrredund": 20.9141, "lrpepelmv": -1.0, "hphfpdID": "000172.d132_188", "pdbset": null, "lrpepxh": -1.0, "finallr": 190.294, "lrpepelmh": -1.0, "template": "4cdw:CB(0.06,0.56,296/1864,42,190)", "viralprotein_id": 16422, "lrsm": 9.0988, "id": 21010346, "lrpepxv": -1.0, "lrredundpairs": -1.0, "humanprotein_id": 2981, "vphfpdID": "003491.e67_239@1eah_3.17"}, {"lrredund": -1.0, "lrpepelmv": -1.0, "hphfpdID": "006491.d63_179", "pdbset": null, "lrpepxh": -1.0, "finallr": 130.17, "lrpepelmh": -1.0, "template": "1upn:CE(0.02,0.08,14/14,5,0)", "viralprotein_id": 16422, "lrsm": 130.17, "id": 21010351, "lrpepxv": -1.0, "lrredundpairs": -1.0, "humanprotein_id": 18546, "vphfpdID": "003491.e1_195@1mqt_C.15"}, {"lrredund": -1.0, "lrpepelmv": -1.0, "hphfpdID": "016757.e2495_2551", "pdbset": null, "lrpepxh": -1.0, "finallr": 130.17, "lrpepelmh": -1.0, "template": "1upn:CE(0.02,0.06,13/14,10,13)", "viralprotein_id": 16422, "lrsm": 130.17, "id": 21010832, "lrpepxv": -1.0, "lrredundpairs": -1.0, "humanprotein_id": 8661, "vphfpdID": "003491.e1_195@4gb3_3.12"}, {"lrredund": -1.0, "lrpepelmv": -1.0, "hphfpdID": "005984.e81_136", "pdbset": null, "lrpepxh": -1.0, "finallr": 130.17, "lrpepelmh": -1.0, "template": "1upn:CE(0.02,0.05,13/14,10,13)", "viralprotein_id": 16422, "lrsm": 130.17, "id": 21011777, "lrpepxv": -1.0, "lrredundpairs": -1.0, "humanprotein_id": 8771, "vphfpdID": "003491.e1_195@4gb3_3.12"}, {"lrredund": 21.3884, "lrpepelmv": -1.0, "hphfpdID": "001274", "pdbset": null, "lrpepxh": -1.0, "finallr": 128.3451, "lrpepelmh": -1.0, "template": "1z7z:3I(0.03,0.36,20/20,11,11)", "viralprotein_id": 16422, "lrsm": 6.0007, "id": 21011876, "lrpepxv": -1.0, "lrredundpairs": -1.0, "humanprotein_id": 2978, "vphfpdID": "003491.e67_239@1cov_3.10"}, {"lrredund": 21.3884, "lrpepelmv": -1.0, "hphfpdID": "009492.e319_419", "pdbset": null, "lrpepxh": -1.0, "finallr": 208.1873, "lrpepelmh": -1.0, "template": "2oxh:EF(0.57,0.49,105/130,41,47)", "viralprotein_id": 16422, "lrsm": 9.7337, "id": 21012288, "lrpepxv": -1.0, "lrredundpairs": 0.7707, "humanprotein_id": 13229, "vphfpdID": "003491.e1_195@4gb3_3.12"}, {"lrredund": -1.0, "lrpepelmv": -1.0, "hphfpdID": "006162.d458_513", "pdbset": null, "lrpepxh": -1.0, "finallr": 130.17, "lrpepelmh": -1.0, "template": "1upn:CE(0.02,0.05,14/14,9,7)", "viralprotein_id": 16422, "lrsm": 130.17, "id": 21012322, "lrpepxv": -1.0, "lrredundpairs": -1.0, "humanprotein_id": 13968, "vphfpdID": "003491.e1_195@1mqt_C.15"}, {"lrredund": -1.0, "lrpepelmv": -1.0, "hphfpdID": "008082.d824_911", "pdbset": null, "lrpepxh": -1.0, "finallr": 119.2807, "lrpepelmh": -1.0, "template": "1rvf:3H(0.03,0.07,5/7,7,5)", "viralprotein_id": 16422, "lrsm": 119.2807, "id": 21012439, "lrpepxv": -1.0, "lrredundpairs": -1.0, "humanprotein_id": 14184, "vphfpdID": "003491@1cov_3.3"}, {"lrredund": -1.0, "lrpepelmv": -1.0, "hphfpdID": "016746.d180_237", "pdbset": null, "lrpepxh": -1.0, "finallr": 130.17, "lrpepelmh": -1.0, "template": "1upn:CE(0.01,0.09,13/14,6,5)", "viralprotein_id": 16422, "lrsm": 130.17, "id": 21012796, "lrpepxv": -1.0, "lrredundpairs": -1.0, "humanprotein_id": 9487, "vphfpdID": "003491.e1_195@1h8t_C.9"}, {"lrredund": 2.409, "lrpepelmv": -1.0, "hphfpdID": "006208.e2514_2647", "pdbset": null, "lrpepxh": -1.0, "finallr": 110.7567, "lrpepelmh": -1.0, "template": "3cnk:BA(0.38,0.00,95/100,44,48)", "viralprotein_id": 16422, "lrsm": 45.9762, "id": 21013097, "lrpepxv": -1.0, "lrredundpairs": -1.0, "humanprotein_id": 4231, "vphfpdID": "003491.e67_239@5bno_C.2"}, {"lrredund": 21.3884, "lrpepelmv": 3.2644, "hphfpdID": "003962.d92_178", "pdbset": null, "lrpepxh": -1.0, "finallr": 149.2837, "lrpepelmh": -1.0, "template": "1mqt:CD(0.05,0.26,27/101,24,27)", "viralprotein_id": 16422, "lrsm": 6.9797, "id": 21013109, "lrpepxv": -1.0, "lrredundpairs": -1.0, "humanprotein_id": 6447, "vphfpdID": "003491.e1_195@4cew_C.8"}, {"lrredund": 20.9141, "lrpepelmv": -1.0, "hphfpdID": "006178.e2120_2203", "pdbset": null, "lrpepxh": -1.0, "finallr": 405.3279, "lrpepelmh": -1.0, "template": "1pvc:32(0.02,0.40,60/412,41,24)", "viralprotein_id": 16422, "lrsm": 19.3806, "id": 21013677, "lrpepxv": -1.0, "lrredundpairs": -1.0, "humanprotein_id": 2856, "vphfpdID": "003491.e1_195@1z7s_3.20"}, {"lrredund": 4.2492, "lrpepelmv": 3.2644, "hphfpdID": "003963.d94_165", "pdbset": null, "lrpepxh": -1.0, "finallr": 163.6651, "lrpepelmh": -1.0, "template": "1mqt:CD(0.01,0.18,27/101,23,23)", "viralprotein_id": 16422, "lrsm": 38.5167, "id": 21013964, "lrpepxv": -1.0, "lrredundpairs": -1.0, "humanprotein_id": 4131, "vphfpdID": "003491.e1_195@1oop_C.18"}, {"lrredund": 21.3884, "lrpepelmv": 15.8041, "hphfpdID": "016613", "pdbset": null, "lrpepxh": -1.0, "finallr": 338.0243, "lrpepelmh": -1.0, "template": "", "viralprotein_id": 16422, "lrsm": -1.0, "id": 21014035, "lrpepxv": -1.0, "lrredundpairs": -1.0, "humanprotein_id": 5161, "vphfpdID": "003491@3zff_C.7"}, {"lrredund": -1.0, "lrpepelmv": -1.0, "hphfpdID": "003971.e2947_3189", "pdbset": null, "lrpepxh": -1.0, "finallr": 130.17, "lrpepelmh": -1.0, "template": "1upn:CE(0.01,0.04,13/14,4,2)", "viralprotein_id": 16422, "lrsm": 130.17, "id": 21014042, "lrpepxv": -1.0, "lrredundpairs": -1.0, "humanprotein_id": 10968, "vphfpdID": "003491.e1_195@1h8t_C.9"}, {"lrredund": 21.3884, "lrpepelmv": 72.805, "hphfpdID": "000006", "pdbset": null, "lrpepxh": -1.0, "finallr": 1557.181, "lrpepelmh": -1.0, "template": "", "viralprotein_id": 16422, "lrsm": -1.0, "id": 21014617, "lrpepxv": -1.0, "lrredundpairs": -1.0, "humanprotein_id": 4514, "vphfpdID": "003491@3j91_3.6"}, {"lrredund": 2.3254, "lrpepelmv": 8.2623, "hphfpdID": "008422.d1598_1679", "pdbset": null, "lrpepxh": -1.0, "finallr": 112.5303, "lrpepelmh": -1.0, "template": "4gb3:32(0.00,0.39,58/458,43,33)", "viralprotein_id": 16422, "lrsm": 48.3918, "id": 21014897, "lrpepxv": -1.0, "lrredundpairs": -1.0, "humanprotein_id": 8037, "vphfpdID": "003491.e1_195@4gb3_3.12"}, {"lrredund": 21.3884, "lrpepelmv": -1.0, "hphfpdID": "005354.e1664_1728", "pdbset": null, "lrpepxh": -1.0, "finallr": 293.5546, "lrpepelmh": -1.0, "template": "4cey:CA(0.00,0.57,462/3570,41,330)", "viralprotein_id": 16422, "lrsm": 13.7249, "id": 21014940, "lrpepxv": -1.0, "lrredundpairs": -1.0, "humanprotein_id": 7033, "vphfpdID": "003491@4cew_C.8"}, {"lrredund": 21.3884, "lrpepelmv": -1.0, "hphfpdID": "018800.d596_685", "pdbset": null, "lrpepxh": -1.0, "finallr": 708.2626, "lrpepelmh": -1.0, "template": "1z7z:3I(0.01,0.18,20/20,15,16)", "viralprotein_id": 16422, "lrsm": 33.1143, "id": 21015202, "lrpepxv": -1.0, "lrredundpairs": 0.7707, "humanprotein_id": 4109, "vphfpdID": "003491@1z7s_3.20"}, {"lrredund": 21.3884, "lrpepelmv": -1.0, "hphfpdID": "011519.e1_119", "pdbset": null, "lrpepxh": -1.0, "finallr": 482.533, "lrpepelmh": -1.0, "template": "1xe0:IJ(0.60,0.03,58/114,41,51)", "viralprotein_id": 16422, "lrsm": 22.5605, "id": 21015205, "lrpepxv": -1.0, "lrredundpairs": -1.0, "humanprotein_id": 3074, "vphfpdID": "003491.e67_239@4rs5_B.5"}, {"lrredund": 3.7695, "lrpepelmv": 3.2644, "hphfpdID": "017499.e1_103", "pdbset": null, "lrpepxh": -1.0, "finallr": 124.8244, "lrpepelmh": -1.0, "template": "1z7z:3I(0.03,0.16,20/20,10,5)", "viralprotein_id": 16422, "lrsm": 33.1143, "id": 21015503, "lrpepxv": -1.0, "lrredundpairs": -1.0, "humanprotein_id": 13935, "vphfpdID": "003491.e67_239@1mqt_C.13"}, {"lrredund": 21.3884, "lrpepelmv": 15.8041, "hphfpdID": "016615", "pdbset": null, "lrpepxh": -1.0, "finallr": 338.0243, "lrpepelmh": -1.0, "template": "3cnk:BA(0.45,0.54,90/100,21,15)", "viralprotein_id": 16422, "lrsm": 2.4771, "id": 21016023, "lrpepxv": -1.0, "lrredundpairs": -1.0, "humanprotein_id": 5095, "vphfpdID": "003491.e67_239@1ev1_3.16"}, {"lrredund": -1.0, "lrpepelmv": -1.0, "hphfpdID": "016491", "pdbset": null, "lrpepxh": -1.0, "finallr": 130.17, "lrpepelmh": -1.0, "template": "1upn:CE(0.03,0.05,14/14,7,3)", "viralprotein_id": 16422, "lrsm": 130.17, "id": 21016114, "lrpepxv": -1.0, "lrredundpairs": -1.0, "humanprotein_id": 6512, "vphfpdID": "003491.e1_195@1pvc_3.17"}, {"lrredund": 2.409, "lrpepelmv": 15.8041, "hphfpdID": "013200.d1090_1177", "pdbset": null, "lrpepxh": -1.0, "finallr": 116.5758, "lrpepelmh": -1.0, "template": "4gb3:32(0.03,0.35,59/458,44,36)", "viralprotein_id": 16422, "lrsm": 48.3918, "id": 21016381, "lrpepxv": -1.0, "lrredundpairs": -1.0, "humanprotein_id": 4104, "vphfpdID": "003491.e1_195@1h8t_C.9"}, {"lrredund": 21.3884, "lrpepelmv": 9.677, "hphfpdID": "001751.e1_73", "pdbset": null, "lrpepxh": -1.0, "finallr": 206.9754, "lrpepelmh": -1.0, "template": "2hwb:31(0.04,0.56,52/563,26,13)", "viralprotein_id": 16422, "lrsm": 2.7953, "id": 21018238, "lrpepxv": -1.0, "lrredundpairs": -1.0, "humanprotein_id": 5041, "vphfpdID": "003491@1eah_3.17"}, {"lrredund": -1.0, "lrpepelmv": -1.0, "hphfpdID": "006163.d208_263", "pdbset": null, "lrpepxh": -1.0, "finallr": 130.17, "lrpepelmh": -1.0, "template": "1upn:CE(0.03,0.06,14/14,9,11)", "viralprotein_id": 16422, "lrsm": 130.17, "id": 21018456, "lrpepxv": -1.0, "lrredundpairs": -1.0, "humanprotein_id": 16194, "vphfpdID": "003491.e1_195@3j8f_3.14"}, {"lrredund": -1.0, "lrpepelmv": -1.0, "hphfpdID": "001910.e47_252", "pdbset": null, "lrpepxh": -1.0, "finallr": 130.17, "lrpepelmh": -1.0, "template": "1upn:CE(0.03,0.07,14/14,6,3)", "viralprotein_id": 16422, "lrsm": 130.17, "id": 21018493, "lrpepxv": -1.0, "lrredundpairs": -1.0, "humanprotein_id": 4210, "vphfpdID": "003491.e1_195@3j8f_3.14"}, {"lrredund": 21.3884, "lrpepelmv": 8.2623, "hphfpdID": "001060.e180_274", "pdbset": null, "lrpepxh": -1.0, "finallr": 176.718, "lrpepelmh": -1.0, "template": "2lk6:BA(0.56,0.33,142/154,36,61)", "viralprotein_id": 16422, "lrsm": 3.4243, "id": 21018564, "lrpepxv": -1.0, "lrredundpairs": -1.0, "humanprotein_id": 17652, "vphfpdID": "003491.e1_195@1h8t_C.9"}, {"lrredund": 2.3254, "lrpepelmv": -1.0, "hphfpdID": "007927", "pdbset": null, "lrpepxh": -1.0, "finallr": 302.6975, "lrpepelmh": -1.0, "template": "1z7z:3I(0.02,0.00,20/20,12,6)", "viralprotein_id": 16422, "lrsm": 130.17, "id": 21018639, "lrpepxv": -1.0, "lrredundpairs": 0.7707, "humanprotein_id": 3016, "vphfpdID": "003491.e67_239@1eah_3.17"}, {"lrredund": 2.3254, "lrpepelmv": 72.805, "hphfpdID": "000005", "pdbset": null, "lrpepxh": -1.0, "finallr": 169.3006, "lrpepelmh": -1.0, "template": "2lrk:DA(0.52,0.47,24/54,9,3)", "viralprotein_id": 16422, "lrsm": 1.2265, "id": 21018666, "lrpepxv": -1.0, "lrredundpairs": -1.0, "humanprotein_id": 4794, "vphfpdID": "003491.e1_195@5bno_C.1"}, {"lrredund": -1.0, "lrpepelmv": -1.0, "hphfpdID": "009823.d642_700", "pdbset": null, "lrpepxh": -1.0, "finallr": 130.17, "lrpepelmh": -1.0, "template": "1upn:CE(0.03,0.06,14/14,10,13)", "viralprotein_id": 16422, "lrsm": 130.17, "id": 21018760, "lrpepxv": -1.0, "lrredundpairs": -1.0, "humanprotein_id": 3922, "vphfpdID": "003491.e1_195@3j8f_3.14"}, {"lrredund": 4.2492, "lrpepelmv": 72.805, "hphfpdID": "000001", "pdbset": null, "lrpepxh": -1.0, "finallr": 309.3629, "lrpepelmh": -1.0, "template": "2lrk:DA(0.52,0.41,23/54,12,12)", "viralprotein_id": 16422, "lrsm": 1.2265, "id": 21019255, "lrpepxv": -1.0, "lrredundpairs": -1.0, "humanprotein_id": 4793, "vphfpdID": "003491.e1_195@5bno_C.1"}, {"lrredund": 21.3884, "lrpepelmv": -1.0, "hphfpdID": "002626", "pdbset": null, "lrpepxh": -1.0, "finallr": 649.013, "lrpepelmh": -1.0, "template": "1z7z:3I(0.01,0.18,14/20,12,13)", "viralprotein_id": 16422, "lrsm": 30.3442, "id": 21019402, "lrpepxv": -1.0, "lrredundpairs": -1.0, "humanprotein_id": 2804, "vphfpdID": "003491.e1_195@4q4x_3.19"}, {"lrredund": -1.0, "lrpepelmv": -1.0, "hphfpdID": "006159.d208_262", "pdbset": null, "lrpepxh": -1.0, "finallr": 130.17, "lrpepelmh": -1.0, "template": "1upn:CE(0.03,0.06,14/14,8,8)", "viralprotein_id": 16422, "lrsm": 130.17, "id": 21020098, "lrpepxv": -1.0, "lrredundpairs": -1.0, "humanprotein_id": 6819, "vphfpdID": "003491.e1_195@1pvc_3.17"}, {"lrredund": 21.3884, "lrpepelmv": -1.0, "hphfpdID": "008378.d463_902", "pdbset": null, "lrpepxh": -1.0, "finallr": 208.1873, "lrpepelmh": -1.0, "template": "2ox5:EF(0.58,0.52,102/126,43,61)", "viralprotein_id": 16422, "lrsm": 9.7337, "id": 21020115, "lrpepxv": -1.0, "lrredundpairs": -1.0, "humanprotein_id": 3758, "vphfpdID": "003491.e1_195@1cov_3.11"}, {"lrredund": 21.3884, "lrpepelmv": 15.8041, "hphfpdID": "007144.d1_56", "pdbset": null, "lrpepxh": -1.0, "finallr": 338.0243, "lrpepelmh": -1.0, "template": "1na1:CB(0.07,0.50,270/1559,63,135)", "viralprotein_id": 16422, "lrsm": 13.7249, "id": 21020303, "lrpepxv": -1.0, "lrredundpairs": -1.0, "humanprotein_id": 6385, "vphfpdID": "003491.e67_239@3iyp_B.12"}, {"lrredund": 2.3254, "lrpepelmv": 72.805, "hphfpdID": "000003", "pdbset": null, "lrpepxh": -1.0, "finallr": 169.3006, "lrpepelmh": -1.0, "template": "", "viralprotein_id": 16422, "lrsm": -1.0, "id": 21020375, "lrpepxv": -1.0, "lrredundpairs": -1.0, "humanprotein_id": 6857, "vphfpdID": "003491@3zff_C.7"}, {"lrredund": -1.0, "lrpepelmv": -1.0, "hphfpdID": "002889.d1109_1163", "pdbset": null, "lrpepxh": -1.0, "finallr": 130.17, "lrpepelmh": -1.0, "template": "1upn:CE(0.03,0.06,13/14,7,7)", "viralprotein_id": 16422, "lrsm": 130.17, "id": 21020704, "lrpepxv": -1.0, "lrredundpairs": -1.0, "humanprotein_id": 3204, "vphfpdID": "003491.e1_195@1d4m_3.2"}, {"lrredund": 4.2492, "lrpepelmv": 72.805, "hphfpdID": "000004", "pdbset": null, "lrpepxh": -1.0, "finallr": 309.3629, "lrpepelmh": -1.0, "template": "", "viralprotein_id": 16422, "lrsm": -1.0, "id": 21020746, "lrpepxv": -1.0, "lrredundpairs": -1.0, "humanprotein_id": 6298, "vphfpdID": "003491@3zff_C.7"}, {"lrredund": -1.0, "lrpepelmv": -1.0, "hphfpdID": "003970.e2857_2920", "pdbset": null, "lrpepxh": -1.0, "finallr": 130.17, "lrpepelmh": -1.0, "template": "1upn:CE(0.03,0.06,13/14,9,12)", "viralprotein_id": 16422, "lrsm": 130.17, "id": 21021353, "lrpepxv": -1.0, "lrredundpairs": -1.0, "humanprotein_id": 15290, "vphfpdID": "003491.e1_195@1d4m_3.2"}, {"lrredund": 21.3884, "lrpepelmv": 6.3442, "hphfpdID": "001349.d2679_3055", "pdbset": null, "lrpepxh": -1.0, "finallr": 135.6925, "lrpepelmh": -1.0, "template": "2kyi:AB(0.56,0.52,73/145,18,15)", "viralprotein_id": 16422, "lrsm": 1.4802, "id": 21021497, "lrpepxv": -1.0, "lrredundpairs": -1.0, "humanprotein_id": 7312, "vphfpdID": "003491.e1_195@4q4x_3.19"}, {"lrredund": -1.0, "lrpepelmv": -1.0, "hphfpdID": "003972.e3168_3410", "pdbset": null, "lrpepxh": -1.0, "finallr": 130.17, "lrpepelmh": -1.0, "template": "1upn:CE(0.01,0.09,13/14,2,0)", "viralprotein_id": 16422, "lrsm": 130.17, "id": 21021669, "lrpepxv": -1.0, "lrredundpairs": -1.0, "humanprotein_id": 10967, "vphfpdID": "003491.e1_195@1h8t_C.9"}, {"lrredund": 21.3884, "lrpepelmv": -1.0, "hphfpdID": "016730", "pdbset": null, "lrpepxh": -1.0, "finallr": 208.1873, "lrpepelmh": -1.0, "template": "2lk5:AB(0.52,0.60,110/132,41,83)", "viralprotein_id": 16422, "lrsm": 9.7337, "id": 21022006, "lrpepxv": -1.0, "lrredundpairs": -1.0, "humanprotein_id": 6290, "vphfpdID": "003491.e1_195@5bno_C.1"}, {"lrredund": -1.0, "lrpepelmv": -1.0, "hphfpdID": "006161.e107_330", "pdbset": null, "lrpepxh": -1.0, "finallr": 130.17, "lrpepelmh": -1.0, "template": "1upn:CE(0.03,0.07,13/14,4,0)", "viralprotein_id": 16422, "lrsm": 130.17, "id": 21022489, "lrpepxv": -1.0, "lrredundpairs": -1.0, "humanprotein_id": 6793, "vphfpdID": "003491.e1_195@1d4m_3.2"}]