[{"lrredund": 21.3884, "lrpepelmv": 15.8041, "hphfpdID": "016615.d584_674", "pdbset": null, "lrpepxh": -1.0, "finallr": 338.0243, "lrpepelmh": -1.0, "template": "1fxk:AC(0.42,0.54,56/69,17,18)", "viralprotein_id": 13096, "lrsm": 1.3385, "id": 47674400, "lrpepxv": -1.0, "lrredundpairs": -1.0, "humanprotein_id": 5095, "vphfpdID": "000861"}, {"lrredund": 21.3884, "lrpepelmv": 15.8041, "hphfpdID": "016613.e557_714", "pdbset": null, "lrpepxh": -1.0, "finallr": 338.0243, "lrpepelmh": -1.0, "template": "2nlc:BC(0.42,0.50,8/8,4,1)", "viralprotein_id": 13096, "lrsm": 1.3385, "id": 47676446, "lrpepxv": -1.0, "lrredundpairs": -1.0, "humanprotein_id": 5161, "vphfpdID": "000861"}, {"lrredund": 19.2898, "lrpepelmv": 15.8041, "hphfpdID": "016466.e142_262", "pdbset": null, "lrpepxh": -1.0, "finallr": 304.8578, "lrpepelmh": -1.0, "template": "", "viralprotein_id": 13096, "lrsm": -1.0, "id": 47678315, "lrpepxv": -1.0, "lrredundpairs": -1.0, "humanprotein_id": 3727, "vphfpdID": "000861"}, {"lrredund": 15.8699, "lrpepelmv": 13.5077, "hphfpdID": "001509.e1_53", "pdbset": null, "lrpepxh": -1.0, "finallr": 214.3656, "lrpepelmh": -1.0, "template": "3qhs:JI(0.31,0.28,6/82,4,1)", "viralprotein_id": 13096, "lrsm": 1.8315, "id": 47679109, "lrpepxv": -1.0, "lrredundpairs": -1.0, "humanprotein_id": 2598, "vphfpdID": "000861"}, {"lrredund": 15.8699, "lrpepelmv": 6.3442, "hphfpdID": "001349.d2679_3055", "pdbset": null, "lrpepxh": -1.0, "finallr": 100.682, "lrpepelmh": -1.0, "template": "1jy4:AB(0.54,0.34,40/40,11,9)", "viralprotein_id": 13096, "lrsm": 1.3385, "id": 47681109, "lrpepxv": -1.0, "lrredundpairs": -1.0, "humanprotein_id": 7312, "vphfpdID": "000861"}, {"lrredund": 19.2898, "lrpepelmv": 15.8041, "hphfpdID": "007144.d1_56", "pdbset": null, "lrpepxh": -1.0, "finallr": 304.8578, "lrpepelmh": -1.0, "template": "3bdu:EF(0.32,0.24,21/51,12,5)", "viralprotein_id": 13096, "lrsm": 2.2022, "id": 47682770, "lrpepxv": -1.0, "lrredundpairs": -1.0, "humanprotein_id": 6385, "vphfpdID": "000861"}, {"lrredund": -1.0, "lrpepelmv": 137.2032, "hphfpdID": "000006", "pdbset": null, "lrpepxh": -1.0, "finallr": 137.2032, "lrpepelmh": -1.0, "template": "3q15:CA(0.57,0.41,8/88,4,0)", "viralprotein_id": 13097, "lrsm": 1.02, "id": 16174307, "lrpepxv": -1.0, "lrredundpairs": -1.0, "humanprotein_id": 4514, "vphfpdID": "000862.d1361_2051"}, {"lrredund": -1.0, "lrpepelmv": 104.3713, "hphfpdID": "014178.e834_1026", "pdbset": null, "lrpepxh": -1.0, "finallr": 104.3713, "lrpepelmh": -1.0, "template": "2x48:AB(0.46,0.47,41/47,7,6)", "viralprotein_id": 13097, "lrsm": 1.3385, "id": 16176848, "lrpepxv": -1.0, "lrredundpairs": -1.0, "humanprotein_id": 7007, "vphfpdID": "000862.e1085_1326"}, {"lrredund": -1.0, "lrpepelmv": 137.2032, "hphfpdID": "000003", "pdbset": null, "lrpepxh": -1.0, "finallr": 137.2032, "lrpepelmh": -1.0, "template": "3q15:CA(0.57,0.40,8/88,3,0)", "viralprotein_id": 13097, "lrsm": 1.02, "id": 16178635, "lrpepxv": -1.0, "lrredundpairs": -1.0, "humanprotein_id": 6857, "vphfpdID": "000862.d1361_2051"}, {"lrredund": -1.0, "lrpepelmv": 137.2032, "hphfpdID": "000002", "pdbset": null, "lrpepxh": -1.0, "finallr": 137.2032, "lrpepelmh": -1.0, "template": "3q15:CA(0.57,0.43,7/88,4,1)", "viralprotein_id": 13097, "lrsm": 1.02, "id": 16178755, "lrpepxv": -1.0, "lrredundpairs": -1.0, "humanprotein_id": 6315, "vphfpdID": "000862.d1361_2051"}, {"lrredund": -1.0, "lrpepelmv": 137.2032, "hphfpdID": "000004", "pdbset": null, "lrpepxh": -1.0, "finallr": 137.2032, "lrpepelmh": -1.0, "template": "3q15:CA(0.57,0.41,11/88,4,1)", "viralprotein_id": 13097, "lrsm": 1.02, "id": 16179755, "lrpepxv": -1.0, "lrredundpairs": -1.0, "humanprotein_id": 6298, "vphfpdID": "000862.d1361_2051"}, {"lrredund": -1.0, "lrpepelmv": 104.3713, "hphfpdID": "014240.d115_228", "pdbset": null, "lrpepxh": -1.0, "finallr": 104.3713, "lrpepelmh": -1.0, "template": "3cjt:CJ(0.60,0.38,2/77,2,0)", "viralprotein_id": 13097, "lrsm": 1.02, "id": 16180979, "lrpepxv": -1.0, "lrredundpairs": -1.0, "humanprotein_id": 3056, "vphfpdID": "000862.e1188_2127"}, {"lrredund": -1.0, "lrpepelmv": 137.2032, "hphfpdID": "000001", "pdbset": null, "lrpepxh": -1.0, "finallr": 137.2032, "lrpepelmh": -1.0, "template": "3q15:CA(0.57,0.44,6/88,3,0)", "viralprotein_id": 13097, "lrsm": 0.9682, "id": 16181530, "lrpepxv": -1.0, "lrredundpairs": -1.0, "humanprotein_id": 4793, "vphfpdID": "000862.d1361_2051"}, {"lrredund": -1.0, "lrpepelmv": 137.2032, "hphfpdID": "000005", "pdbset": null, "lrpepxh": -1.0, "finallr": 137.2032, "lrpepelmh": -1.0, "template": "3q15:CA(0.57,0.44,14/88,4,0)", "viralprotein_id": 13097, "lrsm": 0.9682, "id": 16182125, "lrpepxv": -1.0, "lrredundpairs": -1.0, "humanprotein_id": 4794, "vphfpdID": "000862.d1361_2051"}, {"lrredund": -1.0, "lrpepelmv": 104.3713, "hphfpdID": "014176.e786_960", "pdbset": null, "lrpepxh": -1.0, "finallr": 104.3713, "lrpepelmh": -1.0, "template": "2x48:AB(0.46,0.47,41/47,10,5)", "viralprotein_id": 13097, "lrsm": 1.3385, "id": 16183246, "lrpepxv": -1.0, "lrredundpairs": -1.0, "humanprotein_id": 4582, "vphfpdID": "000862.e1085_1326"}, {"lrredund": -1.0, "lrpepelmv": 137.2032, "hphfpdID": "000007", "pdbset": null, "lrpepxh": -1.0, "finallr": 137.2032, "lrpepelmh": -1.0, "template": "3q15:CA(0.57,0.42,14/88,5,0)", "viralprotein_id": 13097, "lrsm": 1.02, "id": 16185568, "lrpepxv": -1.0, "lrredundpairs": -1.0, "humanprotein_id": 6393, "vphfpdID": "000862.d1361_2051"}, {"lrredund": 15.8699, "lrpepelmv": 15.8041, "hphfpdID": "016466.e85_146", "pdbset": null, "lrpepxh": -1.0, "finallr": 250.8094, "lrpepelmh": -1.0, "template": "1csk:AB(0.56,0.06,27/42,21,17)", "viralprotein_id": 13100, "lrsm": 2.0697, "id": 9145608, "lrpepxv": -1.0, "lrredundpairs": -1.0, "humanprotein_id": 3727, "vphfpdID": "000865@3oa1_A.1"}, {"lrredund": 21.3884, "lrpepelmv": 9.677, "hphfpdID": "001751.e1_73", "pdbset": null, "lrpepxh": -1.0, "finallr": 206.9754, "lrpepelmh": -1.0, "template": "2kdd:BA(0.40,0.58,92/214,35,45)", "viralprotein_id": 13100, "lrsm": 1.7316, "id": 9145993, "lrpepxv": -1.0, "lrredundpairs": -1.0, "humanprotein_id": 5041, "vphfpdID": "000865@3oa1_A.1"}, {"lrredund": 21.3884, "lrpepelmv": 15.8041, "hphfpdID": "016615.d584_674", "pdbset": null, "lrpepxh": -1.0, "finallr": 338.0243, "lrpepelmh": -1.0, "template": "2kdd:BA(0.40,0.51,78/214,32,42)", "viralprotein_id": 13100, "lrsm": 1.6809, "id": 9146048, "lrpepxv": -1.0, "lrredundpairs": -1.0, "humanprotein_id": 5095, "vphfpdID": "000865@3oa1_A.1"}, {"lrredund": 15.8699, "lrpepelmv": 15.8041, "hphfpdID": "007144.d1_56", "pdbset": null, "lrpepxh": -1.0, "finallr": 250.8094, "lrpepelmh": -1.0, "template": "1csk:AB(0.56,0.04,19/42,15,12)", "viralprotein_id": 13100, "lrsm": 2.2022, "id": 9146468, "lrpepxv": -1.0, "lrredundpairs": -1.0, "humanprotein_id": 6385, "vphfpdID": "000865@3oa1_A.1"}, {"lrredund": 21.3884, "lrpepelmv": 15.8041, "hphfpdID": "016613.e557_714", "pdbset": null, "lrpepxh": -1.0, "finallr": 338.0243, "lrpepelmh": -1.0, "template": "2kdd:BA(0.40,0.57,73/214,24,14)", "viralprotein_id": 13100, "lrsm": 1.6809, "id": 9147117, "lrpepxv": -1.0, "lrredundpairs": -1.0, "humanprotein_id": 5161, "vphfpdID": "000865@3oa1_A.1"}, {"lrredund": 3.5815, "lrpepelmv": 72.805, "hphfpdID": "000001", "pdbset": null, "lrpepxh": -1.0, "finallr": 260.751, "lrpepelmh": -1.0, "template": "", "viralprotein_id": 13098, "lrsm": -1.0, "id": 84678604, "lrpepxv": -1.0, "lrredundpairs": -1.0, "humanprotein_id": 4793, "vphfpdID": "000863"}, {"lrredund": 2.3254, "lrpepelmv": 72.805, "hphfpdID": "000005", "pdbset": null, "lrpepxh": -1.0, "finallr": 169.3006, "lrpepelmh": -1.0, "template": "", "viralprotein_id": 13098, "lrsm": -1.0, "id": 84678737, "lrpepxv": -1.0, "lrredundpairs": -1.0, "humanprotein_id": 4794, "vphfpdID": "000863"}, {"lrredund": 15.8699, "lrpepelmv": 14.9984, "hphfpdID": "016466.e85_146", "pdbset": null, "lrpepxh": -1.0, "finallr": 238.0224, "lrpepelmh": -1.0, "template": "4esr:BA(0.48,0.07,19/38,7,3)", "viralprotein_id": 13098, "lrsm": 2.2022, "id": 84679618, "lrpepxv": -1.0, "lrredundpairs": -1.0, "humanprotein_id": 3727, "vphfpdID": "000863.d12_480"}, {"lrredund": 21.3884, "lrpepelmv": -1.0, "hphfpdID": "010507", "pdbset": null, "lrpepxh": -1.0, "finallr": 108.061, "lrpepelmh": -1.0, "template": "2oqb:AB(0.59,0.43,130/226,41,30)", "viralprotein_id": 13098, "lrsm": 5.0523, "id": 84679670, "lrpepxv": -1.0, "lrredundpairs": -1.0, "humanprotein_id": 4475, "vphfpdID": "000863"}, {"lrredund": 2.0764, "lrpepelmv": 72.805, "hphfpdID": "000003", "pdbset": null, "lrpepxh": -1.0, "finallr": 151.1722, "lrpepelmh": -1.0, "template": "", "viralprotein_id": 13098, "lrsm": -1.0, "id": 84680002, "lrpepxv": -1.0, "lrredundpairs": -1.0, "humanprotein_id": 6857, "vphfpdID": "000863"}, {"lrredund": 15.8699, "lrpepelmv": 9.677, "hphfpdID": "001751", "pdbset": null, "lrpepxh": -1.0, "finallr": 153.5729, "lrpepelmh": -1.0, "template": "", "viralprotein_id": 13098, "lrsm": -1.0, "id": 84680845, "lrpepxv": -1.0, "lrredundpairs": -1.0, "humanprotein_id": 5041, "vphfpdID": "000863"}, {"lrredund": 15.8699, "lrpepelmv": 14.9984, "hphfpdID": "007144.d1_56", "pdbset": null, "lrpepxh": -1.0, "finallr": 238.0224, "lrpepelmh": -1.0, "template": "4esr:BA(0.48,0.04,17/38,7,2)", "viralprotein_id": 13098, "lrsm": 2.2022, "id": 84681906, "lrpepxv": -1.0, "lrredundpairs": -1.0, "humanprotein_id": 6385, "vphfpdID": "000863.d12_480"}, {"lrredund": 4.2492, "lrpepelmv": 72.805, "hphfpdID": "000004", "pdbset": null, "lrpepxh": -1.0, "finallr": 309.3629, "lrpepelmh": -1.0, "template": "", "viralprotein_id": 13098, "lrsm": -1.0, "id": 84683098, "lrpepxv": -1.0, "lrredundpairs": -1.0, "humanprotein_id": 6298, "vphfpdID": "000863"}, {"lrredund": 15.8699, "lrpepelmv": 72.805, "hphfpdID": "000007", "pdbset": null, "lrpepxh": -1.0, "finallr": 1155.407, "lrpepelmh": -1.0, "template": "", "viralprotein_id": 13098, "lrsm": -1.0, "id": 84683556, "lrpepxv": -1.0, "lrredundpairs": -1.0, "humanprotein_id": 6393, "vphfpdID": "000863"}, {"lrredund": 21.3884, "lrpepelmv": 14.0867, "hphfpdID": "016613.e122_316", "pdbset": null, "lrpepxh": -1.0, "finallr": 301.2919, "lrpepelmh": -1.0, "template": "2kgx:BA(0.47,0.38,56/101,15,13)", "viralprotein_id": 13098, "lrsm": 1.2265, "id": 84684350, "lrpepxv": -1.0, "lrredundpairs": -1.0, "humanprotein_id": 5161, "vphfpdID": "000863.d12_480"}, {"lrredund": 15.8699, "lrpepelmv": 72.805, "hphfpdID": "000002", "pdbset": null, "lrpepxh": -1.0, "finallr": 1155.407, "lrpepelmh": -1.0, "template": "2kgx:BA(0.47,0.52,27/101,18,15)", "viralprotein_id": 13098, "lrsm": 1.02, "id": 84684972, "lrpepxv": -1.0, "lrredundpairs": -1.0, "humanprotein_id": 6315, "vphfpdID": "000863.d12_480"}]