[{"lrredund": -1.0, "lrpepelmv": -1.0, "hphfpdID": "010596.e1_137", "pdbset": null, "lrpepxh": -1.0, "finallr": 130.3236, "lrpepelmh": -1.0, "template": "3v6z:FA(0.00,0.10,52/68,23,20)", "viralprotein_id": 13473, "lrsm": 169.0977, "id": 60771804, "lrpepxv": -1.0, "lrredundpairs": 0.7707, "humanprotein_id": 10269, "vphfpdID": "001234.d2_144@3v6z_E.5"}, {"lrredund": 21.3884, "lrpepelmv": -1.0, "hphfpdID": "015361.g301_432", "pdbset": null, "lrpepxh": -1.0, "finallr": 116.3786, "lrpepelmh": -1.0, "template": "3zo6:HI(0.22,0.55,99/168,50,80)", "viralprotein_id": 13473, "lrsm": 5.4412, "id": 60771973, "lrpepxv": -1.0, "lrredundpairs": -1.0, "humanprotein_id": 4370, "vphfpdID": "001234.d2_144@5gmz_A.7"}, {"lrredund": 21.3884, "lrpepelmv": -1.0, "hphfpdID": "017454.e670_835", "pdbset": null, "lrpepxh": -1.0, "finallr": 181.6986, "lrpepelmh": -1.0, "template": "1nvo:AB(0.50,0.45,135/157,41,49)", "viralprotein_id": 13473, "lrsm": 8.4952, "id": 60772165, "lrpepxv": -1.0, "lrredundpairs": -1.0, "humanprotein_id": 7296, "vphfpdID": "001234.d2_144@5d7y_A.3"}, {"lrredund": 20.9141, "lrpepelmv": -1.0, "hphfpdID": "016730", "pdbset": null, "lrpepxh": -1.0, "finallr": 113.7978, "lrpepelmh": -1.0, "template": "1wrd:AB(0.54,0.22,80/130,46,74)", "viralprotein_id": 13473, "lrsm": 5.4412, "id": 60772363, "lrpepxv": -1.0, "lrredundpairs": 20.9141, "humanprotein_id": 6290, "vphfpdID": "001234.d2_144@3j2v_A.1"}, {"lrredund": 4.2492, "lrpepelmv": 14.9984, "hphfpdID": "000278.d1006_1130", "pdbset": null, "lrpepxh": -1.0, "finallr": 107.2347, "lrpepelmh": -1.0, "template": "1qgt:AC(0.01,0.18,6/164,7,4)", "viralprotein_id": 13473, "lrsm": 25.2364, "id": 60772830, "lrpepxv": -1.0, "lrredundpairs": 3.8142, "humanprotein_id": 2710, "vphfpdID": "001234.d2_144@5d7y_A.3"}, {"lrredund": 21.3884, "lrpepelmv": -1.0, "hphfpdID": "007744.d3_607", "pdbset": null, "lrpepxh": -1.0, "finallr": 393.8285, "lrpepelmh": -1.0, "template": "3fzh:BA(0.35,0.24,77/81,41,50)", "viralprotein_id": 13473, "lrsm": 18.4132, "id": 60773021, "lrpepxv": -1.0, "lrredundpairs": 0.7707, "humanprotein_id": 4876, "vphfpdID": "001234.d2_144@5e0i_A.6"}, {"lrredund": 20.9141, "lrpepelmv": 14.9984, "hphfpdID": "016466.e85_146", "pdbset": null, "lrpepxh": -1.0, "finallr": 313.6772, "lrpepelmh": -1.0, "template": "1wr6:CF(0.60,0.52,21/28,15,17)", "viralprotein_id": 13473, "lrsm": 1.1641, "id": 60773028, "lrpepxv": -1.0, "lrredundpairs": 20.9141, "humanprotein_id": 3727, "vphfpdID": "001234.d2_144@5gmz_A.7"}, {"lrredund": -1.0, "lrpepelmv": -1.0, "hphfpdID": "001293.d67_141", "pdbset": null, "lrpepxh": -1.0, "finallr": 210.1762, "lrpepelmh": -1.0, "template": "3zo6:IJ(0.14,0.05,160/181,72,119)", "viralprotein_id": 13473, "lrsm": 210.1762, "id": 60773110, "lrpepxv": -1.0, "lrredundpairs": -1.0, "humanprotein_id": 6897, "vphfpdID": "001234.d2_144@5gmz_A.7"}, {"lrredund": 19.2898, "lrpepelmv": -1.0, "hphfpdID": "004076.d589_668", "pdbset": null, "lrpepxh": -1.0, "finallr": 235.468, "lrpepelmh": -1.0, "template": "2kik:BA(0.35,0.38,118/144,43,79)", "viralprotein_id": 13473, "lrsm": 12.2069, "id": 60773855, "lrpepxv": -1.0, "lrredundpairs": -1.0, "humanprotein_id": 4894, "vphfpdID": "001234.d2_144@3v6z_E.5"}, {"lrredund": 21.3884, "lrpepelmv": -1.0, "hphfpdID": "007197.e1_403", "pdbset": null, "lrpepxh": -1.0, "finallr": 393.8285, "lrpepelmh": -1.0, "template": "3fzh:BA(0.49,0.11,80/81,43,53)", "viralprotein_id": 13473, "lrsm": 18.4132, "id": 60773927, "lrpepxv": -1.0, "lrredundpairs": 0.7707, "humanprotein_id": 3620, "vphfpdID": "001234.d2_144@3j2v_A.1"}, {"lrredund": 21.3884, "lrpepelmv": 6.0558, "hphfpdID": "018111", "pdbset": null, "lrpepxh": -1.0, "finallr": 129.5228, "lrpepelmh": -1.0, "template": "2qkw:AB(0.51,0.46,44/77,26,30)", "viralprotein_id": 13473, "lrsm": 1.7387, "id": 60773971, "lrpepxv": -1.0, "lrredundpairs": 0.7707, "humanprotein_id": 15404, "vphfpdID": "001234.d2_144@5e0i_A.6"}, {"lrredund": 21.3884, "lrpepelmv": -1.0, "hphfpdID": "005354.d1048_1156", "pdbset": null, "lrpepxh": -1.0, "finallr": 539.7672, "lrpepelmh": -1.0, "template": "4nr4:AB(0.17,0.01,2/19,3,1)", "viralprotein_id": 13473, "lrsm": 25.2364, "id": 60774046, "lrpepxv": -1.0, "lrredundpairs": -1.0, "humanprotein_id": 7033, "vphfpdID": "001234.d2_144@5d7y_A.3"}, {"lrredund": 21.3884, "lrpepelmv": -1.0, "hphfpdID": "014262.e226_317", "pdbset": null, "lrpepxh": -1.0, "finallr": 216.2808, "lrpepelmh": -1.0, "template": "3zo6:IH(0.28,0.50,136/168,56,82)", "viralprotein_id": 13473, "lrsm": 10.1121, "id": 60774368, "lrpepxv": -1.0, "lrredundpairs": -1.0, "humanprotein_id": 5865, "vphfpdID": "001234.d2_144@3v6z_E.5"}, {"lrredund": 21.3884, "lrpepelmv": -1.0, "hphfpdID": "004136.d455_590", "pdbset": null, "lrpepxh": -1.0, "finallr": 175.5488, "lrpepelmh": -1.0, "template": "2x2v:DC(0.23,0.23,88/163,41,35)", "viralprotein_id": 13473, "lrsm": 8.2077, "id": 60774647, "lrpepxv": 2.59, "lrredundpairs": -1.0, "humanprotein_id": 7444, "vphfpdID": "001234.d2_144@5gmz_A.7"}, {"lrredund": 19.2898, "lrpepelmv": 14.0438, "hphfpdID": "016615.d83_292", "pdbset": null, "lrpepxh": -1.0, "finallr": 1288.285, "lrpepelmh": -1.0, "template": "1wr6:CD(0.60,0.36,59/60,41,51)", "viralprotein_id": 13473, "lrsm": 66.7858, "id": 60774923, "lrpepxv": -1.0, "lrredundpairs": -1.0, "humanprotein_id": 5095, "vphfpdID": "001234.d2_144@5gmz_A.7"}, {"lrredund": 20.9141, "lrpepelmv": -1.0, "hphfpdID": "018800.e1_115", "pdbset": null, "lrpepxh": -1.0, "finallr": 115.0004, "lrpepelmh": -1.0, "template": "3v6z:FA(0.00,0.30,28/68,10,8)", "viralprotein_id": 13473, "lrsm": 5.4987, "id": 60775015, "lrpepxv": -1.0, "lrredundpairs": 0.7707, "humanprotein_id": 4109, "vphfpdID": "001234.d2_144@3v6z_E.5"}, {"lrredund": 20.9141, "lrpepelmv": 6.0558, "hphfpdID": "002673.d115_219", "pdbset": null, "lrpepxh": -1.0, "finallr": 126.6506, "lrpepelmh": -1.0, "template": "2zjq:VQ(0.25,0.33,6/36,4,2)", "viralprotein_id": 13473, "lrsm": 1.8315, "id": 60775082, "lrpepxv": -1.0, "lrredundpairs": 20.9141, "humanprotein_id": 4427, "vphfpdID": "001234.d2_144@5e0i_A.6"}, {"lrredund": 2.409, "lrpepelmv": 96.2413, "hphfpdID": "000003", "pdbset": null, "lrpepxh": -1.0, "finallr": 231.8452, "lrpepelmh": -1.0, "template": "4hwh:DA(0.48,0.45,42/43,21,22)", "viralprotein_id": 13473, "lrsm": 2.6756, "id": 60775221, "lrpepxv": -1.0, "lrredundpairs": 0.7707, "humanprotein_id": 6857, "vphfpdID": "001234.d2_144@5gmz_A.7"}, {"lrredund": -1.0, "lrpepelmv": -1.0, "hphfpdID": "015809.e1_144", "pdbset": null, "lrpepxh": -1.0, "finallr": 100.322, "lrpepelmh": -1.0, "template": "3v6z:FB(0.00,0.07,41/46,14,3)", "viralprotein_id": 13473, "lrsm": 130.17, "id": 60775289, "lrpepxv": -1.0, "lrredundpairs": 0.7707, "humanprotein_id": 6462, "vphfpdID": "001234.d2_144@3v6z_E.5"}, {"lrredund": 4.2492, "lrpepelmv": 96.2413, "hphfpdID": "000004", "pdbset": null, "lrpepxh": -1.0, "finallr": 408.9483, "lrpepelmh": -1.0, "template": "3j2v:DC(0.11,0.60,149/288,58,34)", "viralprotein_id": 13473, "lrsm": 6.3361, "id": 60775559, "lrpepxv": -1.0, "lrredundpairs": 0.7707, "humanprotein_id": 6298, "vphfpdID": "001234.d2_144@5gmz_A.7"}, {"lrredund": 19.2898, "lrpepelmv": -1.0, "hphfpdID": "018501", "pdbset": null, "lrpepxh": -1.0, "finallr": 115.7521, "lrpepelmh": -1.0, "template": "1wr6:CF(0.34,0.05,28/28,17,16)", "viralprotein_id": 13473, "lrsm": 6.0007, "id": 60776779, "lrpepxv": -1.0, "lrredundpairs": 19.2898, "humanprotein_id": 1286, "vphfpdID": "001234.d2_144@2qij_A.2"}, {"lrredund": 21.3884, "lrpepelmv": 9.3373, "hphfpdID": "001349", "pdbset": null, "lrpepxh": -1.0, "finallr": 199.7102, "lrpepelmh": -1.0, "template": "", "viralprotein_id": 13473, "lrsm": -1.0, "id": 60777023, "lrpepxv": -1.0, "lrredundpairs": -1.0, "humanprotein_id": 7312, "vphfpdID": "001234@4g93_A.4"}, {"lrredund": 20.9141, "lrpepelmv": -1.0, "hphfpdID": "006178.e689_810", "pdbset": null, "lrpepxh": -1.0, "finallr": 115.0004, "lrpepelmh": -1.0, "template": "3v6z:FB(0.00,0.39,27/46,1,0)", "viralprotein_id": 13473, "lrsm": 5.4987, "id": 60777299, "lrpepxv": -1.0, "lrredundpairs": 0.7707, "humanprotein_id": 2856, "vphfpdID": "001234.d2_144@3v6z_E.5"}, {"lrredund": -1.0, "lrpepelmv": -1.0, "hphfpdID": "008083.e249_420", "pdbset": null, "lrpepxh": -1.0, "finallr": 169.0977, "lrpepelmh": -1.0, "template": "3v6z:FA(0.00,0.09,51/68,21,18)", "viralprotein_id": 13473, "lrsm": 169.0977, "id": 60777508, "lrpepxv": -1.0, "lrredundpairs": -1.0, "humanprotein_id": 1909, "vphfpdID": "001234.d2_144@3v6z_E.5"}, {"lrredund": 19.2898, "lrpepelmv": -1.0, "hphfpdID": "011519.g120_294", "pdbset": null, "lrpepxh": -1.0, "finallr": 134.6362, "lrpepelmh": -1.0, "template": "3j2v:DB(0.02,0.27,29/95,21,25)", "viralprotein_id": 13473, "lrsm": 6.9797, "id": 60777854, "lrpepxv": -1.0, "lrredundpairs": -1.0, "humanprotein_id": 3074, "vphfpdID": "001234.d2_144@3j2v_A.1"}, {"lrredund": 21.3884, "lrpepelmv": -1.0, "hphfpdID": "005567.e1_206", "pdbset": null, "lrpepxh": -1.0, "finallr": 116.3786, "lrpepelmh": -1.0, "template": "1wrd:AB(0.54,0.19,88/130,41,51)", "viralprotein_id": 13473, "lrsm": 5.4412, "id": 60778534, "lrpepxv": -1.0, "lrredundpairs": -1.0, "humanprotein_id": 3874, "vphfpdID": "001234.d2_144@3j2v_A.1"}, {"lrredund": 21.3884, "lrpepelmv": -1.0, "hphfpdID": "013775.g545_601", "pdbset": null, "lrpepxh": -1.0, "finallr": 116.3786, "lrpepelmh": -1.0, "template": "2x2v:BC(0.23,0.56,92/161,41,47)", "viralprotein_id": 13473, "lrsm": 5.4412, "id": 60778552, "lrpepxv": -1.0, "lrredundpairs": -1.0, "humanprotein_id": 15519, "vphfpdID": "001234.d2_144@5gmz_A.7"}, {"lrredund": 20.9141, "lrpepelmv": -1.0, "hphfpdID": "018500", "pdbset": null, "lrpepxh": -1.0, "finallr": 171.6559, "lrpepelmh": -1.0, "template": "1wrd:AB(0.54,0.04,78/130,43,67)", "viralprotein_id": 13473, "lrsm": 8.2077, "id": 60778589, "lrpepxv": -1.0, "lrredundpairs": 0.7707, "humanprotein_id": 3463, "vphfpdID": "001234.d2_144@3j2v_A.1"}, {"lrredund": 20.9141, "lrpepelmv": -1.0, "hphfpdID": "000172.d384_580", "pdbset": null, "lrpepxh": -1.0, "finallr": 487.581, "lrpepelmh": -1.0, "template": "2w5j:LM(0.52,0.22,182/221,60,90)", "viralprotein_id": 13473, "lrsm": 23.3135, "id": 60779042, "lrpepxv": -1.0, "lrredundpairs": 0.7707, "humanprotein_id": 2981, "vphfpdID": "001234@5d7y_A.3"}, {"lrredund": 4.2492, "lrpepelmv": -1.0, "hphfpdID": "000953.d134_259", "pdbset": null, "lrpepxh": -1.0, "finallr": 101.404, "lrpepelmh": -1.0, "template": "1qgt:DC(0.04,0.35,124/269,67,94)", "viralprotein_id": 13473, "lrsm": 23.8643, "id": 60779716, "lrpepxv": 3.84, "lrredundpairs": 0.7707, "humanprotein_id": 4431, "vphfpdID": "001234.d2_144@3j2v_A.1"}, {"lrredund": 21.3884, "lrpepelmv": -1.0, "hphfpdID": "010507.d93_206", "pdbset": null, "lrpepxh": -1.0, "finallr": 181.6986, "lrpepelmh": -1.0, "template": "1nvo:AB(0.50,0.42,127/157,41,73)", "viralprotein_id": 13473, "lrsm": 8.4952, "id": 60780078, "lrpepxv": -1.0, "lrredundpairs": -1.0, "humanprotein_id": 4475, "vphfpdID": "001234@5d7y_A.3"}, {"lrredund": 2.3254, "lrpepelmv": -1.0, "hphfpdID": "001507.e246_345", "pdbset": null, "lrpepxh": -1.0, "finallr": 155.3037, "lrpepelmh": -1.0, "template": "1wr6:CD(0.60,0.38,59/60,41,53)", "viralprotein_id": 13473, "lrsm": 66.7858, "id": 60780476, "lrpepxv": 2.59, "lrredundpairs": 1.1877, "humanprotein_id": 15673, "vphfpdID": "001234.d2_144@5gmz_A.7"}, {"lrredund": 21.3884, "lrpepelmv": 14.0438, "hphfpdID": "016613.e122_316", "pdbset": null, "lrpepxh": -1.0, "finallr": 300.3744, "lrpepelmh": -1.0, "template": "3zbh:DC(0.54,0.30,110/129,43,23)", "viralprotein_id": 13473, "lrsm": 10.255, "id": 60780737, "lrpepxv": -1.0, "lrredundpairs": -1.0, "humanprotein_id": 5161, "vphfpdID": "001234.d2_144@5gmz_A.7"}, {"lrredund": -1.0, "lrpepelmv": -1.0, "hphfpdID": "001295.d68_142", "pdbset": null, "lrpepxh": -1.0, "finallr": 210.1762, "lrpepelmh": -1.0, "template": "3zo6:IJ(0.14,0.05,160/181,72,119)", "viralprotein_id": 13473, "lrsm": 210.1762, "id": 60780791, "lrpepxv": -1.0, "lrredundpairs": -1.0, "humanprotein_id": 5384, "vphfpdID": "001234.d2_144@5gmz_A.7"}, {"lrredund": -1.0, "lrpepelmv": -1.0, "hphfpdID": "001289.d62_136", "pdbset": null, "lrpepxh": -1.0, "finallr": 210.1762, "lrpepelmh": -1.0, "template": "3zo6:IJ(0.14,0.05,160/181,72,119)", "viralprotein_id": 13473, "lrsm": 210.1762, "id": 60781364, "lrpepxv": -1.0, "lrredundpairs": -1.0, "humanprotein_id": 3027, "vphfpdID": "001234.d2_144@5gmz_A.7"}, {"lrredund": 20.9141, "lrpepelmv": 14.9984, "hphfpdID": "007144.d1_56", "pdbset": null, "lrpepxh": -1.0, "finallr": 313.6772, "lrpepelmh": -1.0, "template": "2wpd:JH(0.43,0.60,5/5,5,5)", "viralprotein_id": 13473, "lrsm": 1.2704, "id": 60781630, "lrpepxv": -1.0, "lrredundpairs": 20.9141, "humanprotein_id": 6385, "vphfpdID": "001234.d2_144@5gmz_A.7"}, {"lrredund": 4.2492, "lrpepelmv": -1.0, "hphfpdID": "007527.d406_501", "pdbset": null, "lrpepxh": -1.0, "finallr": 421.532, "lrpepelmh": -1.0, "template": "4bmg:CD(0.06,0.04,9/196,9,8)", "viralprotein_id": 13473, "lrsm": 99.2027, "id": 60781747, "lrpepxv": 3.84, "lrredundpairs": -1.0, "humanprotein_id": 1197, "vphfpdID": "001234.d2_144@5gmz_A.7"}, {"lrredund": 4.2492, "lrpepelmv": -1.0, "hphfpdID": "008086.e421_558", "pdbset": null, "lrpepxh": -1.0, "finallr": 128.9384, "lrpepelmh": -1.0, "template": "3v6z:FA(0.00,0.12,37/68,20,15)", "viralprotein_id": 13473, "lrsm": 30.3442, "id": 60781821, "lrpepxv": -1.0, "lrredundpairs": 0.7707, "humanprotein_id": 14249, "vphfpdID": "001234.d2_144@3v6z_E.5"}, {"lrredund": 21.3884, "lrpepelmv": 96.2413, "hphfpdID": "000006", "pdbset": null, "lrpepxh": -1.0, "finallr": 2058.446, "lrpepelmh": -1.0, "template": "3qw1:DA(0.56,0.50,54/64,22,2)", "viralprotein_id": 13473, "lrsm": 2.5395, "id": 60782209, "lrpepxv": -1.0, "lrredundpairs": 0.7707, "humanprotein_id": 4514, "vphfpdID": "001234.d2_144@3v6z_E.5"}, {"lrredund": 20.9141, "lrpepelmv": 96.2413, "hphfpdID": "000007", "pdbset": null, "lrpepxh": -1.0, "finallr": 2012.799, "lrpepelmh": -1.0, "template": "2x2v:FG(0.25,0.59,140/161,42,27)", "viralprotein_id": 13473, "lrsm": 8.4952, "id": 60782406, "lrpepxv": -1.0, "lrredundpairs": 0.7707, "humanprotein_id": 6393, "vphfpdID": "001234.d2_144@3v6z_E.5"}, {"lrredund": 21.3884, "lrpepelmv": -1.0, "hphfpdID": "016869.e1196_1264", "pdbset": null, "lrpepxh": -1.0, "finallr": 261.0853, "lrpepelmh": -1.0, "template": "1u7j:AB(0.53,0.14,119/147,56,92)", "viralprotein_id": 13473, "lrsm": 12.2069, "id": 60782603, "lrpepxv": -1.0, "lrredundpairs": -1.0, "humanprotein_id": 4495, "vphfpdID": "001234.d2_144@5gmz_A.7"}, {"lrredund": -1.0, "lrpepelmv": -1.0, "hphfpdID": "018366", "pdbset": null, "lrpepxh": -1.0, "finallr": 100.322, "lrpepelmh": -1.0, "template": "3v6z:FB(0.00,0.05,41/46,15,3)", "viralprotein_id": 13473, "lrsm": 130.17, "id": 60782678, "lrpepxv": -1.0, "lrredundpairs": 0.7707, "humanprotein_id": 2895, "vphfpdID": "001234.d2_144@3v6z_E.5"}, {"lrredund": -1.0, "lrpepelmv": -1.0, "hphfpdID": "018356.e1_135", "pdbset": null, "lrpepxh": -1.0, "finallr": 119.2807, "lrpepelmh": -1.0, "template": "3v6z:FB(0.00,0.06,32/46,12,1)", "viralprotein_id": 13473, "lrsm": 119.2807, "id": 60782682, "lrpepxv": -1.0, "lrredundpairs": -1.0, "humanprotein_id": 18427, "vphfpdID": "001234.d2_144@3v6z_E.5"}, {"lrredund": 19.2898, "lrpepelmv": 6.0558, "hphfpdID": "003962", "pdbset": null, "lrpepxh": -1.0, "finallr": 116.8142, "lrpepelmh": -1.0, "template": "", "viralprotein_id": 13473, "lrsm": -1.0, "id": 60782729, "lrpepxv": -1.0, "lrredundpairs": 0.7707, "humanprotein_id": 6447, "vphfpdID": "001234@3j2v_A.1"}, {"lrredund": 20.9141, "lrpepelmv": 13.5077, "hphfpdID": "001509", "pdbset": null, "lrpepxh": -1.0, "finallr": 319.0095, "lrpepelmh": -1.0, "template": "2x2v:AB(0.24,0.34,134/165,42,36)", "viralprotein_id": 13473, "lrsm": 15.2533, "id": 60782777, "lrpepxv": -1.0, "lrredundpairs": 1.1877, "humanprotein_id": 2598, "vphfpdID": "001234.d2_144@2qij_A.2"}, {"lrredund": 21.3884, "lrpepelmv": 9.677, "hphfpdID": "001751.e1_73", "pdbset": null, "lrpepxh": -1.0, "finallr": 206.9754, "lrpepelmh": -1.0, "template": "1eoh:BA(0.55,0.51,56/128,27,27)", "viralprotein_id": 13473, "lrsm": 1.6503, "id": 60783188, "lrpepxv": -1.0, "lrredundpairs": 0.7707, "humanprotein_id": 5041, "vphfpdID": "001234.d2_144@3v6z_E.5"}, {"lrredund": 4.2492, "lrpepelmv": 96.2413, "hphfpdID": "000001", "pdbset": null, "lrpepxh": -1.0, "finallr": 408.9483, "lrpepelmh": -1.0, "template": "1nvo:BA(0.32,0.57,129/157,34,21)", "viralprotein_id": 13473, "lrsm": 3.4243, "id": 60783802, "lrpepxv": -1.0, "lrredundpairs": 0.7707, "humanprotein_id": 4793, "vphfpdID": "001234.d2_144@5e0i_A.6"}, {"lrredund": 2.3254, "lrpepelmv": -1.0, "hphfpdID": "014599", "pdbset": null, "lrpepxh": -1.0, "finallr": 147.4077, "lrpepelmh": -1.0, "template": "1wr6:CD(0.60,0.59,57/60,41,52)", "viralprotein_id": 13473, "lrsm": 63.3903, "id": 60784055, "lrpepxv": -1.0, "lrredundpairs": 2.0764, "humanprotein_id": 5193, "vphfpdID": "001234.d2_144@5gmz_A.7"}, {"lrredund": 20.9141, "lrpepelmv": -1.0, "hphfpdID": "005478", "pdbset": null, "lrpepxh": -1.0, "finallr": 168.6361, "lrpepelmh": -1.0, "template": "1u7j:AB(0.53,0.51,125/147,43,35)", "viralprotein_id": 13473, "lrsm": 8.0633, "id": 60784523, "lrpepxv": -1.0, "lrredundpairs": 1.373, "humanprotein_id": 2880, "vphfpdID": "001234.d2_144@5gmz_A.7"}, {"lrredund": 2.409, "lrpepelmv": 96.2413, "hphfpdID": "000005", "pdbset": null, "lrpepxh": -1.0, "finallr": 231.8452, "lrpepelmh": -1.0, "template": "1wr6:CD(0.60,0.57,57/60,31,28)", "viralprotein_id": 13473, "lrsm": 2.5395, "id": 60784810, "lrpepxv": -1.0, "lrredundpairs": 0.7707, "humanprotein_id": 4794, "vphfpdID": "001234.d2_144@5gmz_A.7"}, {"lrredund": 20.9141, "lrpepelmv": -1.0, "hphfpdID": "004138.d421_563", "pdbset": null, "lrpepxh": -1.0, "finallr": 168.6361, "lrpepelmh": -1.0, "template": "1nvo:AB(0.52,0.58,127/157,41,27)", "viralprotein_id": 13473, "lrsm": 8.0633, "id": 60785276, "lrpepxv": -1.0, "lrredundpairs": -1.0, "humanprotein_id": 7446, "vphfpdID": "001234@2qij_A.2"}, {"lrredund": -1.0, "lrpepelmv": -1.0, "hphfpdID": "002626", "pdbset": null, "lrpepxh": -1.0, "finallr": 100.322, "lrpepelmh": -1.0, "template": "3v6z:FB(0.00,0.09,38/46,14,3)", "viralprotein_id": 13473, "lrsm": 130.17, "id": 60785373, "lrpepxv": -1.0, "lrredundpairs": 0.7707, "humanprotein_id": 2804, "vphfpdID": "001234.d2_144@3v6z_E.5"}, {"lrredund": -1.0, "lrpepelmv": -1.0, "hphfpdID": "010594.e1_154", "pdbset": null, "lrpepxh": -1.0, "finallr": 130.3236, "lrpepelmh": -1.0, "template": "3v6z:FA(0.00,0.07,52/68,21,20)", "viralprotein_id": 13473, "lrsm": 169.0977, "id": 60785438, "lrpepxv": -1.0, "lrredundpairs": 0.7707, "humanprotein_id": 2448, "vphfpdID": "001234.d2_144@3v6z_E.5"}, {"lrredund": -1.0, "lrpepelmv": -1.0, "hphfpdID": "015902.e1_143", "pdbset": null, "lrpepxh": -1.0, "finallr": 100.322, "lrpepelmh": -1.0, "template": "3v6z:FB(0.00,0.08,41/46,16,3)", "viralprotein_id": 13473, "lrsm": 130.17, "id": 60786003, "lrpepxv": -1.0, "lrredundpairs": 0.7707, "humanprotein_id": 9335, "vphfpdID": "001234.d2_144@3v6z_E.5"}, {"lrredund": 21.3884, "lrpepelmv": -1.0, "hphfpdID": "007747.d6_381", "pdbset": null, "lrpepxh": -1.0, "finallr": 983.358, "lrpepelmh": -1.0, "template": "3fzh:BA(0.35,0.02,77/81,41,47)", "viralprotein_id": 13473, "lrsm": 45.9762, "id": 60786081, "lrpepxv": -1.0, "lrredundpairs": 0.7707, "humanprotein_id": 3627, "vphfpdID": "001234.d2_144@5e0i_A.6"}, {"lrredund": 20.9141, "lrpepelmv": 96.2413, "hphfpdID": "000002", "pdbset": null, "lrpepxh": -1.0, "finallr": 2012.799, "lrpepelmh": -1.0, "template": "4hwd:DA(0.39,0.38,26/44,6,4)", "viralprotein_id": 13473, "lrsm": 1.4599, "id": 60786156, "lrpepxv": -1.0, "lrredundpairs": 0.7707, "humanprotein_id": 6315, "vphfpdID": "001234.d2_144@4g93_A.4"}, {"lrredund": -1.0, "lrpepelmv": -1.0, "hphfpdID": "011794.e1_150", "pdbset": null, "lrpepxh": -1.0, "finallr": 151.4063, "lrpepelmh": -1.0, "template": "2g34:AB(0.06,0.03,50/155,21,15)", "viralprotein_id": 13473, "lrsm": 151.4063, "id": 60786367, "lrpepxv": -1.0, "lrredundpairs": -1.0, "humanprotein_id": 4739, "vphfpdID": "001234@5d7y_A.3"}, {"lrredund": -1.0, "lrpepelmv": 13.5077, "hphfpdID": "006555.d202_296", "pdbset": null, "lrpepxh": -1.0, "finallr": 179.8253, "lrpepelmh": -1.0, "template": "1qgt:AD(0.01,0.08,29/151,22,26)", "viralprotein_id": 13473, "lrsm": 151.4063, "id": 60786442, "lrpepxv": -1.0, "lrredundpairs": 1.1877, "humanprotein_id": 1865, "vphfpdID": "001234.d2_144@5d7y_A.3"}, {"lrredund": -1.0, "lrpepelmv": -1.0, "hphfpdID": "016698.e1_146", "pdbset": null, "lrpepxh": -1.0, "finallr": 129.4254, "lrpepelmh": -1.0, "template": "1qgt:DC(0.02,0.17,85/269,41,48)", "viralprotein_id": 13473, "lrsm": 94.2647, "id": 60786534, "lrpepxv": -1.0, "lrredundpairs": 1.373, "humanprotein_id": 7299, "vphfpdID": "001234@5d7y_A.3"}, {"lrredund": -1.0, "lrpepelmv": 137.2032, "hphfpdID": "000007", "pdbset": null, "lrpepxh": -1.0, "finallr": 137.2032, "lrpepelmh": -1.0, "template": "", "viralprotein_id": 13475, "lrsm": -1.0, "id": 87983465, "lrpepxv": -1.0, "lrredundpairs": -1.0, "humanprotein_id": 6393, "vphfpdID": "001236"}, {"lrredund": -1.0, "lrpepelmv": 137.2032, "hphfpdID": "000001", "pdbset": null, "lrpepxh": -1.0, "finallr": 137.2032, "lrpepelmh": -1.0, "template": "", "viralprotein_id": 13475, "lrsm": -1.0, "id": 87983557, "lrpepxv": -1.0, "lrredundpairs": -1.0, "humanprotein_id": 4793, "vphfpdID": "001236"}, {"lrredund": -1.0, "lrpepelmv": 137.2032, "hphfpdID": "000006", "pdbset": null, "lrpepxh": -1.0, "finallr": 137.2032, "lrpepelmh": -1.0, "template": "", "viralprotein_id": 13475, "lrsm": -1.0, "id": 87983841, "lrpepxv": -1.0, "lrredundpairs": -1.0, "humanprotein_id": 4514, "vphfpdID": "001236"}, {"lrredund": -1.0, "lrpepelmv": 137.2032, "hphfpdID": "000005", "pdbset": null, "lrpepxh": -1.0, "finallr": 137.2032, "lrpepelmh": -1.0, "template": "", "viralprotein_id": 13475, "lrsm": -1.0, "id": 87983869, "lrpepxv": -1.0, "lrredundpairs": -1.0, "humanprotein_id": 4794, "vphfpdID": "001236"}, {"lrredund": -1.0, "lrpepelmv": 137.2032, "hphfpdID": "000002", "pdbset": null, "lrpepxh": -1.0, "finallr": 137.2032, "lrpepelmh": -1.0, "template": "", "viralprotein_id": 13475, "lrsm": -1.0, "id": 87983940, "lrpepxv": -1.0, "lrredundpairs": -1.0, "humanprotein_id": 6315, "vphfpdID": "001236"}, {"lrredund": -1.0, "lrpepelmv": 137.2032, "hphfpdID": "000004", "pdbset": null, "lrpepxh": -1.0, "finallr": 137.2032, "lrpepelmh": -1.0, "template": "", "viralprotein_id": 13475, "lrsm": -1.0, "id": 87984089, "lrpepxv": -1.0, "lrredundpairs": -1.0, "humanprotein_id": 6298, "vphfpdID": "001236"}, {"lrredund": -1.0, "lrpepelmv": 137.2032, "hphfpdID": "000003", "pdbset": null, "lrpepxh": -1.0, "finallr": 137.2032, "lrpepelmh": -1.0, "template": "", "viralprotein_id": 13475, "lrsm": -1.0, "id": 87984324, "lrpepxv": -1.0, "lrredundpairs": -1.0, "humanprotein_id": 6857, "vphfpdID": "001236"}, {"lrredund": 21.3884, "lrpepelmv": -1.0, "hphfpdID": "004136.d455_590", "pdbset": null, "lrpepxh": -1.0, "finallr": 166.0387, "lrpepelmh": -1.0, "template": "2x2v:GF(0.20,0.18,91/161,33,30)", "viralprotein_id": 13477, "lrsm": 7.763, "id": 94168914, "lrpepxv": -1.0, "lrredundpairs": -1.0, "humanprotein_id": 7444, "vphfpdID": "001238.e28_212@2qij_A.3"}, {"lrredund": 2.409, "lrpepelmv": 96.2413, "hphfpdID": "000003", "pdbset": null, "lrpepxh": -1.0, "finallr": 231.8452, "lrpepelmh": -1.0, "template": "1nvo:AB(0.52,0.53,142/157,42,40)", "viralprotein_id": 13477, "lrsm": 8.0633, "id": 94169130, "lrpepxv": -1.0, "lrredundpairs": 0.7707, "humanprotein_id": 6857, "vphfpdID": "001238.e28_212@2qij_A.3"}, {"lrredund": -1.0, "lrpepelmv": 13.5077, "hphfpdID": "006555.d202_296", "pdbset": null, "lrpepxh": -1.0, "finallr": 179.8253, "lrpepelmh": -1.0, "template": "1qgt:AD(0.01,0.08,29/151,22,26)", "viralprotein_id": 13477, "lrsm": 151.4063, "id": 94169691, "lrpepxv": -1.0, "lrredundpairs": 1.1877, "humanprotein_id": 1865, "vphfpdID": "001238.e28_212@5d7y_A.4"}, {"lrredund": -1.0, "lrpepelmv": -1.0, "hphfpdID": "018356.e1_135", "pdbset": null, "lrpepxh": -1.0, "finallr": 119.2807, "lrpepelmh": -1.0, "template": "3v6z:FB(0.00,0.06,32/46,14,3)", "viralprotein_id": 13477, "lrsm": 119.2807, "id": 94170041, "lrpepxv": -1.0, "lrredundpairs": -1.0, "humanprotein_id": 18427, "vphfpdID": "001238.e28_212@3v6z_E.2"}, {"lrredund": 4.2492, "lrpepelmv": -1.0, "hphfpdID": "000953.d134_259", "pdbset": null, "lrpepxh": -1.0, "finallr": 101.404, "lrpepelmh": -1.0, "template": "1qgt:DC(0.03,0.35,131/269,68,95)", "viralprotein_id": 13477, "lrsm": 23.8643, "id": 94170218, "lrpepxv": -1.0, "lrredundpairs": 0.7707, "humanprotein_id": 4431, "vphfpdID": "001238.e28_212@2qij_A.3"}, {"lrredund": 21.3884, "lrpepelmv": -1.0, "hphfpdID": "017454.e670_835", "pdbset": null, "lrpepxh": -1.0, "finallr": 181.6986, "lrpepelmh": -1.0, "template": "1u7j:AB(0.53,0.47,126/147,43,45)", "viralprotein_id": 13477, "lrsm": 8.4952, "id": 94170236, "lrpepxv": -1.0, "lrredundpairs": -1.0, "humanprotein_id": 7296, "vphfpdID": "001238.e28_212@5gmz_A.7"}, {"lrredund": 21.3884, "lrpepelmv": 6.0558, "hphfpdID": "003962.e1_324", "pdbset": null, "lrpepxh": -1.0, "finallr": 129.5228, "lrpepelmh": -1.0, "template": "", "viralprotein_id": 13477, "lrsm": -1.0, "id": 94170668, "lrpepxv": -1.0, "lrredundpairs": -1.0, "humanprotein_id": 6447, "vphfpdID": "001238@2qij_A.4"}, {"lrredund": 19.2898, "lrpepelmv": 14.0438, "hphfpdID": "016615.d83_292", "pdbset": null, "lrpepxh": -1.0, "finallr": 460.337, "lrpepelmh": -1.0, "template": "1qgt:DC(0.03,0.36,167/269,82,111)", "viralprotein_id": 13477, "lrsm": 23.8643, "id": 94170698, "lrpepxv": -1.0, "lrredundpairs": -1.0, "humanprotein_id": 5095, "vphfpdID": "001238.e28_212@2qij_A.3"}, {"lrredund": 19.2898, "lrpepelmv": 6.0558, "hphfpdID": "002673.d115_219", "pdbset": null, "lrpepxh": -1.0, "finallr": 116.8142, "lrpepelmh": -1.0, "template": "", "viralprotein_id": 13477, "lrsm": -1.0, "id": 94170981, "lrpepxv": -1.0, "lrredundpairs": 0.7707, "humanprotein_id": 4427, "vphfpdID": "001238@3j2v_A.2"}, {"lrredund": -1.0, "lrpepelmv": -1.0, "hphfpdID": "001295.d68_142", "pdbset": null, "lrpepxh": -1.0, "finallr": 210.1762, "lrpepelmh": -1.0, "template": "3zo6:IJ(0.14,0.05,160/181,66,102)", "viralprotein_id": 13477, "lrsm": 210.1762, "id": 94171226, "lrpepxv": -1.0, "lrredundpairs": -1.0, "humanprotein_id": 5384, "vphfpdID": "001238.e28_212@5gmz_A.7"}, {"lrredund": 4.2492, "lrpepelmv": 96.2413, "hphfpdID": "000001", "pdbset": null, "lrpepxh": -1.0, "finallr": 408.9483, "lrpepelmh": -1.0, "template": "4hwc:AC(0.55,0.41,17/18,11,14)", "viralprotein_id": 13477, "lrsm": 1.3385, "id": 94171673, "lrpepxv": -1.0, "lrredundpairs": 0.7707, "humanprotein_id": 4793, "vphfpdID": "001238.e28_212@4g93_A.5"}, {"lrredund": 19.2898, "lrpepelmv": -1.0, "hphfpdID": "007747.d6_381", "pdbset": null, "lrpepxh": -1.0, "finallr": 886.8723, "lrpepelmh": -1.0, "template": "3fzh:BA(0.35,0.02,77/81,41,50)", "viralprotein_id": 13477, "lrsm": 45.9762, "id": 94171769, "lrpepxv": -1.0, "lrredundpairs": 0.7707, "humanprotein_id": 3627, "vphfpdID": "001238.e28_212@5e0i_A.6"}, {"lrredund": 21.3884, "lrpepelmv": -1.0, "hphfpdID": "004138.d421_563", "pdbset": null, "lrpepxh": -1.0, "finallr": 172.4606, "lrpepelmh": -1.0, "template": "1nvo:AB(0.52,0.58,127/157,41,36)", "viralprotein_id": 13477, "lrsm": 8.0633, "id": 94172422, "lrpepxv": -1.0, "lrredundpairs": -1.0, "humanprotein_id": 7446, "vphfpdID": "001238.e28_212@2qij_A.3"}, {"lrredund": 21.3884, "lrpepelmv": -1.0, "hphfpdID": "005567.d9_86", "pdbset": null, "lrpepxh": -1.0, "finallr": 116.3786, "lrpepelmh": -1.0, "template": "1wrd:AB(0.59,0.14,80/130,41,59)", "viralprotein_id": 13477, "lrsm": 5.4412, "id": 94172439, "lrpepxv": -1.0, "lrredundpairs": -1.0, "humanprotein_id": 3874, "vphfpdID": "001238.e28_212@3j2v_A.1"}, {"lrredund": 21.3884, "lrpepelmv": 9.3373, "hphfpdID": "001349", "pdbset": null, "lrpepxh": -1.0, "finallr": 199.7102, "lrpepelmh": -1.0, "template": "", "viralprotein_id": 13477, "lrsm": -1.0, "id": 94172803, "lrpepxv": -1.0, "lrredundpairs": -1.0, "humanprotein_id": 7312, "vphfpdID": "001238@2qij_A.4"}, {"lrredund": 21.3884, "lrpepelmv": -1.0, "hphfpdID": "007197.e1_403", "pdbset": null, "lrpepxh": -1.0, "finallr": 393.8285, "lrpepelmh": -1.0, "template": "3fzm:BA(0.52,0.08,86/86,42,52)", "viralprotein_id": 13477, "lrsm": 18.4132, "id": 94173015, "lrpepxv": -1.0, "lrredundpairs": 0.7707, "humanprotein_id": 3620, "vphfpdID": "001238.e28_212@3j2v_A.1"}, {"lrredund": 21.3884, "lrpepelmv": -1.0, "hphfpdID": "005354.d1048_1156", "pdbset": null, "lrpepxh": -1.0, "finallr": 539.7672, "lrpepelmh": -1.0, "template": "4nr4:AB(0.17,0.01,2/19,3,1)", "viralprotein_id": 13477, "lrsm": 25.2364, "id": 94173272, "lrpepxv": -1.0, "lrredundpairs": -1.0, "humanprotein_id": 7033, "vphfpdID": "001238.e28_212@5d7y_A.4"}, {"lrredund": 19.2898, "lrpepelmv": -1.0, "hphfpdID": "018501", "pdbset": null, "lrpepxh": -1.0, "finallr": 115.7521, "lrpepelmh": -1.0, "template": "1wr6:CF(0.34,0.05,28/28,19,25)", "viralprotein_id": 13477, "lrsm": 6.0007, "id": 94173536, "lrpepxv": -1.0, "lrredundpairs": 19.2898, "humanprotein_id": 1286, "vphfpdID": "001238.e28_212@2qij_A.3"}, {"lrredund": -1.0, "lrpepelmv": -1.0, "hphfpdID": "008083.e249_420", "pdbset": null, "lrpepxh": -1.0, "finallr": 119.2807, "lrpepelmh": -1.0, "template": "3v6z:FA(0.00,0.09,51/68,19,15)", "viralprotein_id": 13477, "lrsm": 119.2807, "id": 94173683, "lrpepxv": -1.0, "lrredundpairs": -1.0, "humanprotein_id": 1909, "vphfpdID": "001238.e28_212@3v6z_E.2"}, {"lrredund": 19.2898, "lrpepelmv": 96.2413, "hphfpdID": "000006", "pdbset": null, "lrpepxh": -1.0, "finallr": 1856.474, "lrpepelmh": -1.0, "template": "4hwd:DA(0.40,0.38,36/44,21,20)", "viralprotein_id": 13477, "lrsm": 3.1848, "id": 94174886, "lrpepxv": -1.0, "lrredundpairs": 0.7707, "humanprotein_id": 4514, "vphfpdID": "001238.e28_212@4g93_A.5"}, {"lrredund": 19.2898, "lrpepelmv": 96.2413, "hphfpdID": "000002", "pdbset": null, "lrpepxh": -1.0, "finallr": 1856.474, "lrpepelmh": -1.0, "template": "1nvo:AB(0.50,0.49,138/157,47,52)", "viralprotein_id": 13477, "lrsm": 8.4952, "id": 94175230, "lrpepxv": -1.0, "lrredundpairs": 0.7707, "humanprotein_id": 6315, "vphfpdID": "001238.e28_212@5d7y_A.4"}, {"lrredund": -1.0, "lrpepelmv": -1.0, "hphfpdID": "001289.d62_136", "pdbset": null, "lrpepxh": -1.0, "finallr": 210.1762, "lrpepelmh": -1.0, "template": "3zo6:IJ(0.14,0.05,160/181,66,102)", "viralprotein_id": 13477, "lrsm": 210.1762, "id": 94175293, "lrpepxv": -1.0, "lrredundpairs": -1.0, "humanprotein_id": 3027, "vphfpdID": "001238.e28_212@5gmz_A.7"}, {"lrredund": 21.3884, "lrpepelmv": 14.9984, "hphfpdID": "016466.e142_262", "pdbset": null, "lrpepxh": -1.0, "finallr": 320.7909, "lrpepelmh": -1.0, "template": "2z3r:CB(0.42,0.45,21/25,9,3)", "viralprotein_id": 13477, "lrsm": 1.3385, "id": 94175528, "lrpepxv": -1.0, "lrredundpairs": 20.9141, "humanprotein_id": 3727, "vphfpdID": "001238.e28_212@5d7y_A.4"}, {"lrredund": 20.9141, "lrpepelmv": -1.0, "hphfpdID": "000172.d384_580", "pdbset": null, "lrpepxh": -1.0, "finallr": 487.581, "lrpepelmh": -1.0, "template": "2w5j:LM(0.51,0.22,181/221,61,89)", "viralprotein_id": 13477, "lrsm": 23.3135, "id": 94175583, "lrpepxv": -1.0, "lrredundpairs": 0.7707, "humanprotein_id": 2981, "vphfpdID": "001238.e28_212@5d7y_A.4"}, {"lrredund": 21.3884, "lrpepelmv": -1.0, "hphfpdID": "004076.d108_222", "pdbset": null, "lrpepxh": -1.0, "finallr": 219.339, "lrpepelmh": -1.0, "template": "1u7j:AB(0.53,0.44,119/147,46,82)", "viralprotein_id": 13477, "lrsm": 10.255, "id": 94175738, "lrpepxv": -1.0, "lrredundpairs": -1.0, "humanprotein_id": 4894, "vphfpdID": "001238.e28_212@5gmz_A.7"}, {"lrredund": -1.0, "lrpepelmv": -1.0, "hphfpdID": "018366", "pdbset": null, "lrpepxh": -1.0, "finallr": 100.322, "lrpepelmh": -1.0, "template": "3v6z:FB(0.00,0.05,41/46,17,7)", "viralprotein_id": 13477, "lrsm": 130.17, "id": 94176385, "lrpepxv": -1.0, "lrredundpairs": 0.7707, "humanprotein_id": 2895, "vphfpdID": "001238.e28_212@3v6z_E.2"}, {"lrredund": 21.3884, "lrpepelmv": 9.677, "hphfpdID": "001751.e1_73", "pdbset": null, "lrpepxh": -1.0, "finallr": 206.9754, "lrpepelmh": -1.0, "template": "1gvn:AB(0.49,0.52,1/132,2,1)", "viralprotein_id": 13477, "lrsm": 0.9682, "id": 94176559, "lrpepxv": -1.0, "lrredundpairs": 0.7707, "humanprotein_id": 5041, "vphfpdID": "001238.e28_212@4g93_A.5"}, {"lrredund": 19.2898, "lrpepelmv": -1.0, "hphfpdID": "006178.e689_810", "pdbset": null, "lrpepxh": -1.0, "finallr": 106.0689, "lrpepelmh": -1.0, "template": "3v6z:FB(0.00,0.39,27/46,3,0)", "viralprotein_id": 13477, "lrsm": 5.4987, "id": 94176932, "lrpepxv": -1.0, "lrredundpairs": 0.7707, "humanprotein_id": 2856, "vphfpdID": "001238.e28_212@3v6z_E.2"}, {"lrredund": 21.3884, "lrpepelmv": 14.9984, "hphfpdID": "007144", "pdbset": null, "lrpepxh": -1.0, "finallr": 320.7909, "lrpepelmh": -1.0, "template": "4me7:EA(0.41,0.32,11/50,6,1)", "viralprotein_id": 13477, "lrsm": 1.2142, "id": 94177504, "lrpepxv": -1.0, "lrredundpairs": 19.2898, "humanprotein_id": 6385, "vphfpdID": "001238.e28_212@5d7y_A.4"}, {"lrredund": 20.9141, "lrpepelmv": -1.0, "hphfpdID": "018500", "pdbset": null, "lrpepxh": -1.0, "finallr": 125.499, "lrpepelmh": -1.0, "template": "1wr6:CF(0.34,0.05,28/28,15,20)", "viralprotein_id": 13477, "lrsm": 6.0007, "id": 94178176, "lrpepxv": -1.0, "lrredundpairs": 0.7707, "humanprotein_id": 3463, "vphfpdID": "001238.e28_212@2qij_A.3"}, {"lrredund": -1.0, "lrpepelmv": -1.0, "hphfpdID": "001293.d67_141", "pdbset": null, "lrpepxh": -1.0, "finallr": 210.1762, "lrpepelmh": -1.0, "template": "3zo6:IJ(0.14,0.05,160/181,66,102)", "viralprotein_id": 13477, "lrsm": 210.1762, "id": 94178217, "lrpepxv": -1.0, "lrredundpairs": -1.0, "humanprotein_id": 6897, "vphfpdID": "001238.e28_212@5gmz_A.7"}, {"lrredund": 4.2492, "lrpepelmv": -1.0, "hphfpdID": "008086.e421_558", "pdbset": null, "lrpepxh": -1.0, "finallr": 128.9384, "lrpepelmh": -1.0, "template": "3v6z:FA(0.00,0.12,37/68,18,11)", "viralprotein_id": 13477, "lrsm": 30.3442, "id": 94178258, "lrpepxv": -1.0, "lrredundpairs": 0.7707, "humanprotein_id": 14249, "vphfpdID": "001238.e28_212@3v6z_E.2"}, {"lrredund": -1.0, "lrpepelmv": -1.0, "hphfpdID": "002626", "pdbset": null, "lrpepxh": -1.0, "finallr": 100.322, "lrpepelmh": -1.0, "template": "3v6z:FB(0.00,0.09,38/46,16,7)", "viralprotein_id": 13477, "lrsm": 130.17, "id": 94178293, "lrpepxv": -1.0, "lrredundpairs": 0.7707, "humanprotein_id": 2804, "vphfpdID": "001238.e28_212@3v6z_E.2"}, {"lrredund": 19.2898, "lrpepelmv": 13.5077, "hphfpdID": "001509", "pdbset": null, "lrpepxh": -1.0, "finallr": 294.2335, "lrpepelmh": -1.0, "template": "2x2v:GH(0.25,0.35,130/159,52,55)", "viralprotein_id": 13477, "lrsm": 15.2533, "id": 94178929, "lrpepxv": -1.0, "lrredundpairs": 19.2898, "humanprotein_id": 2598, "vphfpdID": "001238.e28_212@3v6z_E.2"}, {"lrredund": 21.3884, "lrpepelmv": 6.0558, "hphfpdID": "007227.d178_339", "pdbset": null, "lrpepxh": -1.0, "finallr": 129.5228, "lrpepelmh": -1.0, "template": "2w2u:BA(0.55,0.57,41/53,10,3)", "viralprotein_id": 13477, "lrsm": 1.1641, "id": 94179577, "lrpepxv": -1.0, "lrredundpairs": 15.8699, "humanprotein_id": 5539, "vphfpdID": "001238.e28_212@5d7y_A.4"}, {"lrredund": 21.3884, "lrpepelmv": -1.0, "hphfpdID": "007744.d3_607", "pdbset": null, "lrpepxh": -1.0, "finallr": 393.8285, "lrpepelmh": -1.0, "template": "3fzh:BA(0.35,0.24,77/81,41,53)", "viralprotein_id": 13477, "lrsm": 18.4132, "id": 94179657, "lrpepxv": -1.0, "lrredundpairs": 0.7707, "humanprotein_id": 4876, "vphfpdID": "001238.e28_212@5e0i_A.6"}, {"lrredund": 21.3884, "lrpepelmv": -1.0, "hphfpdID": "010507.d93_206", "pdbset": null, "lrpepxh": -1.0, "finallr": 181.6986, "lrpepelmh": -1.0, "template": "1nvo:AB(0.52,0.42,131/157,41,73)", "viralprotein_id": 13477, "lrsm": 8.4952, "id": 94179998, "lrpepxv": -1.0, "lrredundpairs": 0.7707, "humanprotein_id": 4475, "vphfpdID": "001238.e28_212@2qij_A.3"}, {"lrredund": 19.2898, "lrpepelmv": -1.0, "hphfpdID": "018800.e1_115", "pdbset": null, "lrpepxh": -1.0, "finallr": 106.0689, "lrpepelmh": -1.0, "template": "3v6z:FA(0.00,0.30,28/68,9,8)", "viralprotein_id": 13477, "lrsm": 5.4987, "id": 94180191, "lrpepxv": -1.0, "lrredundpairs": 0.7707, "humanprotein_id": 4109, "vphfpdID": "001238.e28_212@3v6z_E.2"}, {"lrredund": 19.2898, "lrpepelmv": 96.2413, "hphfpdID": "000007", "pdbset": null, "lrpepxh": -1.0, "finallr": 1856.474, "lrpepelmh": -1.0, "template": "1nvo:AB(0.52,0.51,142/157,46,51)", "viralprotein_id": 13477, "lrsm": 8.0633, "id": 94180231, "lrpepxv": -1.0, "lrredundpairs": 0.7707, "humanprotein_id": 6393, "vphfpdID": "001238.e28_212@2qij_A.3"}, {"lrredund": -1.0, "lrpepelmv": -1.0, "hphfpdID": "010596.e1_137", "pdbset": null, "lrpepxh": -1.0, "finallr": 130.3236, "lrpepelmh": -1.0, "template": "3v6z:FA(0.00,0.10,52/68,21,16)", "viralprotein_id": 13477, "lrsm": 169.0977, "id": 94180743, "lrpepxv": -1.0, "lrredundpairs": 0.7707, "humanprotein_id": 10269, "vphfpdID": "001238.e28_212@3v6z_E.2"}, {"lrredund": 2.3254, "lrpepelmv": -1.0, "hphfpdID": "001507.e246_345", "pdbset": null, "lrpepxh": -1.0, "finallr": 197.5948, "lrpepelmh": -1.0, "template": "4g93:AB(0.00,0.39,59/142,43,43)", "viralprotein_id": 13477, "lrsm": 84.9724, "id": 94180889, "lrpepxv": -1.0, "lrredundpairs": 1.1877, "humanprotein_id": 15673, "vphfpdID": "001238.e28_212@4g93_A.5"}, {"lrredund": 4.2492, "lrpepelmv": 14.9984, "hphfpdID": "000278.d1006_1130", "pdbset": null, "lrpepxh": -1.0, "finallr": 107.2347, "lrpepelmh": -1.0, "template": "1qgt:AC(0.01,0.18,6/164,7,4)", "viralprotein_id": 13477, "lrsm": 25.2364, "id": 94181002, "lrpepxv": -1.0, "lrredundpairs": 4.2492, "humanprotein_id": 2710, "vphfpdID": "001238.e28_212@5d7y_A.4"}, {"lrredund": -1.0, "lrpepelmv": -1.0, "hphfpdID": "015809.e1_144", "pdbset": null, "lrpepxh": -1.0, "finallr": 100.322, "lrpepelmh": -1.0, "template": "3v6z:FB(0.00,0.07,41/46,16,7)", "viralprotein_id": 13477, "lrsm": 130.17, "id": 94181123, "lrpepxv": -1.0, "lrredundpairs": 0.7707, "humanprotein_id": 6462, "vphfpdID": "001238.e28_212@3v6z_E.2"}, {"lrredund": 21.3884, "lrpepelmv": 14.0438, "hphfpdID": "016613.e122_316", "pdbset": null, "lrpepxh": -1.0, "finallr": 326.2441, "lrpepelmh": -1.0, "template": "1qgt:BA(0.04,0.52,160/198,57,46)", "viralprotein_id": 13477, "lrsm": 15.2533, "id": 94181391, "lrpepxv": -1.0, "lrredundpairs": -1.0, "humanprotein_id": 5161, "vphfpdID": "001238.e28_212@2qij_A.3"}, {"lrredund": -1.0, "lrpepelmv": -1.0, "hphfpdID": "011794.e1_150", "pdbset": null, "lrpepxh": -1.0, "finallr": 151.4063, "lrpepelmh": -1.0, "template": "2g34:AB(0.07,0.03,50/155,21,14)", "viralprotein_id": 13477, "lrsm": 151.4063, "id": 94181455, "lrpepxv": -1.0, "lrredundpairs": -1.0, "humanprotein_id": 4739, "vphfpdID": "001238.e28_212@5d7y_A.4"}, {"lrredund": -1.0, "lrpepelmv": -1.0, "hphfpdID": "015902.e1_143", "pdbset": null, "lrpepxh": -1.0, "finallr": 100.322, "lrpepelmh": -1.0, "template": "3v6z:FB(0.00,0.08,41/46,18,7)", "viralprotein_id": 13477, "lrsm": 130.17, "id": 94181957, "lrpepxv": -1.0, "lrredundpairs": 0.7707, "humanprotein_id": 9335, "vphfpdID": "001238.e28_212@3v6z_E.2"}, {"lrredund": 21.3884, "lrpepelmv": -1.0, "hphfpdID": "014262.e226_317", "pdbset": null, "lrpepxh": -1.0, "finallr": 216.2808, "lrpepelmh": -1.0, "template": "3zo6:IH(0.28,0.50,136/168,54,79)", "viralprotein_id": 13477, "lrsm": 10.1121, "id": 94182052, "lrpepxv": -1.0, "lrredundpairs": -1.0, "humanprotein_id": 5865, "vphfpdID": "001238.e28_212@3v6z_E.2"}, {"lrredund": 21.3884, "lrpepelmv": -1.0, "hphfpdID": "016869.e1196_1264", "pdbset": null, "lrpepxh": -1.0, "finallr": 261.0853, "lrpepelmh": -1.0, "template": "1u7j:AB(0.53,0.14,119/147,52,82)", "viralprotein_id": 13477, "lrsm": 12.2069, "id": 94182331, "lrpepxv": -1.0, "lrredundpairs": -1.0, "humanprotein_id": 4495, "vphfpdID": "001238.e28_212@5gmz_A.7"}, {"lrredund": 4.2492, "lrpepelmv": 96.2413, "hphfpdID": "000004", "pdbset": null, "lrpepxh": -1.0, "finallr": 408.9483, "lrpepelmh": -1.0, "template": "3j2v:DC(0.32,0.60,141/288,52,34)", "viralprotein_id": 13477, "lrsm": 5.323, "id": 94182750, "lrpepxv": -1.0, "lrredundpairs": 0.7707, "humanprotein_id": 6298, "vphfpdID": "001238.e28_212@3v6z_E.2"}, {"lrredund": 2.3254, "lrpepelmv": 96.2413, "hphfpdID": "000005", "pdbset": null, "lrpepxh": -1.0, "finallr": 223.7994, "lrpepelmh": -1.0, "template": "3qvy:BC(0.51,0.51,46/54,21,4)", "viralprotein_id": 13477, "lrsm": 2.5395, "id": 94182780, "lrpepxv": -1.0, "lrredundpairs": 0.7707, "humanprotein_id": 4794, "vphfpdID": "001238.e28_212@3v6z_E.2"}, {"lrredund": -1.0, "lrpepelmv": 137.2032, "hphfpdID": "000005", "pdbset": null, "lrpepxh": -1.0, "finallr": 137.2032, "lrpepelmh": -1.0, "template": "", "viralprotein_id": 13478, "lrsm": -1.0, "id": 39785556, "lrpepxv": -1.0, "lrredundpairs": -1.0, "humanprotein_id": 4794, "vphfpdID": "001239"}, {"lrredund": -1.0, "lrpepelmv": 137.2032, "hphfpdID": "000004", "pdbset": null, "lrpepxh": -1.0, "finallr": 137.2032, "lrpepelmh": -1.0, "template": "", "viralprotein_id": 13478, "lrsm": -1.0, "id": 39785841, "lrpepxv": -1.0, "lrredundpairs": -1.0, "humanprotein_id": 6298, "vphfpdID": "001239"}, {"lrredund": -1.0, "lrpepelmv": 137.2032, "hphfpdID": "000007", "pdbset": null, "lrpepxh": -1.0, "finallr": 137.2032, "lrpepelmh": -1.0, "template": "", "viralprotein_id": 13478, "lrsm": -1.0, "id": 39785927, "lrpepxv": -1.0, "lrredundpairs": -1.0, "humanprotein_id": 6393, "vphfpdID": "001239"}, {"lrredund": -1.0, "lrpepelmv": 137.2032, "hphfpdID": "000006", "pdbset": null, "lrpepxh": -1.0, "finallr": 137.2032, "lrpepelmh": -1.0, "template": "", "viralprotein_id": 13478, "lrsm": -1.0, "id": 39786047, "lrpepxv": -1.0, "lrredundpairs": -1.0, "humanprotein_id": 4514, "vphfpdID": "001239"}, {"lrredund": -1.0, "lrpepelmv": 137.2032, "hphfpdID": "000001", "pdbset": null, "lrpepxh": -1.0, "finallr": 137.2032, "lrpepelmh": -1.0, "template": "", "viralprotein_id": 13478, "lrsm": -1.0, "id": 39786091, "lrpepxv": -1.0, "lrredundpairs": -1.0, "humanprotein_id": 4793, "vphfpdID": "001239"}, {"lrredund": -1.0, "lrpepelmv": 137.2032, "hphfpdID": "000003", "pdbset": null, "lrpepxh": -1.0, "finallr": 137.2032, "lrpepelmh": -1.0, "template": "", "viralprotein_id": 13478, "lrsm": -1.0, "id": 39786342, "lrpepxv": -1.0, "lrredundpairs": -1.0, "humanprotein_id": 6857, "vphfpdID": "001239"}, {"lrredund": -1.0, "lrpepelmv": 137.2032, "hphfpdID": "000002", "pdbset": null, "lrpepxh": -1.0, "finallr": 137.2032, "lrpepelmh": -1.0, "template": "", "viralprotein_id": 13478, "lrsm": -1.0, "id": 39786595, "lrpepxv": -1.0, "lrredundpairs": -1.0, "humanprotein_id": 6315, "vphfpdID": "001239"}, {"lrredund": -1.0, "lrpepelmv": 137.2032, "hphfpdID": "000002", "pdbset": null, "lrpepxh": -1.0, "finallr": 137.2032, "lrpepelmh": -1.0, "template": "", "viralprotein_id": 13479, "lrsm": -1.0, "id": 88162849, "lrpepxv": -1.0, "lrredundpairs": -1.0, "humanprotein_id": 6315, "vphfpdID": "001240"}, {"lrredund": -1.0, "lrpepelmv": 137.2032, "hphfpdID": "000004", "pdbset": null, "lrpepxh": -1.0, "finallr": 137.2032, "lrpepelmh": -1.0, "template": "", "viralprotein_id": 13479, "lrsm": -1.0, "id": 88163132, "lrpepxv": -1.0, "lrredundpairs": -1.0, "humanprotein_id": 6298, "vphfpdID": "001240"}, {"lrredund": -1.0, "lrpepelmv": 137.2032, "hphfpdID": "000006", "pdbset": null, "lrpepxh": -1.0, "finallr": 137.2032, "lrpepelmh": -1.0, "template": "", "viralprotein_id": 13479, "lrsm": -1.0, "id": 88163443, "lrpepxv": -1.0, "lrredundpairs": -1.0, "humanprotein_id": 4514, "vphfpdID": "001240"}, {"lrredund": -1.0, "lrpepelmv": 137.2032, "hphfpdID": "000003", "pdbset": null, "lrpepxh": -1.0, "finallr": 137.2032, "lrpepelmh": -1.0, "template": "", "viralprotein_id": 13479, "lrsm": -1.0, "id": 88163569, "lrpepxv": -1.0, "lrredundpairs": -1.0, "humanprotein_id": 6857, "vphfpdID": "001240"}, {"lrredund": -1.0, "lrpepelmv": 137.2032, "hphfpdID": "000001", "pdbset": null, "lrpepxh": -1.0, "finallr": 137.2032, "lrpepelmh": -1.0, "template": "", "viralprotein_id": 13479, "lrsm": -1.0, "id": 88163611, "lrpepxv": -1.0, "lrredundpairs": -1.0, "humanprotein_id": 4793, "vphfpdID": "001240"}, {"lrredund": -1.0, "lrpepelmv": 137.2032, "hphfpdID": "000007", "pdbset": null, "lrpepxh": -1.0, "finallr": 137.2032, "lrpepelmh": -1.0, "template": "", "viralprotein_id": 13479, "lrsm": -1.0, "id": 88163854, "lrpepxv": -1.0, "lrredundpairs": -1.0, "humanprotein_id": 6393, "vphfpdID": "001240"}, {"lrredund": -1.0, "lrpepelmv": 137.2032, "hphfpdID": "000005", "pdbset": null, "lrpepxh": -1.0, "finallr": 137.2032, "lrpepelmh": -1.0, "template": "", "viralprotein_id": 13479, "lrsm": -1.0, "id": 88163960, "lrpepxv": -1.0, "lrredundpairs": -1.0, "humanprotein_id": 4794, "vphfpdID": "001240"}, {"lrredund": 21.3884, "lrpepelmv": -1.0, "hphfpdID": "010507.d9_86", "pdbset": null, "lrpepxh": -1.0, "finallr": 175.5488, "lrpepelmh": -1.0, "template": "1wrd:AB(0.40,0.16,80/130,43,47)", "viralprotein_id": 13476, "lrsm": 8.2077, "id": 37776213, "lrpepxv": 3.84, "lrredundpairs": -1.0, "humanprotein_id": 4475, "vphfpdID": "001237.d590_832"}, {"lrredund": 21.3884, "lrpepelmv": -1.0, "hphfpdID": "016869.d512_640", "pdbset": null, "lrpepxh": -1.0, "finallr": 111.6474, "lrpepelmh": -1.0, "template": "2rp4:DC(0.58,0.59,179/324,43,58)", "viralprotein_id": 13476, "lrsm": 5.0523, "id": 37776509, "lrpepxv": 5.22, "lrredundpairs": -1.0, "humanprotein_id": 4495, "vphfpdID": "001237.d505_589"}, {"lrredund": 19.2898, "lrpepelmv": 20.7326, "hphfpdID": "007144.e56_156", "pdbset": null, "lrpepxh": -1.0, "finallr": 399.9274, "lrpepelmh": -1.0, "template": "3kvp:FB(0.53,0.45,57/67,25,24)", "viralprotein_id": 13476, "lrsm": 2.6756, "id": 37776723, "lrpepxv": -1.0, "lrredundpairs": -1.0, "humanprotein_id": 6385, "vphfpdID": "001237.d505_589"}, {"lrredund": 21.3884, "lrpepelmv": 2.8446, "hphfpdID": "001509.e1_53", "pdbset": null, "lrpepxh": -1.0, "finallr": 111.6474, "lrpepelmh": -1.0, "template": "1mr1:DC(0.18,0.13,3/25,4,3)", "viralprotein_id": 13476, "lrsm": 4.5731, "id": 37777553, "lrpepxv": 5.22, "lrredundpairs": -1.0, "humanprotein_id": 2598, "vphfpdID": "001237.d505_589"}, {"lrredund": 19.2898, "lrpepelmv": -1.0, "hphfpdID": "016730", "pdbset": null, "lrpepxh": -1.0, "finallr": 104.9597, "lrpepelmh": -1.0, "template": "1wrd:AB(0.40,0.22,83/130,43,50)", "viralprotein_id": 13476, "lrsm": 5.4412, "id": 37778831, "lrpepxv": -1.0, "lrredundpairs": -1.0, "humanprotein_id": 6290, "vphfpdID": "001237.d590_832"}, {"lrredund": 21.3884, "lrpepelmv": -1.0, "hphfpdID": "016859.d83_144", "pdbset": null, "lrpepxh": -1.0, "finallr": 102.103, "lrpepelmh": -1.0, "template": "2lk6:AB(0.55,0.60,125/154,12,6)", "viralprotein_id": 13476, "lrsm": 4.7738, "id": 37779534, "lrpepxv": -1.0, "lrredundpairs": -1.0, "humanprotein_id": 4494, "vphfpdID": "001237.d444_589@4ol8_A.2"}, {"lrredund": 21.3884, "lrpepelmv": 9.677, "hphfpdID": "001751.e1650_1757", "pdbset": null, "lrpepxh": -1.0, "finallr": 206.9754, "lrpepelmh": -1.0, "template": "3m20:BC(0.46,0.57,82/159,28,28)", "viralprotein_id": 13476, "lrsm": 1.6435, "id": 37779574, "lrpepxv": -1.0, "lrredundpairs": -1.0, "humanprotein_id": 5041, "vphfpdID": "001237.d685_781"}, {"lrredund": 2.3254, "lrpepelmv": 72.805, "hphfpdID": "000003", "pdbset": null, "lrpepxh": -1.0, "finallr": 169.3006, "lrpepelmh": -1.0, "template": "3sf4:EB(0.17,0.33,1/213,1,0)", "viralprotein_id": 13476, "lrsm": 1.8315, "id": 37780126, "lrpepxv": -1.0, "lrredundpairs": -1.0, "humanprotein_id": 6857, "vphfpdID": "001237.d590_832"}, {"lrredund": 19.2898, "lrpepelmv": -1.0, "hphfpdID": "006178.e603_726", "pdbset": null, "lrpepxh": -1.0, "finallr": 197.6251, "lrpepelmh": -1.0, "template": "2qyc:BA(0.60,0.56,59/158,42,38)", "viralprotein_id": 13476, "lrsm": 10.2451, "id": 37780276, "lrpepxv": 5.43, "lrredundpairs": -1.0, "humanprotein_id": 2856, "vphfpdID": "001237.d505_589"}, {"lrredund": 15.8699, "lrpepelmv": 72.805, "hphfpdID": "000002", "pdbset": null, "lrpepxh": -1.0, "finallr": 1155.407, "lrpepelmh": -1.0, "template": "2qzg:CA(0.35,0.38,32/66,23,26)", "viralprotein_id": 13476, "lrsm": 2.0697, "id": 37780801, "lrpepxv": -1.0, "lrredundpairs": -1.0, "humanprotein_id": 6315, "vphfpdID": "001237.d590_832"}, {"lrredund": 21.3884, "lrpepelmv": -1.0, "hphfpdID": "012444", "pdbset": null, "lrpepxh": -1.0, "finallr": 117.6084, "lrpepelmh": -1.0, "template": "2drp:AD(0.21,0.14,22/40,1,0)", "viralprotein_id": 13476, "lrsm": 5.4987, "id": 37780988, "lrpepxv": 3.84, "lrredundpairs": -1.0, "humanprotein_id": 2955, "vphfpdID": "001237.d444_589@4ol8_A.2"}, {"lrredund": 15.8699, "lrpepelmv": -1.0, "hphfpdID": "009031", "pdbset": null, "lrpepxh": -1.0, "finallr": 130.2548, "lrpepelmh": -1.0, "template": "1aqf:BA(0.55,0.03,91/125,44,75)", "viralprotein_id": 13476, "lrsm": 8.2077, "id": 37781262, "lrpepxv": 3.66, "lrredundpairs": -1.0, "humanprotein_id": 3826, "vphfpdID": "001237.d505_589"}, {"lrredund": 21.3884, "lrpepelmv": 6.3859, "hphfpdID": "004076", "pdbset": null, "lrpepxh": -1.0, "finallr": 136.5839, "lrpepelmh": -1.0, "template": "3ifq:DB(0.46,0.12,85/300,38,62)", "viralprotein_id": 13476, "lrsm": 3.0181, "id": 37781820, "lrpepxv": 3.66, "lrredundpairs": -1.0, "humanprotein_id": 4894, "vphfpdID": "001237.d505_589"}, {"lrredund": 15.8699, "lrpepelmv": -1.0, "hphfpdID": "005354.d566_646", "pdbset": null, "lrpepxh": -1.0, "finallr": 116.9611, "lrpepelmh": -1.0, "template": "1lj2:AB(0.48,0.53,95/231,43,57)", "viralprotein_id": 13476, "lrsm": 4.3388, "id": 37782269, "lrpepxv": 7.37, "lrredundpairs": -1.0, "humanprotein_id": 7033, "vphfpdID": "001237.d590_832"}, {"lrredund": 21.3884, "lrpepelmv": -1.0, "hphfpdID": "015893", "pdbset": null, "lrpepxh": -1.0, "finallr": 102.103, "lrpepelmh": -1.0, "template": "2lk6:BA(0.51,0.59,131/154,17,9)", "viralprotein_id": 13476, "lrsm": 4.7738, "id": 37782697, "lrpepxv": -1.0, "lrredundpairs": -1.0, "humanprotein_id": 14569, "vphfpdID": "001237.d444_589@4ol8_A.2"}, {"lrredund": 15.8699, "lrpepelmv": 72.805, "hphfpdID": "000007", "pdbset": null, "lrpepxh": -1.0, "finallr": 1155.407, "lrpepelmh": -1.0, "template": "1ids:CA(0.58,0.60,39/213,27,36)", "viralprotein_id": 13476, "lrsm": 1.4777, "id": 37782880, "lrpepxv": -1.0, "lrredundpairs": -1.0, "humanprotein_id": 6393, "vphfpdID": "001237.d505_589"}, {"lrredund": 21.3884, "lrpepelmv": -1.0, "hphfpdID": "015989.e224_425", "pdbset": null, "lrpepxh": -1.0, "finallr": 128.3451, "lrpepelmh": -1.0, "template": "1mr1:DB(0.18,0.10,17/18,12,9)", "viralprotein_id": 13476, "lrsm": 6.0007, "id": 37782931, "lrpepxv": 2.59, "lrredundpairs": -1.0, "humanprotein_id": 6577, "vphfpdID": "001237.d505_589"}, {"lrredund": 21.3884, "lrpepelmv": 20.7326, "hphfpdID": "016466.d294_477", "pdbset": null, "lrpepxh": -1.0, "finallr": 443.4368, "lrpepelmh": -1.0, "template": "3hxa:BA(0.58,0.41,60/69,25,24)", "viralprotein_id": 13476, "lrsm": 2.6756, "id": 37783248, "lrpepxv": -1.0, "lrredundpairs": -1.0, "humanprotein_id": 3727, "vphfpdID": "001237"}, {"lrredund": 4.2492, "lrpepelmv": 72.805, "hphfpdID": "000001", "pdbset": null, "lrpepxh": -1.0, "finallr": 309.3629, "lrpepelmh": -1.0, "template": "3sf4:EB(0.17,0.37,1/213,1,0)", "viralprotein_id": 13476, "lrsm": 1.8315, "id": 37784611, "lrpepxv": -1.0, "lrredundpairs": -1.0, "humanprotein_id": 4793, "vphfpdID": "001237.d590_832"}, {"lrredund": 21.3884, "lrpepelmv": -1.0, "hphfpdID": "005567.d200_296", "pdbset": null, "lrpepxh": -1.0, "finallr": 157.6325, "lrpepelmh": -1.0, "template": "3cfi:HG(0.21,0.17,16/70,6,1)", "viralprotein_id": 13476, "lrsm": 4.5731, "id": 37784988, "lrpepxv": 7.37, "lrredundpairs": -1.0, "humanprotein_id": 3874, "vphfpdID": "001237.d590_832"}, {"lrredund": 4.2492, "lrpepelmv": 72.805, "hphfpdID": "000004", "pdbset": null, "lrpepxh": -1.0, "finallr": 309.3629, "lrpepelmh": -1.0, "template": "1gn4:CA(0.57,0.49,37/215,28,36)", "viralprotein_id": 13476, "lrsm": 1.4777, "id": 37786266, "lrpepxv": -1.0, "lrredundpairs": -1.0, "humanprotein_id": 6298, "vphfpdID": "001237.d505_589"}, {"lrredund": 15.8699, "lrpepelmv": -1.0, "hphfpdID": "018501.e80_165", "pdbset": null, "lrpepxh": -1.0, "finallr": 130.2548, "lrpepelmh": -1.0, "template": "1wrd:AB(0.40,0.11,89/130,45,56)", "viralprotein_id": 13476, "lrsm": 8.2077, "id": 37786393, "lrpepxv": 2.59, "lrredundpairs": -1.0, "humanprotein_id": 1286, "vphfpdID": "001237.d590_832"}, {"lrredund": 21.3884, "lrpepelmv": -1.0, "hphfpdID": "017454.e64_147", "pdbset": null, "lrpepxh": -1.0, "finallr": 102.103, "lrpepelmh": -1.0, "template": "2lk6:AB(0.55,0.60,136/154,17,6)", "viralprotein_id": 13476, "lrsm": 4.7738, "id": 37786435, "lrpepxv": -1.0, "lrredundpairs": -1.0, "humanprotein_id": 7296, "vphfpdID": "001237.d444_589@4ol8_A.2"}, {"lrredund": 21.3884, "lrpepelmv": -1.0, "hphfpdID": "007744", "pdbset": null, "lrpepxh": -1.0, "finallr": 111.6474, "lrpepelmh": -1.0, "template": "3ldo:BA(0.29,0.06,2/24,2,0)", "viralprotein_id": 13476, "lrsm": 4.5731, "id": 37787053, "lrpepxv": 5.22, "lrredundpairs": 0.7707, "humanprotein_id": 4876, "vphfpdID": "001237.d685_781"}, {"lrredund": 20.9141, "lrpepelmv": -1.0, "hphfpdID": "018500.d533_608", "pdbset": null, "lrpepxh": -1.0, "finallr": 171.6559, "lrpepelmh": -1.0, "template": "1wrd:AB(0.40,0.05,89/130,43,53)", "viralprotein_id": 13476, "lrsm": 8.2077, "id": 37787100, "lrpepxv": -1.0, "lrredundpairs": -1.0, "humanprotein_id": 3463, "vphfpdID": "001237.d590_832"}, {"lrredund": 15.8699, "lrpepelmv": 7.4157, "hphfpdID": "005478.d350_517", "pdbset": null, "lrpepxh": -1.0, "finallr": 117.6857, "lrpepelmh": -1.0, "template": "3h52:DC(0.28,0.11,8/129,3,0)", "viralprotein_id": 13476, "lrsm": 4.5731, "id": 37787829, "lrpepxv": 3.66, "lrredundpairs": -1.0, "humanprotein_id": 2880, "vphfpdID": "001237.d590_832"}, {"lrredund": 15.8699, "lrpepelmv": 72.805, "hphfpdID": "000006", "pdbset": null, "lrpepxh": -1.0, "finallr": 1155.407, "lrpepelmh": -1.0, "template": "2qzg:CA(0.35,0.36,33/66,24,26)", "viralprotein_id": 13476, "lrsm": 2.0697, "id": 37788823, "lrpepxv": -1.0, "lrredundpairs": -1.0, "humanprotein_id": 4514, "vphfpdID": "001237.d590_832"}, {"lrredund": 21.3884, "lrpepelmv": -1.0, "hphfpdID": "016448", "pdbset": null, "lrpepxh": -1.0, "finallr": 102.103, "lrpepelmh": -1.0, "template": "2lk6:BA(0.51,0.50,134/154,20,5)", "viralprotein_id": 13476, "lrsm": 4.7738, "id": 37788972, "lrpepxv": 3.84, "lrredundpairs": -1.0, "humanprotein_id": 7393, "vphfpdID": "001237.d444_589@4ol8_A.2"}, {"lrredund": 21.3884, "lrpepelmv": 20.7326, "hphfpdID": "016615.d584_674", "pdbset": null, "lrpepxh": -1.0, "finallr": 443.4368, "lrpepelmh": -1.0, "template": "1ukk:BA(0.55,0.58,111/356,43,64)", "viralprotein_id": 13476, "lrsm": 3.6164, "id": 37789397, "lrpepxv": -1.0, "lrredundpairs": -1.0, "humanprotein_id": 5095, "vphfpdID": "001237.d505_589"}, {"lrredund": 2.3254, "lrpepelmv": -1.0, "hphfpdID": "018447.d259_335", "pdbset": null, "lrpepxh": -1.0, "finallr": 144.8956, "lrpepelmh": -1.0, "template": "3hi9:CD(0.32,0.05,54/60,24,11)", "viralprotein_id": 13476, "lrsm": 11.9953, "id": 37789639, "lrpepxv": 62.31, "lrredundpairs": -1.0, "humanprotein_id": 4481, "vphfpdID": "001237.d444_589@4xpc_A.1"}, {"lrredund": 19.2898, "lrpepelmv": -1.0, "hphfpdID": "005209.e1_96", "pdbset": null, "lrpepxh": -1.0, "finallr": 231.3873, "lrpepelmh": -1.0, "template": "3hi9:AB(0.39,0.00,52/58,22,13)", "viralprotein_id": 13476, "lrsm": 11.9953, "id": 37791230, "lrpepxv": -1.0, "lrredundpairs": -1.0, "humanprotein_id": 8007, "vphfpdID": "001237.d444_589@4xpc_A.1"}]