[{"lrredund": -1.0, "lrpepelmv": 137.2032, "hphfpdID": "000005", "pdbset": null, "lrpepxh": -1.0, "finallr": 137.2032, "lrpepelmh": -1.0, "template": "", "viralprotein_id": 14161, "lrsm": -1.0, "id": 44972534, "lrpepxv": -1.0, "lrredundpairs": -1.0, "humanprotein_id": 4794, "vphfpdID": "001920@2c6s_A.4"}, {"lrredund": -1.0, "lrpepelmv": 137.2032, "hphfpdID": "000004", "pdbset": null, "lrpepxh": -1.0, "finallr": 137.2032, "lrpepelmh": -1.0, "template": "", "viralprotein_id": 14161, "lrsm": -1.0, "id": 44972921, "lrpepxv": -1.0, "lrredundpairs": -1.0, "humanprotein_id": 6298, "vphfpdID": "001920@2c9g_A.3"}, {"lrredund": 21.3884, "lrpepelmv": 14.0867, "hphfpdID": "016615.e320_574", "pdbset": null, "lrpepxh": -1.0, "finallr": 301.2919, "lrpepelmh": -1.0, "template": "1jyx:CA(0.60,0.55,9/13,4,3)", "viralprotein_id": 14161, "lrsm": 1.1641, "id": 44973772, "lrpepxv": -1.0, "lrredundpairs": -1.0, "humanprotein_id": 5095, "vphfpdID": "001920.d36_517@4cwu_N.4"}, {"lrredund": -1.0, "lrpepelmv": 104.3713, "hphfpdID": "014178.d417_609", "pdbset": null, "lrpepxh": -1.0, "finallr": 104.3713, "lrpepelmh": -1.0, "template": "", "viralprotein_id": 14161, "lrsm": -1.0, "id": 44974108, "lrpepxv": -1.0, "lrredundpairs": -1.0, "humanprotein_id": 7007, "vphfpdID": "001920@4ar2_A.1"}, {"lrredund": -1.0, "lrpepelmv": 137.2032, "hphfpdID": "000001", "pdbset": null, "lrpepxh": -1.0, "finallr": 137.2032, "lrpepelmh": -1.0, "template": "", "viralprotein_id": 14161, "lrsm": -1.0, "id": 44974376, "lrpepxv": -1.0, "lrredundpairs": -1.0, "humanprotein_id": 4793, "vphfpdID": "001920@2c9g_A.3"}, {"lrredund": 21.3884, "lrpepelmv": 137.2032, "hphfpdID": "000002", "pdbset": null, "lrpepxh": -1.0, "finallr": 2934.559, "lrpepelmh": -1.0, "template": "", "viralprotein_id": 14161, "lrsm": -1.0, "id": 44974502, "lrpepxv": -1.0, "lrredundpairs": -1.0, "humanprotein_id": 6315, "vphfpdID": "001920@4cwu_N.2"}, {"lrredund": 21.3884, "lrpepelmv": 22.0947, "hphfpdID": "008378.d463_902", "pdbset": null, "lrpepxh": -1.0, "finallr": 472.5695, "lrpepelmh": -1.0, "template": "1jyx:CA(0.60,0.53,6/13,6,4)", "viralprotein_id": 14161, "lrsm": 1.1641, "id": 44974531, "lrpepxv": -1.0, "lrredundpairs": -1.0, "humanprotein_id": 3758, "vphfpdID": "001920.d36_517@4cwu_N.4"}, {"lrredund": -1.0, "lrpepelmv": 104.3713, "hphfpdID": "014240.e645_767", "pdbset": null, "lrpepxh": -1.0, "finallr": 104.3713, "lrpepelmh": -1.0, "template": "", "viralprotein_id": 14161, "lrsm": -1.0, "id": 44975474, "lrpepxv": -1.0, "lrredundpairs": -1.0, "humanprotein_id": 3056, "vphfpdID": "001920@2c9g_A.3"}, {"lrredund": 21.3884, "lrpepelmv": 19.8804, "hphfpdID": "001509.e1_53", "pdbset": null, "lrpepxh": -1.0, "finallr": 425.21, "lrpepelmh": -1.0, "template": "4fzq:BF(0.37,0.23,1/1,1,0)", "viralprotein_id": 14161, "lrsm": 2.4032, "id": 44975914, "lrpepxv": -1.0, "lrredundpairs": -1.0, "humanprotein_id": 2598, "vphfpdID": "001920.d36_517@4cwu_N.4"}, {"lrredund": -1.0, "lrpepelmv": 137.2032, "hphfpdID": "000006", "pdbset": null, "lrpepxh": -1.0, "finallr": 137.2032, "lrpepelmh": -1.0, "template": "", "viralprotein_id": 14161, "lrsm": -1.0, "id": 44975991, "lrpepxv": -1.0, "lrredundpairs": -1.0, "humanprotein_id": 4514, "vphfpdID": "001920@2c6s_A.4"}, {"lrredund": -1.0, "lrpepelmv": 137.2032, "hphfpdID": "000003", "pdbset": null, "lrpepxh": -1.0, "finallr": 137.2032, "lrpepelmh": -1.0, "template": "", "viralprotein_id": 14161, "lrsm": -1.0, "id": 44976473, "lrpepxv": -1.0, "lrredundpairs": -1.0, "humanprotein_id": 6857, "vphfpdID": "001920@4cwu_N.2"}, {"lrredund": -1.0, "lrpepelmv": 104.3713, "hphfpdID": "014176", "pdbset": null, "lrpepxh": -1.0, "finallr": 104.3713, "lrpepelmh": -1.0, "template": "", "viralprotein_id": 14161, "lrsm": -1.0, "id": 44976541, "lrpepxv": -1.0, "lrredundpairs": -1.0, "humanprotein_id": 4582, "vphfpdID": "001920@2c6s_A.4"}, {"lrredund": -1.0, "lrpepelmv": 137.2032, "hphfpdID": "000007", "pdbset": null, "lrpepxh": -1.0, "finallr": 137.2032, "lrpepelmh": -1.0, "template": "", "viralprotein_id": 14161, "lrsm": -1.0, "id": 44976839, "lrpepxv": -1.0, "lrredundpairs": -1.0, "humanprotein_id": 6393, "vphfpdID": "001920@4cwu_N.2"}, {"lrredund": 21.3884, "lrpepelmv": 9.677, "hphfpdID": "001751.e1650_1757", "pdbset": null, "lrpepxh": -1.0, "finallr": 206.9754, "lrpepelmh": -1.0, "template": "", "viralprotein_id": 14161, "lrsm": -1.0, "id": 44977661, "lrpepxv": -1.0, "lrredundpairs": -1.0, "humanprotein_id": 5041, "vphfpdID": "001920@4cwu_N.2"}, {"lrredund": 19.2898, "lrpepelmv": 7.4157, "hphfpdID": "005478.d350_517", "pdbset": null, "lrpepxh": -1.0, "finallr": 143.0465, "lrpepelmh": -1.0, "template": "2iok:AB(0.60,0.03,53/127,28,36)", "viralprotein_id": 14163, "lrsm": 2.0697, "id": 71599251, "lrpepxv": -1.0, "lrredundpairs": 0.7707, "humanprotein_id": 2880, "vphfpdID": "001922.g1_69"}, {"lrredund": 19.2898, "lrpepelmv": -1.0, "hphfpdID": "000002", "pdbset": null, "lrpepxh": -1.0, "finallr": 102.6786, "lrpepelmh": -1.0, "template": "1nvo:AB(0.48,0.49,124/157,45,56)", "viralprotein_id": 14163, "lrsm": 5.323, "id": 71599422, "lrpepxv": -1.0, "lrredundpairs": 1.373, "humanprotein_id": 6315, "vphfpdID": "001922.g1_69"}, {"lrredund": 20.9141, "lrpepelmv": -1.0, "hphfpdID": "006178.e462_515", "pdbset": null, "lrpepxh": -1.0, "finallr": 100.4723, "lrpepelmh": -1.0, "template": "2idh:GH(0.31,0.26,39/45,21,29)", "viralprotein_id": 14163, "lrsm": 4.804, "id": 71600303, "lrpepxv": -1.0, "lrredundpairs": 0.7707, "humanprotein_id": 2856, "vphfpdID": "001922"}, {"lrredund": 19.2898, "lrpepelmv": 9.677, "hphfpdID": "001751.e1_73", "pdbset": null, "lrpepxh": -1.0, "finallr": 186.6672, "lrpepelmh": -1.0, "template": "2phe:BA(0.60,0.39,67/130,25,21)", "viralprotein_id": 14163, "lrsm": 1.7316, "id": 71600440, "lrpepxv": -1.0, "lrredundpairs": -1.0, "humanprotein_id": 5041, "vphfpdID": "001922.e70_564"}, {"lrredund": 20.9141, "lrpepelmv": 20.6694, "hphfpdID": "016613.e122_316", "pdbset": null, "lrpepxh": -1.0, "finallr": 432.2828, "lrpepelmh": -1.0, "template": "3hni:HE(0.10,0.28,9/28,5,1)", "viralprotein_id": 14163, "lrsm": 4.5731, "id": 71602378, "lrpepxv": -1.0, "lrredundpairs": -1.0, "humanprotein_id": 5161, "vphfpdID": "001922.g1_69"}, {"lrredund": 19.2898, "lrpepelmv": -1.0, "hphfpdID": "004076.d108_222", "pdbset": null, "lrpepxh": -1.0, "finallr": 104.9597, "lrpepelmh": -1.0, "template": "1nvo:AB(0.48,0.24,112/157,41,72)", "viralprotein_id": 14163, "lrsm": 5.4412, "id": 71603193, "lrpepxv": -1.0, "lrredundpairs": -1.0, "humanprotein_id": 4894, "vphfpdID": "001922.g1_69"}, {"lrredund": 21.3884, "lrpepelmv": -1.0, "hphfpdID": "016869.e1196_1264", "pdbset": null, "lrpepxh": -1.0, "finallr": 135.5181, "lrpepelmh": -1.0, "template": "4bjs:CA(0.48,0.31,153/249,50,92)", "viralprotein_id": 14163, "lrsm": 6.3361, "id": 71603981, "lrpepxv": -1.0, "lrredundpairs": -1.0, "humanprotein_id": 4495, "vphfpdID": "001922.g1_69"}, {"lrredund": 19.2898, "lrpepelmv": 9.3373, "hphfpdID": "001349.d2679_3055", "pdbset": null, "lrpepxh": -1.0, "finallr": 180.1149, "lrpepelmh": -1.0, "template": "1l1c:BA(0.33,0.44,119/127,30,33)", "viralprotein_id": 14163, "lrsm": 2.9486, "id": 71604961, "lrpepxv": -1.0, "lrredundpairs": -1.0, "humanprotein_id": 7312, "vphfpdID": "001922.e70_564"}, {"lrredund": 19.2898, "lrpepelmv": 20.6694, "hphfpdID": "016615.d116_248", "pdbset": null, "lrpepxh": -1.0, "finallr": 398.7094, "lrpepelmh": -1.0, "template": "3foo:GJ(0.14,0.23,1/1,2,1)", "viralprotein_id": 14163, "lrsm": 6.0007, "id": 71605585, "lrpepxv": -1.0, "lrredundpairs": -1.0, "humanprotein_id": 5095, "vphfpdID": "001922.g1_69"}, {"lrredund": 20.9141, "lrpepelmv": -1.0, "hphfpdID": "005354.d1990_2099", "pdbset": null, "lrpepxh": -1.0, "finallr": 527.7975, "lrpepelmh": -1.0, "template": "3ter:BA(0.16,0.02,1/95,2,1)", "viralprotein_id": 14163, "lrsm": 25.2364, "id": 71606236, "lrpepxv": -1.0, "lrredundpairs": -1.0, "humanprotein_id": 7033, "vphfpdID": "001922.g1_69"}, {"lrredund": 15.8699, "lrpepelmv": 9.4001, "hphfpdID": "001509.e1_53", "pdbset": null, "lrpepxh": -1.0, "finallr": 190.3645, "lrpepelmh": -1.0, "template": "2idh:AB(0.29,0.07,45/45,22,23)", "viralprotein_id": 14163, "lrsm": 11.9953, "id": 71606833, "lrpepxv": -1.0, "lrredundpairs": 1.373, "humanprotein_id": 2598, "vphfpdID": "001922.e70_564"}, {"lrredund": 19.2898, "lrpepelmv": 20.6694, "hphfpdID": "016466.e248_536", "pdbset": null, "lrpepxh": -1.0, "finallr": 398.7094, "lrpepelmh": -1.0, "template": "1l1c:AB(0.24,0.44,122/127,28,27)", "viralprotein_id": 14163, "lrsm": 4.0761, "id": 71608989, "lrpepxv": -1.0, "lrredundpairs": 1.774, "humanprotein_id": 3727, "vphfpdID": "001922.e70_564"}, {"lrredund": 20.9141, "lrpepelmv": -1.0, "hphfpdID": "000172.d384_580", "pdbset": null, "lrpepxh": -1.0, "finallr": 115.0004, "lrpepelmh": -1.0, "template": "3de8:CD(0.15,0.20,15/36,9,6)", "viralprotein_id": 14163, "lrsm": 5.4987, "id": 71609146, "lrpepxv": -1.0, "lrredundpairs": 0.7707, "humanprotein_id": 2981, "vphfpdID": "001922.g1_69"}, {"lrredund": 20.9141, "lrpepelmv": 20.6694, "hphfpdID": "007144.e151_217", "pdbset": null, "lrpepxh": -1.0, "finallr": 432.2828, "lrpepelmh": -1.0, "template": "1l1c:BA(0.33,0.53,110/127,32,43)", "viralprotein_id": 14163, "lrsm": 2.4771, "id": 71609534, "lrpepxv": -1.0, "lrredundpairs": 1.373, "humanprotein_id": 6385, "vphfpdID": "001922.e70_564"}, {"lrredund": 20.9141, "lrpepelmv": -1.0, "hphfpdID": "000007", "pdbset": null, "lrpepxh": -1.0, "finallr": 111.3247, "lrpepelmh": -1.0, "template": "1nvo:AB(0.48,0.51,124/157,42,44)", "viralprotein_id": 14163, "lrsm": 5.323, "id": 71611294, "lrpepxv": -1.0, "lrredundpairs": 1.1877, "humanprotein_id": 6393, "vphfpdID": "001922.g1_69"}, {"lrredund": -1.0, "lrpepelmv": -1.0, "hphfpdID": "001193.d180_322", "pdbset": null, "lrpepxh": -1.0, "finallr": 185.6693, "lrpepelmh": -1.0, "template": "4atz:BE(0.07,0.03,79/80,27,26)", "viralprotein_id": 14164, "lrsm": 240.91, "id": 69613186, "lrpepxv": -1.0, "lrredundpairs": 0.7707, "humanprotein_id": 15181, "vphfpdID": "001923.e186_366@4k6u_A.2"}, {"lrredund": -1.0, "lrpepelmv": -1.0, "hphfpdID": "009672.e694_784", "pdbset": null, "lrpepxh": -1.0, "finallr": 113.0937, "lrpepelmh": -1.0, "template": "2j12:AB(0.01,0.17,76/123,48,67)", "viralprotein_id": 14164, "lrsm": 113.0937, "id": 69613209, "lrpepxv": -1.0, "lrredundpairs": -1.0, "humanprotein_id": 10326, "vphfpdID": "001923.e186_366@1uxb_A.1"}, {"lrredund": -1.0, "lrpepelmv": -1.0, "hphfpdID": "006087.d143_289", "pdbset": null, "lrpepxh": -1.0, "finallr": 240.91, "lrpepelmh": -1.0, "template": "4atz:AD(0.07,0.02,76/79,29,30)", "viralprotein_id": 14164, "lrsm": 240.91, "id": 69613381, "lrpepxv": -1.0, "lrredundpairs": -1.0, "humanprotein_id": 18899, "vphfpdID": "001923.e186_366@1uxb_A.1"}, {"lrredund": -1.0, "lrpepelmv": -1.0, "hphfpdID": "000790.d658_783", "pdbset": null, "lrpepxh": -1.0, "finallr": 185.6693, "lrpepelmh": -1.0, "template": "4atz:AD(0.07,0.02,76/79,26,25)", "viralprotein_id": 14164, "lrsm": 240.91, "id": 69613448, "lrpepxv": -1.0, "lrredundpairs": 0.7707, "humanprotein_id": 7179, "vphfpdID": "001923.e186_366@1uxb_A.1"}, {"lrredund": 1.7092, "lrpepelmv": 9.677, "hphfpdID": "001534.d408_524", "pdbset": null, "lrpepxh": -1.0, "finallr": 411.7634, "lrpepelmh": -1.0, "template": "4atz:AD(0.07,0.03,75/79,26,29)", "viralprotein_id": 14164, "lrsm": 240.91, "id": 69613565, "lrpepxv": -1.0, "lrredundpairs": -1.0, "humanprotein_id": 15621, "vphfpdID": "001923.e186_366@1uxb_A.1"}, {"lrredund": -1.0, "lrpepelmv": -1.0, "hphfpdID": "007936.e1_152", "pdbset": null, "lrpepxh": -1.0, "finallr": 1369.348, "lrpepelmh": -1.0, "template": "2j12:AB(0.01,0.07,106/123,47,69)", "viralprotein_id": 14164, "lrsm": 997.3401, "id": 69613664, "lrpepxv": -1.0, "lrredundpairs": 1.373, "humanprotein_id": 1942, "vphfpdID": "001923.e186_366@1uxb_A.1"}, {"lrredund": 0.9127, "lrpepelmv": 3.1171, "hphfpdID": "017499.d5041_5256", "pdbset": null, "lrpepxh": -1.0, "finallr": 103.2207, "lrpepelmh": -1.0, "template": "2j12:AB(0.01,0.18,79/123,46,64)", "viralprotein_id": 14164, "lrsm": 113.0937, "id": 69613725, "lrpepxv": -1.0, "lrredundpairs": -1.0, "humanprotein_id": 13935, "vphfpdID": "001923.e186_366@4k6u_A.2"}, {"lrredund": -1.0, "lrpepelmv": -1.0, "hphfpdID": "001199.d77_191", "pdbset": null, "lrpepxh": -1.0, "finallr": 185.6693, "lrpepelmh": -1.0, "template": "4atz:AD(0.07,0.03,76/79,28,28)", "viralprotein_id": 14164, "lrsm": 240.91, "id": 69613858, "lrpepxv": -1.0, "lrredundpairs": 0.7707, "humanprotein_id": 19684, "vphfpdID": "001923.e186_366@1uxb_A.1"}, {"lrredund": -1.0, "lrpepelmv": -1.0, "hphfpdID": "001202.d154_244", "pdbset": null, "lrpepxh": -1.0, "finallr": 130.3236, "lrpepelmh": -1.0, "template": "4atz:BE(0.07,0.02,50/80,23,24)", "viralprotein_id": 14164, "lrsm": 169.0977, "id": 69613945, "lrpepxv": -1.0, "lrredundpairs": 0.7707, "humanprotein_id": 16988, "vphfpdID": "001923.e186_366@1uxb_A.1"}, {"lrredund": -1.0, "lrpepelmv": -1.0, "hphfpdID": "005477.d130_229", "pdbset": null, "lrpepxh": -1.0, "finallr": 130.3236, "lrpepelmh": -1.0, "template": "4atz:AD(0.07,0.03,59/79,21,20)", "viralprotein_id": 14164, "lrsm": 169.0977, "id": 69613955, "lrpepxv": -1.0, "lrredundpairs": 0.7707, "humanprotein_id": 674, "vphfpdID": "001923.e186_366@1uxb_A.1"}, {"lrredund": 19.2898, "lrpepelmv": 5.8994, "hphfpdID": "004076.d108_222", "pdbset": null, "lrpepxh": -1.0, "finallr": 113.7991, "lrpepelmh": -1.0, "template": "2b4j:BD(0.43,0.17,1/25,1,0)", "viralprotein_id": 14164, "lrsm": 1.8315, "id": 69613965, "lrpepxv": -1.0, "lrredundpairs": 0.7707, "humanprotein_id": 4894, "vphfpdID": "001923.e186_366@1uxb_A.1"}, {"lrredund": -1.0, "lrpepelmv": -1.0, "hphfpdID": "000746.d10_104", "pdbset": null, "lrpepxh": -1.0, "finallr": 130.3236, "lrpepelmh": -1.0, "template": "4atz:BE(0.07,0.03,59/80,22,27)", "viralprotein_id": 14164, "lrsm": 169.0977, "id": 69613972, "lrpepxv": -1.0, "lrredundpairs": 0.7707, "humanprotein_id": 11508, "vphfpdID": "001923@4k6u_A.2"}, {"lrredund": 20.9141, "lrpepelmv": 15.8041, "hphfpdID": "007144.e56_156", "pdbset": null, "lrpepxh": -1.0, "finallr": 330.5284, "lrpepelmh": -1.0, "template": "2jpp:AB(0.55,0.45,130/262,26,15)", "viralprotein_id": 14164, "lrsm": 2.6731, "id": 69614012, "lrpepxv": -1.0, "lrredundpairs": 19.2898, "humanprotein_id": 6385, "vphfpdID": "001923.e186_366@1uxb_A.1"}, {"lrredund": 15.8699, "lrpepelmv": 15.8041, "hphfpdID": "016615.e139_320", "pdbset": null, "lrpepxh": -1.0, "finallr": 250.8094, "lrpepelmh": -1.0, "template": "4atz:BE(0.07,0.51,27/80,7,3)", "viralprotein_id": 14164, "lrsm": 1.8315, "id": 69614083, "lrpepxv": -1.0, "lrredundpairs": -1.0, "humanprotein_id": 5095, "vphfpdID": "001923.e186_366@1uxb_A.1"}, {"lrredund": 4.2492, "lrpepelmv": 104.3713, "hphfpdID": "014240.d655_725", "pdbset": null, "lrpepxh": -1.0, "finallr": 443.4949, "lrpepelmh": -1.0, "template": "", "viralprotein_id": 14164, "lrsm": -1.0, "id": 69614131, "lrpepxv": -1.0, "lrredundpairs": -1.0, "humanprotein_id": 3056, "vphfpdID": "001923@4k6u_A.2"}, {"lrredund": -1.0, "lrpepelmv": -1.0, "hphfpdID": "009671.e693_783", "pdbset": null, "lrpepxh": -1.0, "finallr": 113.0937, "lrpepelmh": -1.0, "template": "2j12:AB(0.01,0.17,72/123,43,59)", "viralprotein_id": 14164, "lrsm": 113.0937, "id": 69614258, "lrpepxv": -1.0, "lrredundpairs": -1.0, "humanprotein_id": 2317, "vphfpdID": "001923.e186_366@1uxb_A.1"}, {"lrredund": 21.3884, "lrpepelmv": -1.0, "hphfpdID": "013899.d849_992", "pdbset": null, "lrpepxh": -1.0, "finallr": 116.139, "lrpepelmh": -1.0, "template": "2ivm:BA(0.53,0.47,93/389,46,52)", "viralprotein_id": 14164, "lrsm": 3.8101, "id": 69614274, "lrpepxv": 5.43, "lrredundpairs": 0.7707, "humanprotein_id": 1240, "vphfpdID": "001923.g73_185@1qiu_A.3"}, {"lrredund": -1.0, "lrpepelmv": -1.0, "hphfpdID": "000862.d223_273", "pdbset": null, "lrpepxh": -1.0, "finallr": 119.2807, "lrpepelmh": -1.0, "template": "4atz:AD(0.07,0.02,36/79,16,9)", "viralprotein_id": 14164, "lrsm": 119.2807, "id": 69614300, "lrpepxv": -1.0, "lrredundpairs": -1.0, "humanprotein_id": 16342, "vphfpdID": "001923.e186_366@1uxb_A.1"}, {"lrredund": 21.3884, "lrpepelmv": 6.3442, "hphfpdID": "001349.d2679_3055", "pdbset": null, "lrpepxh": -1.0, "finallr": 135.6925, "lrpepelmh": -1.0, "template": "3kvp:FB(0.53,0.49,57/67,25,12)", "viralprotein_id": 14164, "lrsm": 2.5395, "id": 69614433, "lrpepxv": -1.0, "lrredundpairs": -1.0, "humanprotein_id": 7312, "vphfpdID": "001923@4k6u_A.2"}, {"lrredund": 0.5125, "lrpepelmv": -1.0, "hphfpdID": "000836.d1299_1452", "pdbset": null, "lrpepxh": -1.0, "finallr": 123.4664, "lrpepelmh": -1.0, "template": "4atz:AD(0.07,0.03,76/79,30,31)", "viralprotein_id": 14164, "lrsm": 240.91, "id": 69614546, "lrpepxv": -1.0, "lrredundpairs": -1.0, "humanprotein_id": 1962, "vphfpdID": "001923.e186_366@1uxb_A.1"}, {"lrredund": -1.0, "lrpepelmv": -1.0, "hphfpdID": "000799.d184_274", "pdbset": null, "lrpepxh": -1.0, "finallr": 130.3236, "lrpepelmh": -1.0, "template": "4atz:BE(0.07,0.03,56/80,22,17)", "viralprotein_id": 14164, "lrsm": 169.0977, "id": 69614798, "lrpepxv": -1.0, "lrredundpairs": 0.7707, "humanprotein_id": 7900, "vphfpdID": "001923.e186_366@1uxb_A.1"}, {"lrredund": -1.0, "lrpepelmv": -1.0, "hphfpdID": "013916.e58_169", "pdbset": null, "lrpepxh": -1.0, "finallr": 195.539, "lrpepelmh": -1.0, "template": "2j12:AB(0.01,0.17,105/123,60,94)", "viralprotein_id": 14164, "lrsm": 253.7161, "id": 69614972, "lrpepxv": -1.0, "lrredundpairs": 0.7707, "humanprotein_id": 17595, "vphfpdID": "001923.e186_366@4k6u_A.2"}, {"lrredund": -1.0, "lrpepelmv": -1.0, "hphfpdID": "011449", "pdbset": null, "lrpepxh": -1.0, "finallr": 185.6693, "lrpepelmh": -1.0, "template": "4atz:AD(0.07,0.03,78/79,29,25)", "viralprotein_id": 14164, "lrsm": 240.91, "id": 69614987, "lrpepxv": -1.0, "lrredundpairs": 0.7707, "humanprotein_id": 6839, "vphfpdID": "001923.e186_366@4k6u_A.2"}, {"lrredund": -1.0, "lrpepelmv": -1.0, "hphfpdID": "008091.d374_467", "pdbset": null, "lrpepxh": -1.0, "finallr": 169.0977, "lrpepelmh": -1.0, "template": "4atz:AD(0.07,0.02,56/79,24,28)", "viralprotein_id": 14164, "lrsm": 169.0977, "id": 69615105, "lrpepxv": -1.0, "lrredundpairs": -1.0, "humanprotein_id": 897, "vphfpdID": "001923.e186_366@1uxb_A.1"}, {"lrredund": 20.9141, "lrpepelmv": 9.677, "hphfpdID": "001751.e1_73", "pdbset": null, "lrpepxh": -1.0, "finallr": 202.3856, "lrpepelmh": -1.0, "template": "2k7i:BA(0.30,0.58,82/324,16,17)", "viralprotein_id": 14164, "lrsm": 1.6221, "id": 69615155, "lrpepxv": -1.0, "lrredundpairs": 0.7707, "humanprotein_id": 5041, "vphfpdID": "001923@1uxb_A.1"}, {"lrredund": -1.0, "lrpepelmv": -1.0, "hphfpdID": "017846.d213_301", "pdbset": null, "lrpepxh": -1.0, "finallr": 129.7855, "lrpepelmh": -1.0, "template": "4atz:AD(0.07,0.01,62/79,24,19)", "viralprotein_id": 14164, "lrsm": 168.3995, "id": 69615168, "lrpepxv": -1.0, "lrredundpairs": 0.7707, "humanprotein_id": 16781, "vphfpdID": "001923.e186_366@4k6u_A.2"}, {"lrredund": 19.2898, "lrpepelmv": -1.0, "hphfpdID": "001154.e176_349", "pdbset": null, "lrpepxh": -1.0, "finallr": 235.244, "lrpepelmh": -1.0, "template": "2jp1:BA(0.51,0.58,190/235,27,14)", "viralprotein_id": 14164, "lrsm": 12.1952, "id": 69615237, "lrpepxv": -1.0, "lrredundpairs": -1.0, "humanprotein_id": 4803, "vphfpdID": "001923.e186_366@1uxb_A.1"}, {"lrredund": -1.0, "lrpepelmv": -1.0, "hphfpdID": "000867.e1_188", "pdbset": null, "lrpepxh": -1.0, "finallr": 185.6693, "lrpepelmh": -1.0, "template": "4atz:AD(0.07,0.03,78/79,30,30)", "viralprotein_id": 14164, "lrsm": 240.91, "id": 69615391, "lrpepxv": -1.0, "lrredundpairs": 0.7707, "humanprotein_id": 791, "vphfpdID": "001923.e186_366@1uxb_A.1"}, {"lrredund": -1.0, "lrpepelmv": -1.0, "hphfpdID": "011451.d1705_1797", "pdbset": null, "lrpepxh": -1.0, "finallr": 130.3236, "lrpepelmh": -1.0, "template": "4atz:BE(0.07,0.03,59/80,26,30)", "viralprotein_id": 14164, "lrsm": 169.0977, "id": 69615434, "lrpepxv": -1.0, "lrredundpairs": 0.7707, "humanprotein_id": 15521, "vphfpdID": "001923.e186_366@4k6u_A.2"}, {"lrredund": -1.0, "lrpepelmv": -1.0, "hphfpdID": "001195.d155_330", "pdbset": null, "lrpepxh": -1.0, "finallr": 185.6693, "lrpepelmh": -1.0, "template": "4atz:AD(0.07,0.03,78/79,26,28)", "viralprotein_id": 14164, "lrsm": 240.91, "id": 69615468, "lrpepxv": -1.0, "lrredundpairs": 0.7707, "humanprotein_id": 10678, "vphfpdID": "001923.e186_366@1uxb_A.1"}, {"lrredund": -1.0, "lrpepelmv": -1.0, "hphfpdID": "000835.e1_149", "pdbset": null, "lrpepxh": -1.0, "finallr": 185.6693, "lrpepelmh": -1.0, "template": "4atz:AD(0.07,0.03,78/79,28,20)", "viralprotein_id": 14164, "lrsm": 240.91, "id": 69615505, "lrpepxv": -1.0, "lrredundpairs": 0.7707, "humanprotein_id": 10037, "vphfpdID": "001923.e186_366@1uxb_A.1"}, {"lrredund": 1.7092, "lrpepelmv": -1.0, "hphfpdID": "017834", "pdbset": null, "lrpepxh": -1.0, "finallr": 106.5002, "lrpepelmh": -1.0, "template": "", "viralprotein_id": 14164, "lrsm": -1.0, "id": 69615585, "lrpepxv": 62.31, "lrredundpairs": -1.0, "humanprotein_id": 5361, "vphfpdID": "001923.g73_185@1qiu_A.3"}, {"lrredund": -1.0, "lrpepelmv": -1.0, "hphfpdID": "012929.e1_154", "pdbset": null, "lrpepxh": -1.0, "finallr": 195.539, "lrpepelmh": -1.0, "template": "2j12:AB(0.01,0.15,106/123,60,95)", "viralprotein_id": 14164, "lrsm": 253.7161, "id": 69615712, "lrpepxv": -1.0, "lrredundpairs": 0.7707, "humanprotein_id": 14723, "vphfpdID": "001923.e186_366@1uxb_A.1"}, {"lrredund": -1.0, "lrpepelmv": -1.0, "hphfpdID": "001198.d287_371", "pdbset": null, "lrpepxh": -1.0, "finallr": 130.3236, "lrpepelmh": -1.0, "template": "4atz:BE(0.07,0.03,54/80,22,27)", "viralprotein_id": 14164, "lrsm": 169.0977, "id": 69615833, "lrpepxv": -1.0, "lrredundpairs": 0.7707, "humanprotein_id": 19685, "vphfpdID": "001923@4k6u_A.2"}, {"lrredund": -1.0, "lrpepelmv": -1.0, "hphfpdID": "013487.e1_147", "pdbset": null, "lrpepxh": -1.0, "finallr": 185.6693, "lrpepelmh": -1.0, "template": "4atz:AD(0.07,0.03,68/79,26,19)", "viralprotein_id": 14164, "lrsm": 240.91, "id": 69615855, "lrpepxv": -1.0, "lrredundpairs": 0.7707, "humanprotein_id": 11377, "vphfpdID": "001923.e186_366@4k6u_A.2"}, {"lrredund": -1.0, "lrpepelmv": -1.0, "hphfpdID": "003966.d99_173", "pdbset": null, "lrpepxh": -1.0, "finallr": 130.3236, "lrpepelmh": -1.0, "template": "4atz:AD(0.07,0.02,58/79,22,17)", "viralprotein_id": 14164, "lrsm": 169.0977, "id": 69615882, "lrpepxv": -1.0, "lrredundpairs": 0.7707, "humanprotein_id": 13859, "vphfpdID": "001923.e186_366@4k6u_A.2"}, {"lrredund": -1.0, "lrpepelmv": -1.0, "hphfpdID": "011254.e233_336", "pdbset": null, "lrpepxh": -1.0, "finallr": 113.0937, "lrpepelmh": -1.0, "template": "2j12:AB(0.01,0.18,66/123,42,59)", "viralprotein_id": 14164, "lrsm": 113.0937, "id": 69615980, "lrpepxv": -1.0, "lrredundpairs": -1.0, "humanprotein_id": 2304, "vphfpdID": "001923.e186_366@4k6u_A.2"}, {"lrredund": -1.0, "lrpepelmv": -1.0, "hphfpdID": "001190.d86_175", "pdbset": null, "lrpepxh": -1.0, "finallr": 100.322, "lrpepelmh": -1.0, "template": "4atz:AF(0.07,0.02,1/1,2,1)", "viralprotein_id": 14164, "lrsm": 130.17, "id": 69616111, "lrpepxv": -1.0, "lrredundpairs": 0.7707, "humanprotein_id": 13886, "vphfpdID": "001923.e186_366@1uxb_A.1"}, {"lrredund": -1.0, "lrpepelmv": -1.0, "hphfpdID": "000837.d41_209", "pdbset": null, "lrpepxh": -1.0, "finallr": 100.322, "lrpepelmh": -1.0, "template": "4atz:AF(0.07,0.03,1/1,2,1)", "viralprotein_id": 14164, "lrsm": 130.17, "id": 69616289, "lrpepxv": -1.0, "lrredundpairs": 0.7707, "humanprotein_id": 16950, "vphfpdID": "001923.e186_366@1uxb_A.1"}, {"lrredund": -1.0, "lrpepelmv": -1.0, "hphfpdID": "010912.d203_327", "pdbset": null, "lrpepxh": -1.0, "finallr": 185.6693, "lrpepelmh": -1.0, "template": "4atz:AD(0.07,0.03,67/79,30,29)", "viralprotein_id": 14164, "lrsm": 240.91, "id": 69616598, "lrpepxv": -1.0, "lrredundpairs": 0.7707, "humanprotein_id": 1680, "vphfpdID": "001923.e186_366@4k6u_A.2"}, {"lrredund": -1.0, "lrpepelmv": -1.0, "hphfpdID": "000866.d65_185", "pdbset": null, "lrpepxh": -1.0, "finallr": 129.7855, "lrpepelmh": -1.0, "template": "4atz:AD(0.07,0.00,63/79,25,23)", "viralprotein_id": 14164, "lrsm": 168.3995, "id": 69616651, "lrpepxv": -1.0, "lrredundpairs": 0.7707, "humanprotein_id": 717, "vphfpdID": "001923.e186_366@1uxb_A.1"}, {"lrredund": 19.2898, "lrpepelmv": -1.0, "hphfpdID": "005567", "pdbset": null, "lrpepxh": -1.0, "finallr": 104.7436, "lrpepelmh": -1.0, "template": "", "viralprotein_id": 14164, "lrsm": -1.0, "id": 69616698, "lrpepxv": 5.43, "lrredundpairs": 0.7707, "humanprotein_id": 3874, "vphfpdID": "001923.g73_185@1qiu_A.3"}, {"lrredund": -1.0, "lrpepelmv": -1.0, "hphfpdID": "013385.d233_357", "pdbset": null, "lrpepxh": -1.0, "finallr": 240.91, "lrpepelmh": -1.0, "template": "4atz:AD(0.07,0.03,77/79,31,30)", "viralprotein_id": 14164, "lrsm": 240.91, "id": 69616760, "lrpepxv": -1.0, "lrredundpairs": -1.0, "humanprotein_id": 3456, "vphfpdID": "001923.e186_366@4k6u_A.2"}, {"lrredund": 20.9141, "lrpepelmv": -1.0, "hphfpdID": "000172.d132_188", "pdbset": null, "lrpepxh": -1.0, "finallr": 255.0528, "lrpepelmh": -1.0, "template": "2jp1:BA(0.48,0.57,193/235,35,22)", "viralprotein_id": 14164, "lrsm": 12.1952, "id": 69616903, "lrpepxv": -1.0, "lrredundpairs": 0.7707, "humanprotein_id": 2981, "vphfpdID": "001923.e186_366@4k6u_A.2"}, {"lrredund": -1.0, "lrpepelmv": -1.0, "hphfpdID": "000760.d118_248", "pdbset": null, "lrpepxh": -1.0, "finallr": 185.6693, "lrpepelmh": -1.0, "template": "4atz:AD(0.07,0.02,76/79,30,28)", "viralprotein_id": 14164, "lrsm": 240.91, "id": 69617025, "lrpepxv": -1.0, "lrredundpairs": 0.7707, "humanprotein_id": 198, "vphfpdID": "001923.e186_366@4k6u_A.2"}, {"lrredund": -1.0, "lrpepelmv": -1.0, "hphfpdID": "018930.e1_159", "pdbset": null, "lrpepxh": -1.0, "finallr": 768.65, "lrpepelmh": -1.0, "template": "2j12:AB(0.01,0.02,113/123,54,77)", "viralprotein_id": 14164, "lrsm": 997.3401, "id": 69617112, "lrpepxv": -1.0, "lrredundpairs": 0.7707, "humanprotein_id": 9422, "vphfpdID": "001923.e186_366@1uxb_A.1"}, {"lrredund": -1.0, "lrpepelmv": 3.1171, "hphfpdID": "000797.d480_619", "pdbset": null, "lrpepxh": -1.0, "finallr": 185.6693, "lrpepelmh": -1.0, "template": "4atz:AD(0.07,0.03,76/79,32,29)", "viralprotein_id": 14164, "lrsm": 240.91, "id": 69617165, "lrpepxv": -1.0, "lrredundpairs": 0.7707, "humanprotein_id": 12899, "vphfpdID": "001923.e186_366@4k6u_A.2"}, {"lrredund": 19.2898, "lrpepelmv": 15.8041, "hphfpdID": "016613.e557_714", "pdbset": null, "lrpepxh": -1.0, "finallr": 304.8578, "lrpepelmh": -1.0, "template": "3bid:EC(0.37,0.54,6/6,2,0)", "viralprotein_id": 14164, "lrsm": 1.3385, "id": 69617429, "lrpepxv": -1.0, "lrredundpairs": -1.0, "humanprotein_id": 5161, "vphfpdID": "001923.e186_366@1uxb_A.1"}, {"lrredund": 19.2898, "lrpepelmv": -1.0, "hphfpdID": "003962.d92_178", "pdbset": null, "lrpepxh": -1.0, "finallr": 115.7521, "lrpepelmh": -1.0, "template": "1v1h:BF(0.09,0.30,1/1,2,1)", "viralprotein_id": 14164, "lrsm": 6.0007, "id": 69617603, "lrpepxv": -1.0, "lrredundpairs": 1.373, "humanprotein_id": 6447, "vphfpdID": "001923.g73_185@1v1h_A.1"}, {"lrredund": -1.0, "lrpepelmv": -1.0, "hphfpdID": "000860.d142_217", "pdbset": null, "lrpepxh": -1.0, "finallr": 169.0977, "lrpepelmh": -1.0, "template": "4atz:BE(0.07,0.03,50/80,22,23)", "viralprotein_id": 14164, "lrsm": 169.0977, "id": 69617619, "lrpepxv": -1.0, "lrredundpairs": -1.0, "humanprotein_id": 9936, "vphfpdID": "001923@4k6u_A.2"}, {"lrredund": 4.2492, "lrpepelmv": -1.0, "hphfpdID": "008173.d11_89", "pdbset": null, "lrpepxh": -1.0, "finallr": 718.53, "lrpepelmh": -1.0, "template": "4atz:AD(0.07,0.03,58/79,23,17)", "viralprotein_id": 14164, "lrsm": 169.0977, "id": 69617850, "lrpepxv": -1.0, "lrredundpairs": 1.1877, "humanprotein_id": 7350, "vphfpdID": "001923.e186_366@4k6u_A.2"}, {"lrredund": -1.0, "lrpepelmv": -1.0, "hphfpdID": "009665.e282_423", "pdbset": null, "lrpepxh": -1.0, "finallr": 113.0937, "lrpepelmh": -1.0, "template": "2j12:AB(0.01,0.18,77/123,48,65)", "viralprotein_id": 14164, "lrsm": 113.0937, "id": 69617880, "lrpepxv": -1.0, "lrredundpairs": -1.0, "humanprotein_id": 15941, "vphfpdID": "001923.e186_366@4k6u_A.2"}, {"lrredund": -1.0, "lrpepelmv": -1.0, "hphfpdID": "008629", "pdbset": null, "lrpepxh": -1.0, "finallr": 134.3215, "lrpepelmh": -1.0, "template": "2j12:AB(0.01,0.18,79/123,54,74)", "viralprotein_id": 14164, "lrsm": 113.0937, "id": 69617885, "lrpepxv": -1.0, "lrredundpairs": 1.1877, "humanprotein_id": 14799, "vphfpdID": "001923.e186_366@4k6u_A.2"}, {"lrredund": 19.2898, "lrpepelmv": -1.0, "hphfpdID": "008378.g106_302", "pdbset": null, "lrpepxh": -1.0, "finallr": 115.7521, "lrpepelmh": -1.0, "template": "1jy4:AB(0.18,0.21,32/40,2,0)", "viralprotein_id": 14164, "lrsm": 6.0007, "id": 69618127, "lrpepxv": -1.0, "lrredundpairs": -1.0, "humanprotein_id": 3758, "vphfpdID": "001923.e186_366@1uxb_A.1"}, {"lrredund": 4.2492, "lrpepelmv": -1.0, "hphfpdID": "002583.d16_108", "pdbset": null, "lrpepxh": -1.0, "finallr": 182.7888, "lrpepelmh": -1.0, "template": "4atz:BE(0.07,0.09,57/80,23,27)", "viralprotein_id": 14164, "lrsm": 43.0172, "id": 69618215, "lrpepxv": -1.0, "lrredundpairs": 0.7707, "humanprotein_id": 12396, "vphfpdID": "001923.e186_366@1uxb_A.1"}, {"lrredund": 20.9141, "lrpepelmv": -1.0, "hphfpdID": "017454.e185_251", "pdbset": null, "lrpepxh": -1.0, "finallr": 125.499, "lrpepelmh": -1.0, "template": "1v1h:BF(0.05,0.31,1/1,2,1)", "viralprotein_id": 14164, "lrsm": 6.0007, "id": 69618379, "lrpepxv": -1.0, "lrredundpairs": -1.0, "humanprotein_id": 7296, "vphfpdID": "001923.g73_185@1v1h_A.1"}, {"lrredund": -1.0, "lrpepelmv": -1.0, "hphfpdID": "000849.e1_99", "pdbset": null, "lrpepxh": -1.0, "finallr": 130.3236, "lrpepelmh": -1.0, "template": "4atz:AD(0.07,0.02,59/79,27,29)", "viralprotein_id": 14164, "lrsm": 169.0977, "id": 69618546, "lrpepxv": -1.0, "lrredundpairs": 0.7707, "humanprotein_id": 11100, "vphfpdID": "001923.e186_366@4k6u_A.2"}, {"lrredund": -1.0, "lrpepelmv": -1.0, "hphfpdID": "000765.d113_237", "pdbset": null, "lrpepxh": -1.0, "finallr": 100.322, "lrpepelmh": -1.0, "template": "4atz:AF(0.07,0.03,1/1,2,1)", "viralprotein_id": 14164, "lrsm": 130.17, "id": 69618566, "lrpepxv": -1.0, "lrredundpairs": 0.7707, "humanprotein_id": 12126, "vphfpdID": "001923.e186_366@1uxb_A.1"}, {"lrredund": -1.0, "lrpepelmv": -1.0, "hphfpdID": "018723", "pdbset": null, "lrpepxh": -1.0, "finallr": 185.6693, "lrpepelmh": -1.0, "template": "4atz:BE(0.07,0.02,79/80,32,32)", "viralprotein_id": 14164, "lrsm": 240.91, "id": 69618691, "lrpepxv": -1.0, "lrredundpairs": 0.7707, "humanprotein_id": 8583, "vphfpdID": "001923.e186_366@4k6u_A.2"}, {"lrredund": -1.0, "lrpepelmv": -1.0, "hphfpdID": "006489.e1_109", "pdbset": null, "lrpepxh": -1.0, "finallr": 100.322, "lrpepelmh": -1.0, "template": "4atz:AF(0.07,0.03,1/1,2,1)", "viralprotein_id": 14164, "lrsm": 130.17, "id": 69618723, "lrpepxv": -1.0, "lrredundpairs": 0.7707, "humanprotein_id": 13312, "vphfpdID": "001923.e186_366@1uxb_A.1"}, {"lrredund": -1.0, "lrpepelmv": -1.0, "hphfpdID": "004100.d748_839", "pdbset": null, "lrpepxh": -1.0, "finallr": 129.7855, "lrpepelmh": -1.0, "template": "4atz:AD(0.07,0.01,62/79,27,20)", "viralprotein_id": 14164, "lrsm": 168.3995, "id": 69618897, "lrpepxv": -1.0, "lrredundpairs": 0.7707, "humanprotein_id": 13943, "vphfpdID": "001923.e186_366@4k6u_A.2"}, {"lrredund": 2.3254, "lrpepelmv": 104.3713, "hphfpdID": "014176", "pdbset": null, "lrpepxh": -1.0, "finallr": 242.7052, "lrpepelmh": -1.0, "template": "", "viralprotein_id": 14164, "lrsm": -1.0, "id": 69619001, "lrpepxv": -1.0, "lrredundpairs": -1.0, "humanprotein_id": 4582, "vphfpdID": "001923@4k6u_A.2"}, {"lrredund": 2.409, "lrpepelmv": -1.0, "hphfpdID": "008089", "pdbset": null, "lrpepxh": -1.0, "finallr": 147.6374, "lrpepelmh": -1.0, "template": "4atz:AD(0.07,0.11,75/79,31,31)", "viralprotein_id": 14164, "lrsm": 61.2858, "id": 69619244, "lrpepxv": -1.0, "lrredundpairs": 0.7707, "humanprotein_id": 4470, "vphfpdID": "001923.e186_366@4k6u_A.2"}, {"lrredund": 20.9141, "lrpepelmv": -1.0, "hphfpdID": "018500.d533_608", "pdbset": null, "lrpepxh": -1.0, "finallr": 250.8713, "lrpepelmh": -1.0, "template": "3ptf:AC(0.37,0.02,57/68,25,23)", "viralprotein_id": 14164, "lrsm": 11.9953, "id": 69619294, "lrpepxv": -1.0, "lrredundpairs": 1.373, "humanprotein_id": 3463, "vphfpdID": "001923.e186_366@4k6u_A.2"}, {"lrredund": -1.0, "lrpepelmv": -1.0, "hphfpdID": "000839.d52_167", "pdbset": null, "lrpepxh": -1.0, "finallr": 129.7855, "lrpepelmh": -1.0, "template": "4atz:AD(0.07,0.03,63/79,25,22)", "viralprotein_id": 14164, "lrsm": 168.3995, "id": 69619448, "lrpepxv": -1.0, "lrredundpairs": 0.7707, "humanprotein_id": 13613, "vphfpdID": "001923.e186_366@1uxb_A.1"}, {"lrredund": 21.3884, "lrpepelmv": -1.0, "hphfpdID": "014262.d1_78", "pdbset": null, "lrpepxh": -1.0, "finallr": 102.7509, "lrpepelmh": -1.0, "template": "3ptf:AC(0.37,0.07,55/68,24,24)", "viralprotein_id": 14164, "lrsm": 4.804, "id": 69619476, "lrpepxv": -1.0, "lrredundpairs": -1.0, "humanprotein_id": 5865, "vphfpdID": "001923.e186_366@4k6u_A.2"}, {"lrredund": -1.0, "lrpepelmv": -1.0, "hphfpdID": "000856.d78_195", "pdbset": null, "lrpepxh": -1.0, "finallr": 129.7855, "lrpepelmh": -1.0, "template": "4atz:AD(0.07,0.00,63/79,22,18)", "viralprotein_id": 14164, "lrsm": 168.3995, "id": 69619554, "lrpepxv": -1.0, "lrredundpairs": 0.7707, "humanprotein_id": 13754, "vphfpdID": "001923.e186_366@1uxb_A.1"}, {"lrredund": -1.0, "lrpepelmv": -1.0, "hphfpdID": "000863.d172_275", "pdbset": null, "lrpepxh": -1.0, "finallr": 130.3236, "lrpepelmh": -1.0, "template": "4atz:AD(0.07,0.02,56/79,23,28)", "viralprotein_id": 14164, "lrsm": 169.0977, "id": 69619773, "lrpepxv": -1.0, "lrredundpairs": 0.7707, "humanprotein_id": 309, "vphfpdID": "001923.e186_366@1uxb_A.1"}, {"lrredund": -1.0, "lrpepelmv": -1.0, "hphfpdID": "009578.e407_573", "pdbset": null, "lrpepxh": -1.0, "finallr": 240.91, "lrpepelmh": -1.0, "template": "4atz:AD(0.07,0.03,78/79,30,32)", "viralprotein_id": 14164, "lrsm": 240.91, "id": 69620136, "lrpepxv": -1.0, "lrredundpairs": -1.0, "humanprotein_id": 11217, "vphfpdID": "001923.e186_366@1uxb_A.1"}, {"lrredund": -1.0, "lrpepelmv": -1.0, "hphfpdID": "018152.d78_186", "pdbset": null, "lrpepxh": -1.0, "finallr": 185.6693, "lrpepelmh": -1.0, "template": "4atz:AD(0.07,0.03,75/79,32,31)", "viralprotein_id": 14164, "lrsm": 240.91, "id": 69620140, "lrpepxv": -1.0, "lrredundpairs": 0.7707, "humanprotein_id": 2144, "vphfpdID": "001923.e186_366@4k6u_A.2"}, {"lrredund": -1.0, "lrpepelmv": -1.0, "hphfpdID": "018357.e309_418", "pdbset": null, "lrpepxh": -1.0, "finallr": 113.0937, "lrpepelmh": -1.0, "template": "2j12:AB(0.01,0.18,77/123,47,67)", "viralprotein_id": 14164, "lrsm": 113.0937, "id": 69620286, "lrpepxv": -1.0, "lrredundpairs": -1.0, "humanprotein_id": 19255, "vphfpdID": "001923.e186_366@4k6u_A.2"}, {"lrredund": 20.9141, "lrpepelmv": 4.1867, "hphfpdID": "001509.e1_53", "pdbset": null, "lrpepxh": -1.0, "finallr": 163.0298, "lrpepelmh": -1.0, "template": "1uxe:CA(0.01,0.31,53/117,30,45)", "viralprotein_id": 14164, "lrsm": 7.7952, "id": 69620299, "lrpepxv": -1.0, "lrredundpairs": 1.1877, "humanprotein_id": 2598, "vphfpdID": "001923.e186_366@4k6u_A.2"}, {"lrredund": -1.0, "lrpepelmv": -1.0, "hphfpdID": "001188.d114_183", "pdbset": null, "lrpepxh": -1.0, "finallr": 130.3236, "lrpepelmh": -1.0, "template": "4atz:AD(0.07,0.02,57/79,22,19)", "viralprotein_id": 14164, "lrsm": 169.0977, "id": 69620362, "lrpepxv": -1.0, "lrredundpairs": 0.7707, "humanprotein_id": 13875, "vphfpdID": "001923.e186_366@1uxb_A.1"}, {"lrredund": 4.2492, "lrpepelmv": -1.0, "hphfpdID": "008086.e1_148", "pdbset": null, "lrpepxh": -1.0, "finallr": 195.3622, "lrpepelmh": -1.0, "template": "2j12:AB(0.01,0.38,107/123,51,63)", "viralprotein_id": 14164, "lrsm": 45.9762, "id": 69620780, "lrpepxv": -1.0, "lrredundpairs": 0.7707, "humanprotein_id": 14249, "vphfpdID": "001923.e186_366@1uxb_A.1"}, {"lrredund": -1.0, "lrpepelmv": -1.0, "hphfpdID": "008261.d226_323", "pdbset": null, "lrpepxh": -1.0, "finallr": 130.3236, "lrpepelmh": -1.0, "template": "4atz:AD(0.07,0.03,57/79,23,23)", "viralprotein_id": 14164, "lrsm": 169.0977, "id": 69620833, "lrpepxv": -1.0, "lrredundpairs": 0.7707, "humanprotein_id": 19360, "vphfpdID": "001923.e186_366@1uxb_A.1"}, {"lrredund": -1.0, "lrpepelmv": -1.0, "hphfpdID": "018937.e1_144", "pdbset": null, "lrpepxh": -1.0, "finallr": 768.65, "lrpepelmh": -1.0, "template": "2j12:AB(0.01,0.08,107/123,61,92)", "viralprotein_id": 14164, "lrsm": 997.3401, "id": 69621059, "lrpepxv": -1.0, "lrredundpairs": 0.7707, "humanprotein_id": 11115, "vphfpdID": "001923.e186_366@4k6u_A.2"}, {"lrredund": -1.0, "lrpepelmv": -1.0, "hphfpdID": "000788.d192_337", "pdbset": null, "lrpepxh": -1.0, "finallr": 240.91, "lrpepelmh": -1.0, "template": "4atz:AD(0.07,0.03,76/79,30,29)", "viralprotein_id": 14164, "lrsm": 240.91, "id": 69621062, "lrpepxv": -1.0, "lrredundpairs": -1.0, "humanprotein_id": 3928, "vphfpdID": "001923.e186_366@1uxb_A.1"}, {"lrredund": -1.0, "lrpepelmv": -1.0, "hphfpdID": "000804.d32_192", "pdbset": null, "lrpepxh": -1.0, "finallr": 185.6693, "lrpepelmh": -1.0, "template": "4atz:BE(0.07,0.03,79/80,29,21)", "viralprotein_id": 14164, "lrsm": 240.91, "id": 69621146, "lrpepxv": -1.0, "lrredundpairs": 0.7707, "humanprotein_id": 10688, "vphfpdID": "001923.e186_366@4k6u_A.2"}, {"lrredund": 21.3884, "lrpepelmv": 15.8041, "hphfpdID": "016466.d294_477", "pdbset": null, "lrpepxh": -1.0, "finallr": 338.0243, "lrpepelmh": -1.0, "template": "2jp1:BA(0.51,0.55,188/235,34,16)", "viralprotein_id": 14164, "lrsm": 12.1952, "id": 69621235, "lrpepxv": -1.0, "lrredundpairs": 21.3884, "humanprotein_id": 3727, "vphfpdID": "001923.e186_366@1uxb_A.1"}, {"lrredund": -1.0, "lrpepelmv": 10.4295, "hphfpdID": "000870.d186_277", "pdbset": null, "lrpepxh": -1.0, "finallr": 169.0977, "lrpepelmh": -1.0, "template": "4atz:AD(0.07,0.02,56/79,24,26)", "viralprotein_id": 14164, "lrsm": 169.0977, "id": 69621347, "lrpepxv": -1.0, "lrredundpairs": -1.0, "humanprotein_id": 14038, "vphfpdID": "001923.e186_366@1uxb_A.1"}, {"lrredund": 19.2898, "lrpepelmv": -1.0, "hphfpdID": "015989.d45_131", "pdbset": null, "lrpepxh": -1.0, "finallr": 145.3686, "lrpepelmh": -1.0, "template": "1v1i:CB(0.05,0.31,77/233,37,71)", "viralprotein_id": 14164, "lrsm": 7.536, "id": 69621363, "lrpepxv": -1.0, "lrredundpairs": 1.1877, "humanprotein_id": 6577, "vphfpdID": "001923.g73_185@1v1h_A.1"}, {"lrredund": -1.0, "lrpepelmv": -1.0, "hphfpdID": "000840.d70_269", "pdbset": null, "lrpepxh": -1.0, "finallr": 185.6693, "lrpepelmh": -1.0, "template": "4atz:BE(0.07,0.03,79/80,31,30)", "viralprotein_id": 14164, "lrsm": 240.91, "id": 69621394, "lrpepxv": -1.0, "lrredundpairs": 0.7707, "humanprotein_id": 11145, "vphfpdID": "001923.e186_366@4k6u_A.2"}, {"lrredund": -1.0, "lrpepelmv": -1.0, "hphfpdID": "000752.d61_186", "pdbset": null, "lrpepxh": -1.0, "finallr": 185.6693, "lrpepelmh": -1.0, "template": "4atz:AD(0.07,0.03,76/79,30,30)", "viralprotein_id": 14164, "lrsm": 240.91, "id": 69621444, "lrpepxv": -1.0, "lrredundpairs": 0.7707, "humanprotein_id": 8842, "vphfpdID": "001923.e186_366@4k6u_A.2"}, {"lrredund": -1.0, "lrpepelmv": -1.0, "hphfpdID": "013251.e335_479", "pdbset": null, "lrpepxh": -1.0, "finallr": 185.6693, "lrpepelmh": -1.0, "template": "4atz:AD(0.07,0.03,76/79,27,30)", "viralprotein_id": 14164, "lrsm": 240.91, "id": 69621600, "lrpepxv": -1.0, "lrredundpairs": 0.7707, "humanprotein_id": 1832, "vphfpdID": "001923.e186_366@1uxb_A.1"}, {"lrredund": -1.0, "lrpepelmv": -1.0, "hphfpdID": "017298.d27_125", "pdbset": null, "lrpepxh": -1.0, "finallr": 232.1711, "lrpepelmh": -1.0, "template": "4atz:AD(0.07,0.03,59/79,28,29)", "viralprotein_id": 14164, "lrsm": 169.0977, "id": 69621757, "lrpepxv": -1.0, "lrredundpairs": 1.373, "humanprotein_id": 11693, "vphfpdID": "001923.e186_366@4k6u_A.2"}, {"lrredund": 2.3254, "lrpepelmv": 52.8828, "hphfpdID": "000906.e852_977", "pdbset": null, "lrpepxh": -1.0, "finallr": 122.9736, "lrpepelmh": -1.0, "template": "2jp1:BA(0.51,0.46,202/235,26,10)", "viralprotein_id": 14164, "lrsm": 12.8485, "id": 69621850, "lrpepxv": -1.0, "lrredundpairs": 0.7707, "humanprotein_id": 2586, "vphfpdID": "001923.e186_366@1uxb_A.1"}, {"lrredund": 0.5125, "lrpepelmv": -1.0, "hphfpdID": "000859.d723_814", "pdbset": null, "lrpepxh": -1.0, "finallr": 123.4664, "lrpepelmh": -1.0, "template": "4atz:AD(0.07,0.02,66/79,27,23)", "viralprotein_id": 14164, "lrsm": 240.91, "id": 69621892, "lrpepxv": -1.0, "lrredundpairs": 0.7707, "humanprotein_id": 12637, "vphfpdID": "001923.e186_366@4k6u_A.2"}, {"lrredund": -1.0, "lrpepelmv": -1.0, "hphfpdID": "003332", "pdbset": null, "lrpepxh": -1.0, "finallr": 195.539, "lrpepelmh": -1.0, "template": "2j12:AB(0.01,0.13,114/123,60,95)", "viralprotein_id": 14164, "lrsm": 253.7161, "id": 69621973, "lrpepxv": -1.0, "lrredundpairs": 0.7707, "humanprotein_id": 16994, "vphfpdID": "001923.e186_366@4k6u_A.2"}, {"lrredund": 0.5125, "lrpepelmv": -1.0, "hphfpdID": "000872", "pdbset": null, "lrpepxh": -1.0, "finallr": 123.4664, "lrpepelmh": -1.0, "template": "4atz:BE(0.07,0.03,79/80,33,36)", "viralprotein_id": 14164, "lrsm": 240.91, "id": 69622187, "lrpepxv": -1.0, "lrredundpairs": 0.7707, "humanprotein_id": 12509, "vphfpdID": "001923.e186_366@1uxb_A.1"}, {"lrredund": -1.0, "lrpepelmv": -1.0, "hphfpdID": "001191.d87_180", "pdbset": null, "lrpepxh": -1.0, "finallr": 130.3236, "lrpepelmh": -1.0, "template": "4atz:AD(0.07,0.02,54/79,24,28)", "viralprotein_id": 14164, "lrsm": 169.0977, "id": 69622204, "lrpepxv": -1.0, "lrredundpairs": 0.7707, "humanprotein_id": 404, "vphfpdID": "001923.e186_366@4k6u_A.2"}, {"lrredund": -1.0, "lrpepelmv": -1.0, "hphfpdID": "006086.d177_236", "pdbset": null, "lrpepxh": -1.0, "finallr": 130.3236, "lrpepelmh": -1.0, "template": "4atz:BE(0.07,0.03,59/80,23,21)", "viralprotein_id": 14164, "lrsm": 169.0977, "id": 69622227, "lrpepxv": -1.0, "lrredundpairs": 0.7707, "humanprotein_id": 15891, "vphfpdID": "001923.e186_366@1uxb_A.1"}, {"lrredund": -1.0, "lrpepelmv": -1.0, "hphfpdID": "000865.d36_173", "pdbset": null, "lrpepxh": -1.0, "finallr": 185.6693, "lrpepelmh": -1.0, "template": "4atz:AD(0.07,0.03,76/79,30,28)", "viralprotein_id": 14164, "lrsm": 240.91, "id": 69622233, "lrpepxv": -1.0, "lrredundpairs": 0.7707, "humanprotein_id": 769, "vphfpdID": "001923.e186_366@4k6u_A.2"}, {"lrredund": -1.0, "lrpepelmv": -1.0, "hphfpdID": "006088.d132_205", "pdbset": null, "lrpepxh": -1.0, "finallr": 130.3236, "lrpepelmh": -1.0, "template": "4atz:AD(0.07,0.02,58/79,22,19)", "viralprotein_id": 14164, "lrsm": 169.0977, "id": 69622316, "lrpepxv": -1.0, "lrredundpairs": 0.7707, "humanprotein_id": 14885, "vphfpdID": "001923.e186_366@1uxb_A.1"}, {"lrredund": -1.0, "lrpepelmv": -1.0, "hphfpdID": "000751.d45_204", "pdbset": null, "lrpepxh": -1.0, "finallr": 240.91, "lrpepelmh": -1.0, "template": "4atz:BE(0.07,0.03,79/80,28,30)", "viralprotein_id": 14164, "lrsm": 240.91, "id": 69622564, "lrpepxv": -1.0, "lrredundpairs": -1.0, "humanprotein_id": 16221, "vphfpdID": "001923.e186_366@1uxb_A.1"}, {"lrredund": -1.0, "lrpepelmv": -1.0, "hphfpdID": "001200.d162_274", "pdbset": null, "lrpepxh": -1.0, "finallr": 240.91, "lrpepelmh": -1.0, "template": "4atz:AD(0.07,0.02,65/79,24,23)", "viralprotein_id": 14164, "lrsm": 240.91, "id": 69622615, "lrpepxv": -1.0, "lrredundpairs": -1.0, "humanprotein_id": 13830, "vphfpdID": "001923.e186_366@1uxb_A.1"}, {"lrredund": 0.5125, "lrpepelmv": -1.0, "hphfpdID": "000789.d648_785", "pdbset": null, "lrpepxh": -1.0, "finallr": 123.4664, "lrpepelmh": -1.0, "template": "4atz:AD(0.07,0.01,76/79,31,30)", "viralprotein_id": 14164, "lrsm": 240.91, "id": 69622646, "lrpepxv": -1.0, "lrredundpairs": -1.0, "humanprotein_id": 6694, "vphfpdID": "001923.e186_366@4k6u_A.2"}, {"lrredund": 2.0764, "lrpepelmv": 104.3713, "hphfpdID": "014178.e834_1026", "pdbset": null, "lrpepxh": -1.0, "finallr": 216.7167, "lrpepelmh": -1.0, "template": "", "viralprotein_id": 14164, "lrsm": -1.0, "id": 69622760, "lrpepxv": -1.0, "lrredundpairs": -1.0, "humanprotein_id": 7007, "vphfpdID": "001923@4k6u_A.2"}, {"lrredund": 0.5125, "lrpepelmv": -1.0, "hphfpdID": "007375.d83_220", "pdbset": null, "lrpepxh": -1.0, "finallr": 123.4664, "lrpepelmh": -1.0, "template": "4atz:AD(0.07,0.02,76/79,29,31)", "viralprotein_id": 14164, "lrsm": 240.91, "id": 69622853, "lrpepxv": -1.0, "lrredundpairs": 0.7707, "humanprotein_id": 11892, "vphfpdID": "001923.e186_366@1uxb_A.1"}, {"lrredund": 0.5125, "lrpepelmv": -1.0, "hphfpdID": "000853.d223_362", "pdbset": null, "lrpepxh": -1.0, "finallr": 123.4664, "lrpepelmh": -1.0, "template": "4atz:AD(0.07,0.02,76/79,30,30)", "viralprotein_id": 14164, "lrsm": 240.91, "id": 69623159, "lrpepxv": -1.0, "lrredundpairs": 0.7707, "humanprotein_id": 12466, "vphfpdID": "001923.e186_366@4k6u_A.2"}, {"lrredund": 1.7951, "lrpepelmv": -1.0, "hphfpdID": "004933", "pdbset": null, "lrpepxh": -1.0, "finallr": 111.8526, "lrpepelmh": -1.0, "template": "2ecs:AB(0.37,0.31,52/115,21,18)", "viralprotein_id": 14164, "lrsm": 2.0697, "id": 69623226, "lrpepxv": 62.31, "lrredundpairs": 1.373, "humanprotein_id": 12551, "vphfpdID": "001923.g73_185@1qiu_A.3"}, {"lrredund": -1.0, "lrpepelmv": -1.0, "hphfpdID": "013397.d117_189", "pdbset": null, "lrpepxh": -1.0, "finallr": 130.3236, "lrpepelmh": -1.0, "template": "4atz:AD(0.07,0.02,58/79,22,20)", "viralprotein_id": 14164, "lrsm": 169.0977, "id": 69623278, "lrpepxv": -1.0, "lrredundpairs": 0.7707, "humanprotein_id": 15474, "vphfpdID": "001923.e186_366@1uxb_A.1"}, {"lrredund": -1.0, "lrpepelmv": -1.0, "hphfpdID": "017839.d161_290", "pdbset": null, "lrpepxh": -1.0, "finallr": 185.6693, "lrpepelmh": -1.0, "template": "4atz:AD(0.07,0.02,76/79,30,30)", "viralprotein_id": 14164, "lrsm": 240.91, "id": 69623471, "lrpepxv": -1.0, "lrredundpairs": 0.7707, "humanprotein_id": 8821, "vphfpdID": "001923.e186_366@1uxb_A.1"}, {"lrredund": -1.0, "lrpepelmv": -1.0, "hphfpdID": "018928.e142_221", "pdbset": null, "lrpepxh": -1.0, "finallr": 100.9217, "lrpepelmh": -1.0, "template": "2j12:AB(0.01,0.34,56/123,43,46)", "viralprotein_id": 14164, "lrsm": 84.9724, "id": 69623480, "lrpepxv": -1.0, "lrredundpairs": 1.1877, "humanprotein_id": 14814, "vphfpdID": "001923.e186_366@1uxb_A.1"}, {"lrredund": 0.5125, "lrpepelmv": -1.0, "hphfpdID": "000843.d266_392", "pdbset": null, "lrpepxh": -1.0, "finallr": 123.4664, "lrpepelmh": -1.0, "template": "4atz:AD(0.07,0.02,76/79,31,27)", "viralprotein_id": 14164, "lrsm": 240.91, "id": 69623489, "lrpepxv": -1.0, "lrredundpairs": 0.7707, "humanprotein_id": 1248, "vphfpdID": "001923.e186_366@4k6u_A.2"}, {"lrredund": -1.0, "lrpepelmv": -1.0, "hphfpdID": "001187.d148_256", "pdbset": null, "lrpepxh": -1.0, "finallr": 185.6693, "lrpepelmh": -1.0, "template": "4atz:AD(0.07,0.02,65/79,29,32)", "viralprotein_id": 14164, "lrsm": 240.91, "id": 69623777, "lrpepxv": -1.0, "lrredundpairs": 0.7707, "humanprotein_id": 13879, "vphfpdID": "001923.e186_366@1uxb_A.1"}, {"lrredund": -1.0, "lrpepelmv": -1.0, "hphfpdID": "000747.d113_199", "pdbset": null, "lrpepxh": -1.0, "finallr": 130.3236, "lrpepelmh": -1.0, "template": "4atz:AD(0.07,0.02,54/79,26,30)", "viralprotein_id": 14164, "lrsm": 169.0977, "id": 69623996, "lrpepxv": -1.0, "lrredundpairs": 0.7707, "humanprotein_id": 12381, "vphfpdID": "001923.e186_366@4k6u_A.2"}, {"lrredund": 0.5125, "lrpepelmv": -1.0, "hphfpdID": "018929.e1_141", "pdbset": null, "lrpepxh": -1.0, "finallr": 130.0295, "lrpepelmh": -1.0, "template": "2j12:AB(0.01,0.13,102/123,61,92)", "viralprotein_id": 14164, "lrsm": 253.7161, "id": 69624006, "lrpepxv": -1.0, "lrredundpairs": 1.1877, "humanprotein_id": 19357, "vphfpdID": "001923.e186_366@4k6u_A.2"}, {"lrredund": 2.0764, "lrpepelmv": -1.0, "hphfpdID": "002604", "pdbset": null, "lrpepxh": -1.0, "finallr": 234.8279, "lrpepelmh": -1.0, "template": "2j12:AB(0.01,0.14,71/123,45,57)", "viralprotein_id": 14164, "lrsm": 113.0937, "id": 69624025, "lrpepxv": -1.0, "lrredundpairs": 0.7707, "humanprotein_id": 2803, "vphfpdID": "001923.e186_366@4k6u_A.2"}, {"lrredund": 19.2898, "lrpepelmv": -1.0, "hphfpdID": "006178.e1265_1358", "pdbset": null, "lrpepxh": -1.0, "finallr": 158.3242, "lrpepelmh": -1.0, "template": "2j12:AB(0.01,0.48,88/123,43,54)", "viralprotein_id": 14164, "lrsm": 8.2077, "id": 69624055, "lrpepxv": -1.0, "lrredundpairs": 0.7707, "humanprotein_id": 2856, "vphfpdID": "001923.e186_366@4k6u_A.2"}, {"lrredund": 19.2898, "lrpepelmv": -1.0, "hphfpdID": "018800", "pdbset": null, "lrpepxh": -1.0, "finallr": 395.3227, "lrpepelmh": -1.0, "template": "2j12:AB(0.01,0.31,70/123,43,62)", "viralprotein_id": 14164, "lrsm": 20.4939, "id": 69624092, "lrpepxv": -1.0, "lrredundpairs": 0.7707, "humanprotein_id": 4109, "vphfpdID": "001923.e186_366@4k6u_A.2"}, {"lrredund": -1.0, "lrpepelmv": -1.0, "hphfpdID": "001192.d148_296", "pdbset": null, "lrpepxh": -1.0, "finallr": 185.6693, "lrpepelmh": -1.0, "template": "4atz:AD(0.07,0.03,78/79,28,29)", "viralprotein_id": 14164, "lrsm": 240.91, "id": 69624214, "lrpepxv": -1.0, "lrredundpairs": 0.7707, "humanprotein_id": 13885, "vphfpdID": "001923.e186_366@1uxb_A.1"}, {"lrredund": 1.7951, "lrpepelmv": -1.0, "hphfpdID": "004626.e84_273", "pdbset": null, "lrpepxh": -1.0, "finallr": 111.8526, "lrpepelmh": -1.0, "template": "2b4j:AC(0.53,0.23,1/26,1,0)", "viralprotein_id": 14164, "lrsm": 1.2142, "id": 69624366, "lrpepxv": 62.31, "lrredundpairs": -1.0, "humanprotein_id": 1798, "vphfpdID": "001923.g73_185@1qiu_A.3"}, {"lrredund": -1.0, "lrpepelmv": -1.0, "hphfpdID": "001592.d1426_1530", "pdbset": null, "lrpepxh": -1.0, "finallr": 185.6693, "lrpepelmh": -1.0, "template": "4atz:AD(0.07,0.03,65/79,27,28)", "viralprotein_id": 14164, "lrsm": 240.91, "id": 69624440, "lrpepxv": -1.0, "lrredundpairs": 0.7707, "humanprotein_id": 8890, "vphfpdID": "001923.e186_366@1uxb_A.1"}, {"lrredund": -1.0, "lrpepelmv": -1.0, "hphfpdID": "000628.d229_321", "pdbset": null, "lrpepxh": -1.0, "finallr": 130.3236, "lrpepelmh": -1.0, "template": "4atz:AD(0.07,0.03,56/79,24,27)", "viralprotein_id": 14164, "lrsm": 169.0977, "id": 69624441, "lrpepxv": -1.0, "lrredundpairs": 0.7707, "humanprotein_id": 8579, "vphfpdID": "001923.e186_366@4k6u_A.2"}, {"lrredund": 20.9141, "lrpepelmv": -1.0, "hphfpdID": "016730", "pdbset": null, "lrpepxh": -1.0, "finallr": 100.4723, "lrpepelmh": -1.0, "template": "3ptf:AC(0.37,0.20,56/68,24,23)", "viralprotein_id": 14164, "lrsm": 4.804, "id": 69624715, "lrpepxv": -1.0, "lrredundpairs": 1.373, "humanprotein_id": 6290, "vphfpdID": "001923.e186_366@4k6u_A.2"}, {"lrredund": 3.8142, "lrpepelmv": -1.0, "hphfpdID": "011448.d1970_2115", "pdbset": null, "lrpepxh": -1.0, "finallr": 233.7562, "lrpepelmh": -1.0, "template": "4atz:BE(0.07,0.06,79/80,21,14)", "viralprotein_id": 14164, "lrsm": 61.2858, "id": 69624918, "lrpepxv": -1.0, "lrredundpairs": 0.7707, "humanprotein_id": 5301, "vphfpdID": "001923@1uxb_A.1"}, {"lrredund": -1.0, "lrpepelmv": -1.0, "hphfpdID": "013384.d196_320", "pdbset": null, "lrpepxh": -1.0, "finallr": 185.6693, "lrpepelmh": -1.0, "template": "4atz:AD(0.07,0.03,77/79,30,33)", "viralprotein_id": 14164, "lrsm": 240.91, "id": 69624921, "lrpepxv": -1.0, "lrredundpairs": 0.7707, "humanprotein_id": 3457, "vphfpdID": "001923.e186_366@1uxb_A.1"}, {"lrredund": -1.0, "lrpepelmv": -1.0, "hphfpdID": "017040.d1094_1219", "pdbset": null, "lrpepxh": -1.0, "finallr": 185.6693, "lrpepelmh": -1.0, "template": "4atz:AD(0.07,0.01,76/79,30,27)", "viralprotein_id": 14164, "lrsm": 240.91, "id": 69624922, "lrpepxv": -1.0, "lrredundpairs": 0.7707, "humanprotein_id": 17348, "vphfpdID": "001923.e186_366@4k6u_A.2"}, {"lrredund": 20.9141, "lrpepelmv": -1.0, "hphfpdID": "016729", "pdbset": null, "lrpepxh": -1.0, "finallr": 100.4723, "lrpepelmh": -1.0, "template": "3ptf:AC(0.37,0.23,55/68,22,21)", "viralprotein_id": 14164, "lrsm": 4.804, "id": 69624936, "lrpepxv": -1.0, "lrredundpairs": 1.373, "humanprotein_id": 6415, "vphfpdID": "001923.e186_366@4k6u_A.2"}, {"lrredund": -1.0, "lrpepelmv": -1.0, "hphfpdID": "000848.d58_150", "pdbset": null, "lrpepxh": -1.0, "finallr": 130.3236, "lrpepelmh": -1.0, "template": "4atz:BE(0.07,0.03,59/80,23,21)", "viralprotein_id": 14164, "lrsm": 169.0977, "id": 69625019, "lrpepxv": -1.0, "lrredundpairs": 0.7707, "humanprotein_id": 12104, "vphfpdID": "001923.e186_366@1uxb_A.1"}, {"lrredund": -1.0, "lrpepelmv": -1.0, "hphfpdID": "001189.d68_159", "pdbset": null, "lrpepxh": -1.0, "finallr": 130.3236, "lrpepelmh": -1.0, "template": "4atz:BE(0.07,0.01,56/80,26,30)", "viralprotein_id": 14164, "lrsm": 169.0977, "id": 69625071, "lrpepxv": -1.0, "lrredundpairs": 0.7707, "humanprotein_id": 13887, "vphfpdID": "001923.e186_366@4k6u_A.2"}, {"lrredund": -1.0, "lrpepelmv": -1.0, "hphfpdID": "000764.d125_249", "pdbset": null, "lrpepxh": -1.0, "finallr": 185.6693, "lrpepelmh": -1.0, "template": "4atz:AD(0.07,0.03,77/79,32,28)", "viralprotein_id": 14164, "lrsm": 240.91, "id": 69625181, "lrpepxv": -1.0, "lrredundpairs": 0.7707, "humanprotein_id": 8933, "vphfpdID": "001923.e186_366@4k6u_A.2"}, {"lrredund": -1.0, "lrpepelmv": -1.0, "hphfpdID": "017039.d1115_1266", "pdbset": null, "lrpepxh": -1.0, "finallr": 185.6693, "lrpepelmh": -1.0, "template": "4atz:BE(0.07,0.03,79/80,31,30)", "viralprotein_id": 14164, "lrsm": 240.91, "id": 69625300, "lrpepxv": -1.0, "lrredundpairs": 0.7707, "humanprotein_id": 16467, "vphfpdID": "001923.e186_366@4k6u_A.2"}, {"lrredund": -1.0, "lrpepelmv": -1.0, "hphfpdID": "018462.d150_247", "pdbset": null, "lrpepxh": -1.0, "finallr": 130.3236, "lrpepelmh": -1.0, "template": "4atz:AD(0.07,0.03,59/79,23,15)", "viralprotein_id": 14164, "lrsm": 169.0977, "id": 69625319, "lrpepxv": -1.0, "lrredundpairs": 0.7707, "humanprotein_id": 16376, "vphfpdID": "001923.e186_366@4k6u_A.2"}, {"lrredund": 0.5125, "lrpepelmv": -1.0, "hphfpdID": "000794.d299_425", "pdbset": null, "lrpepxh": -1.0, "finallr": 123.4664, "lrpepelmh": -1.0, "template": "4atz:AD(0.07,0.02,76/79,30,30)", "viralprotein_id": 14164, "lrsm": 240.91, "id": 69625353, "lrpepxv": -1.0, "lrredundpairs": -1.0, "humanprotein_id": 11742, "vphfpdID": "001923.e186_366@1uxb_A.1"}, {"lrredund": 0.9127, "lrpepelmv": -1.0, "hphfpdID": "004197.e1_151", "pdbset": null, "lrpepxh": -1.0, "finallr": 910.2723, "lrpepelmh": -1.0, "template": "2j12:AB(0.01,0.00,119/123,63,103)", "viralprotein_id": 14164, "lrsm": 997.3401, "id": 69625371, "lrpepxv": -1.0, "lrredundpairs": 0.7707, "humanprotein_id": 6456, "vphfpdID": "001923.e186_366@1uxb_A.1"}, {"lrredund": -1.0, "lrpepelmv": -1.0, "hphfpdID": "013389.d55_164", "pdbset": null, "lrpepxh": -1.0, "finallr": 129.7855, "lrpepelmh": -1.0, "template": "4atz:BE(0.07,0.03,63/80,24,22)", "viralprotein_id": 14164, "lrsm": 168.3995, "id": 69625378, "lrpepxv": -1.0, "lrredundpairs": 0.7707, "humanprotein_id": 16395, "vphfpdID": "001923.e186_366@1uxb_A.1"}, {"lrredund": -1.0, "lrpepelmv": -1.0, "hphfpdID": "009438.e422_514", "pdbset": null, "lrpepxh": -1.0, "finallr": 113.0937, "lrpepelmh": -1.0, "template": "2j12:AB(0.01,0.18,71/123,43,61)", "viralprotein_id": 14164, "lrsm": 113.0937, "id": 69625537, "lrpepxv": -1.0, "lrredundpairs": -1.0, "humanprotein_id": 14641, "vphfpdID": "001923.e186_366@1uxb_A.1"}, {"lrredund": -1.0, "lrpepelmv": -1.0, "hphfpdID": "013396.d120_208", "pdbset": null, "lrpepxh": -1.0, "finallr": 130.3236, "lrpepelmh": -1.0, "template": "4atz:AD(0.07,0.03,58/79,22,20)", "viralprotein_id": 14164, "lrsm": 169.0977, "id": 69625614, "lrpepxv": -1.0, "lrredundpairs": 0.7707, "humanprotein_id": 14793, "vphfpdID": "001923.e186_366@1uxb_A.1"}, {"lrredund": 1.0145, "lrpepelmv": -1.0, "hphfpdID": "011267.d462_548", "pdbset": null, "lrpepxh": -1.0, "finallr": 121.0103, "lrpepelmh": -1.0, "template": "4atz:AD(0.07,0.03,33/79,15,8)", "viralprotein_id": 14164, "lrsm": 119.2807, "id": 69626052, "lrpepxv": -1.0, "lrredundpairs": -1.0, "humanprotein_id": 6653, "vphfpdID": "001923.e186_366@1uxb_A.1"}, {"lrredund": 4.2492, "lrpepelmv": -1.0, "hphfpdID": "004699.e124_261", "pdbset": null, "lrpepxh": -1.0, "finallr": 107.2347, "lrpepelmh": -1.0, "template": "1i7u:AB(0.17,0.02,6/132,7,6)", "viralprotein_id": 14164, "lrsm": 25.2364, "id": 69626095, "lrpepxv": -1.0, "lrredundpairs": 0.7707, "humanprotein_id": 4544, "vphfpdID": "001923.g73_185@1v1h_A.1"}, {"lrredund": -1.0, "lrpepelmv": -1.0, "hphfpdID": "005959.d214_308", "pdbset": null, "lrpepxh": -1.0, "finallr": 130.3236, "lrpepelmh": -1.0, "template": "4atz:BE(0.07,0.02,59/80,28,31)", "viralprotein_id": 14164, "lrsm": 169.0977, "id": 69626131, "lrpepxv": -1.0, "lrredundpairs": 0.7707, "humanprotein_id": 13421, "vphfpdID": "001923.e186_366@4k6u_A.2"}, {"lrredund": -1.0, "lrpepelmv": -1.0, "hphfpdID": "013074.d65_125", "pdbset": null, "lrpepxh": -1.0, "finallr": 134.3215, "lrpepelmh": -1.0, "template": "2j12:AB(0.01,0.17,62/123,42,58)", "viralprotein_id": 14164, "lrsm": 113.0937, "id": 69626442, "lrpepxv": -1.0, "lrredundpairs": 1.1877, "humanprotein_id": 18930, "vphfpdID": "001923.e186_366@1uxb_A.1"}, {"lrredund": -1.0, "lrpepelmv": -1.0, "hphfpdID": "001257.d139_234", "pdbset": null, "lrpepxh": -1.0, "finallr": 130.3236, "lrpepelmh": -1.0, "template": "4atz:AD(0.07,0.03,59/79,21,17)", "viralprotein_id": 14164, "lrsm": 169.0977, "id": 69626475, "lrpepxv": -1.0, "lrredundpairs": 0.7707, "humanprotein_id": 13805, "vphfpdID": "001923.e186_366@4k6u_A.2"}, {"lrredund": -1.0, "lrpepelmv": -1.0, "hphfpdID": "001827.e1_145", "pdbset": null, "lrpepxh": -1.0, "finallr": 997.3401, "lrpepelmh": -1.0, "template": "2j12:AB(0.01,0.05,106/123,52,72)", "viralprotein_id": 14164, "lrsm": 997.3401, "id": 69626548, "lrpepxv": -1.0, "lrredundpairs": -1.0, "humanprotein_id": 18803, "vphfpdID": "001923.e186_366@4k6u_A.2"}, {"lrredund": -1.0, "lrpepelmv": -1.0, "hphfpdID": "005176.d749_871", "pdbset": null, "lrpepxh": -1.0, "finallr": 286.1288, "lrpepelmh": -1.0, "template": "4atz:AD(0.07,0.02,77/79,31,22)", "viralprotein_id": 14164, "lrsm": 240.91, "id": 69626641, "lrpepxv": -1.0, "lrredundpairs": 1.1877, "humanprotein_id": 14943, "vphfpdID": "001923.e186_366@4k6u_A.2"}, {"lrredund": -1.0, "lrpepelmv": -1.0, "hphfpdID": "000753.d43_125", "pdbset": null, "lrpepxh": -1.0, "finallr": 119.2807, "lrpepelmh": -1.0, "template": "4atz:AD(0.07,0.02,37/79,17,5)", "viralprotein_id": 14164, "lrsm": 119.2807, "id": 69626718, "lrpepxv": -1.0, "lrredundpairs": -1.0, "humanprotein_id": 16220, "vphfpdID": "001923.e186_366@4k6u_A.2"}, {"lrredund": 0.9127, "lrpepelmv": 3.1171, "hphfpdID": "014554.d458_549", "pdbset": null, "lrpepxh": -1.0, "finallr": 153.6983, "lrpepelmh": -1.0, "template": "4atz:AD(0.07,0.02,62/79,21,18)", "viralprotein_id": 14164, "lrsm": 168.3995, "id": 69626783, "lrpepxv": -1.0, "lrredundpairs": 0.7707, "humanprotein_id": 6036, "vphfpdID": "001923.e186_366@1uxb_A.1"}, {"lrredund": 2.3254, "lrpepelmv": -1.0, "hphfpdID": "016486.d51_222", "pdbset": null, "lrpepxh": -1.0, "finallr": 144.8956, "lrpepelmh": -1.0, "template": "3kvp:CE(0.58,0.21,34/68,22,20)", "viralprotein_id": 14164, "lrsm": 2.0697, "id": 69626792, "lrpepxv": 62.31, "lrredundpairs": 1.373, "humanprotein_id": 6479, "vphfpdID": "001923.g73_185@1qiu_A.3"}, {"lrredund": 1.0145, "lrpepelmv": 3.1171, "hphfpdID": "004313.d515_607", "pdbset": null, "lrpepxh": -1.0, "finallr": 170.8413, "lrpepelmh": -1.0, "template": "4atz:BE(0.07,0.03,63/80,24,22)", "viralprotein_id": 14164, "lrsm": 168.3995, "id": 69626843, "lrpepxv": -1.0, "lrredundpairs": 0.7707, "humanprotein_id": 5794, "vphfpdID": "001923.e186_366@1uxb_A.1"}, {"lrredund": -1.0, "lrpepelmv": -1.0, "hphfpdID": "017898.d519_618", "pdbset": null, "lrpepxh": -1.0, "finallr": 130.3236, "lrpepelmh": -1.0, "template": "4atz:AD(0.07,0.03,59/79,22,20)", "viralprotein_id": 14164, "lrsm": 169.0977, "id": 69627286, "lrpepxv": -1.0, "lrredundpairs": 0.7707, "humanprotein_id": 14747, "vphfpdID": "001923.e186_366@1uxb_A.1"}, {"lrredund": 0.9127, "lrpepelmv": -1.0, "hphfpdID": "008786.d108_199", "pdbset": null, "lrpepxh": -1.0, "finallr": 154.3354, "lrpepelmh": -1.0, "template": "4atz:BE(0.07,0.01,56/80,26,28)", "viralprotein_id": 14164, "lrsm": 169.0977, "id": 69627332, "lrpepxv": -1.0, "lrredundpairs": 0.7707, "humanprotein_id": 19040, "vphfpdID": "001923.e186_366@1uxb_A.1"}, {"lrredund": -1.0, "lrpepelmv": -1.0, "hphfpdID": "005476.d33_159", "pdbset": null, "lrpepxh": -1.0, "finallr": 185.6693, "lrpepelmh": -1.0, "template": "4atz:BE(0.07,0.03,79/80,30,28)", "viralprotein_id": 14164, "lrsm": 240.91, "id": 69627622, "lrpepxv": -1.0, "lrredundpairs": 0.7707, "humanprotein_id": 10663, "vphfpdID": "001923.e186_366@1uxb_A.1"}, {"lrredund": 4.2492, "lrpepelmv": -1.0, "hphfpdID": "011266.d645_726", "pdbset": null, "lrpepxh": -1.0, "finallr": 182.7888, "lrpepelmh": -1.0, "template": "4atz:AD(0.07,0.08,59/79,22,17)", "viralprotein_id": 14164, "lrsm": 43.0172, "id": 69627690, "lrpepxv": -1.0, "lrredundpairs": -1.0, "humanprotein_id": 4137, "vphfpdID": "001923.e186_366@4k6u_A.2"}, {"lrredund": -1.0, "lrpepelmv": -1.0, "hphfpdID": "000842.d460_626", "pdbset": null, "lrpepxh": -1.0, "finallr": 185.6693, "lrpepelmh": -1.0, "template": "4atz:AD(0.07,0.03,78/79,29,28)", "viralprotein_id": 14164, "lrsm": 240.91, "id": 69627733, "lrpepxv": -1.0, "lrredundpairs": 0.7707, "humanprotein_id": 15190, "vphfpdID": "001923.e186_366@1uxb_A.1"}, {"lrredund": -1.0, "lrpepelmv": -1.0, "hphfpdID": "017844.d218_330", "pdbset": null, "lrpepxh": -1.0, "finallr": 185.6693, "lrpepelmh": -1.0, "template": "4atz:BE(0.07,0.03,67/80,24,26)", "viralprotein_id": 14164, "lrsm": 240.91, "id": 69627993, "lrpepxv": -1.0, "lrredundpairs": 0.7707, "humanprotein_id": 2440, "vphfpdID": "001923.e186_366@1uxb_A.1"}, {"lrredund": -1.0, "lrpepelmv": -1.0, "hphfpdID": "000161.d47_247", "pdbset": null, "lrpepxh": -1.0, "finallr": 100.322, "lrpepelmh": -1.0, "template": "4atz:AF(0.07,0.03,1/1,2,1)", "viralprotein_id": 14164, "lrsm": 130.17, "id": 69628430, "lrpepxv": -1.0, "lrredundpairs": 0.7707, "humanprotein_id": 8669, "vphfpdID": "001923.e186_366@1uxb_A.1"}, {"lrredund": -1.0, "lrpepelmv": -1.0, "hphfpdID": "000861.d98_192", "pdbset": null, "lrpepxh": -1.0, "finallr": 130.3236, "lrpepelmh": -1.0, "template": "4atz:BE(0.07,0.01,59/80,27,30)", "viralprotein_id": 14164, "lrsm": 169.0977, "id": 69628548, "lrpepxv": -1.0, "lrredundpairs": 0.7707, "humanprotein_id": 8471, "vphfpdID": "001923.e186_366@4k6u_A.2"}, {"lrredund": -1.0, "lrpepelmv": -1.0, "hphfpdID": "003967.e1_135", "pdbset": null, "lrpepxh": -1.0, "finallr": 240.91, "lrpepelmh": -1.0, "template": "4atz:AD(0.07,0.03,75/79,32,30)", "viralprotein_id": 14164, "lrsm": 240.91, "id": 69628686, "lrpepxv": -1.0, "lrredundpairs": -1.0, "humanprotein_id": 13860, "vphfpdID": "001923.e186_366@4k6u_A.2"}, {"lrredund": -1.0, "lrpepelmv": -1.0, "hphfpdID": "000852.d241_322", "pdbset": null, "lrpepxh": -1.0, "finallr": 130.3236, "lrpepelmh": -1.0, "template": "4atz:BE(0.07,0.03,56/80,25,29)", "viralprotein_id": 14164, "lrsm": 169.0977, "id": 69628710, "lrpepxv": -1.0, "lrredundpairs": 0.7707, "humanprotein_id": 12537, "vphfpdID": "001923.e186_366@4k6u_A.2"}, {"lrredund": -1.0, "lrpepelmv": -1.0, "hphfpdID": "019568.d176_269", "pdbset": null, "lrpepxh": -1.0, "finallr": 130.3236, "lrpepelmh": -1.0, "template": "4atz:AD(0.07,0.01,59/79,23,17)", "viralprotein_id": 14164, "lrsm": 169.0977, "id": 69629044, "lrpepxv": -1.0, "lrredundpairs": 0.7707, "humanprotein_id": 11574, "vphfpdID": "001923.e186_366@4k6u_A.2"}, {"lrredund": -1.0, "lrpepelmv": -1.0, "hphfpdID": "013380.d233_357", "pdbset": null, "lrpepxh": -1.0, "finallr": 240.91, "lrpepelmh": -1.0, "template": "4atz:AD(0.07,0.03,77/79,31,30)", "viralprotein_id": 14164, "lrsm": 240.91, "id": 69629071, "lrpepxv": -1.0, "lrredundpairs": -1.0, "humanprotein_id": 154, "vphfpdID": "001923.e186_366@4k6u_A.2"}, {"lrredund": -1.0, "lrpepelmv": -1.0, "hphfpdID": "007682.e53_160", "pdbset": null, "lrpepxh": -1.0, "finallr": 253.7161, "lrpepelmh": -1.0, "template": "2j12:AB(0.01,0.12,104/123,62,98)", "viralprotein_id": 14164, "lrsm": 253.7161, "id": 69629151, "lrpepxv": -1.0, "lrredundpairs": -1.0, "humanprotein_id": 11281, "vphfpdID": "001923.e186_366@4k6u_A.2"}, {"lrredund": 19.2898, "lrpepelmv": 72.805, "hphfpdID": "000007", "pdbset": null, "lrpepxh": -1.0, "finallr": 1404.393, "lrpepelmh": -1.0, "template": "", "viralprotein_id": 14165, "lrsm": -1.0, "id": 14435205, "lrpepxv": -1.0, "lrredundpairs": 0.7707, "humanprotein_id": 6393, "vphfpdID": "001924"}, {"lrredund": 15.8699, "lrpepelmv": 9.677, "hphfpdID": "001751.e1_73", "pdbset": null, "lrpepxh": -1.0, "finallr": 153.5729, "lrpepelmh": -1.0, "template": "3bid:HG(0.59,0.45,62/136,7,0)", "viralprotein_id": 14165, "lrsm": 1.4802, "id": 14435968, "lrpepxv": 5.22, "lrredundpairs": 0.7707, "humanprotein_id": 5041, "vphfpdID": "001924"}, {"lrredund": 15.8699, "lrpepelmv": 8.8544, "hphfpdID": "016615.d584_674", "pdbset": null, "lrpepxh": -1.0, "finallr": 140.519, "lrpepelmh": -1.0, "template": "3bid:DC(0.56,0.60,77/138,18,5)", "viralprotein_id": 14165, "lrsm": 1.4802, "id": 14436624, "lrpepxv": -1.0, "lrredundpairs": -1.0, "humanprotein_id": 5095, "vphfpdID": "001924"}, {"lrredund": 20.9141, "lrpepelmv": -1.0, "hphfpdID": "018500.d533_608", "pdbset": null, "lrpepxh": -1.0, "finallr": 171.6559, "lrpepelmh": -1.0, "template": "1xt9:AB(0.53,0.05,91/182,43,68)", "viralprotein_id": 14165, "lrsm": 8.2077, "id": 14437131, "lrpepxv": -1.0, "lrredundpairs": 1.373, "humanprotein_id": 3463, "vphfpdID": "001924"}, {"lrredund": 2.409, "lrpepelmv": 72.805, "hphfpdID": "000005", "pdbset": null, "lrpepxh": -1.0, "finallr": 175.3871, "lrpepelmh": -1.0, "template": "", "viralprotein_id": 14165, "lrsm": -1.0, "id": 14438457, "lrpepxv": -1.0, "lrredundpairs": 0.7707, "humanprotein_id": 4794, "vphfpdID": "001924"}, {"lrredund": 15.8699, "lrpepelmv": 72.805, "hphfpdID": "000002", "pdbset": null, "lrpepxh": -1.0, "finallr": 1155.407, "lrpepelmh": -1.0, "template": "", "viralprotein_id": 14165, "lrsm": -1.0, "id": 14438529, "lrpepxv": -1.0, "lrredundpairs": 0.7707, "humanprotein_id": 6315, "vphfpdID": "001924"}, {"lrredund": 2.3254, "lrpepelmv": 52.8828, "hphfpdID": "000906.e751_863", "pdbset": null, "lrpepxh": -1.0, "finallr": 122.9736, "lrpepelmh": -1.0, "template": "2dwv:BA(0.52,0.45,95/102,14,7)", "viralprotein_id": 14165, "lrsm": 2.0531, "id": 14438562, "lrpepxv": 3.51, "lrredundpairs": -1.0, "humanprotein_id": 2586, "vphfpdID": "001924"}, {"lrredund": 19.2898, "lrpepelmv": 72.805, "hphfpdID": "000006", "pdbset": null, "lrpepxh": -1.0, "finallr": 1404.393, "lrpepelmh": -1.0, "template": "", "viralprotein_id": 14165, "lrsm": -1.0, "id": 14438565, "lrpepxv": -1.0, "lrredundpairs": 0.7707, "humanprotein_id": 4514, "vphfpdID": "001924"}, {"lrredund": 21.3884, "lrpepelmv": 6.3442, "hphfpdID": "001349.d2715_2964", "pdbset": null, "lrpepxh": -1.0, "finallr": 135.6925, "lrpepelmh": -1.0, "template": "2idh:HF(0.36,0.42,28/29,0,0)", "viralprotein_id": 14165, "lrsm": 1.5932, "id": 14438721, "lrpepxv": 4.96, "lrredundpairs": -1.0, "humanprotein_id": 7312, "vphfpdID": "001924"}, {"lrredund": 19.2898, "lrpepelmv": 8.8544, "hphfpdID": "016466.e142_262", "pdbset": null, "lrpepxh": -1.0, "finallr": 170.8003, "lrpepelmh": -1.0, "template": "3hsh:EB(0.53,0.54,122/204,26,9)", "viralprotein_id": 14165, "lrsm": 2.5372, "id": 14439657, "lrpepxv": -1.0, "lrredundpairs": 1.373, "humanprotein_id": 3727, "vphfpdID": "001924"}, {"lrredund": 2.3254, "lrpepelmv": 72.805, "hphfpdID": "000003", "pdbset": null, "lrpepxh": -1.0, "finallr": 169.3006, "lrpepelmh": -1.0, "template": "", "viralprotein_id": 14165, "lrsm": -1.0, "id": 14441220, "lrpepxv": -1.0, "lrredundpairs": 0.7707, "humanprotein_id": 6857, "vphfpdID": "001924"}, {"lrredund": 20.9141, "lrpepelmv": 8.8544, "hphfpdID": "007144.e56_156", "pdbset": null, "lrpepxh": -1.0, "finallr": 185.1826, "lrpepelmh": -1.0, "template": "2k7i:AB(0.47,0.42,194/324,19,3)", "viralprotein_id": 14165, "lrsm": 8.576, "id": 14442855, "lrpepxv": -1.0, "lrredundpairs": 0.7707, "humanprotein_id": 6385, "vphfpdID": "001924"}, {"lrredund": 3.8142, "lrpepelmv": 72.805, "hphfpdID": "000004", "pdbset": null, "lrpepxh": -1.0, "finallr": 277.6927, "lrpepelmh": -1.0, "template": "", "viralprotein_id": 14165, "lrsm": -1.0, "id": 14443543, "lrpepxv": -1.0, "lrredundpairs": 0.7707, "humanprotein_id": 6298, "vphfpdID": "001924"}, {"lrredund": 15.8699, "lrpepelmv": -1.0, "hphfpdID": "012720", "pdbset": null, "lrpepxh": -1.0, "finallr": 141.2421, "lrpepelmh": -1.0, "template": "", "viralprotein_id": 14165, "lrsm": -1.0, "id": 14444736, "lrpepxv": 8.9, "lrredundpairs": -1.0, "humanprotein_id": 4946, "vphfpdID": "001924"}, {"lrredund": 15.8699, "lrpepelmv": 8.8544, "hphfpdID": "016613.e557_714", "pdbset": null, "lrpepxh": -1.0, "finallr": 140.519, "lrpepelmh": -1.0, "template": "3hsh:EB(0.53,0.44,155/204,29,20)", "viralprotein_id": 14165, "lrsm": 2.6731, "id": 14444900, "lrpepxv": -1.0, "lrredundpairs": -1.0, "humanprotein_id": 5161, "vphfpdID": "001924"}, {"lrredund": 3.8142, "lrpepelmv": 72.805, "hphfpdID": "000001", "pdbset": null, "lrpepxh": -1.0, "finallr": 277.6927, "lrpepelmh": -1.0, "template": "", "viralprotein_id": 14165, "lrsm": -1.0, "id": 14445826, "lrpepxv": -1.0, "lrredundpairs": 0.7707, "humanprotein_id": 4793, "vphfpdID": "001924"}, {"lrredund": 20.9141, "lrpepelmv": -1.0, "hphfpdID": "000172.d30_131", "pdbset": null, "lrpepxh": -1.0, "finallr": 100.0864, "lrpepelmh": -1.0, "template": "2k7i:AB(0.47,0.49,151/324,7,2)", "viralprotein_id": 14165, "lrsm": 4.7856, "id": 14448041, "lrpepxv": -1.0, "lrredundpairs": -1.0, "humanprotein_id": 2981, "vphfpdID": "001924"}, {"lrredund": 20.9141, "lrpepelmv": -1.0, "hphfpdID": "016730", "pdbset": null, "lrpepxh": -1.0, "finallr": 100.0864, "lrpepelmh": -1.0, "template": "2k7i:AB(0.47,0.47,135/324,19,2)", "viralprotein_id": 14165, "lrsm": 4.7856, "id": 14448122, "lrpepxv": -1.0, "lrredundpairs": 1.373, "humanprotein_id": 6290, "vphfpdID": "001924"}, {"lrredund": 19.2898, "lrpepelmv": 20.7326, "hphfpdID": "016615.d116_248", "pdbset": null, "lrpepxh": -1.0, "finallr": 399.9274, "lrpepelmh": -1.0, "template": "2kp8:BC(0.37,0.35,100/185,53,94)", "viralprotein_id": 14166, "lrsm": 5.4412, "id": 46091030, "lrpepxv": -1.0, "lrredundpairs": -1.0, "humanprotein_id": 5095, "vphfpdID": "001925"}, {"lrredund": 20.9141, "lrpepelmv": -1.0, "hphfpdID": "018501", "pdbset": null, "lrpepxh": -1.0, "finallr": 250.8713, "lrpepelmh": -1.0, "template": "2zvo:BA(0.27,0.10,34/42,22,28)", "viralprotein_id": 14166, "lrsm": 11.9953, "id": 46091133, "lrpepxv": -1.0, "lrredundpairs": 1.5513, "humanprotein_id": 1286, "vphfpdID": "001925"}, {"lrredund": 20.9141, "lrpepelmv": 137.2032, "hphfpdID": "000007", "pdbset": null, "lrpepxh": -1.0, "finallr": 2869.483, "lrpepelmh": -1.0, "template": "2pjw:HV(0.44,0.47,43/173,26,35)", "viralprotein_id": 14166, "lrsm": 1.5568, "id": 46091245, "lrpepxv": -1.0, "lrredundpairs": 1.373, "humanprotein_id": 6393, "vphfpdID": "001925"}, {"lrredund": 20.9141, "lrpepelmv": -1.0, "hphfpdID": "018500.d533_608", "pdbset": null, "lrpepxh": -1.0, "finallr": 163.0298, "lrpepelmh": -1.0, "template": "2zvo:BA(0.27,0.02,32/42,22,28)", "viralprotein_id": 14166, "lrsm": 7.7952, "id": 46091313, "lrpepxv": -1.0, "lrredundpairs": 1.373, "humanprotein_id": 3463, "vphfpdID": "001925"}, {"lrredund": 20.9141, "lrpepelmv": 137.2032, "hphfpdID": "000002", "pdbset": null, "lrpepxh": -1.0, "finallr": 2869.483, "lrpepelmh": -1.0, "template": "3zbh:AB(0.54,0.55,89/136,34,15)", "viralprotein_id": 14166, "lrsm": 1.6435, "id": 46091606, "lrpepxv": -1.0, "lrredundpairs": 1.1877, "humanprotein_id": 6315, "vphfpdID": "001925"}, {"lrredund": 3.8142, "lrpepelmv": 40.4501, "hphfpdID": "010174.e436_491", "pdbset": null, "lrpepxh": -1.0, "finallr": 154.2848, "lrpepelmh": -1.0, "template": "2gya:35(0.57,0.55,73/220,26,33)", "viralprotein_id": 14166, "lrsm": 1.5955, "id": 46091656, "lrpepxv": -1.0, "lrredundpairs": -1.0, "humanprotein_id": 6667, "vphfpdID": "001925"}, {"lrredund": 20.9141, "lrpepelmv": -1.0, "hphfpdID": "000172.d385_506", "pdbset": null, "lrpepxh": -1.0, "finallr": 145.9733, "lrpepelmh": -1.0, "template": "2kik:AB(0.17,0.18,46/144,21,20)", "viralprotein_id": 14166, "lrsm": 6.9797, "id": 46093373, "lrpepxv": -1.0, "lrredundpairs": 1.1877, "humanprotein_id": 2981, "vphfpdID": "001925"}, {"lrredund": 19.2898, "lrpepelmv": 22.0743, "hphfpdID": "016466", "pdbset": null, "lrpepxh": -1.0, "finallr": 425.8098, "lrpepelmh": -1.0, "template": "", "viralprotein_id": 14166, "lrsm": -1.0, "id": 46093776, "lrpepxv": -1.0, "lrredundpairs": 1.373, "humanprotein_id": 3727, "vphfpdID": "001925"}, {"lrredund": 20.9141, "lrpepelmv": -1.0, "hphfpdID": "007744.d499_701", "pdbset": null, "lrpepxh": -1.0, "finallr": 113.7978, "lrpepelmh": -1.0, "template": "3zbh:DC(0.42,0.37,81/129,45,57)", "viralprotein_id": 14166, "lrsm": 5.4412, "id": 46094240, "lrpepxv": -1.0, "lrredundpairs": 1.373, "humanprotein_id": 4876, "vphfpdID": "001925"}, {"lrredund": 0.5125, "lrpepelmv": -1.0, "hphfpdID": "003641", "pdbset": null, "lrpepxh": -1.0, "finallr": 136.8612, "lrpepelmh": -1.0, "template": "2dyr:BA(0.17,0.00,59/369,43,56)", "viralprotein_id": 14166, "lrsm": 267.0462, "id": 46095725, "lrpepxv": -1.0, "lrredundpairs": 0.7707, "humanprotein_id": 2698, "vphfpdID": "001925"}, {"lrredund": 2.3254, "lrpepelmv": 137.2032, "hphfpdID": "000005", "pdbset": null, "lrpepxh": -1.0, "finallr": 319.0525, "lrpepelmh": -1.0, "template": "3l8r:AB(0.37,0.41,34/80,21,20)", "viralprotein_id": 14166, "lrsm": 2.0697, "id": 46096074, "lrpepxv": -1.0, "lrredundpairs": 1.1877, "humanprotein_id": 4794, "vphfpdID": "001925"}, {"lrredund": 20.9141, "lrpepelmv": 19.8804, "hphfpdID": "001509", "pdbset": null, "lrpepxh": -1.0, "finallr": 415.7807, "lrpepelmh": -1.0, "template": "1zl8:AB(0.53,0.37,173/211,54,101)", "viralprotein_id": 14166, "lrsm": 8.4952, "id": 46096326, "lrpepxv": -1.0, "lrredundpairs": 1.5513, "humanprotein_id": 2598, "vphfpdID": "001925"}, {"lrredund": 4.2492, "lrpepelmv": 137.2032, "hphfpdID": "000001", "pdbset": null, "lrpepxh": -1.0, "finallr": 583.0042, "lrpepelmh": -1.0, "template": "1r4a:HF(0.44,0.49,33/82,21,21)", "viralprotein_id": 14166, "lrsm": 1.7387, "id": 46096350, "lrpepxv": -1.0, "lrredundpairs": 1.1877, "humanprotein_id": 4793, "vphfpdID": "001925"}, {"lrredund": 19.2898, "lrpepelmv": 137.2032, "hphfpdID": "000006", "pdbset": null, "lrpepxh": -1.0, "finallr": 2646.624, "lrpepelmh": -1.0, "template": "3l8r:AB(0.37,0.34,38/80,22,19)", "viralprotein_id": 14166, "lrsm": 2.0697, "id": 46097427, "lrpepxv": -1.0, "lrredundpairs": 1.1877, "humanprotein_id": 4514, "vphfpdID": "001925"}, {"lrredund": 20.9141, "lrpepelmv": 5.4513, "hphfpdID": "004076.d589_668", "pdbset": null, "lrpepxh": -1.0, "finallr": 114.0082, "lrpepelmh": -1.0, "template": "2kik:AB(0.17,0.57,74/144,31,51)", "viralprotein_id": 14166, "lrsm": 2.0611, "id": 46098029, "lrpepxv": -1.0, "lrredundpairs": -1.0, "humanprotein_id": 4894, "vphfpdID": "001925"}, {"lrredund": 2.3254, "lrpepelmv": 137.2032, "hphfpdID": "000003", "pdbset": null, "lrpepxh": -1.0, "finallr": 319.0525, "lrpepelmh": -1.0, "template": "2pjw:HV(0.44,0.47,46/173,29,38)", "viralprotein_id": 14166, "lrsm": 1.5568, "id": 46099606, "lrpepxv": -1.0, "lrredundpairs": 1.373, "humanprotein_id": 6857, "vphfpdID": "001925"}, {"lrredund": 20.9141, "lrpepelmv": 22.0743, "hphfpdID": "007144.e151_217", "pdbset": null, "lrpepxh": -1.0, "finallr": 461.6652, "lrpepelmh": -1.0, "template": "", "viralprotein_id": 14166, "lrsm": -1.0, "id": 46100706, "lrpepxv": -1.0, "lrredundpairs": 1.1877, "humanprotein_id": 6385, "vphfpdID": "001925"}, {"lrredund": 15.8699, "lrpepelmv": -1.0, "hphfpdID": "014262.d1_78", "pdbset": null, "lrpepxh": -1.0, "finallr": 123.7092, "lrpepelmh": -1.0, "template": "2zvo:BA(0.27,0.08,32/42,21,26)", "viralprotein_id": 14166, "lrsm": 7.7952, "id": 46101446, "lrpepxv": -1.0, "lrredundpairs": -1.0, "humanprotein_id": 5865, "vphfpdID": "001925"}, {"lrredund": 19.2898, "lrpepelmv": 20.7326, "hphfpdID": "016613.e122_316", "pdbset": null, "lrpepxh": -1.0, "finallr": 399.9274, "lrpepelmh": -1.0, "template": "3zbh:BA(0.49,0.42,98/136,56,81)", "viralprotein_id": 14166, "lrsm": 4.5712, "id": 46101524, "lrpepxv": -1.0, "lrredundpairs": -1.0, "humanprotein_id": 5161, "vphfpdID": "001925"}, {"lrredund": 21.3884, "lrpepelmv": -1.0, "hphfpdID": "016869.e1196_1264", "pdbset": null, "lrpepxh": -1.0, "finallr": 116.3786, "lrpepelmh": -1.0, "template": "2kp8:BC(0.37,0.42,98/185,47,61)", "viralprotein_id": 14166, "lrsm": 5.4412, "id": 46101577, "lrpepxv": -1.0, "lrredundpairs": -1.0, "humanprotein_id": 4495, "vphfpdID": "001925"}, {"lrredund": 4.2492, "lrpepelmv": 137.2032, "hphfpdID": "000004", "pdbset": null, "lrpepxh": -1.0, "finallr": 583.0042, "lrpepelmh": -1.0, "template": "3l8r:AB(0.37,0.35,37/80,21,21)", "viralprotein_id": 14166, "lrsm": 2.0697, "id": 46101622, "lrpepxv": -1.0, "lrredundpairs": 1.1877, "humanprotein_id": 6298, "vphfpdID": "001925"}, {"lrredund": 15.8699, "lrpepelmv": 6.3442, "hphfpdID": "001349.d2679_3055", "pdbset": null, "lrpepxh": -1.0, "finallr": 100.682, "lrpepelmh": -1.0, "template": "", "viralprotein_id": 14166, "lrsm": -1.0, "id": 46101645, "lrpepxv": -1.0, "lrredundpairs": -1.0, "humanprotein_id": 7312, "vphfpdID": "001925"}, {"lrredund": 15.8699, "lrpepelmv": 72.805, "hphfpdID": "000002", "pdbset": null, "lrpepxh": -1.0, "finallr": 1155.407, "lrpepelmh": -1.0, "template": "", "viralprotein_id": 14159, "lrsm": -1.0, "id": 47231039, "lrpepxv": -1.0, "lrredundpairs": -1.0, "humanprotein_id": 6315, "vphfpdID": "001918@1noy_A.5"}, {"lrredund": 15.8699, "lrpepelmv": 72.805, "hphfpdID": "000006", "pdbset": null, "lrpepxh": -1.0, "finallr": 1155.407, "lrpepelmh": -1.0, "template": "", "viralprotein_id": 14159, "lrsm": -1.0, "id": 47231290, "lrpepxv": -1.0, "lrredundpairs": -1.0, "humanprotein_id": 4514, "vphfpdID": "001918@1noy_A.5"}, {"lrredund": -1.0, "lrpepelmv": -1.0, "hphfpdID": "008108", "pdbset": null, "lrpepxh": -1.0, "finallr": 169.0977, "lrpepelmh": -1.0, "template": "4grw:AB(0.04,0.00,42/93,24,20)", "viralprotein_id": 14159, "lrsm": 169.0977, "id": 47231532, "lrpepxv": -1.0, "lrredundpairs": -1.0, "humanprotein_id": 4620, "vphfpdID": "001918.d451_759@4m8o_A.2"}, {"lrredund": 19.2898, "lrpepelmv": 72.805, "hphfpdID": "000007", "pdbset": null, "lrpepxh": -1.0, "finallr": 1404.393, "lrpepelmh": -1.0, "template": "", "viralprotein_id": 14159, "lrsm": -1.0, "id": 47232040, "lrpepxv": -1.0, "lrredundpairs": -1.0, "humanprotein_id": 6393, "vphfpdID": "001918@1noy_A.5"}, {"lrredund": 3.5815, "lrpepelmv": 50.5585, "hphfpdID": "014240.g1_114", "pdbset": null, "lrpepxh": -1.0, "finallr": 181.0753, "lrpepelmh": -1.0, "template": "2xmj:AB(0.59,0.53,73/75,13,8)", "viralprotein_id": 14159, "lrsm": 1.9487, "id": 47233457, "lrpepxv": -1.0, "lrredundpairs": -1.0, "humanprotein_id": 3056, "vphfpdID": "001918@4qcl_A.4"}, {"lrredund": 2.3254, "lrpepelmv": -1.0, "hphfpdID": "013789", "pdbset": null, "lrpepxh": -1.0, "finallr": 230.6859, "lrpepelmh": -1.0, "template": "1avo:NB(0.07,0.02,23/125,17,23)", "viralprotein_id": 14159, "lrsm": 99.2027, "id": 47233541, "lrpepxv": -1.0, "lrredundpairs": 0.7707, "humanprotein_id": 6243, "vphfpdID": "001918.d451_759@4m8o_A.2"}, {"lrredund": 19.2898, "lrpepelmv": -1.0, "hphfpdID": "000172.e343_463", "pdbset": null, "lrpepxh": -1.0, "finallr": 197.8178, "lrpepelmh": -1.0, "template": "3cs5:BA(0.52,0.48,86/103,42,46)", "viralprotein_id": 14159, "lrsm": 10.255, "id": 47234088, "lrpepxv": -1.0, "lrredundpairs": 0.7707, "humanprotein_id": 2981, "vphfpdID": "001918.d451_759@4m8o_A.2"}, {"lrredund": 19.2898, "lrpepelmv": -1.0, "hphfpdID": "006178.e228_306", "pdbset": null, "lrpepxh": -1.0, "finallr": 122.2212, "lrpepelmh": -1.0, "template": "2jpp:BA(0.42,0.37,159/262,41,76)", "viralprotein_id": 14159, "lrsm": 6.3361, "id": 47234965, "lrpepxv": -1.0, "lrredundpairs": -1.0, "humanprotein_id": 2856, "vphfpdID": "001918.d168_915"}, {"lrredund": 4.2492, "lrpepelmv": 72.805, "hphfpdID": "000001", "pdbset": null, "lrpepxh": -1.0, "finallr": 309.3629, "lrpepelmh": -1.0, "template": "", "viralprotein_id": 14159, "lrsm": -1.0, "id": 47235828, "lrpepxv": -1.0, "lrredundpairs": -1.0, "humanprotein_id": 4793, "vphfpdID": "001918@1noy_A.5"}, {"lrredund": 2.0764, "lrpepelmv": 50.5585, "hphfpdID": "014178.e834_1026", "pdbset": null, "lrpepxh": -1.0, "finallr": 104.9797, "lrpepelmh": -1.0, "template": "", "viralprotein_id": 14159, "lrsm": -1.0, "id": 47236174, "lrpepxv": -1.0, "lrredundpairs": -1.0, "humanprotein_id": 7007, "vphfpdID": "001918@1noy_A.5"}, {"lrredund": 4.2492, "lrpepelmv": -1.0, "hphfpdID": "017142.e157_339", "pdbset": null, "lrpepxh": -1.0, "finallr": 144.6041, "lrpepelmh": -1.0, "template": "1tbp:AB(0.54,0.06,51/123,46,45)", "viralprotein_id": 14159, "lrsm": 34.0309, "id": 47236298, "lrpepxv": -1.0, "lrredundpairs": 0.7707, "humanprotein_id": 4159, "vphfpdID": "001918.d862_939@5exr_C.5"}, {"lrredund": 15.8699, "lrpepelmv": 15.8041, "hphfpdID": "016466.d294_477", "pdbset": null, "lrpepxh": -1.0, "finallr": 250.8094, "lrpepelmh": -1.0, "template": "1gmu:BD(0.53,0.60,73/90,24,22)", "viralprotein_id": 14159, "lrsm": 2.3512, "id": 47238813, "lrpepxv": -1.0, "lrredundpairs": 0.7707, "humanprotein_id": 3727, "vphfpdID": "001918.d862_939@2gv9_A.3"}, {"lrredund": 21.3884, "lrpepelmv": -1.0, "hphfpdID": "016730", "pdbset": null, "lrpepxh": -1.0, "finallr": 113.8494, "lrpepelmh": -1.0, "template": "1ev0:BA(0.50,0.49,138/202,49,62)", "viralprotein_id": 14159, "lrsm": 5.323, "id": 47239410, "lrpepxv": -1.0, "lrredundpairs": 0.7707, "humanprotein_id": 6290, "vphfpdID": "001918.d862_939@3iay_A.1"}, {"lrredund": 2.3254, "lrpepelmv": 72.805, "hphfpdID": "000003", "pdbset": null, "lrpepxh": -1.0, "finallr": 169.3006, "lrpepelmh": -1.0, "template": "", "viralprotein_id": 14159, "lrsm": -1.0, "id": 47239496, "lrpepxv": -1.0, "lrredundpairs": -1.0, "humanprotein_id": 6857, "vphfpdID": "001918@1noy_A.5"}, {"lrredund": 21.3884, "lrpepelmv": -1.0, "hphfpdID": "018500.d533_608", "pdbset": null, "lrpepxh": -1.0, "finallr": 102.7509, "lrpepelmh": -1.0, "template": "2qho:HG(0.54,0.02,56/56,21,14)", "viralprotein_id": 14159, "lrsm": 4.804, "id": 47239697, "lrpepxv": -1.0, "lrredundpairs": 0.7707, "humanprotein_id": 3463, "vphfpdID": "001918.d451_759@4m8o_A.2"}, {"lrredund": 21.3884, "lrpepelmv": -1.0, "hphfpdID": "005567.d9_86", "pdbset": null, "lrpepxh": -1.0, "finallr": 116.139, "lrpepelmh": -1.0, "template": "1hz6:BC(0.42,0.34,45/54,22,16)", "viralprotein_id": 14159, "lrsm": 3.1848, "id": 47239940, "lrpepxv": 5.43, "lrredundpairs": -1.0, "humanprotein_id": 3874, "vphfpdID": "001918.d862_939@3iay_A.1"}, {"lrredund": 4.2492, "lrpepelmv": -1.0, "hphfpdID": "017068", "pdbset": null, "lrpepxh": -1.0, "finallr": 182.0342, "lrpepelmh": -1.0, "template": "4i55:EA(0.13,0.03,90/218,38,57)", "viralprotein_id": 14159, "lrsm": 42.8396, "id": 47240179, "lrpepxv": -1.0, "lrredundpairs": -1.0, "humanprotein_id": 10746, "vphfpdID": "001918.d862_939@4fvm_A.4"}, {"lrredund": 19.2898, "lrpepelmv": -1.0, "hphfpdID": "018800.e215_312", "pdbset": null, "lrpepxh": -1.0, "finallr": 208.2111, "lrpepelmh": -1.0, "template": "3cgi:AB(0.47,0.50,56/257,41,50)", "viralprotein_id": 14159, "lrsm": 10.7938, "id": 47240573, "lrpepxv": -1.0, "lrredundpairs": -1.0, "humanprotein_id": 4109, "vphfpdID": "001918.d862_939@3k59_A.2"}, {"lrredund": 19.2898, "lrpepelmv": 15.8041, "hphfpdID": "007144.e56_156", "pdbset": null, "lrpepxh": -1.0, "finallr": 304.8578, "lrpepelmh": -1.0, "template": "1r4p:DE(0.60,0.37,63/74,20,15)", "viralprotein_id": 14159, "lrsm": 2.0531, "id": 47241004, "lrpepxv": -1.0, "lrredundpairs": -1.0, "humanprotein_id": 6385, "vphfpdID": "001918@1noy_A.5"}, {"lrredund": 15.8699, "lrpepelmv": 15.8041, "hphfpdID": "016615.d116_248", "pdbset": null, "lrpepxh": -1.0, "finallr": 250.8094, "lrpepelmh": -1.0, "template": "4jpp:CB(0.42,0.14,42/240,29,26)", "viralprotein_id": 14159, "lrsm": 2.7953, "id": 47241164, "lrpepxv": -1.0, "lrredundpairs": -1.0, "humanprotein_id": 5095, "vphfpdID": "001918.d862_939@2gv9_A.3"}, {"lrredund": 15.8699, "lrpepelmv": -1.0, "hphfpdID": "001509.e1_53", "pdbset": null, "lrpepxh": -1.0, "finallr": 162.588, "lrpepelmh": -1.0, "template": "4axi:BA(0.54,0.50,57/407,41,56)", "viralprotein_id": 14159, "lrsm": 10.2451, "id": 47241255, "lrpepxv": -1.0, "lrredundpairs": 0.7707, "humanprotein_id": 2598, "vphfpdID": "001918.d862_939@5exr_C.5"}, {"lrredund": 15.8699, "lrpepelmv": 7.4157, "hphfpdID": "005478.d350_517", "pdbset": null, "lrpepxh": -1.0, "finallr": 117.6857, "lrpepelmh": -1.0, "template": "4k0k:FO(0.56,0.56,1/2,1,0)", "viralprotein_id": 14159, "lrsm": 1.1641, "id": 47243494, "lrpepxv": -1.0, "lrredundpairs": -1.0, "humanprotein_id": 2880, "vphfpdID": "001918.d862_939@3iay_A.1"}, {"lrredund": 4.2492, "lrpepelmv": 32.9939, "hphfpdID": "017283.e380_439", "pdbset": null, "lrpepxh": -1.0, "finallr": 140.1976, "lrpepelmh": -1.0, "template": "2pij:BA(0.53,0.40,1/51,1,0)", "viralprotein_id": 14159, "lrsm": 1.02, "id": 47244073, "lrpepxv": -1.0, "lrredundpairs": -1.0, "humanprotein_id": 5846, "vphfpdID": "001918@1noy_A.5"}, {"lrredund": 19.2898, "lrpepelmv": 6.3442, "hphfpdID": "001349.d2679_3055", "pdbset": null, "lrpepxh": -1.0, "finallr": 122.3786, "lrpepelmh": -1.0, "template": "1p1h:BD(0.35,0.54,23/55,14,12)", "viralprotein_id": 14159, "lrsm": 1.2265, "id": 47244080, "lrpepxv": -1.0, "lrredundpairs": -1.0, "humanprotein_id": 7312, "vphfpdID": "001918.d862_939@3iay_A.1"}, {"lrredund": 21.3884, "lrpepelmv": 11.4911, "hphfpdID": "001060.d472_611", "pdbset": null, "lrpepxh": -1.0, "finallr": 245.7766, "lrpepelmh": -1.0, "template": "2k7i:AB(0.51,0.44,122/324,19,16)", "viralprotein_id": 14159, "lrsm": 3.144, "id": 47244100, "lrpepxv": -1.0, "lrredundpairs": -1.0, "humanprotein_id": 17652, "vphfpdID": "001918.d862_939@3iay_A.1"}, {"lrredund": 2.0764, "lrpepelmv": 72.805, "hphfpdID": "000005", "pdbset": null, "lrpepxh": -1.0, "finallr": 151.1722, "lrpepelmh": -1.0, "template": "", "viralprotein_id": 14159, "lrsm": -1.0, "id": 47244101, "lrpepxv": -1.0, "lrredundpairs": -1.0, "humanprotein_id": 4794, "vphfpdID": "001918@1noy_A.5"}, {"lrredund": 21.3884, "lrpepelmv": 15.8041, "hphfpdID": "016613.e122_316", "pdbset": null, "lrpepxh": -1.0, "finallr": 338.0243, "lrpepelmh": -1.0, "template": "4jpp:EA(0.56,0.59,53/240,24,22)", "viralprotein_id": 14159, "lrsm": 1.4777, "id": 47244668, "lrpepxv": -1.0, "lrredundpairs": -1.0, "humanprotein_id": 5161, "vphfpdID": "001918.d862_939@3iay_A.1"}, {"lrredund": 4.2492, "lrpepelmv": 32.9939, "hphfpdID": "017284.e489_542", "pdbset": null, "lrpepxh": -1.0, "finallr": 140.1976, "lrpepelmh": -1.0, "template": "2pij:BA(0.53,0.36,1/51,1,0)", "viralprotein_id": 14159, "lrsm": 1.02, "id": 47244811, "lrpepxv": -1.0, "lrredundpairs": -1.0, "humanprotein_id": 7960, "vphfpdID": "001918@1noy_A.5"}, {"lrredund": 19.2898, "lrpepelmv": -1.0, "hphfpdID": "005354.d1048_1156", "pdbset": null, "lrpepxh": -1.0, "finallr": 104.7436, "lrpepelmh": -1.0, "template": "3u5o:BF(0.42,0.12,9/16,6,4)", "viralprotein_id": 14159, "lrsm": 2.2022, "id": 47245491, "lrpepxv": 5.43, "lrredundpairs": -1.0, "humanprotein_id": 7033, "vphfpdID": "001918.d862_939@2gv9_A.3"}, {"lrredund": 20.9141, "lrpepelmv": -1.0, "hphfpdID": "005209.e1_96", "pdbset": null, "lrpepxh": -1.0, "finallr": 225.7435, "lrpepelmh": -1.0, "template": "1r3n:HG(0.50,0.47,59/268,42,47)", "viralprotein_id": 14159, "lrsm": 10.7938, "id": 47245511, "lrpepxv": -1.0, "lrredundpairs": 0.7707, "humanprotein_id": 8007, "vphfpdID": "001918.d862_939@4fvm_A.4"}, {"lrredund": 4.2492, "lrpepelmv": 72.805, "hphfpdID": "000004", "pdbset": null, "lrpepxh": -1.0, "finallr": 309.3629, "lrpepelmh": -1.0, "template": "", "viralprotein_id": 14159, "lrsm": -1.0, "id": 47245623, "lrpepxv": -1.0, "lrredundpairs": -1.0, "humanprotein_id": 6298, "vphfpdID": "001918@1noy_A.5"}, {"lrredund": 2.0764, "lrpepelmv": 50.5585, "hphfpdID": "014176", "pdbset": null, "lrpepxh": -1.0, "finallr": 104.9797, "lrpepelmh": -1.0, "template": "", "viralprotein_id": 14159, "lrsm": -1.0, "id": 47246333, "lrpepxv": -1.0, "lrredundpairs": -1.0, "humanprotein_id": 4582, "vphfpdID": "001918@1noy_A.5"}, {"lrredund": 15.8699, "lrpepelmv": -1.0, "hphfpdID": "016859.d154_710", "pdbset": null, "lrpepxh": -1.0, "finallr": 171.2972, "lrpepelmh": -1.0, "template": "1g5h:DC(0.48,0.52,51/320,43,47)", "viralprotein_id": 14159, "lrsm": 10.7938, "id": 47246346, "lrpepxv": 2.59, "lrredundpairs": -1.0, "humanprotein_id": 4494, "vphfpdID": "001918.d862_939@3k59_A.2"}, {"lrredund": 15.8699, "lrpepelmv": -1.0, "hphfpdID": "009031", "pdbset": null, "lrpepxh": -1.0, "finallr": 130.2548, "lrpepelmh": -1.0, "template": "2g50:GH(0.52,0.04,100/139,45,64)", "viralprotein_id": 14159, "lrsm": 8.2077, "id": 47247541, "lrpepxv": -1.0, "lrredundpairs": -1.0, "humanprotein_id": 3826, "vphfpdID": "001918.d862_939@2gv9_A.3"}, {"lrredund": 4.2492, "lrpepelmv": -1.0, "hphfpdID": "017083.e47_260", "pdbset": null, "lrpepxh": -1.0, "finallr": 107.2347, "lrpepelmh": -1.0, "template": "4i55:EA(0.13,0.04,14/218,12,14)", "viralprotein_id": 14159, "lrsm": 25.2364, "id": 47247964, "lrpepxv": 2.59, "lrredundpairs": -1.0, "humanprotein_id": 6446, "vphfpdID": "001918.d862_939@4fvm_A.4"}, {"lrredund": 15.8699, "lrpepelmv": 9.677, "hphfpdID": "001751.e1_73", "pdbset": null, "lrpepxh": -1.0, "finallr": 153.5729, "lrpepelmh": -1.0, "template": "2zdi:AB(0.33,0.17,15/50,8,8)", "viralprotein_id": 14159, "lrsm": 1.8315, "id": 47248103, "lrpepxv": -1.0, "lrredundpairs": -1.0, "humanprotein_id": 5041, "vphfpdID": "001918@1noy_A.5"}]