[{"lrredund": 21.3884, "lrpepelmv": -1.0, "hphfpdID": "000172.d132_188", "pdbset": null, "lrpepxh": -1.0, "finallr": 155.1801, "lrpepelmh": -1.0, "template": "4cdw:CB(0.55,0.56,250/1864,43,176)", "viralprotein_id": 12343, "lrsm": 7.2553, "id": 64546336, "lrpepxv": -1.0, "lrredundpairs": -1.0, "humanprotein_id": 2981, "vphfpdID": "000151.d107_457@5ewn_A.2"}, {"lrredund": 2.409, "lrpepelmv": 72.805, "hphfpdID": "000005", "pdbset": null, "lrpepxh": -1.0, "finallr": 175.3871, "lrpepelmh": -1.0, "template": "3i55:SV(0.51,0.53,18/34,10,8)", "viralprotein_id": 12341, "lrsm": 1.1641, "id": 83086083, "lrpepxv": -1.0, "lrredundpairs": -1.0, "humanprotein_id": 4794, "vphfpdID": "000149.d462_582"}, {"lrredund": 20.9141, "lrpepelmv": 72.805, "hphfpdID": "000006", "pdbset": null, "lrpepxh": -1.0, "finallr": 1522.65, "lrpepelmh": -1.0, "template": "3i55:SV(0.51,0.57,18/34,9,6)", "viralprotein_id": 12341, "lrsm": 1.1641, "id": 83086597, "lrpepxv": -1.0, "lrredundpairs": 0.7707, "humanprotein_id": 4514, "vphfpdID": "000149.d462_582"}, {"lrredund": 19.2898, "lrpepelmv": 16.112, "hphfpdID": "016615.d554_715", "pdbset": null, "lrpepxh": -1.0, "finallr": 310.7976, "lrpepelmh": -1.0, "template": "", "viralprotein_id": 12341, "lrsm": -1.0, "id": 83088113, "lrpepxv": -1.0, "lrredundpairs": -1.0, "humanprotein_id": 5095, "vphfpdID": "000149"}, {"lrredund": 19.2898, "lrpepelmv": 2.8446, "hphfpdID": "001509.e1_53", "pdbset": null, "lrpepxh": -1.0, "finallr": 115.7521, "lrpepelmh": -1.0, "template": "2idh:CA(0.30,0.06,27/27,9,0)", "viralprotein_id": 12341, "lrsm": 6.0007, "id": 83088387, "lrpepxv": -1.0, "lrredundpairs": 1.373, "humanprotein_id": 2598, "vphfpdID": "000149.d462_582"}, {"lrredund": 21.3884, "lrpepelmv": -1.0, "hphfpdID": "002626", "pdbset": null, "lrpepxh": -1.0, "finallr": 117.6084, "lrpepelmh": -1.0, "template": "2wuc:AL(0.29,0.07,20/36,9,4)", "viralprotein_id": 12341, "lrsm": 5.4987, "id": 83089386, "lrpepxv": -1.0, "lrredundpairs": 1.1877, "humanprotein_id": 2804, "vphfpdID": "000149.d411_593"}, {"lrredund": 3.8142, "lrpepelmv": 72.805, "hphfpdID": "000001", "pdbset": null, "lrpepxh": -1.0, "finallr": 277.6927, "lrpepelmh": -1.0, "template": "3i55:SV(0.51,0.57,20/34,12,12)", "viralprotein_id": 12341, "lrsm": 1.1641, "id": 83089757, "lrpepxv": -1.0, "lrredundpairs": 0.7707, "humanprotein_id": 4793, "vphfpdID": "000149.d462_582"}, {"lrredund": 2.409, "lrpepelmv": 72.805, "hphfpdID": "000003", "pdbset": null, "lrpepxh": -1.0, "finallr": 175.3871, "lrpepelmh": -1.0, "template": "3cc4:SV(0.51,0.56,19/31,10,10)", "viralprotein_id": 12341, "lrsm": 1.1641, "id": 83089796, "lrpepxv": -1.0, "lrredundpairs": 0.7707, "humanprotein_id": 6857, "vphfpdID": "000149.d462_582"}, {"lrredund": 19.2898, "lrpepelmv": 8.6827, "hphfpdID": "004076.d108_222", "pdbset": null, "lrpepxh": -1.0, "finallr": 167.4878, "lrpepelmh": -1.0, "template": "3g4s:SV(0.52,0.44,13/31,7,5)", "viralprotein_id": 12341, "lrsm": 1.2265, "id": 83090855, "lrpepxv": -1.0, "lrredundpairs": -1.0, "humanprotein_id": 4894, "vphfpdID": "000149.d462_582"}, {"lrredund": 15.8699, "lrpepelmv": 6.3442, "hphfpdID": "001349.d2679_3055", "pdbset": null, "lrpepxh": -1.0, "finallr": 100.682, "lrpepelmh": -1.0, "template": "1l1c:BA(0.50,0.44,110/127,16,14)", "viralprotein_id": 12341, "lrsm": 2.0531, "id": 83090994, "lrpepxv": -1.0, "lrredundpairs": -1.0, "humanprotein_id": 7312, "vphfpdID": "000149"}, {"lrredund": 20.9141, "lrpepelmv": -1.0, "hphfpdID": "000172.e295_362", "pdbset": null, "lrpepxh": -1.0, "finallr": 113.7978, "lrpepelmh": -1.0, "template": "3btg:EI(0.29,0.35,92/136,41,60)", "viralprotein_id": 12341, "lrsm": 5.4412, "id": 83092340, "lrpepxv": -1.0, "lrredundpairs": -1.0, "humanprotein_id": 2981, "vphfpdID": "000149"}, {"lrredund": 20.9141, "lrpepelmv": 16.112, "hphfpdID": "007144.e151_217", "pdbset": null, "lrpepxh": -1.0, "finallr": 336.9684, "lrpepelmh": -1.0, "template": "4afq:BD(0.30,0.06,49/104,21,15)", "viralprotein_id": 12341, "lrsm": 7.7952, "id": 83092536, "lrpepxv": -1.0, "lrredundpairs": 1.373, "humanprotein_id": 6385, "vphfpdID": "000149.d411_593"}, {"lrredund": 20.9141, "lrpepelmv": -1.0, "hphfpdID": "006178.e559_615", "pdbset": null, "lrpepxh": -1.0, "finallr": 105.6647, "lrpepelmh": -1.0, "template": "1ept:BA(0.60,0.59,125/196,48,83)", "viralprotein_id": 12341, "lrsm": 5.0523, "id": 83093618, "lrpepxv": -1.0, "lrredundpairs": 0.7707, "humanprotein_id": 2856, "vphfpdID": "000149.d462_582"}, {"lrredund": 20.9141, "lrpepelmv": 72.805, "hphfpdID": "000007", "pdbset": null, "lrpepxh": -1.0, "finallr": 1522.65, "lrpepelmh": -1.0, "template": "1nu9:AC(0.40,0.38,2/199,2,0)", "viralprotein_id": 12341, "lrsm": 1.2142, "id": 83094846, "lrpepxv": -1.0, "lrredundpairs": 0.7707, "humanprotein_id": 6393, "vphfpdID": "000149"}, {"lrredund": 19.2898, "lrpepelmv": 7.4157, "hphfpdID": "005478.d350_517", "pdbset": null, "lrpepxh": -1.0, "finallr": 143.0465, "lrpepelmh": -1.0, "template": "", "viralprotein_id": 12341, "lrsm": -1.0, "id": 83096635, "lrpepxv": -1.0, "lrredundpairs": 1.1877, "humanprotein_id": 2880, "vphfpdID": "000149"}, {"lrredund": 19.2898, "lrpepelmv": 72.805, "hphfpdID": "000002", "pdbset": null, "lrpepxh": -1.0, "finallr": 1404.393, "lrpepelmh": -1.0, "template": "3g4s:SV(0.52,0.56,20/31,11,12)", "viralprotein_id": 12341, "lrsm": 1.1641, "id": 83096795, "lrpepxv": -1.0, "lrredundpairs": -1.0, "humanprotein_id": 6315, "vphfpdID": "000149.d462_582"}, {"lrredund": 19.2898, "lrpepelmv": 16.112, "hphfpdID": "016466.e85_146", "pdbset": null, "lrpepxh": -1.0, "finallr": 310.7976, "lrpepelmh": -1.0, "template": "4afq:BD(0.30,0.03,49/104,23,16)", "viralprotein_id": 12341, "lrsm": 7.7952, "id": 83097889, "lrpepxv": -1.0, "lrredundpairs": 1.774, "humanprotein_id": 3727, "vphfpdID": "000149.d411_593"}, {"lrredund": 19.2898, "lrpepelmv": 16.112, "hphfpdID": "016613.e316_567", "pdbset": null, "lrpepxh": -1.0, "finallr": 310.7976, "lrpepelmh": -1.0, "template": "2jra:BA(0.50,0.60,78/219,16,16)", "viralprotein_id": 12341, "lrsm": 1.5396, "id": 83098036, "lrpepxv": -1.0, "lrredundpairs": -1.0, "humanprotein_id": 5161, "vphfpdID": "000149.d462_582"}, {"lrredund": 4.0064, "lrpepelmv": 72.805, "hphfpdID": "000004", "pdbset": null, "lrpepxh": -1.0, "finallr": 291.6858, "lrpepelmh": -1.0, "template": "3cc2:SV(0.51,0.49,16/31,12,11)", "viralprotein_id": 12341, "lrsm": 1.2265, "id": 83098804, "lrpepxv": -1.0, "lrredundpairs": -1.0, "humanprotein_id": 6298, "vphfpdID": "000149.d462_582"}, {"lrredund": 19.2898, "lrpepelmv": 9.677, "hphfpdID": "001751.e1_73", "pdbset": null, "lrpepxh": -1.0, "finallr": 186.6672, "lrpepelmh": -1.0, "template": "1z7k:AB(0.24,0.14,18/100,11,7)", "viralprotein_id": 12341, "lrsm": 4.5731, "id": 83099178, "lrpepxv": -1.0, "lrredundpairs": -1.0, "humanprotein_id": 5041, "vphfpdID": "000149.d411_593"}, {"lrredund": 21.3884, "lrpepelmv": -1.0, "hphfpdID": "002626", "pdbset": null, "lrpepxh": -1.0, "finallr": 117.6084, "lrpepelmh": -1.0, "template": "2wuc:AL(0.29,0.07,20/36,9,4)", "viralprotein_id": 12342, "lrsm": 5.4987, "id": 55400637, "lrpepxv": -1.0, "lrredundpairs": 1.373, "humanprotein_id": 2804, "vphfpdID": "000150.d411_593"}, {"lrredund": 2.409, "lrpepelmv": 137.2032, "hphfpdID": "000003", "pdbset": null, "lrpepxh": -1.0, "finallr": 330.5227, "lrpepelmh": -1.0, "template": "3cc4:SV(0.51,0.56,19/31,10,10)", "viralprotein_id": 12342, "lrsm": 1.1641, "id": 55401023, "lrpepxv": -1.0, "lrredundpairs": 0.7707, "humanprotein_id": 6857, "vphfpdID": "000150.d462_582"}, {"lrredund": 20.9141, "lrpepelmv": -1.0, "hphfpdID": "006178.e559_615", "pdbset": null, "lrpepxh": -1.0, "finallr": 105.6647, "lrpepelmh": -1.0, "template": "1ept:BA(0.60,0.59,125/196,48,83)", "viralprotein_id": 12342, "lrsm": 5.0523, "id": 55401845, "lrpepxv": -1.0, "lrredundpairs": 0.7707, "humanprotein_id": 2856, "vphfpdID": "000150.d462_582"}, {"lrredund": 20.9141, "lrpepelmv": -1.0, "hphfpdID": "000172.e295_362", "pdbset": null, "lrpepxh": -1.0, "finallr": 171.6559, "lrpepelmh": -1.0, "template": "2ptc:EI(0.27,0.33,93/155,43,59)", "viralprotein_id": 12342, "lrsm": 8.2077, "id": 55402020, "lrpepxv": -1.0, "lrredundpairs": -1.0, "humanprotein_id": 2981, "vphfpdID": "000150"}, {"lrredund": 2.3254, "lrpepelmv": 50.5585, "hphfpdID": "014176.e786_960", "pdbset": null, "lrpepxh": -1.0, "finallr": 117.5687, "lrpepelmh": -1.0, "template": "3eoc:AD(0.49,0.33,34/47,11,13)", "viralprotein_id": 12342, "lrsm": 1.2265, "id": 55402155, "lrpepxv": -1.0, "lrredundpairs": -1.0, "humanprotein_id": 4582, "vphfpdID": "000150.d411_593"}, {"lrredund": 15.8699, "lrpepelmv": 6.3442, "hphfpdID": "001349.d2679_3055", "pdbset": null, "lrpepxh": -1.0, "finallr": 100.682, "lrpepelmh": -1.0, "template": "1l1c:BA(0.38,0.44,104/127,16,12)", "viralprotein_id": 12342, "lrsm": 2.0531, "id": 55403528, "lrpepxv": -1.0, "lrredundpairs": -1.0, "humanprotein_id": 7312, "vphfpdID": "000150"}, {"lrredund": 20.9141, "lrpepelmv": 16.792, "hphfpdID": "016466.e85_146", "pdbset": null, "lrpepxh": -1.0, "finallr": 351.1903, "lrpepelmh": -1.0, "template": "4afq:BD(0.30,0.03,49/104,23,16)", "viralprotein_id": 12342, "lrsm": 7.7952, "id": 55403696, "lrpepxv": -1.0, "lrredundpairs": 1.774, "humanprotein_id": 3727, "vphfpdID": "000150.d411_593"}, {"lrredund": 19.2898, "lrpepelmv": 16.112, "hphfpdID": "016613.e316_567", "pdbset": null, "lrpepxh": -1.0, "finallr": 310.7976, "lrpepelmh": -1.0, "template": "1le5:BA(0.44,0.60,60/66,25,36)", "viralprotein_id": 12342, "lrsm": 2.5395, "id": 55403773, "lrpepxv": -1.0, "lrredundpairs": -1.0, "humanprotein_id": 5161, "vphfpdID": "000150"}, {"lrredund": 20.9141, "lrpepelmv": 16.792, "hphfpdID": "007144.e151_217", "pdbset": null, "lrpepxh": -1.0, "finallr": 351.1903, "lrpepelmh": -1.0, "template": "4afq:BD(0.30,0.06,49/104,21,15)", "viralprotein_id": 12342, "lrsm": 7.7952, "id": 55403784, "lrpepxv": -1.0, "lrredundpairs": 1.5513, "humanprotein_id": 6385, "vphfpdID": "000150.d411_593"}, {"lrredund": 2.409, "lrpepelmv": 137.2032, "hphfpdID": "000005", "pdbset": null, "lrpepxh": -1.0, "finallr": 330.5227, "lrpepelmh": -1.0, "template": "3i55:SV(0.51,0.53,18/34,10,8)", "viralprotein_id": 12342, "lrsm": 1.1641, "id": 55404069, "lrpepxv": -1.0, "lrredundpairs": -1.0, "humanprotein_id": 4794, "vphfpdID": "000150.d462_582"}, {"lrredund": 19.2898, "lrpepelmv": 137.2032, "hphfpdID": "000007", "pdbset": null, "lrpepxh": -1.0, "finallr": 2646.624, "lrpepelmh": -1.0, "template": "3cme:SV(0.53,0.21,1/29,2,1)", "viralprotein_id": 12342, "lrsm": 1.2142, "id": 55404159, "lrpepxv": -1.0, "lrredundpairs": 0.7707, "humanprotein_id": 6393, "vphfpdID": "000150"}, {"lrredund": 19.2898, "lrpepelmv": 15.0122, "hphfpdID": "008378.g106_302", "pdbset": null, "lrpepxh": -1.0, "finallr": 289.5815, "lrpepelmh": -1.0, "template": "2dwv:AB(0.46,0.53,88/102,22,10)", "viralprotein_id": 12342, "lrsm": 2.4771, "id": 55404516, "lrpepxv": -1.0, "lrredundpairs": 0.7707, "humanprotein_id": 3758, "vphfpdID": "000150.d411_593"}, {"lrredund": 2.0764, "lrpepelmv": 50.5585, "hphfpdID": "014178.e834_1026", "pdbset": null, "lrpepxh": -1.0, "finallr": 104.9797, "lrpepelmh": -1.0, "template": "3eoc:AD(0.49,0.33,34/47,10,9)", "viralprotein_id": 12342, "lrsm": 1.2265, "id": 55404928, "lrpepxv": -1.0, "lrredundpairs": -1.0, "humanprotein_id": 7007, "vphfpdID": "000150.d411_593"}, {"lrredund": -1.0, "lrpepelmv": -1.0, "hphfpdID": "013720.d44_281", "pdbset": null, "lrpepxh": -1.0, "finallr": 212.7302, "lrpepelmh": -1.0, "template": "4afu:AB(0.33,0.13,56/66,41,45)", "viralprotein_id": 12342, "lrsm": 119.9155, "id": 55404931, "lrpepxv": -1.0, "lrredundpairs": 1.774, "humanprotein_id": 8168, "vphfpdID": "000150"}, {"lrredund": 19.2898, "lrpepelmv": 8.6827, "hphfpdID": "004076.d108_222", "pdbset": null, "lrpepxh": -1.0, "finallr": 167.4878, "lrpepelmh": -1.0, "template": "3g4s:SV(0.52,0.44,13/31,7,5)", "viralprotein_id": 12342, "lrsm": 1.2265, "id": 55408098, "lrpepxv": -1.0, "lrredundpairs": -1.0, "humanprotein_id": 4894, "vphfpdID": "000150.d462_582"}, {"lrredund": 20.9141, "lrpepelmv": 4.3901, "hphfpdID": "003962.d92_178", "pdbset": null, "lrpepxh": -1.0, "finallr": 111.3247, "lrpepelmh": -1.0, "template": "2ggv:BA(0.42,0.50,141/265,47,73)", "viralprotein_id": 12342, "lrsm": 5.323, "id": 55408114, "lrpepxv": -1.0, "lrredundpairs": 1.774, "humanprotein_id": 6447, "vphfpdID": "000150"}, {"lrredund": 20.9141, "lrpepelmv": 137.2032, "hphfpdID": "000006", "pdbset": null, "lrpepxh": -1.0, "finallr": 2869.483, "lrpepelmh": -1.0, "template": "2win:IM(0.37,0.28,2/66,2,0)", "viralprotein_id": 12342, "lrsm": 1.2142, "id": 55408774, "lrpepxv": -1.0, "lrredundpairs": 0.7707, "humanprotein_id": 4514, "vphfpdID": "000150"}, {"lrredund": 19.2898, "lrpepelmv": 17.9524, "hphfpdID": "001751.e1_73", "pdbset": null, "lrpepxh": -1.0, "finallr": 346.2992, "lrpepelmh": -1.0, "template": "1z7k:AB(0.24,0.14,18/100,11,7)", "viralprotein_id": 12342, "lrsm": 4.5731, "id": 55409990, "lrpepxv": -1.0, "lrredundpairs": -1.0, "humanprotein_id": 5041, "vphfpdID": "000150.d411_593"}, {"lrredund": 3.8142, "lrpepelmv": 50.5585, "hphfpdID": "014240.g1_114", "pdbset": null, "lrpepxh": -1.0, "finallr": 192.8402, "lrpepelmh": -1.0, "template": "3eoc:AD(0.49,0.42,20/47,11,13)", "viralprotein_id": 12342, "lrsm": 1.2265, "id": 55410861, "lrpepxv": -1.0, "lrredundpairs": -1.0, "humanprotein_id": 3056, "vphfpdID": "000150.d411_593"}, {"lrredund": 4.0064, "lrpepelmv": 137.2032, "hphfpdID": "000004", "pdbset": null, "lrpepxh": -1.0, "finallr": 549.6912, "lrpepelmh": -1.0, "template": "3cc2:SV(0.51,0.49,16/31,12,11)", "viralprotein_id": 12342, "lrsm": 1.2265, "id": 55411184, "lrpepxv": -1.0, "lrredundpairs": -1.0, "humanprotein_id": 6298, "vphfpdID": "000150.d462_582"}, {"lrredund": 19.2898, "lrpepelmv": 7.4157, "hphfpdID": "005478.e180_309", "pdbset": null, "lrpepxh": -1.0, "finallr": 143.0465, "lrpepelmh": -1.0, "template": "3i3c:AB(0.59,0.57,1/36,1,0)", "viralprotein_id": 12342, "lrsm": 0.9682, "id": 55411641, "lrpepxv": -1.0, "lrredundpairs": 0.7707, "humanprotein_id": 2880, "vphfpdID": "000150"}, {"lrredund": 19.2898, "lrpepelmv": 137.2032, "hphfpdID": "000002", "pdbset": null, "lrpepxh": -1.0, "finallr": 2646.624, "lrpepelmh": -1.0, "template": "3g4s:SV(0.52,0.56,20/31,11,12)", "viralprotein_id": 12342, "lrsm": 1.1641, "id": 55411994, "lrpepxv": -1.0, "lrredundpairs": -1.0, "humanprotein_id": 6315, "vphfpdID": "000150.d462_582"}, {"lrredund": -1.0, "lrpepelmv": -1.0, "hphfpdID": "003362", "pdbset": null, "lrpepxh": -1.0, "finallr": 212.7302, "lrpepelmh": -1.0, "template": "4afu:BA(0.36,0.09,56/66,41,39)", "viralprotein_id": 12342, "lrsm": 119.9155, "id": 55413304, "lrpepxv": -1.0, "lrredundpairs": 1.774, "humanprotein_id": 4390, "vphfpdID": "000150"}, {"lrredund": 19.2898, "lrpepelmv": 16.112, "hphfpdID": "016615.d554_715", "pdbset": null, "lrpepxh": -1.0, "finallr": 310.7976, "lrpepelmh": -1.0, "template": "", "viralprotein_id": 12342, "lrsm": -1.0, "id": 55413555, "lrpepxv": -1.0, "lrredundpairs": -1.0, "humanprotein_id": 5095, "vphfpdID": "000150"}, {"lrredund": 3.8142, "lrpepelmv": 137.2032, "hphfpdID": "000001", "pdbset": null, "lrpepxh": -1.0, "finallr": 523.3208, "lrpepelmh": -1.0, "template": "3i55:SV(0.51,0.57,20/34,12,12)", "viralprotein_id": 12342, "lrsm": 1.1641, "id": 55414002, "lrpepxv": -1.0, "lrredundpairs": 0.7707, "humanprotein_id": 4793, "vphfpdID": "000150.d462_582"}]