[{"lrredund": 21.3884, "lrpepelmv": 6.3442, "hphfpdID": "001349.d2679_3055", "pdbset": null, "lrpepxh": -1.0, "finallr": 135.6925, "lrpepelmh": -1.0, "template": "", "viralprotein_id": 12865, "lrsm": -1.0, "id": 45679342, "lrpepxv": -1.0, "lrredundpairs": -1.0, "humanprotein_id": 7312, "vphfpdID": "000636@4gbt_A.2"}, {"lrredund": 2.3254, "lrpepelmv": 137.2032, "hphfpdID": "000003", "pdbset": null, "lrpepxh": -1.0, "finallr": 319.0525, "lrpepelmh": -1.0, "template": "", "viralprotein_id": 12865, "lrsm": -1.0, "id": 45679412, "lrpepxv": -1.0, "lrredundpairs": -1.0, "humanprotein_id": 6857, "vphfpdID": "000636@4gbt_A.2"}, {"lrredund": 21.3884, "lrpepelmv": 137.2032, "hphfpdID": "000006", "pdbset": null, "lrpepxh": -1.0, "finallr": 2934.559, "lrpepelmh": -1.0, "template": "", "viralprotein_id": 12865, "lrsm": -1.0, "id": 45679728, "lrpepxv": -1.0, "lrredundpairs": -1.0, "humanprotein_id": 4514, "vphfpdID": "000636@4qc8_A.1"}, {"lrredund": 2.0764, "lrpepelmv": 77.8321, "hphfpdID": "000906.e751_863", "pdbset": null, "lrpepxh": -1.0, "finallr": 161.6105, "lrpepelmh": -1.0, "template": "2x6g:KB(0.53,0.40,9/10,4,2)", "viralprotein_id": 12865, "lrsm": 1.3385, "id": 45679910, "lrpepxv": -1.0, "lrredundpairs": -1.0, "humanprotein_id": 2586, "vphfpdID": "000636@4gbt_A.2"}, {"lrredund": 21.3884, "lrpepelmv": 137.2032, "hphfpdID": "000002", "pdbset": null, "lrpepxh": -1.0, "finallr": 2934.559, "lrpepelmh": -1.0, "template": "", "viralprotein_id": 12865, "lrsm": -1.0, "id": 45679969, "lrpepxv": -1.0, "lrredundpairs": -1.0, "humanprotein_id": 6315, "vphfpdID": "000636@2g8g_A.3"}, {"lrredund": 21.3884, "lrpepelmv": 14.9984, "hphfpdID": "001060.e253_532", "pdbset": null, "lrpepxh": -1.0, "finallr": 320.7909, "lrpepelmh": -1.0, "template": "3kvp:FB(0.58,0.59,45/67,23,24)", "viralprotein_id": 12865, "lrsm": 1.6503, "id": 45680230, "lrpepxv": -1.0, "lrredundpairs": -1.0, "humanprotein_id": 17652, "vphfpdID": "000636@3ux1_A.4"}, {"lrredund": 21.3884, "lrpepelmv": 20.7293, "hphfpdID": "016613", "pdbset": null, "lrpepxh": -1.0, "finallr": 443.3671, "lrpepelmh": -1.0, "template": "", "viralprotein_id": 12865, "lrsm": -1.0, "id": 45680787, "lrpepxv": -1.0, "lrredundpairs": -1.0, "humanprotein_id": 5161, "vphfpdID": "000636@2g8g_A.3"}, {"lrredund": 15.8699, "lrpepelmv": 20.7293, "hphfpdID": "016615", "pdbset": null, "lrpepxh": -1.0, "finallr": 328.9723, "lrpepelmh": -1.0, "template": "", "viralprotein_id": 12865, "lrsm": -1.0, "id": 45680901, "lrpepxv": -1.0, "lrredundpairs": -1.0, "humanprotein_id": 5095, "vphfpdID": "000636@4gbt_A.2"}, {"lrredund": 21.3884, "lrpepelmv": 20.7293, "hphfpdID": "007144.e151_217", "pdbset": null, "lrpepxh": -1.0, "finallr": 443.3671, "lrpepelmh": -1.0, "template": "3zzs:CB(0.56,0.50,53/98,25,28)", "viralprotein_id": 12865, "lrsm": 1.6503, "id": 45682618, "lrpepxv": -1.0, "lrredundpairs": -1.0, "humanprotein_id": 6385, "vphfpdID": "000636@4qc8_A.1"}, {"lrredund": 21.3884, "lrpepelmv": 9.677, "hphfpdID": "001751", "pdbset": null, "lrpepxh": -1.0, "finallr": 206.9754, "lrpepelmh": -1.0, "template": "", "viralprotein_id": 12865, "lrsm": -1.0, "id": 45688076, "lrpepxv": -1.0, "lrredundpairs": -1.0, "humanprotein_id": 5041, "vphfpdID": "000636@4qc8_A.1"}, {"lrredund": 21.3884, "lrpepelmv": 137.2032, "hphfpdID": "000007", "pdbset": null, "lrpepxh": -1.0, "finallr": 2934.559, "lrpepelmh": -1.0, "template": "", "viralprotein_id": 12865, "lrsm": -1.0, "id": 45688756, "lrpepxv": -1.0, "lrredundpairs": 0.7707, "humanprotein_id": 6393, "vphfpdID": "000636@3ux1_A.4"}, {"lrredund": 21.3884, "lrpepelmv": 8.6827, "hphfpdID": "004076.d589_668", "pdbset": null, "lrpepxh": -1.0, "finallr": 185.7094, "lrpepelmh": -1.0, "template": "", "viralprotein_id": 12865, "lrsm": -1.0, "id": 45688978, "lrpepxv": -1.0, "lrredundpairs": -1.0, "humanprotein_id": 4894, "vphfpdID": "000636@3ux1_A.4"}, {"lrredund": 4.2492, "lrpepelmv": 137.2032, "hphfpdID": "000001", "pdbset": null, "lrpepxh": -1.0, "finallr": 583.0042, "lrpepelmh": -1.0, "template": "", "viralprotein_id": 12865, "lrsm": -1.0, "id": 45689148, "lrpepxv": -1.0, "lrredundpairs": -1.0, "humanprotein_id": 4793, "vphfpdID": "000636@4gbt_A.2"}, {"lrredund": 21.3884, "lrpepelmv": -1.0, "hphfpdID": "011519.e1_119", "pdbset": null, "lrpepxh": -1.0, "finallr": 261.0853, "lrpepelmh": -1.0, "template": "2p1b:IG(0.60,0.01,109/130,44,56)", "viralprotein_id": 12865, "lrsm": 12.2069, "id": 45689922, "lrpepxv": -1.0, "lrredundpairs": -1.0, "humanprotein_id": 3074, "vphfpdID": "000636@4qc8_A.1"}, {"lrredund": 4.2492, "lrpepelmv": 137.2032, "hphfpdID": "000004", "pdbset": null, "lrpepxh": -1.0, "finallr": 583.0042, "lrpepelmh": -1.0, "template": "", "viralprotein_id": 12865, "lrsm": -1.0, "id": 45690349, "lrpepxv": -1.0, "lrredundpairs": -1.0, "humanprotein_id": 6298, "vphfpdID": "000636@4gbt_A.2"}, {"lrredund": 19.2898, "lrpepelmv": 20.7293, "hphfpdID": "016466", "pdbset": null, "lrpepxh": -1.0, "finallr": 399.8646, "lrpepelmh": -1.0, "template": "", "viralprotein_id": 12865, "lrsm": -1.0, "id": 45691158, "lrpepxv": -1.0, "lrredundpairs": -1.0, "humanprotein_id": 3727, "vphfpdID": "000636@4gbt_A.2"}, {"lrredund": 2.3254, "lrpepelmv": 137.2032, "hphfpdID": "000005", "pdbset": null, "lrpepxh": -1.0, "finallr": 319.0525, "lrpepelmh": -1.0, "template": "", "viralprotein_id": 12865, "lrsm": -1.0, "id": 45691360, "lrpepxv": -1.0, "lrredundpairs": -1.0, "humanprotein_id": 4794, "vphfpdID": "000636@4gbt_A.2"}, {"lrredund": 3.5815, "lrpepelmv": 32.9939, "hphfpdID": "017283.e380_439", "pdbset": null, "lrpepxh": -1.0, "finallr": 118.1675, "lrpepelmh": -1.0, "template": "3bp8:CA(0.53,0.20,4/79,3,0)", "viralprotein_id": 12867, "lrsm": 1.2142, "id": 41418915, "lrpepxv": -1.0, "lrredundpairs": -1.0, "humanprotein_id": 5846, "vphfpdID": "000638@4kw3_A.1"}, {"lrredund": 21.3884, "lrpepelmv": -1.0, "hphfpdID": "017281.d474_687", "pdbset": null, "lrpepxh": -1.0, "finallr": 230.863, "lrpepelmh": -1.0, "template": "2c9o:CB(0.58,0.38,57/329,42,43)", "viralprotein_id": 12867, "lrsm": 10.7938, "id": 41420872, "lrpepxv": -1.0, "lrredundpairs": -1.0, "humanprotein_id": 5906, "vphfpdID": "000638@1s9h_A.2"}, {"lrredund": 21.3884, "lrpepelmv": 14.0867, "hphfpdID": "016613.e557_714", "pdbset": null, "lrpepxh": -1.0, "finallr": 301.2919, "lrpepelmh": -1.0, "template": "1iju:AD(0.58,0.38,1/1,0,0)", "viralprotein_id": 12867, "lrsm": 1.3385, "id": 41421137, "lrpepxv": -1.0, "lrredundpairs": -1.0, "humanprotein_id": 5161, "vphfpdID": "000638@1s9h_A.2"}, {"lrredund": 3.5815, "lrpepelmv": 137.2032, "hphfpdID": "000001", "pdbset": null, "lrpepxh": -1.0, "finallr": 491.3936, "lrpepelmh": -1.0, "template": "", "viralprotein_id": 12867, "lrsm": -1.0, "id": 41421873, "lrpepxv": -1.0, "lrredundpairs": -1.0, "humanprotein_id": 4793, "vphfpdID": "000638@4kw3_A.1"}, {"lrredund": 21.3884, "lrpepelmv": 5.7054, "hphfpdID": "018111", "pdbset": null, "lrpepxh": -1.0, "finallr": 122.03, "lrpepelmh": -1.0, "template": "2gjh:AB(0.55,0.60,101/106,9,1)", "viralprotein_id": 12867, "lrsm": 1.9487, "id": 41422135, "lrpepxv": -1.0, "lrredundpairs": -1.0, "humanprotein_id": 15404, "vphfpdID": "000638@4kw3_A.1"}, {"lrredund": 4.2492, "lrpepelmv": 32.9939, "hphfpdID": "017284.e489_542", "pdbset": null, "lrpepxh": -1.0, "finallr": 140.1976, "lrpepelmh": -1.0, "template": "3bp8:CA(0.53,0.31,4/79,3,0)", "viralprotein_id": 12867, "lrsm": 1.02, "id": 41423667, "lrpepxv": -1.0, "lrredundpairs": -1.0, "humanprotein_id": 7960, "vphfpdID": "000638@4kw3_A.1"}, {"lrredund": 2.0764, "lrpepelmv": 137.2032, "hphfpdID": "000003", "pdbset": null, "lrpepxh": -1.0, "finallr": 284.8889, "lrpepelmh": -1.0, "template": "3ccu:SV(0.60,0.56,10/35,5,1)", "viralprotein_id": 12867, "lrsm": 0.9682, "id": 41424413, "lrpepxv": -1.0, "lrredundpairs": -1.0, "humanprotein_id": 6857, "vphfpdID": "000638@4kw3_A.1"}, {"lrredund": 21.3884, "lrpepelmv": 5.7054, "hphfpdID": "003962.d133_182", "pdbset": null, "lrpepxh": -1.0, "finallr": 122.03, "lrpepelmh": -1.0, "template": "1ofu:XA(0.46,0.31,2/73,3,1)", "viralprotein_id": 12867, "lrsm": 1.2142, "id": 41424445, "lrpepxv": -1.0, "lrredundpairs": -1.0, "humanprotein_id": 6447, "vphfpdID": "000638@1s9h_A.2"}, {"lrredund": 15.8699, "lrpepelmv": 9.677, "hphfpdID": "001751.e1650_1757", "pdbset": null, "lrpepxh": -1.0, "finallr": 153.5729, "lrpepelmh": -1.0, "template": "", "viralprotein_id": 12867, "lrsm": -1.0, "id": 41425520, "lrpepxv": -1.0, "lrredundpairs": -1.0, "humanprotein_id": 5041, "vphfpdID": "000638@1s9h_A.2"}, {"lrredund": 15.8699, "lrpepelmv": 6.3442, "hphfpdID": "001349.d2683_2962", "pdbset": null, "lrpepxh": -1.0, "finallr": 100.682, "lrpepelmh": -1.0, "template": "", "viralprotein_id": 12867, "lrsm": -1.0, "id": 41425917, "lrpepxv": -1.0, "lrredundpairs": -1.0, "humanprotein_id": 7312, "vphfpdID": "000638@1s9h_A.2"}, {"lrredund": 15.8699, "lrpepelmv": 137.2032, "hphfpdID": "000006", "pdbset": null, "lrpepxh": -1.0, "finallr": 2177.402, "lrpepelmh": -1.0, "template": "3ccu:SV(0.60,0.59,10/35,3,1)", "viralprotein_id": 12867, "lrsm": 0.9682, "id": 41426185, "lrpepxv": -1.0, "lrredundpairs": -1.0, "humanprotein_id": 4514, "vphfpdID": "000638@4kw3_A.1"}, {"lrredund": 19.2898, "lrpepelmv": 5.7054, "hphfpdID": "002673.d6_152", "pdbset": null, "lrpepxh": -1.0, "finallr": 110.0565, "lrpepelmh": -1.0, "template": "2gjh:BA(0.59,0.55,100/106,20,9)", "viralprotein_id": 12867, "lrsm": 1.9487, "id": 41426207, "lrpepxv": -1.0, "lrredundpairs": -1.0, "humanprotein_id": 4427, "vphfpdID": "000638@4kw3_A.1"}, {"lrredund": 15.8699, "lrpepelmv": 137.2032, "hphfpdID": "000002", "pdbset": null, "lrpepxh": -1.0, "finallr": 2177.402, "lrpepelmh": -1.0, "template": "", "viralprotein_id": 12867, "lrsm": -1.0, "id": 41427649, "lrpepxv": -1.0, "lrredundpairs": -1.0, "humanprotein_id": 6315, "vphfpdID": "000638@1s9h_A.2"}, {"lrredund": 21.3884, "lrpepelmv": 15.0122, "hphfpdID": "008378", "pdbset": null, "lrpepxh": -1.0, "finallr": 321.0861, "lrpepelmh": -1.0, "template": "", "viralprotein_id": 12867, "lrsm": -1.0, "id": 41427834, "lrpepxv": -1.0, "lrredundpairs": -1.0, "humanprotein_id": 3758, "vphfpdID": "000638@1s9h_A.2"}, {"lrredund": 2.0764, "lrpepelmv": 137.2032, "hphfpdID": "000005", "pdbset": null, "lrpepxh": -1.0, "finallr": 284.8889, "lrpepelmh": -1.0, "template": "3ccu:SV(0.60,0.54,10/35,4,1)", "viralprotein_id": 12867, "lrsm": 0.9682, "id": 41428759, "lrpepxv": -1.0, "lrredundpairs": -1.0, "humanprotein_id": 4794, "vphfpdID": "000638@4kw3_A.1"}, {"lrredund": 3.8142, "lrpepelmv": 137.2032, "hphfpdID": "000004", "pdbset": null, "lrpepxh": -1.0, "finallr": 523.3208, "lrpepelmh": -1.0, "template": "3ccu:SV(0.60,0.52,10/35,6,1)", "viralprotein_id": 12867, "lrsm": 0.9682, "id": 41429321, "lrpepxv": -1.0, "lrredundpairs": -1.0, "humanprotein_id": 6298, "vphfpdID": "000638@4kw3_A.1"}, {"lrredund": 19.2898, "lrpepelmv": 137.2032, "hphfpdID": "000007", "pdbset": null, "lrpepxh": -1.0, "finallr": 2646.624, "lrpepelmh": -1.0, "template": "", "viralprotein_id": 12867, "lrsm": -1.0, "id": 41429755, "lrpepxv": -1.0, "lrredundpairs": -1.0, "humanprotein_id": 6393, "vphfpdID": "000638@4kw3_A.1"}, {"lrredund": 19.2898, "lrpepelmv": 7.4157, "hphfpdID": "005478.e262_551", "pdbset": null, "lrpepxh": -1.0, "finallr": 143.0465, "lrpepelmh": -1.0, "template": "", "viralprotein_id": 12867, "lrsm": -1.0, "id": 41429799, "lrpepxv": -1.0, "lrredundpairs": -1.0, "humanprotein_id": 2880, "vphfpdID": "000638@4kw3_A.1"}, {"lrredund": 21.3884, "lrpepelmv": 14.0867, "hphfpdID": "016466.e142_262", "pdbset": null, "lrpepxh": -1.0, "finallr": 301.2919, "lrpepelmh": -1.0, "template": "1iju:AB(0.58,0.38,8/14,6,2)", "viralprotein_id": 12867, "lrsm": 1.2265, "id": 41430682, "lrpepxv": -1.0, "lrredundpairs": -1.0, "humanprotein_id": 3727, "vphfpdID": "000638@1s9h_A.2"}, {"lrredund": 19.2898, "lrpepelmv": 14.0867, "hphfpdID": "007144.e56_156", "pdbset": null, "lrpepxh": -1.0, "finallr": 271.7296, "lrpepelmh": -1.0, "template": "2gjh:BA(0.59,0.59,70/106,19,8)", "viralprotein_id": 12867, "lrsm": 1.4802, "id": 41430816, "lrpepxv": -1.0, "lrredundpairs": -1.0, "humanprotein_id": 6385, "vphfpdID": "000638@4kw3_A.1"}, {"lrredund": 4.2492, "lrpepelmv": 137.2032, "hphfpdID": "000004", "pdbset": null, "lrpepxh": -1.0, "finallr": 583.0042, "lrpepelmh": -1.0, "template": "", "viralprotein_id": 12868, "lrsm": -1.0, "id": 34636068, "lrpepxv": -1.0, "lrredundpairs": -1.0, "humanprotein_id": 6298, "vphfpdID": "000639@2g8g_A.2"}, {"lrredund": 3.5815, "lrpepelmv": 137.2032, "hphfpdID": "000001", "pdbset": null, "lrpepxh": -1.0, "finallr": 491.3936, "lrpepelmh": -1.0, "template": "", "viralprotein_id": 12868, "lrsm": -1.0, "id": 34637076, "lrpepxv": -1.0, "lrredundpairs": -1.0, "humanprotein_id": 4793, "vphfpdID": "000639@2g8g_A.2"}, {"lrredund": 21.3884, "lrpepelmv": 20.7293, "hphfpdID": "016613.e557_714", "pdbset": null, "lrpepxh": -1.0, "finallr": 443.3671, "lrpepelmh": -1.0, "template": "", "viralprotein_id": 12868, "lrsm": -1.0, "id": 34637452, "lrpepxv": -1.0, "lrredundpairs": -1.0, "humanprotein_id": 5161, "vphfpdID": "000639@3ux1_A.3"}, {"lrredund": 21.3884, "lrpepelmv": -1.0, "hphfpdID": "006178.e989_1091", "pdbset": null, "lrpepxh": -1.0, "finallr": 208.1873, "lrpepelmh": -1.0, "template": "2vtx:DA(0.58,0.59,84/102,41,51)", "viralprotein_id": 12868, "lrsm": 9.7337, "id": 34637976, "lrpepxv": -1.0, "lrredundpairs": -1.0, "humanprotein_id": 2856, "vphfpdID": "000639.d40_496"}, {"lrredund": 21.3884, "lrpepelmv": 137.2032, "hphfpdID": "000002", "pdbset": null, "lrpepxh": -1.0, "finallr": 2934.559, "lrpepelmh": -1.0, "template": "", "viralprotein_id": 12868, "lrsm": -1.0, "id": 34638093, "lrpepxv": -1.0, "lrredundpairs": -1.0, "humanprotein_id": 6315, "vphfpdID": "000639@4qc8_A.1"}, {"lrredund": 21.3884, "lrpepelmv": 20.7293, "hphfpdID": "007144.e151_217", "pdbset": null, "lrpepxh": -1.0, "finallr": 443.3671, "lrpepelmh": -1.0, "template": "3zzs:CB(0.56,0.50,53/98,25,28)", "viralprotein_id": 12868, "lrsm": 1.6503, "id": 34640570, "lrpepxv": -1.0, "lrredundpairs": -1.0, "humanprotein_id": 6385, "vphfpdID": "000639@4qc8_A.1"}, {"lrredund": 2.3254, "lrpepelmv": 137.2032, "hphfpdID": "000005", "pdbset": null, "lrpepxh": -1.0, "finallr": 319.0525, "lrpepelmh": -1.0, "template": "", "viralprotein_id": 12868, "lrsm": -1.0, "id": 34641334, "lrpepxv": -1.0, "lrredundpairs": -1.0, "humanprotein_id": 4794, "vphfpdID": "000639@3ux1_A.3"}, {"lrredund": 2.0764, "lrpepelmv": 137.2032, "hphfpdID": "000003", "pdbset": null, "lrpepxh": -1.0, "finallr": 284.8889, "lrpepelmh": -1.0, "template": "", "viralprotein_id": 12868, "lrsm": -1.0, "id": 34642759, "lrpepxv": -1.0, "lrredundpairs": -1.0, "humanprotein_id": 6857, "vphfpdID": "000639@2g8g_A.2"}, {"lrredund": 21.3884, "lrpepelmv": 9.677, "hphfpdID": "001751.e1_73", "pdbset": null, "lrpepxh": -1.0, "finallr": 206.9754, "lrpepelmh": -1.0, "template": "3kvp:FD(0.58,0.51,1/1,0,0)", "viralprotein_id": 12868, "lrsm": 1.2704, "id": 34643477, "lrpepxv": -1.0, "lrredundpairs": -1.0, "humanprotein_id": 5041, "vphfpdID": "000639@3ux1_A.3"}, {"lrredund": 21.3884, "lrpepelmv": 137.2032, "hphfpdID": "000006", "pdbset": null, "lrpepxh": -1.0, "finallr": 2934.559, "lrpepelmh": -1.0, "template": "", "viralprotein_id": 12868, "lrsm": -1.0, "id": 34645235, "lrpepxv": -1.0, "lrredundpairs": -1.0, "humanprotein_id": 4514, "vphfpdID": "000639@4qc8_A.1"}, {"lrredund": 15.8699, "lrpepelmv": 20.7293, "hphfpdID": "016466.e142_262", "pdbset": null, "lrpepxh": -1.0, "finallr": 328.9723, "lrpepelmh": -1.0, "template": "3kvp:FB(0.58,0.42,55/67,23,20)", "viralprotein_id": 12868, "lrsm": 2.6756, "id": 34645914, "lrpepxv": -1.0, "lrredundpairs": 0.7707, "humanprotein_id": 3727, "vphfpdID": "000639@3ux1_A.3"}, {"lrredund": 21.3884, "lrpepelmv": 137.2032, "hphfpdID": "000007", "pdbset": null, "lrpepxh": -1.0, "finallr": 2934.559, "lrpepelmh": -1.0, "template": "", "viralprotein_id": 12868, "lrsm": -1.0, "id": 34646257, "lrpepxv": -1.0, "lrredundpairs": -1.0, "humanprotein_id": 6393, "vphfpdID": "000639@4qc8_A.1"}, {"lrredund": 21.3884, "lrpepelmv": -1.0, "hphfpdID": "011519", "pdbset": null, "lrpepxh": -1.0, "finallr": 393.8285, "lrpepelmh": -1.0, "template": "1nlq:BA(0.57,0.03,75/92,41,52)", "viralprotein_id": 12868, "lrsm": 18.4132, "id": 34647271, "lrpepxv": -1.0, "lrredundpairs": -1.0, "humanprotein_id": 3074, "vphfpdID": "000639.d40_496"}, {"lrredund": 2.0764, "lrpepelmv": 77.8321, "hphfpdID": "000906.e751_863", "pdbset": null, "lrpepxh": -1.0, "finallr": 161.6105, "lrpepelmh": -1.0, "template": "2f8v:TB(0.59,0.43,36/197,22,23)", "viralprotein_id": 12868, "lrsm": 1.4777, "id": 34647301, "lrpepxv": -1.0, "lrredundpairs": -1.0, "humanprotein_id": 2586, "vphfpdID": "000639@2g8g_A.2"}]