[{"lrredund": 21.3884, "lrpepelmv": -1.0, "hphfpdID": "018500.d533_608", "pdbset": null, "lrpepxh": -1.0, "finallr": 175.5488, "lrpepelmh": -1.0, "template": "1wrd:AB(0.54,0.05,63/130,41,51)", "viralprotein_id": 15895, "lrsm": 8.2077, "id": 83583527, "lrpepxv": -1.0, "lrredundpairs": -1.0, "humanprotein_id": 3463, "vphfpdID": "003017.g409_462@1xr7_A.1"}, {"lrredund": -1.0, "lrpepelmv": -1.0, "hphfpdID": "015696.d59_123", "pdbset": null, "lrpepxh": -1.0, "finallr": 119.2807, "lrpepelmh": -1.0, "template": "2x2d:DE(0.06,0.04,13/31,12,13)", "viralprotein_id": 15895, "lrsm": 119.2807, "id": 83583598, "lrpepxv": -1.0, "lrredundpairs": -1.0, "humanprotein_id": 2375, "vphfpdID": "003017.g409_462@1xr7_A.1"}, {"lrredund": 4.2492, "lrpepelmv": -1.0, "hphfpdID": "002111.d434_522", "pdbset": null, "lrpepxh": -1.0, "finallr": 283.7863, "lrpepelmh": -1.0, "template": "1fs1:AB(0.41,0.57,58/70,41,52)", "viralprotein_id": 15895, "lrsm": 66.7858, "id": 83583654, "lrpepxv": -1.0, "lrredundpairs": -1.0, "humanprotein_id": 11330, "vphfpdID": "003017.g409_462@1xr5_A.4"}, {"lrredund": 21.3884, "lrpepelmv": 14.0438, "hphfpdID": "007144.e56_156", "pdbset": null, "lrpepxh": -1.0, "finallr": 300.3744, "lrpepelmh": -1.0, "template": "1b4a:ED(0.44,0.48,30/49,4,0)", "viralprotein_id": 15895, "lrsm": 1.2265, "id": 83584122, "lrpepxv": 3.51, "lrredundpairs": -1.0, "humanprotein_id": 6385, "vphfpdID": "003017.g1_151@3nma_A.4"}, {"lrredund": 21.3884, "lrpepelmv": -1.0, "hphfpdID": "004136.d455_590", "pdbset": null, "lrpepxh": -1.0, "finallr": 208.1873, "lrpepelmh": -1.0, "template": "4icg:AB(0.49,0.57,109/127,45,42)", "viralprotein_id": 15895, "lrsm": 9.7337, "id": 83584250, "lrpepxv": -1.0, "lrredundpairs": -1.0, "humanprotein_id": 7444, "vphfpdID": "003017.g409_462@1xr7_A.1"}, {"lrredund": 21.3884, "lrpepelmv": 2.8446, "hphfpdID": "001509.e418_498", "pdbset": null, "lrpepxh": -1.0, "finallr": 823.8105, "lrpepelmh": -1.0, "template": "1lwu:LJ(0.12,0.06,35/104,22,16)", "viralprotein_id": 15895, "lrsm": 38.5167, "id": 83584711, "lrpepxv": 5.22, "lrredundpairs": -1.0, "humanprotein_id": 2598, "vphfpdID": "003017.g1_151@4wyl_A.5"}, {"lrredund": 15.8699, "lrpepelmv": -1.0, "hphfpdID": "004138.e667_768", "pdbset": null, "lrpepxh": -1.0, "finallr": 203.8998, "lrpepelmh": -1.0, "template": "1mkm:AB(0.41,0.27,59/271,41,58)", "viralprotein_id": 15895, "lrsm": 12.8482, "id": 83585080, "lrpepxv": -1.0, "lrredundpairs": -1.0, "humanprotein_id": 7446, "vphfpdID": "003017.g409_462@1xr6_A.3"}, {"lrredund": 21.3884, "lrpepelmv": -1.0, "hphfpdID": "011519.g120_294", "pdbset": null, "lrpepxh": -1.0, "finallr": 539.7672, "lrpepelmh": -1.0, "template": "3ter:BA(0.14,0.05,1/95,2,1)", "viralprotein_id": 15895, "lrsm": 25.2364, "id": 83585421, "lrpepxv": -1.0, "lrredundpairs": -1.0, "humanprotein_id": 3074, "vphfpdID": "003017.g409_462@1xr5_A.4"}, {"lrredund": 21.3884, "lrpepelmv": -1.0, "hphfpdID": "016730", "pdbset": null, "lrpepxh": -1.0, "finallr": 482.533, "lrpepelmh": -1.0, "template": "1wrd:AB(0.54,0.22,55/130,42,49)", "viralprotein_id": 15895, "lrsm": 22.5605, "id": 83586289, "lrpepxv": -1.0, "lrredundpairs": -1.0, "humanprotein_id": 6290, "vphfpdID": "003017.g409_462@1xr7_A.1"}, {"lrredund": 3.5815, "lrpepelmv": 72.805, "hphfpdID": "000004", "pdbset": null, "lrpepxh": -1.0, "finallr": 260.751, "lrpepelmh": -1.0, "template": "3k1s:BD(0.32,0.52,17/30,14,15)", "viralprotein_id": 15895, "lrsm": 1.2265, "id": 83586521, "lrpepxv": -1.0, "lrredundpairs": -1.0, "humanprotein_id": 6298, "vphfpdID": "003017.g1_151@3nky_A.14"}, {"lrredund": 21.3884, "lrpepelmv": -1.0, "hphfpdID": "000172.e343_463", "pdbset": null, "lrpepxh": -1.0, "finallr": 219.339, "lrpepelmh": -1.0, "template": "4icg:AB(0.49,0.50,112/127,54,59)", "viralprotein_id": 15895, "lrsm": 10.255, "id": 83586912, "lrpepxv": -1.0, "lrredundpairs": -1.0, "humanprotein_id": 2981, "vphfpdID": "003017.g409_462@1xr7_A.1"}, {"lrredund": -1.0, "lrpepelmv": -1.0, "hphfpdID": "015927", "pdbset": null, "lrpepxh": -1.0, "finallr": 119.9155, "lrpepelmh": -1.0, "template": "1fs1:AB(0.41,0.08,58/70,42,54)", "viralprotein_id": 15895, "lrsm": 119.9155, "id": 83587111, "lrpepxv": -1.0, "lrredundpairs": -1.0, "humanprotein_id": 6419, "vphfpdID": "003017.g409_462@1xr5_A.4"}, {"lrredund": 21.3884, "lrpepelmv": 72.805, "hphfpdID": "000007", "pdbset": null, "lrpepxh": -1.0, "finallr": 1557.181, "lrpepelmh": -1.0, "template": "", "viralprotein_id": 15895, "lrsm": -1.0, "id": 83587132, "lrpepxv": -1.0, "lrredundpairs": -1.0, "humanprotein_id": 6393, "vphfpdID": "003017@4y3c_A.2"}, {"lrredund": 21.3884, "lrpepelmv": -1.0, "hphfpdID": "005209.d106_189", "pdbset": null, "lrpepxh": -1.0, "finallr": 166.727, "lrpepelmh": -1.0, "template": "1rk8:BA(0.29,0.08,52/107,29,41)", "viralprotein_id": 15895, "lrsm": 7.7952, "id": 83587144, "lrpepxv": -1.0, "lrredundpairs": -1.0, "humanprotein_id": 8007, "vphfpdID": "003017.g409_462@1xr5_A.4"}, {"lrredund": 21.3884, "lrpepelmv": 14.0438, "hphfpdID": "016615.d83_292", "pdbset": null, "lrpepxh": -1.0, "finallr": 300.3744, "lrpepelmh": -1.0, "template": "1lwu:IH(0.24,0.11,1/236,2,1)", "viralprotein_id": 15895, "lrsm": 4.5731, "id": 83587533, "lrpepxv": -1.0, "lrredundpairs": -1.0, "humanprotein_id": 5095, "vphfpdID": "003017.g1_151@4wyw_A.10"}, {"lrredund": 21.3884, "lrpepelmv": -1.0, "hphfpdID": "012444", "pdbset": null, "lrpepxh": -1.0, "finallr": 282.9685, "lrpepelmh": -1.0, "template": "", "viralprotein_id": 15895, "lrsm": -1.0, "id": 83590501, "lrpepxv": 13.23, "lrredundpairs": -1.0, "humanprotein_id": 2955, "vphfpdID": "003017@4x2b_A.12"}, {"lrredund": 21.3884, "lrpepelmv": -1.0, "hphfpdID": "002673", "pdbset": null, "lrpepxh": -1.0, "finallr": 414.5201, "lrpepelmh": -1.0, "template": "1h25:DC(0.55,0.02,59/162,41,48)", "viralprotein_id": 15895, "lrsm": 19.3806, "id": 83592091, "lrpepxv": -1.0, "lrredundpairs": -1.0, "humanprotein_id": 4427, "vphfpdID": "003017.g409_462@1xr7_A.1"}, {"lrredund": 3.5815, "lrpepelmv": 32.9939, "hphfpdID": "017284.e87_316", "pdbset": null, "lrpepxh": -1.0, "finallr": 118.1675, "lrpepelmh": -1.0, "template": "1nvo:BA(0.55,0.52,70/157,13,3)", "viralprotein_id": 15895, "lrsm": 1.4802, "id": 83594378, "lrpepxv": -1.0, "lrredundpairs": -1.0, "humanprotein_id": 7960, "vphfpdID": "003017.g1_151@2e9z_A.8"}, {"lrredund": 21.3884, "lrpepelmv": -1.0, "hphfpdID": "001751.e1_73", "pdbset": null, "lrpepxh": -1.0, "finallr": 111.6474, "lrpepelmh": -1.0, "template": "3s1k:BV(0.60,0.54,20/41,14,12)", "viralprotein_id": 15895, "lrsm": 1.1641, "id": 83595001, "lrpepxv": 5.22, "lrredundpairs": -1.0, "humanprotein_id": 5041, "vphfpdID": "003017.g1_151@4wzm_A.6"}, {"lrredund": 21.3884, "lrpepelmv": -1.0, "hphfpdID": "005478.e262_551", "pdbset": null, "lrpepxh": -1.0, "finallr": 482.533, "lrpepelmh": -1.0, "template": "1s9q:BA(0.60,0.18,58/111,41,50)", "viralprotein_id": 15895, "lrsm": 22.5605, "id": 83596115, "lrpepxv": -1.0, "lrredundpairs": -1.0, "humanprotein_id": 2880, "vphfpdID": "003017.g409_462@1xr5_A.4"}, {"lrredund": -1.0, "lrpepelmv": -1.0, "hphfpdID": "015465.d59_123", "pdbset": null, "lrpepxh": -1.0, "finallr": 119.2807, "lrpepelmh": -1.0, "template": "2x2d:DE(0.06,0.04,13/31,12,13)", "viralprotein_id": 15895, "lrsm": 119.2807, "id": 83596293, "lrpepxv": -1.0, "lrredundpairs": -1.0, "humanprotein_id": 19222, "vphfpdID": "003017.g409_462@1xr7_A.1"}, {"lrredund": 0.5125, "lrpepelmv": -1.0, "hphfpdID": "001883.e301_436", "pdbset": null, "lrpepxh": -1.0, "finallr": 123.4664, "lrpepelmh": -1.0, "template": "1upn:BE(0.02,0.07,80/97,31,55)", "viralprotein_id": 15894, "lrsm": 240.91, "id": 82270630, "lrpepxv": -1.0, "lrredundpairs": -1.0, "humanprotein_id": 3294, "vphfpdID": "003016.e59_271@1h8t_B.26"}, {"lrredund": -1.0, "lrpepelmv": -1.0, "hphfpdID": "003970.d2739_2793", "pdbset": null, "lrpepxh": -1.0, "finallr": 253.7161, "lrpepelmh": -1.0, "template": "1upn:BE(0.04,0.08,90/97,41,81)", "viralprotein_id": 15894, "lrsm": 253.7161, "id": 82271066, "lrpepxv": -1.0, "lrredundpairs": -1.0, "humanprotein_id": 15290, "vphfpdID": "003016.e59_271@4gb3_2.22"}, {"lrredund": -1.0, "lrpepelmv": -1.0, "hphfpdID": "001909.e65_297", "pdbset": null, "lrpepxh": -1.0, "finallr": 240.91, "lrpepelmh": -1.0, "template": "1upn:BE(0.06,0.04,91/97,37,70)", "viralprotein_id": 15894, "lrsm": 240.91, "id": 82271270, "lrpepxv": -1.0, "lrredundpairs": -1.0, "humanprotein_id": 2901, "vphfpdID": "003016.e1_239@1z7s_2.6"}, {"lrredund": 21.3884, "lrpepelmv": -1.0, "hphfpdID": "002626.e1_127", "pdbset": null, "lrpepxh": -1.0, "finallr": 649.013, "lrpepelmh": -1.0, "template": "1rvf:2H(0.03,0.15,17/27,8,2)", "viralprotein_id": 15894, "lrsm": 30.3442, "id": 82271626, "lrpepxv": -1.0, "lrredundpairs": -1.0, "humanprotein_id": 2804, "vphfpdID": "003016.e59_271@1hrv_2.10"}, {"lrredund": 2.3254, "lrpepelmv": -1.0, "hphfpdID": "007927", "pdbset": null, "lrpepxh": -1.0, "finallr": 302.6975, "lrpepelmh": -1.0, "template": "1z7z:2I(0.06,0.00,25/25,13,20)", "viralprotein_id": 15894, "lrsm": 130.17, "id": 82272794, "lrpepxv": -1.0, "lrredundpairs": 0.7707, "humanprotein_id": 3016, "vphfpdID": "003016.e59_271@1vbe_2.16"}, {"lrredund": 4.2492, "lrpepelmv": 65.3909, "hphfpdID": "000004", "pdbset": null, "lrpepxh": -1.0, "finallr": 277.8589, "lrpepelmh": -1.0, "template": "4b3r:FO(0.60,0.58,1/1,0,0)", "viralprotein_id": 15894, "lrsm": 1.2704, "id": 82273021, "lrpepxv": -1.0, "lrredundpairs": -1.0, "humanprotein_id": 6298, "vphfpdID": "003016.e59_271@5a8f_C.3"}, {"lrredund": 2.3254, "lrpepelmv": 65.3909, "hphfpdID": "000003", "pdbset": null, "lrpepxh": -1.0, "finallr": 152.0599, "lrpepelmh": -1.0, "template": "2lrk:DC(0.57,0.41,31/41,5,0)", "viralprotein_id": 15894, "lrsm": 1.2265, "id": 82273463, "lrpepxv": -1.0, "lrredundpairs": -1.0, "humanprotein_id": 6857, "vphfpdID": "003016.e1_239@1tme_2.1"}, {"lrredund": -1.0, "lrpepelmv": -1.0, "hphfpdID": "016747.e135_197", "pdbset": null, "lrpepxh": -1.0, "finallr": 253.7161, "lrpepelmh": -1.0, "template": "1upn:BE(0.04,0.15,92/97,41,82)", "viralprotein_id": 15894, "lrsm": 253.7161, "id": 82273484, "lrpepxv": -1.0, "lrredundpairs": -1.0, "humanprotein_id": 1700, "vphfpdID": "003016.e59_271@4gb3_2.22"}, {"lrredund": 21.3884, "lrpepelmv": 20.7293, "hphfpdID": "016615", "pdbset": null, "lrpepxh": -1.0, "finallr": 443.3671, "lrpepelmh": -1.0, "template": "2wwm:TO(0.55,0.53,64/79,15,1)", "viralprotein_id": 15894, "lrsm": 1.9487, "id": 82273962, "lrpepxv": -1.0, "lrredundpairs": -1.0, "humanprotein_id": 5095, "vphfpdID": "003016.e59_271@1pov_0.7"}, {"lrredund": -1.0, "lrpepelmv": -1.0, "hphfpdID": "002887.e165_268", "pdbset": null, "lrpepxh": -1.0, "finallr": 240.91, "lrpepelmh": -1.0, "template": "1upn:BE(0.02,0.06,78/97,28,54)", "viralprotein_id": 15894, "lrsm": 240.91, "id": 82274056, "lrpepxv": -1.0, "lrredundpairs": -1.0, "humanprotein_id": 2727, "vphfpdID": "003016.e59_271@1h8t_B.26"}, {"lrredund": 21.3884, "lrpepelmv": -1.0, "hphfpdID": "003962.d92_178", "pdbset": null, "lrpepxh": -1.0, "finallr": 100.9952, "lrpepelmh": -1.0, "template": "4c10:BC(0.08,0.52,210/1497,28,165)", "viralprotein_id": 15894, "lrsm": 4.722, "id": 82274078, "lrpepxv": -1.0, "lrredundpairs": -1.0, "humanprotein_id": 6447, "vphfpdID": "003016.e59_271@1bev_2.19"}, {"lrredund": -1.0, "lrpepelmv": -1.0, "hphfpdID": "006162.d92_281", "pdbset": null, "lrpepxh": -1.0, "finallr": 240.91, "lrpepelmh": -1.0, "template": "1upn:BE(0.02,0.05,81/97,23,33)", "viralprotein_id": 15894, "lrsm": 240.91, "id": 82274222, "lrpepxv": -1.0, "lrredundpairs": -1.0, "humanprotein_id": 13968, "vphfpdID": "003016.e59_271@1h8t_B.26"}, {"lrredund": 21.3884, "lrpepelmv": -1.0, "hphfpdID": "018800.e503_596", "pdbset": null, "lrpepxh": -1.0, "finallr": 128.3451, "lrpepelmh": -1.0, "template": "1z7z:2I(0.06,0.19,25/25,11,13)", "viralprotein_id": 15894, "lrsm": 6.0007, "id": 82274383, "lrpepxv": -1.0, "lrredundpairs": 0.7707, "humanprotein_id": 4109, "vphfpdID": "003016.e59_271@1z7s_2.6"}, {"lrredund": -1.0, "lrpepelmv": -1.0, "hphfpdID": "010149.d99_158", "pdbset": null, "lrpepxh": -1.0, "finallr": 826.1879, "lrpepelmh": -1.0, "template": "3iyp:CF(0.04,0.06,135/156,51,98)", "viralprotein_id": 15894, "lrsm": 826.1879, "id": 82274391, "lrpepxv": -1.0, "lrredundpairs": -1.0, "humanprotein_id": 3891, "vphfpdID": "003016.e59_271@1mqt_B.23"}, {"lrredund": 21.3884, "lrpepelmv": -1.0, "hphfpdID": "000172.d132_188", "pdbset": null, "lrpepxh": -1.0, "finallr": 163.4924, "lrpepelmh": -1.0, "template": "4cdw:CB(0.38,0.56,272/1864,42,174)", "viralprotein_id": 15894, "lrsm": 7.644, "id": 82275126, "lrpepxv": -1.0, "lrredundpairs": -1.0, "humanprotein_id": 2981, "vphfpdID": "003016.e59_271@1vbe_2.16"}, {"lrredund": 0.5125, "lrpepelmv": -1.0, "hphfpdID": "010054.e366_443", "pdbset": null, "lrpepxh": -1.0, "finallr": 123.4664, "lrpepelmh": -1.0, "template": "1upn:BE(0.02,0.07,81/97,32,57)", "viralprotein_id": 15894, "lrsm": 240.91, "id": 82275201, "lrpepxv": -1.0, "lrredundpairs": -1.0, "humanprotein_id": 882, "vphfpdID": "003016.e59_271@1h8t_B.26"}, {"lrredund": 21.3884, "lrpepelmv": -1.0, "hphfpdID": "005354.e1664_1728", "pdbset": null, "lrpepxh": -1.0, "finallr": 125.1539, "lrpepelmh": -1.0, "template": "2wff:23(0.15,0.51,139/407,41,45)", "viralprotein_id": 15894, "lrsm": 5.8515, "id": 82275591, "lrpepxv": -1.0, "lrredundpairs": -1.0, "humanprotein_id": 7033, "vphfpdID": "003016@1tmf_2.2"}, {"lrredund": 20.9141, "lrpepelmv": -1.0, "hphfpdID": "018500.d533_608", "pdbset": null, "lrpepxh": -1.0, "finallr": 105.1868, "lrpepelmh": -1.0, "template": "2lk6:BA(0.47,0.50,124/154,20,7)", "viralprotein_id": 15894, "lrsm": 5.0295, "id": 82275739, "lrpepxv": -1.0, "lrredundpairs": -1.0, "humanprotein_id": 3463, "vphfpdID": "003016@5a8f_C.3"}, {"lrredund": -1.0, "lrpepelmv": -1.0, "hphfpdID": "015571.e418_526", "pdbset": null, "lrpepxh": -1.0, "finallr": 240.91, "lrpepelmh": -1.0, "template": "1upn:BE(0.03,0.07,95/97,33,66)", "viralprotein_id": 15894, "lrsm": 240.91, "id": 82275843, "lrpepxv": -1.0, "lrredundpairs": -1.0, "humanprotein_id": 10309, "vphfpdID": "003016.e1_239@3iyp_C.16"}, {"lrredund": 21.3884, "lrpepelmv": 20.7293, "hphfpdID": "016613.e557_714", "pdbset": null, "lrpepxh": -1.0, "finallr": 443.3671, "lrpepelmh": -1.0, "template": "4jeg:BA(0.60,0.32,55/102,30,41)", "viralprotein_id": 15894, "lrsm": 1.7387, "id": 82276186, "lrpepxv": -1.0, "lrredundpairs": -1.0, "humanprotein_id": 5161, "vphfpdID": "003016.e1_239@5a8f_C.2"}, {"lrredund": 21.3884, "lrpepelmv": -1.0, "hphfpdID": "017281.e1_108", "pdbset": null, "lrpepxh": -1.0, "finallr": 107.5723, "lrpepelmh": -1.0, "template": "2lk6:AB(0.54,0.43,126/154,19,7)", "viralprotein_id": 15894, "lrsm": 5.0295, "id": 82276667, "lrpepxv": -1.0, "lrredundpairs": -1.0, "humanprotein_id": 5906, "vphfpdID": "003016@5a8f_C.3"}, {"lrredund": -1.0, "lrpepelmv": -1.0, "hphfpdID": "016491.d120_175", "pdbset": null, "lrpepxh": -1.0, "finallr": 253.7161, "lrpepelmh": -1.0, "template": "1upn:BE(0.04,0.09,90/97,41,81)", "viralprotein_id": 15894, "lrsm": 253.7161, "id": 82276954, "lrpepxv": -1.0, "lrredundpairs": -1.0, "humanprotein_id": 6512, "vphfpdID": "003016.e59_271@4gb3_2.22"}, {"lrredund": -1.0, "lrpepelmv": -1.0, "hphfpdID": "016743.d179_235", "pdbset": null, "lrpepxh": -1.0, "finallr": 253.7161, "lrpepelmh": -1.0, "template": "1upn:BE(0.04,0.14,90/97,41,81)", "viralprotein_id": 15894, "lrsm": 253.7161, "id": 82277186, "lrpepxv": -1.0, "lrredundpairs": -1.0, "humanprotein_id": 10250, "vphfpdID": "003016.e59_271@4gb3_2.22"}, {"lrredund": -1.0, "lrpepelmv": -1.0, "hphfpdID": "016746.d180_237", "pdbset": null, "lrpepxh": -1.0, "finallr": 240.91, "lrpepelmh": -1.0, "template": "1upn:BE(0.03,0.07,92/97,34,69)", "viralprotein_id": 15894, "lrsm": 240.91, "id": 82277283, "lrpepxv": -1.0, "lrredundpairs": -1.0, "humanprotein_id": 9487, "vphfpdID": "003016.e1_239@3iyp_C.16"}, {"lrredund": -1.0, "lrpepelmv": -1.0, "hphfpdID": "003971.e2075_2181", "pdbset": null, "lrpepxh": -1.0, "finallr": 253.7161, "lrpepelmh": -1.0, "template": "1upn:BE(0.04,0.09,92/97,41,82)", "viralprotein_id": 15894, "lrsm": 253.7161, "id": 82277422, "lrpepxv": -1.0, "lrredundpairs": -1.0, "humanprotein_id": 10968, "vphfpdID": "003016.e59_271@4gb3_2.22"}, {"lrredund": -1.0, "lrpepelmv": -1.0, "hphfpdID": "006163.e444_503", "pdbset": null, "lrpepxh": -1.0, "finallr": 253.7161, "lrpepelmh": -1.0, "template": "1upn:BE(0.04,0.15,92/97,41,77)", "viralprotein_id": 15894, "lrsm": 253.7161, "id": 82277574, "lrpepxv": -1.0, "lrredundpairs": -1.0, "humanprotein_id": 16194, "vphfpdID": "003016.e59_271@4gb3_2.22"}, {"lrredund": -1.0, "lrpepelmv": -1.0, "hphfpdID": "009823.e386_447", "pdbset": null, "lrpepxh": -1.0, "finallr": 826.1879, "lrpepelmh": -1.0, "template": "3iyp:CF(0.02,0.08,125/156,45,84)", "viralprotein_id": 15894, "lrsm": 826.1879, "id": 82277665, "lrpepxv": -1.0, "lrredundpairs": -1.0, "humanprotein_id": 3922, "vphfpdID": "003016.e1_239@1h8t_B.18"}, {"lrredund": 21.3884, "lrpepelmv": -1.0, "hphfpdID": "009491.e1_122", "pdbset": null, "lrpepxh": -1.0, "finallr": 117.6084, "lrpepelmh": -1.0, "template": "1rvf:2H(0.04,0.27,11/27,9,7)", "viralprotein_id": 15894, "lrsm": 5.4987, "id": 82277693, "lrpepxv": -1.0, "lrredundpairs": -1.0, "humanprotein_id": 12198, "vphfpdID": "003016.e59_271@2hwc_2.8"}, {"lrredund": 21.3884, "lrpepelmv": -1.0, "hphfpdID": "006178.e689_810", "pdbset": null, "lrpepxh": -1.0, "finallr": 356.7996, "lrpepelmh": -1.0, "template": "1na1:BC(0.11,0.49,632/1560,54,31)", "viralprotein_id": 15894, "lrsm": 16.6819, "id": 82278110, "lrpepxv": -1.0, "lrredundpairs": -1.0, "humanprotein_id": 2856, "vphfpdID": "003016@1ar9_2.5"}, {"lrredund": 2.3254, "lrpepelmv": 65.3909, "hphfpdID": "000005", "pdbset": null, "lrpepxh": -1.0, "finallr": 152.0599, "lrpepelmh": -1.0, "template": "", "viralprotein_id": 15894, "lrsm": -1.0, "id": 82278327, "lrpepxv": -1.0, "lrredundpairs": -1.0, "humanprotein_id": 4794, "vphfpdID": "003016@1tmf_2.2"}, {"lrredund": 19.2898, "lrpepelmv": 65.3909, "hphfpdID": "000007", "pdbset": null, "lrpepxh": -1.0, "finallr": 1261.376, "lrpepelmh": -1.0, "template": "", "viralprotein_id": 15894, "lrsm": -1.0, "id": 82279483, "lrpepxv": -1.0, "lrredundpairs": -1.0, "humanprotein_id": 6393, "vphfpdID": "003016@1tmf_2.2"}, {"lrredund": -1.0, "lrpepelmv": -1.0, "hphfpdID": "015570.e737_801", "pdbset": null, "lrpepxh": -1.0, "finallr": 240.91, "lrpepelmh": -1.0, "template": "1upn:BE(0.03,0.07,95/97,35,69)", "viralprotein_id": 15894, "lrsm": 240.91, "id": 82279598, "lrpepxv": -1.0, "lrredundpairs": -1.0, "humanprotein_id": 16282, "vphfpdID": "003016.e1_239@3iyp_C.16"}, {"lrredund": 21.3884, "lrpepelmv": 20.7293, "hphfpdID": "007144.d1_56", "pdbset": null, "lrpepxh": -1.0, "finallr": 443.3671, "lrpepelmh": -1.0, "template": "1na1:CB(0.37,0.50,274/1559,49,96)", "viralprotein_id": 15894, "lrsm": 7.644, "id": 82279875, "lrpepxv": -1.0, "lrredundpairs": -1.0, "humanprotein_id": 6385, "vphfpdID": "003016.e59_271@1ar9_2.5"}, {"lrredund": -1.0, "lrpepelmv": -1.0, "hphfpdID": "012886.d742_795", "pdbset": null, "lrpepxh": -1.0, "finallr": 253.7161, "lrpepelmh": -1.0, "template": "1upn:BE(0.04,0.10,90/97,41,81)", "viralprotein_id": 15894, "lrsm": 253.7161, "id": 82280516, "lrpepxv": -1.0, "lrredundpairs": -1.0, "humanprotein_id": 3093, "vphfpdID": "003016.e59_271@4gb3_2.22"}, {"lrredund": 15.8699, "lrpepelmv": 65.3909, "hphfpdID": "000006", "pdbset": null, "lrpepxh": -1.0, "finallr": 1037.746, "lrpepelmh": -1.0, "template": "1wqv:TL(0.60,0.39,12/130,6,2)", "viralprotein_id": 15894, "lrsm": 1.02, "id": 82280872, "lrpepxv": -1.0, "lrredundpairs": -1.0, "humanprotein_id": 4514, "vphfpdID": "003016.e1_239@1mec_2.3"}, {"lrredund": 0.5125, "lrpepelmv": -1.0, "hphfpdID": "009822.d367_426", "pdbset": null, "lrpepxh": -1.0, "finallr": 123.4664, "lrpepelmh": -1.0, "template": "1upn:BE(0.04,0.05,95/97,36,70)", "viralprotein_id": 15894, "lrsm": 240.91, "id": 82281142, "lrpepxv": -1.0, "lrredundpairs": -1.0, "humanprotein_id": 3960, "vphfpdID": "003016.e59_271@3iyp_C.17"}, {"lrredund": 21.3884, "lrpepelmv": -1.0, "hphfpdID": "005209", "pdbset": null, "lrpepxh": -1.0, "finallr": 102.103, "lrpepelmh": -1.0, "template": "2lk6:BA(0.58,0.59,129/154,19,18)", "viralprotein_id": 15894, "lrsm": 4.7738, "id": 82281208, "lrpepxv": -1.0, "lrredundpairs": -1.0, "humanprotein_id": 8007, "vphfpdID": "003016.e1_239@4pdw_B.13"}, {"lrredund": -1.0, "lrpepelmv": -1.0, "hphfpdID": "016490.d122_177", "pdbset": null, "lrpepxh": -1.0, "finallr": 253.7161, "lrpepelmh": -1.0, "template": "1upn:BE(0.04,0.13,90/97,41,81)", "viralprotein_id": 15894, "lrsm": 253.7161, "id": 82281210, "lrpepxv": -1.0, "lrredundpairs": -1.0, "humanprotein_id": 1821, "vphfpdID": "003016.e59_271@4gb3_2.22"}, {"lrredund": 21.3884, "lrpepelmv": -1.0, "hphfpdID": "017454.e64_147", "pdbset": null, "lrpepxh": -1.0, "finallr": 102.103, "lrpepelmh": -1.0, "template": "2lk6:AB(0.54,0.60,132/154,17,8)", "viralprotein_id": 15894, "lrsm": 4.7738, "id": 82281622, "lrpepxv": -1.0, "lrredundpairs": -1.0, "humanprotein_id": 7296, "vphfpdID": "003016@5a8f_C.3"}, {"lrredund": -1.0, "lrpepelmv": -1.0, "hphfpdID": "009821.e191_255", "pdbset": null, "lrpepxh": -1.0, "finallr": 240.91, "lrpepelmh": -1.0, "template": "1upn:BE(0.02,0.08,78/97,31,59)", "viralprotein_id": 15894, "lrsm": 240.91, "id": 82281860, "lrpepxv": -1.0, "lrredundpairs": -1.0, "humanprotein_id": 3805, "vphfpdID": "003016.e59_271@1h8t_B.26"}, {"lrredund": 21.3884, "lrpepelmv": 20.7293, "hphfpdID": "016466.e85_146", "pdbset": null, "lrpepxh": -1.0, "finallr": 443.3671, "lrpepelmh": -1.0, "template": "2lk6:BA(0.53,0.51,127/154,34,46)", "viralprotein_id": 15894, "lrsm": 3.2502, "id": 82282506, "lrpepxv": -1.0, "lrredundpairs": -1.0, "humanprotein_id": 3727, "vphfpdID": "003016.e1_239@1pov_0.7"}, {"lrredund": -1.0, "lrpepelmv": -1.0, "hphfpdID": "008082.d824_911", "pdbset": null, "lrpepxh": -1.0, "finallr": 119.2807, "lrpepelmh": -1.0, "template": "1rvf:2H(0.03,0.07,17/27,10,6)", "viralprotein_id": 15894, "lrsm": 119.2807, "id": 82282632, "lrpepxv": -1.0, "lrredundpairs": -1.0, "humanprotein_id": 14184, "vphfpdID": "003016.e1_239@4pdw_B.13"}, {"lrredund": -1.0, "lrpepelmv": -1.0, "hphfpdID": "003500.e151_252", "pdbset": null, "lrpepxh": -1.0, "finallr": 240.91, "lrpepelmh": -1.0, "template": "1upn:BE(0.03,0.06,89/97,34,57)", "viralprotein_id": 15894, "lrsm": 240.91, "id": 82282798, "lrpepxv": -1.0, "lrredundpairs": -1.0, "humanprotein_id": 3061, "vphfpdID": "003016.e1_239@1ev1_2.24"}, {"lrredund": 21.3884, "lrpepelmv": 65.3909, "hphfpdID": "000002", "pdbset": null, "lrpepxh": -1.0, "finallr": 1398.606, "lrpepelmh": -1.0, "template": "", "viralprotein_id": 15894, "lrsm": -1.0, "id": 82282844, "lrpepxv": -1.0, "lrredundpairs": -1.0, "humanprotein_id": 6315, "vphfpdID": "003016@1pov_0.7"}, {"lrredund": -1.0, "lrpepelmv": -1.0, "hphfpdID": "012558.e1467_1524", "pdbset": null, "lrpepxh": -1.0, "finallr": 253.7161, "lrpepelmh": -1.0, "template": "1upn:BE(0.04,0.15,92/97,41,82)", "viralprotein_id": 15894, "lrsm": 253.7161, "id": 82283100, "lrpepxv": -1.0, "lrredundpairs": -1.0, "humanprotein_id": 16189, "vphfpdID": "003016.e59_271@4gb3_2.22"}, {"lrredund": -1.0, "lrpepelmv": -1.0, "hphfpdID": "003972.d3109_3228", "pdbset": null, "lrpepxh": -1.0, "finallr": 240.91, "lrpepelmh": -1.0, "template": "1upn:BE(0.05,0.03,86/97,34,68)", "viralprotein_id": 15894, "lrsm": 240.91, "id": 82283154, "lrpepxv": -1.0, "lrredundpairs": -1.0, "humanprotein_id": 10967, "vphfpdID": "003016.e59_271@1oop_B.21"}, {"lrredund": 21.3884, "lrpepelmv": -1.0, "hphfpdID": "001509.e1_53", "pdbset": null, "lrpepxh": -1.0, "finallr": 256.5607, "lrpepelmh": -1.0, "template": "2idh:DC(0.32,0.07,42/45,21,21)", "viralprotein_id": 15894, "lrsm": 11.9953, "id": 82283441, "lrpepxv": -1.0, "lrredundpairs": 0.7707, "humanprotein_id": 2598, "vphfpdID": "003016.e1_239@1hrv_2.12"}, {"lrredund": 21.3884, "lrpepelmv": 9.3373, "hphfpdID": "001349.d2715_2964", "pdbset": null, "lrpepxh": -1.0, "finallr": 199.7102, "lrpepelmh": -1.0, "template": "4aoc:EC(0.53,0.52,4/160,2,0)", "viralprotein_id": 15894, "lrsm": 0.9682, "id": 82283781, "lrpepxv": -1.0, "lrredundpairs": -1.0, "humanprotein_id": 7312, "vphfpdID": "003016.e59_271@1pov_0.7"}, {"lrredund": 21.3884, "lrpepelmv": -1.0, "hphfpdID": "001274", "pdbset": null, "lrpepxh": -1.0, "finallr": 128.3451, "lrpepelmh": -1.0, "template": "1z7z:2I(0.03,0.36,25/25,11,15)", "viralprotein_id": 15894, "lrsm": 6.0007, "id": 82283910, "lrpepxv": -1.0, "lrredundpairs": -1.0, "humanprotein_id": 2978, "vphfpdID": "003016.e1_239@1z7s_2.6"}, {"lrredund": -1.0, "lrpepelmv": -1.0, "hphfpdID": "009257.d806_863", "pdbset": null, "lrpepxh": -1.0, "finallr": 121.6214, "lrpepelmh": -1.0, "template": "1na1:BC(0.02,0.17,175/1560,43,93)", "viralprotein_id": 15894, "lrsm": 121.6214, "id": 82284278, "lrpepxv": -1.0, "lrredundpairs": -1.0, "humanprotein_id": 4393, "vphfpdID": "003016.e1_239@2hwc_2.11"}, {"lrredund": -1.0, "lrpepelmv": -1.0, "hphfpdID": "004306.d163_221", "pdbset": null, "lrpepxh": -1.0, "finallr": 997.3401, "lrpepelmh": -1.0, "template": "1upn:BE(0.09,0.01,91/97,41,83)", "viralprotein_id": 15894, "lrsm": 997.3401, "id": 82284567, "lrpepxv": -1.0, "lrredundpairs": -1.0, "humanprotein_id": 3167, "vphfpdID": "003016@1z7s_2.6"}, {"lrredund": -1.0, "lrpepelmv": -1.0, "hphfpdID": "016757.d2717_2771", "pdbset": null, "lrpepxh": -1.0, "finallr": 253.7161, "lrpepelmh": -1.0, "template": "1upn:BE(0.09,0.08,91/97,42,84)", "viralprotein_id": 15894, "lrsm": 253.7161, "id": 82284628, "lrpepxv": -1.0, "lrredundpairs": -1.0, "humanprotein_id": 8661, "vphfpdID": "003016@1z7s_2.6"}, {"lrredund": 4.2492, "lrpepelmv": 65.3909, "hphfpdID": "000001", "pdbset": null, "lrpepxh": -1.0, "finallr": 277.8589, "lrpepelmh": -1.0, "template": "", "viralprotein_id": 15894, "lrsm": -1.0, "id": 82284738, "lrpepxv": -1.0, "lrredundpairs": -1.0, "humanprotein_id": 4793, "vphfpdID": "003016@1tmf_2.2"}, {"lrredund": -1.0, "lrpepelmv": -1.0, "hphfpdID": "002889.d85_142", "pdbset": null, "lrpepxh": -1.0, "finallr": 240.91, "lrpepelmh": -1.0, "template": "1upn:BE(0.03,0.06,89/97,32,56)", "viralprotein_id": 15894, "lrsm": 240.91, "id": 82284792, "lrpepxv": -1.0, "lrredundpairs": -1.0, "humanprotein_id": 3204, "vphfpdID": "003016.e1_239@1ev1_2.24"}, {"lrredund": 21.3884, "lrpepelmv": -1.0, "hphfpdID": "011519", "pdbset": null, "lrpepxh": -1.0, "finallr": 393.8285, "lrpepelmh": -1.0, "template": "1k5j:ED(0.54,0.05,89/91,46,63)", "viralprotein_id": 15894, "lrsm": 18.4132, "id": 82284810, "lrpepxv": -1.0, "lrredundpairs": -1.0, "humanprotein_id": 3074, "vphfpdID": "003016.e59_271@1r1a_2.18"}, {"lrredund": 2.3254, "lrpepelmv": -1.0, "hphfpdID": "013715.d159_407", "pdbset": null, "lrpepxh": -1.0, "finallr": 197.5948, "lrpepelmh": -1.0, "template": "4kod:EB(0.24,0.15,60/145,41,38)", "viralprotein_id": 15897, "lrsm": 84.9724, "id": 28075143, "lrpepxv": -1.0, "lrredundpairs": 1.373, "humanprotein_id": 5262, "vphfpdID": "003019@5g4f_A.5"}, {"lrredund": 19.2898, "lrpepelmv": 72.805, "hphfpdID": "000006", "pdbset": null, "lrpepxh": -1.0, "finallr": 1404.393, "lrpepelmh": -1.0, "template": "2p5t:HG(0.59,0.41,8/137,5,4)", "viralprotein_id": 15897, "lrsm": 1.02, "id": 28076734, "lrpepxv": -1.0, "lrredundpairs": 1.1877, "humanprotein_id": 4514, "vphfpdID": "003019@5ftj_A.7"}, {"lrredund": 19.2898, "lrpepelmv": 9.677, "hphfpdID": "001751.e1_73", "pdbset": null, "lrpepxh": -1.0, "finallr": 186.6672, "lrpepelmh": -1.0, "template": "2orv:BA(0.44,0.12,47/214,24,25)", "viralprotein_id": 15897, "lrsm": 2.7953, "id": 28076951, "lrpepxv": -1.0, "lrredundpairs": -1.0, "humanprotein_id": 5041, "vphfpdID": "003019@1ixz_A.10"}, {"lrredund": 21.3884, "lrpepelmv": 14.0845, "hphfpdID": "016613.e557_714", "pdbset": null, "lrpepxh": -1.0, "finallr": 301.2446, "lrpepelmh": -1.0, "template": "", "viralprotein_id": 15897, "lrsm": -1.0, "id": 28077180, "lrpepxv": -1.0, "lrredundpairs": -1.0, "humanprotein_id": 5161, "vphfpdID": "003019@5ftj_A.7"}, {"lrredund": 4.2492, "lrpepelmv": 32.9939, "hphfpdID": "017283.e380_439", "pdbset": null, "lrpepxh": -1.0, "finallr": 140.1976, "lrpepelmh": -1.0, "template": "4a69:AC(0.55,0.15,1/102,2,1)", "viralprotein_id": 15897, "lrsm": 1.2142, "id": 28077460, "lrpepxv": -1.0, "lrredundpairs": -1.0, "humanprotein_id": 5846, "vphfpdID": "003019@1ixz_A.10"}, {"lrredund": 20.9141, "lrpepelmv": -1.0, "hphfpdID": "000172.d132_188", "pdbset": null, "lrpepxh": -1.0, "finallr": 125.499, "lrpepelmh": -1.0, "template": "2fk3:AE(0.37,0.02,9/11,7,2)", "viralprotein_id": 15897, "lrsm": 6.0007, "id": 28077785, "lrpepxv": -1.0, "lrredundpairs": 0.7707, "humanprotein_id": 2981, "vphfpdID": "003019.d116_217@4ypn_A.1"}, {"lrredund": 2.0764, "lrpepelmv": -1.0, "hphfpdID": "013707.d188_355", "pdbset": null, "lrpepxh": -1.0, "finallr": 176.4367, "lrpepelmh": -1.0, "template": "3cf0:HG(0.16,0.23,59/116,44,51)", "viralprotein_id": 15897, "lrsm": 84.9724, "id": 28078539, "lrpepxv": -1.0, "lrredundpairs": 1.373, "humanprotein_id": 6308, "vphfpdID": "003019@5ftj_A.7"}, {"lrredund": 21.3884, "lrpepelmv": -1.0, "hphfpdID": "017046.e457_686", "pdbset": null, "lrpepxh": -1.0, "finallr": 230.863, "lrpepelmh": -1.0, "template": "3hu3:AB(0.34,0.59,60/361,41,40)", "viralprotein_id": 15897, "lrsm": 10.7938, "id": 28078840, "lrpepxv": -1.0, "lrredundpairs": 0.7707, "humanprotein_id": 6818, "vphfpdID": "003019@5gjq_I.2"}, {"lrredund": 19.2898, "lrpepelmv": -1.0, "hphfpdID": "009031", "pdbset": null, "lrpepxh": -1.0, "finallr": 131.9646, "lrpepelmh": -1.0, "template": "2g50:AC(0.59,0.01,103/295,48,67)", "viralprotein_id": 15897, "lrsm": 6.8412, "id": 28080127, "lrpepxv": -1.0, "lrredundpairs": 0.7707, "humanprotein_id": 3826, "vphfpdID": "003019.d116_217@4gdf_A.2"}, {"lrredund": 21.3884, "lrpepelmv": 14.0845, "hphfpdID": "016466.e248_536", "pdbset": null, "lrpepxh": -1.0, "finallr": 301.2446, "lrpepelmh": -1.0, "template": "2gjh:AB(0.51,0.60,83/106,8,2)", "viralprotein_id": 15897, "lrsm": 1.4802, "id": 28080226, "lrpepxv": -1.0, "lrredundpairs": -1.0, "humanprotein_id": 3727, "vphfpdID": "003019@5gjq_J.9"}, {"lrredund": 2.3254, "lrpepelmv": 72.805, "hphfpdID": "000003", "pdbset": null, "lrpepxh": -1.0, "finallr": 169.3006, "lrpepelmh": -1.0, "template": "", "viralprotein_id": 15897, "lrsm": -1.0, "id": 28080479, "lrpepxv": -1.0, "lrredundpairs": 1.1877, "humanprotein_id": 6857, "vphfpdID": "003019@1xwi_A.6"}, {"lrredund": 19.2898, "lrpepelmv": 5.4513, "hphfpdID": "004076.d108_222", "pdbset": null, "lrpepxh": -1.0, "finallr": 105.1537, "lrpepelmh": -1.0, "template": "4bt0:BA(0.42,0.57,27/57,21,21)", "viralprotein_id": 15897, "lrsm": 1.7387, "id": 28080620, "lrpepxv": -1.0, "lrredundpairs": -1.0, "humanprotein_id": 4894, "vphfpdID": "003019@1ixz_A.10"}, {"lrredund": 20.9141, "lrpepelmv": 72.805, "hphfpdID": "000007", "pdbset": null, "lrpepxh": -1.0, "finallr": 1522.65, "lrpepelmh": -1.0, "template": "", "viralprotein_id": 15897, "lrsm": -1.0, "id": 28081114, "lrpepxv": -1.0, "lrredundpairs": 1.373, "humanprotein_id": 6393, "vphfpdID": "003019@1xwi_A.6"}, {"lrredund": -1.0, "lrpepelmv": -1.0, "hphfpdID": "008628.d257_422", "pdbset": null, "lrpepxh": -1.0, "finallr": 116.6671, "lrpepelmh": -1.0, "template": "4kod:FA(0.23,0.16,60/146,45,51)", "viralprotein_id": 15897, "lrsm": 84.9724, "id": 28081383, "lrpepxv": -1.0, "lrredundpairs": 1.373, "humanprotein_id": 11890, "vphfpdID": "003019@5g4f_A.5"}, {"lrredund": -1.0, "lrpepelmv": -1.0, "hphfpdID": "016254.d467_652", "pdbset": null, "lrpepxh": -1.0, "finallr": 100.9217, "lrpepelmh": -1.0, "template": "4kod:EC(0.24,0.15,60/140,44,48)", "viralprotein_id": 15897, "lrsm": 84.9724, "id": 28081698, "lrpepxv": -1.0, "lrredundpairs": 1.1877, "humanprotein_id": 16059, "vphfpdID": "003019@5g4f_A.5"}, {"lrredund": 19.2898, "lrpepelmv": -1.0, "hphfpdID": "017281.d474_687", "pdbset": null, "lrpepxh": -1.0, "finallr": 9045.245, "lrpepelmh": -1.0, "template": "3cf0:HG(0.16,0.00,59/116,42,47)", "viralprotein_id": 15897, "lrsm": 468.9134, "id": 28081882, "lrpepxv": -1.0, "lrredundpairs": 0.7707, "humanprotein_id": 5906, "vphfpdID": "003019@5ftj_A.7"}, {"lrredund": 21.3884, "lrpepelmv": 6.3442, "hphfpdID": "001349.d2683_2962", "pdbset": null, "lrpepxh": -1.0, "finallr": 135.6925, "lrpepelmh": -1.0, "template": "", "viralprotein_id": 15897, "lrsm": -1.0, "id": 28082255, "lrpepxv": -1.0, "lrredundpairs": -1.0, "humanprotein_id": 7312, "vphfpdID": "003019@5gjq_J.9"}, {"lrredund": 4.2492, "lrpepelmv": -1.0, "hphfpdID": "008899", "pdbset": null, "lrpepxh": -1.0, "finallr": 149.4305, "lrpepelmh": -1.0, "template": "2qqe:BA(0.40,0.10,207/241,74,89)", "viralprotein_id": 15897, "lrsm": 35.1668, "id": 28083573, "lrpepxv": -1.0, "lrredundpairs": -1.0, "humanprotein_id": 2925, "vphfpdID": "003019@1xwi_A.6"}, {"lrredund": 4.2492, "lrpepelmv": 72.805, "hphfpdID": "000004", "pdbset": null, "lrpepxh": -1.0, "finallr": 309.3629, "lrpepelmh": -1.0, "template": "", "viralprotein_id": 15897, "lrsm": -1.0, "id": 28083709, "lrpepxv": -1.0, "lrredundpairs": -1.0, "humanprotein_id": 6298, "vphfpdID": "003019@5gjq_J.9"}, {"lrredund": 21.3884, "lrpepelmv": 72.805, "hphfpdID": "000002", "pdbset": null, "lrpepxh": -1.0, "finallr": 1557.181, "lrpepelmh": -1.0, "template": "1mab:AG(0.43,0.57,7/157,6,4)", "viralprotein_id": 15897, "lrsm": 1.02, "id": 28084614, "lrpepxv": -1.0, "lrredundpairs": 1.1877, "humanprotein_id": 6315, "vphfpdID": "003019@5gjq_H.1"}, {"lrredund": -1.0, "lrpepelmv": -1.0, "hphfpdID": "006177.d398_636", "pdbset": null, "lrpepxh": -1.0, "finallr": 100.9217, "lrpepelmh": -1.0, "template": "3cf0:NG(0.16,0.22,54/122,41,48)", "viralprotein_id": 15897, "lrsm": 84.9724, "id": 28084677, "lrpepxv": -1.0, "lrredundpairs": 1.1877, "humanprotein_id": 10115, "vphfpdID": "003019@5ftj_A.7"}, {"lrredund": 4.2492, "lrpepelmv": 32.9939, "hphfpdID": "017284.e489_542", "pdbset": null, "lrpepxh": -1.0, "finallr": 140.1976, "lrpepelmh": -1.0, "template": "1w1w:AE(0.48,0.44,53/110,25,27)", "viralprotein_id": 15897, "lrsm": 1.7387, "id": 28084748, "lrpepxv": -1.0, "lrredundpairs": -1.0, "humanprotein_id": 7960, "vphfpdID": "003019@5ftj_A.7"}, {"lrredund": 21.3884, "lrpepelmv": 14.0845, "hphfpdID": "016615", "pdbset": null, "lrpepxh": -1.0, "finallr": 301.2446, "lrpepelmh": -1.0, "template": "", "viralprotein_id": 15897, "lrsm": -1.0, "id": 28086052, "lrpepxv": -1.0, "lrredundpairs": -1.0, "humanprotein_id": 5095, "vphfpdID": "003019@5g4f_A.5"}, {"lrredund": 2.3254, "lrpepelmv": 72.805, "hphfpdID": "000005", "pdbset": null, "lrpepxh": -1.0, "finallr": 169.3006, "lrpepelmh": -1.0, "template": "2p5t:BA(0.47,0.32,10/140,3,0)", "viralprotein_id": 15897, "lrsm": 1.2142, "id": 28086406, "lrpepxv": -1.0, "lrredundpairs": 1.1877, "humanprotein_id": 4794, "vphfpdID": "003019@1xwi_A.6"}, {"lrredund": 21.3884, "lrpepelmv": -1.0, "hphfpdID": "013899.d218_608", "pdbset": null, "lrpepxh": -1.0, "finallr": 113.8494, "lrpepelmh": -1.0, "template": "2zod:AB(0.60,0.36,122/233,54,60)", "viralprotein_id": 15897, "lrsm": 5.323, "id": 28086696, "lrpepxv": -1.0, "lrredundpairs": -1.0, "humanprotein_id": 1240, "vphfpdID": "003019.d116_217@4ypn_A.1"}, {"lrredund": -1.0, "lrpepelmv": -1.0, "hphfpdID": "013716.d178_345", "pdbset": null, "lrpepxh": -1.0, "finallr": 116.6671, "lrpepelmh": -1.0, "template": "3cf0:DL(0.16,0.21,57/114,43,46)", "viralprotein_id": 15897, "lrsm": 84.9724, "id": 28087630, "lrpepxv": -1.0, "lrredundpairs": 1.373, "humanprotein_id": 4985, "vphfpdID": "003019@5ftj_A.7"}, {"lrredund": 20.9141, "lrpepelmv": 14.0845, "hphfpdID": "007144.e56_156", "pdbset": null, "lrpepxh": -1.0, "finallr": 294.5643, "lrpepelmh": -1.0, "template": "3hsh:CE(0.52,0.37,66/109,19,30)", "viralprotein_id": 15897, "lrsm": 1.5595, "id": 28087960, "lrpepxv": -1.0, "lrredundpairs": 1.373, "humanprotein_id": 6385, "vphfpdID": "003019@2ce7_A.8"}, {"lrredund": 4.2492, "lrpepelmv": 72.805, "hphfpdID": "000001", "pdbset": null, "lrpepxh": -1.0, "finallr": 309.3629, "lrpepelmh": -1.0, "template": "", "viralprotein_id": 15897, "lrsm": -1.0, "id": 28088475, "lrpepxv": -1.0, "lrredundpairs": -1.0, "humanprotein_id": 4793, "vphfpdID": "003019@5gjq_J.9"}, {"lrredund": 21.3884, "lrpepelmv": 6.3442, "hphfpdID": "001349.d2715_2964", "pdbset": null, "lrpepxh": -1.0, "finallr": 135.6925, "lrpepelmh": -1.0, "template": "1gl1:AI(0.49,0.55,61/93,13,0)", "viralprotein_id": 15898, "lrsm": 1.4802, "id": 34725695, "lrpepxv": 2.59, "lrredundpairs": -1.0, "humanprotein_id": 7312, "vphfpdID": "003020@4dcd_A.3"}, {"lrredund": 4.2492, "lrpepelmv": 72.805, "hphfpdID": "000004", "pdbset": null, "lrpepxh": -1.0, "finallr": 309.3629, "lrpepelmh": -1.0, "template": "1yit:SV(0.60,0.53,18/34,6,0)", "viralprotein_id": 15898, "lrsm": 1.1641, "id": 34725756, "lrpepxv": -1.0, "lrredundpairs": -1.0, "humanprotein_id": 6298, "vphfpdID": "003020@4dcd_A.3"}, {"lrredund": 20.9141, "lrpepelmv": -1.0, "hphfpdID": "006178.e559_615", "pdbset": null, "lrpepxh": -1.0, "finallr": 125.499, "lrpepelmh": -1.0, "template": "2rkz:FB(0.27,0.10,1/1,1,0)", "viralprotein_id": 15898, "lrsm": 6.0007, "id": 34726939, "lrpepxv": 3.84, "lrredundpairs": 0.7707, "humanprotein_id": 2856, "vphfpdID": "003020@2bhg_A.1"}, {"lrredund": 19.2898, "lrpepelmv": 14.0845, "hphfpdID": "016613.e122_316", "pdbset": null, "lrpepxh": -1.0, "finallr": 271.6869, "lrpepelmh": -1.0, "template": "2qex:SV(0.58,0.42,17/27,3,1)", "viralprotein_id": 15898, "lrsm": 1.2265, "id": 34727193, "lrpepxv": -1.0, "lrredundpairs": -1.0, "humanprotein_id": 5161, "vphfpdID": "003020@4dcd_A.3"}, {"lrredund": 4.2492, "lrpepelmv": -1.0, "hphfpdID": "019163", "pdbset": null, "lrpepxh": -1.0, "finallr": 178.2539, "lrpepelmh": -1.0, "template": "", "viralprotein_id": 15898, "lrsm": -1.0, "id": 34727464, "lrpepxv": 41.95, "lrredundpairs": -1.0, "humanprotein_id": 1208, "vphfpdID": "003020@2bhg_A.1"}, {"lrredund": 2.3254, "lrpepelmv": 72.805, "hphfpdID": "000003", "pdbset": null, "lrpepxh": -1.0, "finallr": 169.3006, "lrpepelmh": -1.0, "template": "", "viralprotein_id": 15898, "lrsm": -1.0, "id": 34729804, "lrpepxv": -1.0, "lrredundpairs": 1.1877, "humanprotein_id": 6857, "vphfpdID": "003020@2bhg_A.1"}, {"lrredund": 3.7695, "lrpepelmv": -1.0, "hphfpdID": "017423", "pdbset": null, "lrpepxh": -1.0, "finallr": 132.561, "lrpepelmh": -1.0, "template": "1cho:GF(0.38,0.15,282/344,43,47)", "viralprotein_id": 15898, "lrsm": 35.1668, "id": 34730549, "lrpepxv": -1.0, "lrredundpairs": 1.1877, "humanprotein_id": 2716, "vphfpdID": "003020@2bhg_A.1"}, {"lrredund": 21.3884, "lrpepelmv": 72.805, "hphfpdID": "000002", "pdbset": null, "lrpepxh": -1.0, "finallr": 1557.181, "lrpepelmh": -1.0, "template": "", "viralprotein_id": 15898, "lrsm": -1.0, "id": 34731544, "lrpepxv": 3.84, "lrredundpairs": 1.1877, "humanprotein_id": 6315, "vphfpdID": "003020@2bhg_A.1"}, {"lrredund": 19.2898, "lrpepelmv": 72.805, "hphfpdID": "000007", "pdbset": null, "lrpepxh": -1.0, "finallr": 1404.393, "lrpepelmh": -1.0, "template": "", "viralprotein_id": 15898, "lrsm": -1.0, "id": 34732926, "lrpepxv": -1.0, "lrredundpairs": 1.1877, "humanprotein_id": 6393, "vphfpdID": "003020@2bhg_A.1"}, {"lrredund": 21.3884, "lrpepelmv": -1.0, "hphfpdID": "013899.d444_603", "pdbset": null, "lrpepxh": -1.0, "finallr": 107.5723, "lrpepelmh": -1.0, "template": "2lk6:AB(0.55,0.44,133/154,20,24)", "viralprotein_id": 15898, "lrsm": 5.0295, "id": 34733511, "lrpepxv": -1.0, "lrredundpairs": -1.0, "humanprotein_id": 1240, "vphfpdID": "003020@4dcd_A.3"}, {"lrredund": -1.0, "lrpepelmv": -1.0, "hphfpdID": "004087.e32_263", "pdbset": null, "lrpepxh": -1.0, "finallr": 104.2902, "lrpepelmh": -1.0, "template": "1cho:GF(0.38,0.01,289/344,71,85)", "viralprotein_id": 15898, "lrsm": 87.8085, "id": 34733851, "lrpepxv": -1.0, "lrredundpairs": 1.1877, "humanprotein_id": 4019, "vphfpdID": "003020@2bhg_A.1"}, {"lrredund": 19.2898, "lrpepelmv": 72.805, "hphfpdID": "000006", "pdbset": null, "lrpepxh": -1.0, "finallr": 1404.393, "lrpepelmh": -1.0, "template": "", "viralprotein_id": 15898, "lrsm": -1.0, "id": 34734113, "lrpepxv": -1.0, "lrredundpairs": 1.1877, "humanprotein_id": 4514, "vphfpdID": "003020@2bhg_A.1"}, {"lrredund": -1.0, "lrpepelmv": -1.0, "hphfpdID": "004088.e32_263", "pdbset": null, "lrpepxh": -1.0, "finallr": 104.2902, "lrpepelmh": -1.0, "template": "1cho:GF(0.38,0.01,289/344,71,85)", "viralprotein_id": 15898, "lrsm": 87.8085, "id": 34735022, "lrpepxv": -1.0, "lrredundpairs": 1.1877, "humanprotein_id": 9745, "vphfpdID": "003020@2bhg_A.1"}, {"lrredund": 3.8142, "lrpepelmv": 72.805, "hphfpdID": "000001", "pdbset": null, "lrpepxh": -1.0, "finallr": 277.6927, "lrpepelmh": -1.0, "template": "", "viralprotein_id": 15898, "lrsm": -1.0, "id": 34735322, "lrpepxv": -1.0, "lrredundpairs": 1.1877, "humanprotein_id": 4793, "vphfpdID": "003020@2bhg_A.1"}, {"lrredund": 15.8699, "lrpepelmv": 14.0845, "hphfpdID": "016615.d83_292", "pdbset": null, "lrpepxh": -1.0, "finallr": 223.5194, "lrpepelmh": -1.0, "template": "2qex:SV(0.58,0.42,17/27,9,1)", "viralprotein_id": 15898, "lrsm": 1.2265, "id": 34736894, "lrpepxv": -1.0, "lrredundpairs": -1.0, "humanprotein_id": 5095, "vphfpdID": "003020@4dcd_A.3"}, {"lrredund": 19.2898, "lrpepelmv": -1.0, "hphfpdID": "005354.e1664_1728", "pdbset": null, "lrpepxh": -1.0, "finallr": 106.0689, "lrpepelmh": -1.0, "template": "1l1n:BA(0.04,0.35,37/58,15,21)", "viralprotein_id": 15898, "lrsm": 5.4987, "id": 34737635, "lrpepxv": 2.59, "lrredundpairs": -1.0, "humanprotein_id": 7033, "vphfpdID": "003020@4dcd_A.3"}, {"lrredund": 2.3254, "lrpepelmv": 72.805, "hphfpdID": "000005", "pdbset": null, "lrpepxh": -1.0, "finallr": 169.3006, "lrpepelmh": -1.0, "template": "", "viralprotein_id": 15898, "lrsm": -1.0, "id": 34738432, "lrpepxv": -1.0, "lrredundpairs": 1.1877, "humanprotein_id": 4794, "vphfpdID": "003020@2bhg_A.1"}, {"lrredund": 20.9141, "lrpepelmv": -1.0, "hphfpdID": "000172.e295_362", "pdbset": null, "lrpepxh": -1.0, "finallr": 113.7978, "lrpepelmh": -1.0, "template": "2ftm:AB(0.39,0.36,104/155,41,57)", "viralprotein_id": 15898, "lrsm": 5.4412, "id": 34739731, "lrpepxv": -1.0, "lrredundpairs": -1.0, "humanprotein_id": 2981, "vphfpdID": "003020@4dcd_A.3"}, {"lrredund": 4.2492, "lrpepelmv": -1.0, "hphfpdID": "004140", "pdbset": null, "lrpepxh": -1.0, "finallr": 178.2539, "lrpepelmh": -1.0, "template": "", "viralprotein_id": 15898, "lrsm": -1.0, "id": 34739993, "lrpepxv": 41.95, "lrredundpairs": -1.0, "humanprotein_id": 7448, "vphfpdID": "003020@2bhg_A.1"}, {"lrredund": 15.8699, "lrpepelmv": 14.0845, "hphfpdID": "016466.e85_146", "pdbset": null, "lrpepxh": -1.0, "finallr": 223.5194, "lrpepelmh": -1.0, "template": "2lk6:BA(0.56,0.51,127/154,23,19)", "viralprotein_id": 15898, "lrsm": 3.2502, "id": 34740199, "lrpepxv": 3.66, "lrredundpairs": 1.1877, "humanprotein_id": 3727, "vphfpdID": "003020@2bhg_A.1"}, {"lrredund": 20.9141, "lrpepelmv": 14.0845, "hphfpdID": "007144.e151_217", "pdbset": null, "lrpepxh": -1.0, "finallr": 294.5643, "lrpepelmh": -1.0, "template": "2lk6:BA(0.56,0.46,128/154,22,15)", "viralprotein_id": 15898, "lrsm": 3.2502, "id": 34740752, "lrpepxv": 3.66, "lrredundpairs": 0.7707, "humanprotein_id": 6385, "vphfpdID": "003020@2bhg_A.1"}, {"lrredund": 15.8699, "lrpepelmv": -1.0, "hphfpdID": "002626.e1_127", "pdbset": null, "lrpepxh": -1.0, "finallr": 171.2972, "lrpepelmh": -1.0, "template": "2qhl:AD(0.57,0.34,59/150,43,55)", "viralprotein_id": 15899, "lrsm": 10.7938, "id": 28752379, "lrpepxv": -1.0, "lrredundpairs": -1.0, "humanprotein_id": 2804, "vphfpdID": "003021.e65_230@1tmf_3.3"}, {"lrredund": 21.3884, "lrpepelmv": 9.677, "hphfpdID": "001751.e1_73", "pdbset": null, "lrpepxh": -1.0, "finallr": 206.9754, "lrpepelmh": -1.0, "template": "2hwb:31(0.12,0.56,52/563,25,13)", "viralprotein_id": 15899, "lrsm": 1.8531, "id": 28752454, "lrpepxv": -1.0, "lrredundpairs": -1.0, "humanprotein_id": 5041, "vphfpdID": "003021@5cfd_B.5"}, {"lrredund": 19.2898, "lrpepelmv": -1.0, "hphfpdID": "011519.e1_119", "pdbset": null, "lrpepxh": -1.0, "finallr": 435.1875, "lrpepelmh": -1.0, "template": "1xb9:GH(0.59,0.03,60/117,41,53)", "viralprotein_id": 15899, "lrsm": 22.5605, "id": 28752982, "lrpepxv": -1.0, "lrredundpairs": -1.0, "humanprotein_id": 3074, "vphfpdID": "003021.e65_230@1tmf_3.3"}, {"lrredund": 15.8699, "lrpepelmv": 14.0438, "hphfpdID": "016615", "pdbset": null, "lrpepxh": -1.0, "finallr": 222.8737, "lrpepelmh": -1.0, "template": "1z7z:3I(0.07,0.43,20/20,16,20)", "viralprotein_id": 15899, "lrsm": 2.4032, "id": 28754510, "lrpepxv": -1.0, "lrredundpairs": -1.0, "humanprotein_id": 5095, "vphfpdID": "003021.e65_230@1tmf_3.3"}, {"lrredund": 19.2898, "lrpepelmv": -1.0, "hphfpdID": "018800.e400_510", "pdbset": null, "lrpepxh": -1.0, "finallr": 197.8178, "lrpepelmh": -1.0, "template": "2oxh:BA(0.55,0.27,109/132,41,55)", "viralprotein_id": 15899, "lrsm": 10.255, "id": 28755371, "lrpepxv": -1.0, "lrredundpairs": 0.7707, "humanprotein_id": 4109, "vphfpdID": "003021.d65_191@2mev_3.1"}, {"lrredund": 19.2898, "lrpepelmv": -1.0, "hphfpdID": "016730", "pdbset": null, "lrpepxh": -1.0, "finallr": 163.8705, "lrpepelmh": -1.0, "template": "2lk6:BA(0.41,0.53,127/154,41,84)", "viralprotein_id": 15899, "lrsm": 8.4952, "id": 28755404, "lrpepxv": -1.0, "lrredundpairs": -1.0, "humanprotein_id": 6290, "vphfpdID": "003021.d65_191@2xbo_3.5"}, {"lrredund": 20.9141, "lrpepelmv": -1.0, "hphfpdID": "006178.e689_810", "pdbset": null, "lrpepxh": -1.0, "finallr": 287.0448, "lrpepelmh": -1.0, "template": "4cdw:CA(0.09,0.48,762/3588,42,108)", "viralprotein_id": 15899, "lrsm": 13.7249, "id": 28755425, "lrpepxv": -1.0, "lrredundpairs": -1.0, "humanprotein_id": 2856, "vphfpdID": "003021@1mec_3.1"}, {"lrredund": 21.3884, "lrpepelmv": -1.0, "hphfpdID": "013899.d444_603", "pdbset": null, "lrpepxh": -1.0, "finallr": 107.5723, "lrpepelmh": -1.0, "template": "2lk6:AB(0.56,0.44,127/154,20,19)", "viralprotein_id": 15899, "lrsm": 5.0295, "id": 28755442, "lrpepxv": -1.0, "lrredundpairs": -1.0, "humanprotein_id": 1240, "vphfpdID": "003021.e65_230@1mec_3.1"}, {"lrredund": 20.9141, "lrpepelmv": -1.0, "hphfpdID": "000172.d132_188", "pdbset": null, "lrpepxh": -1.0, "finallr": 190.294, "lrpepelmh": -1.0, "template": "4cdw:CB(0.12,0.56,288/1864,41,172)", "viralprotein_id": 15899, "lrsm": 9.0988, "id": 28755570, "lrpepxv": -1.0, "lrredundpairs": -1.0, "humanprotein_id": 2981, "vphfpdID": "003021@1tmf_3.3"}, {"lrredund": 3.7695, "lrpepelmv": 2.9828, "hphfpdID": "017499.e5879_5973", "pdbset": null, "lrpepxh": -1.0, "finallr": 114.3823, "lrpepelmh": -1.0, "template": "1z7z:3I(0.05,0.14,14/20,9,4)", "viralprotein_id": 15899, "lrsm": 30.3442, "id": 28756610, "lrpepxv": -1.0, "lrredundpairs": -1.0, "humanprotein_id": 13935, "vphfpdID": "003021.d65_191@1mec_3.2"}, {"lrredund": -1.0, "lrpepelmv": -1.0, "hphfpdID": "004306", "pdbset": null, "lrpepxh": -1.0, "finallr": 260.2086, "lrpepelmh": -1.0, "template": "3iyp:BF(0.09,0.00,50/59,23,13)", "viralprotein_id": 15899, "lrsm": 260.2086, "id": 28757058, "lrpepxv": -1.0, "lrredundpairs": -1.0, "humanprotein_id": 3167, "vphfpdID": "003021@3cji_B.6"}, {"lrredund": 2.3254, "lrpepelmv": -1.0, "hphfpdID": "007927", "pdbset": null, "lrpepxh": -1.0, "finallr": 302.6975, "lrpepelmh": -1.0, "template": "1z7z:3I(0.10,0.00,20/20,15,13)", "viralprotein_id": 15899, "lrsm": 130.17, "id": 28758170, "lrpepxv": -1.0, "lrredundpairs": 0.7707, "humanprotein_id": 3016, "vphfpdID": "003021.e65_230@2mev_3.2"}, {"lrredund": 3.124, "lrpepelmv": -1.0, "hphfpdID": "006208.e2514_2647", "pdbset": null, "lrpepxh": -1.0, "finallr": 143.6297, "lrpepelmh": -1.0, "template": "3cnk:BA(0.34,0.00,95/100,42,42)", "viralprotein_id": 15899, "lrsm": 45.9762, "id": 28758418, "lrpepxv": -1.0, "lrredundpairs": -1.0, "humanprotein_id": 4231, "vphfpdID": "003021.e65_230@5cfd_B.5"}, {"lrredund": 19.2898, "lrpepelmv": -1.0, "hphfpdID": "007197.d147_245", "pdbset": null, "lrpepxh": -1.0, "finallr": 197.8178, "lrpepelmh": -1.0, "template": "1qaw:DC(0.43,0.49,87/108,41,56)", "viralprotein_id": 15899, "lrsm": 10.255, "id": 28758688, "lrpepxv": -1.0, "lrredundpairs": -1.0, "humanprotein_id": 3620, "vphfpdID": "003021.e65_230@2wff_3.7"}, {"lrredund": 20.9141, "lrpepelmv": 16.792, "hphfpdID": "007144.d1_56", "pdbset": null, "lrpepxh": -1.0, "finallr": 351.1903, "lrpepelmh": -1.0, "template": "1na1:CB(0.08,0.50,273/1559,56,116)", "viralprotein_id": 15899, "lrsm": 13.7249, "id": 28759413, "lrpepxv": -1.0, "lrredundpairs": -1.0, "humanprotein_id": 6385, "vphfpdID": "003021.e65_230@1mec_3.1"}, {"lrredund": 21.3884, "lrpepelmv": -1.0, "hphfpdID": "001452", "pdbset": null, "lrpepxh": -1.0, "finallr": 149.2837, "lrpepelmh": -1.0, "template": "3qfd:AB(0.37,0.02,50/133,23,15)", "viralprotein_id": 15899, "lrsm": 6.9797, "id": 28759948, "lrpepxv": -1.0, "lrredundpairs": -1.0, "humanprotein_id": 6282, "vphfpdID": "003021.d65_191@1mec_3.2"}, {"lrredund": 21.3884, "lrpepelmv": -1.0, "hphfpdID": "009491.e318_418", "pdbset": null, "lrpepxh": -1.0, "finallr": 230.863, "lrpepelmh": -1.0, "template": "3b83:HC(0.57,0.38,58/149,41,46)", "viralprotein_id": 15899, "lrsm": 10.7938, "id": 28760397, "lrpepxv": -1.0, "lrredundpairs": -1.0, "humanprotein_id": 12198, "vphfpdID": "003021.d65_191@3cji_B.6"}, {"lrredund": 21.3884, "lrpepelmv": 14.0438, "hphfpdID": "016613.e316_567", "pdbset": null, "lrpepxh": -1.0, "finallr": 300.3744, "lrpepelmh": -1.0, "template": "2bx5:IH(0.60,0.55,50/62,22,24)", "viralprotein_id": 15899, "lrsm": 2.5395, "id": 28761517, "lrpepxv": -1.0, "lrredundpairs": -1.0, "humanprotein_id": 5161, "vphfpdID": "003021.d65_191@5cfd_B.3"}, {"lrredund": 21.3884, "lrpepelmv": 6.3442, "hphfpdID": "001349.d2715_2964", "pdbset": null, "lrpepxh": -1.0, "finallr": 135.6925, "lrpepelmh": -1.0, "template": "2idh:BD(0.47,0.44,12/29,6,0)", "viralprotein_id": 15899, "lrsm": 1.2265, "id": 28762178, "lrpepxv": -1.0, "lrredundpairs": -1.0, "humanprotein_id": 7312, "vphfpdID": "003021.d65_191@5cfd_B.3"}, {"lrredund": 21.3884, "lrpepelmv": 2.8446, "hphfpdID": "001509.e1_53", "pdbset": null, "lrpepxh": -1.0, "finallr": 146.3215, "lrpepelmh": -1.0, "template": "2r07:31(0.11,0.43,72/564,42,64)", "viralprotein_id": 15899, "lrsm": 6.8412, "id": 28763517, "lrpepxv": -1.0, "lrredundpairs": -1.0, "humanprotein_id": 2598, "vphfpdID": "003021@1tmf_3.3"}, {"lrredund": 0.9127, "lrpepelmv": -1.0, "hphfpdID": "007930", "pdbset": null, "lrpepxh": -1.0, "finallr": 118.8062, "lrpepelmh": -1.0, "template": "1z7z:3I(0.05,0.05,17/20,8,3)", "viralprotein_id": 15899, "lrsm": 130.17, "id": 28763891, "lrpepxv": -1.0, "lrredundpairs": 0.7707, "humanprotein_id": 7732, "vphfpdID": "003021.e65_230@3cji_B.6"}, {"lrredund": 19.2898, "lrpepelmv": 2.9828, "hphfpdID": "003962.d92_178", "pdbset": null, "lrpepxh": -1.0, "finallr": 134.6362, "lrpepelmh": -1.0, "template": "1mqt:CD(0.12,0.26,27/101,24,27)", "viralprotein_id": 15899, "lrsm": 6.9797, "id": 28763897, "lrpepxv": -1.0, "lrredundpairs": -1.0, "humanprotein_id": 6447, "vphfpdID": "003021@2mev_3.2"}, {"lrredund": 21.3884, "lrpepelmv": -1.0, "hphfpdID": "005354.e1664_1728", "pdbset": null, "lrpepxh": -1.0, "finallr": 194.6095, "lrpepelmh": -1.0, "template": "4cey:CA(0.12,0.57,462/3570,41,330)", "viralprotein_id": 15899, "lrsm": 9.0988, "id": 28764106, "lrpepxv": -1.0, "lrredundpairs": -1.0, "humanprotein_id": 7033, "vphfpdID": "003021@5cfd_B.5"}, {"lrredund": 21.3884, "lrpepelmv": -1.0, "hphfpdID": "009492.e220_326", "pdbset": null, "lrpepxh": -1.0, "finallr": 405.3783, "lrpepelmh": -1.0, "template": "3b83:HC(0.57,0.30,60/149,42,38)", "viralprotein_id": 15899, "lrsm": 18.9532, "id": 28764306, "lrpepxv": -1.0, "lrredundpairs": 0.7707, "humanprotein_id": 13229, "vphfpdID": "003021.d65_191@3cji_B.6"}, {"lrredund": 19.2898, "lrpepelmv": 16.792, "hphfpdID": "016466.e85_146", "pdbset": null, "lrpepxh": -1.0, "finallr": 323.915, "lrpepelmh": -1.0, "template": "2mev:31(0.03,0.57,90/549,47,66)", "viralprotein_id": 15899, "lrsm": 6.8412, "id": 28765485, "lrpepxv": -1.0, "lrredundpairs": -1.0, "humanprotein_id": 3727, "vphfpdID": "003021@1mec_3.1"}, {"lrredund": 21.3884, "lrpepelmv": 16.792, "hphfpdID": "001060.e180_274", "pdbset": null, "lrpepxh": -1.0, "finallr": 359.1548, "lrpepelmh": -1.0, "template": "2lk6:BA(0.59,0.33,142/154,38,64)", "viralprotein_id": 15899, "lrsm": 3.4243, "id": 28765553, "lrpepxv": -1.0, "lrredundpairs": -1.0, "humanprotein_id": 17652, "vphfpdID": "003021.d65_191@1tme_3.8"}, {"lrredund": 21.3884, "lrpepelmv": -1.0, "hphfpdID": "005158.d818_927", "pdbset": null, "lrpepxh": -1.0, "finallr": 117.6084, "lrpepelmh": -1.0, "template": "1rqq:DA(0.33,0.03,14/19,8,2)", "viralprotein_id": 15900, "lrsm": 5.4987, "id": 95177675, "lrpepxv": -1.0, "lrredundpairs": -1.0, "humanprotein_id": 2711, "vphfpdID": "003022.e134_298@4gb3_1.1"}, {"lrredund": 21.3884, "lrpepelmv": 65.3909, "hphfpdID": "000006", "pdbset": null, "lrpepxh": -1.0, "finallr": 1398.606, "lrpepelmh": -1.0, "template": "2lxc:AB(0.60,0.54,27/46,6,1)", "viralprotein_id": 15900, "lrsm": 1.1641, "id": 95178553, "lrpepxv": -1.0, "lrredundpairs": -1.0, "humanprotein_id": 4514, "vphfpdID": "003022.e134_298@2mev_1.5"}, {"lrredund": 21.3884, "lrpepelmv": 15.8041, "hphfpdID": "016613.e557_714", "pdbset": null, "lrpepxh": -1.0, "finallr": 338.0243, "lrpepelmh": -1.0, "template": "2i45:IJ(0.47,0.41,43/86,22,20)", "viralprotein_id": 15900, "lrsm": 1.7387, "id": 95179861, "lrpepxv": -1.0, "lrredundpairs": -1.0, "humanprotein_id": 5161, "vphfpdID": "003022.e134_298@2mev_1.5"}, {"lrredund": 19.2898, "lrpepelmv": -1.0, "hphfpdID": "016730", "pdbset": null, "lrpepxh": -1.0, "finallr": 155.539, "lrpepelmh": -1.0, "template": "2lk6:BA(0.49,0.53,136/154,41,79)", "viralprotein_id": 15900, "lrsm": 8.0633, "id": 95179942, "lrpepxv": -1.0, "lrredundpairs": -1.0, "humanprotein_id": 6290, "vphfpdID": "003022@1tmf_1.1"}, {"lrredund": 4.2492, "lrpepelmv": 65.3909, "hphfpdID": "000001", "pdbset": null, "lrpepxh": -1.0, "finallr": 277.8589, "lrpepelmh": -1.0, "template": "1p7g:HE(0.57,0.60,41/305,22,17)", "viralprotein_id": 15900, "lrsm": 1.4777, "id": 95180320, "lrpepxv": -1.0, "lrredundpairs": -1.0, "humanprotein_id": 4793, "vphfpdID": "003022.e134_298@2mev_1.5"}, {"lrredund": 21.3884, "lrpepelmv": -1.0, "hphfpdID": "013899.d444_603", "pdbset": null, "lrpepxh": -1.0, "finallr": 102.3562, "lrpepelmh": -1.0, "template": "2lk6:AB(0.53,0.44,123/154,19,18)", "viralprotein_id": 15900, "lrsm": 4.7856, "id": 95180491, "lrpepxv": -1.0, "lrredundpairs": -1.0, "humanprotein_id": 1240, "vphfpdID": "003022.e134_298@2mev_1.5"}, {"lrredund": 21.3884, "lrpepelmv": 9.677, "hphfpdID": "001751.e1_73", "pdbset": null, "lrpepxh": -1.0, "finallr": 206.9754, "lrpepelmh": -1.0, "template": "2bay:ED(0.57,0.14,11/12,2,0)", "viralprotein_id": 15900, "lrsm": 1.5932, "id": 95180946, "lrpepxv": -1.0, "lrredundpairs": -1.0, "humanprotein_id": 5041, "vphfpdID": "003022.e134_298@2mev_1.5"}, {"lrredund": 2.3254, "lrpepelmv": 65.3909, "hphfpdID": "000005", "pdbset": null, "lrpepxh": -1.0, "finallr": 152.0599, "lrpepelmh": -1.0, "template": "2lxc:AB(0.60,0.56,27/46,5,0)", "viralprotein_id": 15900, "lrsm": 1.1641, "id": 95181529, "lrpepxv": -1.0, "lrredundpairs": -1.0, "humanprotein_id": 4794, "vphfpdID": "003022.e134_298@2mev_1.5"}, {"lrredund": 21.3884, "lrpepelmv": -1.0, "hphfpdID": "004076", "pdbset": null, "lrpepxh": -1.0, "finallr": 116.3786, "lrpepelmh": -1.0, "template": "1i7x:DC(0.54,0.08,107/230,47,43)", "viralprotein_id": 15900, "lrsm": 5.4412, "id": 95181998, "lrpepxv": -1.0, "lrredundpairs": -1.0, "humanprotein_id": 4894, "vphfpdID": "003022.e134_298@1d4m_1.2"}, {"lrredund": 21.3884, "lrpepelmv": 15.8041, "hphfpdID": "016615.e320_574", "pdbset": null, "lrpepxh": -1.0, "finallr": 338.0243, "lrpepelmh": -1.0, "template": "1klf:BA(0.51,0.49,63/190,13,3)", "viralprotein_id": 15900, "lrsm": 1.6221, "id": 95182134, "lrpepxv": -1.0, "lrredundpairs": -1.0, "humanprotein_id": 5095, "vphfpdID": "003022.e134_298@3cji_A.7"}, {"lrredund": 21.3884, "lrpepelmv": 65.3909, "hphfpdID": "000002", "pdbset": null, "lrpepxh": -1.0, "finallr": 1398.606, "lrpepelmh": -1.0, "template": "", "viralprotein_id": 15900, "lrsm": -1.0, "id": 95182772, "lrpepxv": -1.0, "lrredundpairs": -1.0, "humanprotein_id": 6315, "vphfpdID": "003022@1mec_1.5"}, {"lrredund": 21.3884, "lrpepelmv": -1.0, "hphfpdID": "007197.d147_245", "pdbset": null, "lrpepxh": -1.0, "finallr": 208.1873, "lrpepelmh": -1.0, "template": "1qaw:DC(0.54,0.49,87/108,42,55)", "viralprotein_id": 15900, "lrsm": 9.7337, "id": 95183216, "lrpepxv": -1.0, "lrredundpairs": -1.0, "humanprotein_id": 3620, "vphfpdID": "003022.e134_298@1hxs_1.4"}, {"lrredund": 19.2898, "lrpepelmv": 15.8041, "hphfpdID": "007144.d1_56", "pdbset": null, "lrpepxh": -1.0, "finallr": 304.8578, "lrpepelmh": -1.0, "template": "1na1:CB(0.58,0.50,264/1559,48,113)", "viralprotein_id": 15900, "lrsm": 7.2553, "id": 95183290, "lrpepxv": -1.0, "lrredundpairs": -1.0, "humanprotein_id": 6385, "vphfpdID": "003022@1tmf_1.1"}, {"lrredund": 20.9141, "lrpepelmv": -1.0, "hphfpdID": "006178.e603_726", "pdbset": null, "lrpepxh": -1.0, "finallr": 203.5706, "lrpepelmh": -1.0, "template": "1utd:LM(0.57,0.53,99/123,42,60)", "viralprotein_id": 15900, "lrsm": 9.7337, "id": 95185507, "lrpepxv": -1.0, "lrredundpairs": -1.0, "humanprotein_id": 2856, "vphfpdID": "003022.e134_298@1hxs_1.4"}, {"lrredund": 3.8142, "lrpepelmv": 65.3909, "hphfpdID": "000004", "pdbset": null, "lrpepxh": -1.0, "finallr": 249.4138, "lrpepelmh": -1.0, "template": "", "viralprotein_id": 15900, "lrsm": -1.0, "id": 95186272, "lrpepxv": -1.0, "lrredundpairs": -1.0, "humanprotein_id": 6298, "vphfpdID": "003022@1tmf_1.1"}, {"lrredund": 19.2898, "lrpepelmv": 65.3909, "hphfpdID": "000007", "pdbset": null, "lrpepxh": -1.0, "finallr": 1261.376, "lrpepelmh": -1.0, "template": "2j9u:DC(0.51,0.50,23/53,8,2)", "viralprotein_id": 15900, "lrsm": 1.1641, "id": 95186634, "lrpepxv": -1.0, "lrredundpairs": -1.0, "humanprotein_id": 6393, "vphfpdID": "003022@1tmf_1.1"}, {"lrredund": 21.3884, "lrpepelmv": -1.0, "hphfpdID": "009031", "pdbset": null, "lrpepxh": -1.0, "finallr": 149.2837, "lrpepelmh": -1.0, "template": "3e0v:DB(0.18,0.12,37/122,22,33)", "viralprotein_id": 15900, "lrsm": 6.9797, "id": 95186745, "lrpepxv": -1.0, "lrredundpairs": -1.0, "humanprotein_id": 3826, "vphfpdID": "003022.e134_298@4wm8_A.6"}, {"lrredund": 21.3884, "lrpepelmv": -1.0, "hphfpdID": "005209", "pdbset": null, "lrpepxh": -1.0, "finallr": 102.103, "lrpepelmh": -1.0, "template": "2lk6:BA(0.53,0.59,137/154,18,22)", "viralprotein_id": 15900, "lrsm": 4.7738, "id": 95187016, "lrpepxv": -1.0, "lrredundpairs": -1.0, "humanprotein_id": 8007, "vphfpdID": "003022.e134_298@3cji_A.7"}, {"lrredund": 2.0764, "lrpepelmv": 65.3909, "hphfpdID": "000003", "pdbset": null, "lrpepxh": -1.0, "finallr": 135.7776, "lrpepelmh": -1.0, "template": "", "viralprotein_id": 15900, "lrsm": -1.0, "id": 95188380, "lrpepxv": -1.0, "lrredundpairs": -1.0, "humanprotein_id": 6857, "vphfpdID": "003022@1tme_1.2"}, {"lrredund": 2.3254, "lrpepelmv": -1.0, "hphfpdID": "007927", "pdbset": null, "lrpepxh": -1.0, "finallr": 100.0323, "lrpepelmh": -1.0, "template": "1z7z:1I(0.18,0.00,45/65,29,38)", "viralprotein_id": 15900, "lrsm": 43.0172, "id": 95188461, "lrpepxv": -1.0, "lrredundpairs": -1.0, "humanprotein_id": 3016, "vphfpdID": "003022.e134_298@4gb3_1.1"}, {"lrredund": 21.3884, "lrpepelmv": 15.8041, "hphfpdID": "016466.e85_146", "pdbset": null, "lrpepxh": -1.0, "finallr": 338.0243, "lrpepelmh": -1.0, "template": "3zzq:CB(0.48,0.52,45/98,22,18)", "viralprotein_id": 15900, "lrsm": 1.7387, "id": 95188715, "lrpepxv": -1.0, "lrredundpairs": -1.0, "humanprotein_id": 3727, "vphfpdID": "003022@1mec_1.5"}, {"lrredund": 21.3884, "lrpepelmv": -1.0, "hphfpdID": "011519.e1_119", "pdbset": null, "lrpepxh": -1.0, "finallr": 727.8665, "lrpepelmh": -1.0, "template": "1xb9:DE(0.55,0.03,60/115,41,50)", "viralprotein_id": 15900, "lrsm": 34.0309, "id": 95188878, "lrpepxv": -1.0, "lrredundpairs": -1.0, "humanprotein_id": 3074, "vphfpdID": "003022.e134_298@1hxs_1.4"}, {"lrredund": 21.3884, "lrpepelmv": -1.0, "hphfpdID": "001452", "pdbset": null, "lrpepxh": -1.0, "finallr": 149.2837, "lrpepelmh": -1.0, "template": "1qsf:AB(0.29,0.02,25/131,21,18)", "viralprotein_id": 15900, "lrsm": 6.9797, "id": 95189512, "lrpepxv": -1.0, "lrredundpairs": -1.0, "humanprotein_id": 6282, "vphfpdID": "003022.e134_298@4wm8_A.6"}, {"lrredund": 21.3884, "lrpepelmv": -1.0, "hphfpdID": "002626.e1_127", "pdbset": null, "lrpepxh": -1.0, "finallr": 166.727, "lrpepelmh": -1.0, "template": "1z7z:1I(0.18,0.19,39/65,21,22)", "viralprotein_id": 15900, "lrsm": 7.7952, "id": 95189887, "lrpepxv": -1.0, "lrredundpairs": -1.0, "humanprotein_id": 2804, "vphfpdID": "003022.e134_298@4gb3_1.1"}, {"lrredund": 3.5815, "lrpepelmv": 32.9939, "hphfpdID": "017284", "pdbset": null, "lrpepxh": -1.0, "finallr": 118.1675, "lrpepelmh": -1.0, "template": "", "viralprotein_id": 15900, "lrsm": -1.0, "id": 95191181, "lrpepxv": -1.0, "lrredundpairs": -1.0, "humanprotein_id": 7960, "vphfpdID": "003022@1tmf_1.1"}, {"lrredund": 21.3884, "lrpepelmv": -1.0, "hphfpdID": "018800.e503_596", "pdbset": null, "lrpepxh": -1.0, "finallr": 166.727, "lrpepelmh": -1.0, "template": "1z7z:1I(0.19,0.19,46/65,24,27)", "viralprotein_id": 15900, "lrsm": 7.7952, "id": 95191918, "lrpepxv": -1.0, "lrredundpairs": -1.0, "humanprotein_id": 4109, "vphfpdID": "003022.e134_298@1hxs_1.4"}]