[{"lrredund": 20.9141, "lrpepelmv": 15.8041, "hphfpdID": "016613.e316_567", "pdbset": null, "lrpepxh": -1.0, "finallr": 330.5284, "lrpepelmh": -1.0, "template": "2idh:BA(0.29,0.56,42/45,9,1)", "viralprotein_id": 13278, "lrsm": 1.3385, "id": 6871950, "lrpepxv": -1.0, "lrredundpairs": -1.0, "humanprotein_id": 5161, "vphfpdID": "001035"}, {"lrredund": 19.2898, "lrpepelmv": -1.0, "hphfpdID": "001509.e1_53", "pdbset": null, "lrpepxh": -1.0, "finallr": 115.7521, "lrpepelmh": -1.0, "template": "2idh:BA(0.29,0.06,42/45,20,21)", "viralprotein_id": 13278, "lrsm": 6.0007, "id": 6872439, "lrpepxv": -1.0, "lrredundpairs": 1.5513, "humanprotein_id": 2598, "vphfpdID": "001035"}, {"lrredund": 20.9141, "lrpepelmv": 15.8041, "hphfpdID": "016615", "pdbset": null, "lrpepxh": -1.0, "finallr": 330.5284, "lrpepelmh": -1.0, "template": "", "viralprotein_id": 13278, "lrsm": -1.0, "id": 6873938, "lrpepxv": -1.0, "lrredundpairs": -1.0, "humanprotein_id": 5095, "vphfpdID": "001035"}, {"lrredund": 20.9141, "lrpepelmv": 15.8041, "hphfpdID": "016466.e142_262", "pdbset": null, "lrpepxh": -1.0, "finallr": 330.5284, "lrpepelmh": -1.0, "template": "", "viralprotein_id": 13278, "lrsm": -1.0, "id": 6876671, "lrpepxv": -1.0, "lrredundpairs": 2.4183, "humanprotein_id": 3727, "vphfpdID": "001035"}, {"lrredund": 20.9141, "lrpepelmv": 15.8041, "hphfpdID": "007144", "pdbset": null, "lrpepxh": -1.0, "finallr": 330.5284, "lrpepelmh": -1.0, "template": "1npp:DC(0.24,0.14,1/61,2,1)", "viralprotein_id": 13278, "lrsm": 4.5731, "id": 6878612, "lrpepxv": -1.0, "lrredundpairs": 1.774, "humanprotein_id": 6385, "vphfpdID": "001035"}, {"lrredund": 20.9141, "lrpepelmv": 9.677, "hphfpdID": "001751.e1650_1757", "pdbset": null, "lrpepxh": -1.0, "finallr": 202.3856, "lrpepelmh": -1.0, "template": "", "viralprotein_id": 13278, "lrsm": -1.0, "id": 6880058, "lrpepxv": -1.0, "lrredundpairs": 0.7707, "humanprotein_id": 5041, "vphfpdID": "001035"}, {"lrredund": 3.124, "lrpepelmv": 50.5585, "hphfpdID": "014178.d112_237", "pdbset": null, "lrpepxh": -1.0, "finallr": 157.9448, "lrpepelmh": -1.0, "template": "2yfv:CA(0.16,0.22,1/74,0,0)", "viralprotein_id": 13280, "lrsm": 4.5731, "id": 93914276, "lrpepxv": -1.0, "lrredundpairs": 0.7707, "humanprotein_id": 7007, "vphfpdID": "001037@2ewl_A.1"}, {"lrredund": 20.9141, "lrpepelmv": 11.3978, "hphfpdID": "016466.e142_262", "pdbset": null, "lrpepxh": -1.0, "finallr": 238.3751, "lrpepelmh": -1.0, "template": "2f8b:BA(0.20,0.46,115/166,43,71)", "viralprotein_id": 13280, "lrsm": 5.4412, "id": 93914395, "lrpepxv": -1.0, "lrredundpairs": 3.7904, "humanprotein_id": 3727, "vphfpdID": "001037@2ewl_A.1"}, {"lrredund": 20.9141, "lrpepelmv": -1.0, "hphfpdID": "006178.e810_907", "pdbset": null, "lrpepxh": -1.0, "finallr": 250.8713, "lrpepelmh": -1.0, "template": "3rzw:CB(0.32,0.06,46/47,22,25)", "viralprotein_id": 13280, "lrsm": 11.9953, "id": 93914465, "lrpepxv": 2.59, "lrredundpairs": 1.373, "humanprotein_id": 2856, "vphfpdID": "001037@2b9d_A.2"}, {"lrredund": 20.9141, "lrpepelmv": 11.3978, "hphfpdID": "016613.e557_714", "pdbset": null, "lrpepxh": -1.0, "finallr": 238.3751, "lrpepelmh": -1.0, "template": "1fxk:CB(0.48,0.44,51/61,21,22)", "viralprotein_id": 13280, "lrsm": 2.6756, "id": 93914831, "lrpepxv": -1.0, "lrredundpairs": -1.0, "humanprotein_id": 5161, "vphfpdID": "001037@2b9d_A.2"}, {"lrredund": 3.124, "lrpepelmv": -1.0, "hphfpdID": "002491.d207_291", "pdbset": null, "lrpepxh": 41.95, "finallr": 131.0518, "lrpepelmh": -1.0, "template": "1c9b:RE(0.49,0.09,4/6,4,3)", "viralprotein_id": 13280, "lrsm": 2.2022, "id": 93914981, "lrpepxv": -1.0, "lrredundpairs": 1.1877, "humanprotein_id": 3829, "vphfpdID": "001037@2ewl_A.1"}, {"lrredund": 20.9141, "lrpepelmv": -1.0, "hphfpdID": "008378.d463_902", "pdbset": null, "lrpepxh": -1.0, "finallr": 105.6647, "lrpepelmh": -1.0, "template": "1q10:BA(0.56,0.58,147/301,44,75)", "viralprotein_id": 13280, "lrsm": 5.0523, "id": 93915324, "lrpepxv": 2.59, "lrredundpairs": 0.7707, "humanprotein_id": 3758, "vphfpdID": "001037@2b9d_A.2"}, {"lrredund": 20.9141, "lrpepelmv": -1.0, "hphfpdID": "014262.d1_78", "pdbset": null, "lrpepxh": -1.0, "finallr": 125.499, "lrpepelmh": -1.0, "template": "2znv:CF(0.33,0.05,3/3,4,2)", "viralprotein_id": 13280, "lrsm": 6.0007, "id": 93916363, "lrpepxv": 2.59, "lrredundpairs": -1.0, "humanprotein_id": 5865, "vphfpdID": "001037@2b9d_A.2"}, {"lrredund": 20.9141, "lrpepelmv": -1.0, "hphfpdID": "005158.d818_927", "pdbset": null, "lrpepxh": -1.0, "finallr": 125.499, "lrpepelmh": -1.0, "template": "1rqq:DB(0.36,0.03,4/5,4,3)", "viralprotein_id": 13280, "lrsm": 6.0007, "id": 93916950, "lrpepxv": -1.0, "lrredundpairs": 2.4183, "humanprotein_id": 2711, "vphfpdID": "001037@2ewl_A.1"}, {"lrredund": 20.9141, "lrpepelmv": -1.0, "hphfpdID": "016730", "pdbset": null, "lrpepxh": -1.0, "finallr": 250.8713, "lrpepelmh": -1.0, "template": "2b9d:AB(0.00,0.37,33/35,21,23)", "viralprotein_id": 13280, "lrsm": 11.9953, "id": 93917675, "lrpepxv": -1.0, "lrredundpairs": 5.2159, "humanprotein_id": 6290, "vphfpdID": "001037@2b9d_A.2"}, {"lrredund": 20.9141, "lrpepelmv": 11.3978, "hphfpdID": "016615.d584_674", "pdbset": null, "lrpepxh": -1.0, "finallr": 238.3751, "lrpepelmh": -1.0, "template": "2fch:AE(0.57,0.40,58/71,26,42)", "viralprotein_id": 13280, "lrsm": 2.6756, "id": 93917931, "lrpepxv": -1.0, "lrredundpairs": -1.0, "humanprotein_id": 5095, "vphfpdID": "001037@2ewl_A.1"}, {"lrredund": 20.9141, "lrpepelmv": -1.0, "hphfpdID": "018800.e1_115", "pdbset": null, "lrpepxh": -1.0, "finallr": 100.4723, "lrpepelmh": -1.0, "template": "1mhh:EA(0.38,0.20,54/54,23,25)", "viralprotein_id": 13280, "lrsm": 4.804, "id": 93918900, "lrpepxv": -1.0, "lrredundpairs": 1.1877, "humanprotein_id": 4109, "vphfpdID": "001037@2ewl_A.1"}, {"lrredund": 20.9141, "lrpepelmv": -1.0, "hphfpdID": "016859", "pdbset": null, "lrpepxh": 6.56, "finallr": 137.1964, "lrpepelmh": -1.0, "template": "1adj:DB(0.21,0.16,24/42,7,1)", "viralprotein_id": 13280, "lrsm": 5.4987, "id": 93919299, "lrpepxv": 2.59, "lrredundpairs": 1.1877, "humanprotein_id": 4494, "vphfpdID": "001037@2b9d_A.2"}, {"lrredund": 20.9141, "lrpepelmv": -1.0, "hphfpdID": "017454.e185_251", "pdbset": null, "lrpepxh": -1.0, "finallr": 115.0004, "lrpepelmh": -1.0, "template": "3vhs:AB(0.19,0.14,22/36,12,12)", "viralprotein_id": 13280, "lrsm": 5.4987, "id": 93920501, "lrpepxv": 2.59, "lrredundpairs": -1.0, "humanprotein_id": 7296, "vphfpdID": "001037@2b9d_A.2"}, {"lrredund": 20.9141, "lrpepelmv": -1.0, "hphfpdID": "016448.e1_99", "pdbset": null, "lrpepxh": -1.0, "finallr": 111.3247, "lrpepelmh": -1.0, "template": "1nei:BA(0.57,0.43,136/209,42,46)", "viralprotein_id": 13280, "lrsm": 5.323, "id": 93920874, "lrpepxv": -1.0, "lrredundpairs": 1.7812, "humanprotein_id": 7393, "vphfpdID": "001037@2ewl_A.1"}, {"lrredund": 20.9141, "lrpepelmv": -1.0, "hphfpdID": "016869.d56_203", "pdbset": null, "lrpepxh": -1.0, "finallr": 145.9733, "lrpepelmh": -1.0, "template": "3lsz:AC(0.32,0.07,46/127,23,28)", "viralprotein_id": 13280, "lrsm": 6.9797, "id": 93920883, "lrpepxv": 6.56, "lrredundpairs": -1.0, "humanprotein_id": 4495, "vphfpdID": "001037@2b9d_A.2"}, {"lrredund": 20.9141, "lrpepelmv": -1.0, "hphfpdID": "005209.d243_326", "pdbset": null, "lrpepxh": -1.0, "finallr": 250.8713, "lrpepelmh": -1.0, "template": "2b9d:BA(0.05,0.33,30/35,22,29)", "viralprotein_id": 13280, "lrsm": 11.9953, "id": 93922228, "lrpepxv": 2.59, "lrredundpairs": 5.2159, "humanprotein_id": 8007, "vphfpdID": "001037@2b9d_A.2"}, {"lrredund": 20.9141, "lrpepelmv": -1.0, "hphfpdID": "001452", "pdbset": null, "lrpepxh": -1.0, "finallr": 100.4723, "lrpepelmh": -1.0, "template": "1qkz:AH(0.42,0.18,50/58,21,16)", "viralprotein_id": 13280, "lrsm": 4.804, "id": 93922674, "lrpepxv": -1.0, "lrredundpairs": 2.4183, "humanprotein_id": 6282, "vphfpdID": "001037@2b9d_A.2"}, {"lrredund": 4.0064, "lrpepelmv": -1.0, "hphfpdID": "007649.e43_143", "pdbset": null, "lrpepxh": -1.0, "finallr": 184.1991, "lrpepelmh": -1.0, "template": "2pqu:DC(0.27,0.01,71/78,41,57)", "viralprotein_id": 13280, "lrsm": 45.9762, "id": 93922887, "lrpepxv": -1.0, "lrredundpairs": 1.7812, "humanprotein_id": 6297, "vphfpdID": "001037@2b9d_A.2"}, {"lrredund": 20.9141, "lrpepelmv": -1.0, "hphfpdID": "018500.d533_608", "pdbset": null, "lrpepxh": -1.0, "finallr": 163.0298, "lrpepelmh": -1.0, "template": "3vht:BC(0.31,0.03,37/71,22,32)", "viralprotein_id": 13280, "lrsm": 7.7952, "id": 93923246, "lrpepxv": -1.0, "lrredundpairs": 3.9363, "humanprotein_id": 3463, "vphfpdID": "001037@2b9d_A.2"}, {"lrredund": 20.9141, "lrpepelmv": -1.0, "hphfpdID": "005567.d93_206", "pdbset": null, "lrpepxh": 6.56, "finallr": 163.0298, "lrpepelmh": -1.0, "template": "2d10:AD(0.33,0.01,57/128,30,31)", "viralprotein_id": 13280, "lrsm": 7.7952, "id": 93924283, "lrpepxv": 3.84, "lrredundpairs": 1.5513, "humanprotein_id": 3874, "vphfpdID": "001037@2b9d_A.2"}, {"lrredund": 15.8699, "lrpepelmv": 8.2623, "hphfpdID": "001060.d472_611", "pdbset": null, "lrpepxh": -1.0, "finallr": 131.1223, "lrpepelmh": -1.0, "template": "1zm0:AB(0.23,0.15,28/54,17,15)", "viralprotein_id": 13280, "lrsm": 5.4987, "id": 93924613, "lrpepxv": -1.0, "lrredundpairs": 1.1877, "humanprotein_id": 17652, "vphfpdID": "001037@2ewl_A.1"}, {"lrredund": 20.9141, "lrpepelmv": -1.0, "hphfpdID": "018501", "pdbset": null, "lrpepxh": -1.0, "finallr": 125.499, "lrpepelmh": -1.0, "template": "2znv:CF(0.33,0.05,3/3,4,2)", "viralprotein_id": 13280, "lrsm": 6.0007, "id": 93924683, "lrpepxv": -1.0, "lrredundpairs": 5.2159, "humanprotein_id": 1286, "vphfpdID": "001037@2b9d_A.2"}, {"lrredund": 3.124, "lrpepelmv": -1.0, "hphfpdID": "017410", "pdbset": null, "lrpepxh": -1.0, "finallr": 134.3858, "lrpepelmh": -1.0, "template": "1fb6:AB(0.14,0.04,34/56,22,25)", "viralprotein_id": 13280, "lrsm": 43.0172, "id": 93925147, "lrpepxv": -1.0, "lrredundpairs": 2.9666, "humanprotein_id": 3588, "vphfpdID": "001037@2b9d_A.2"}, {"lrredund": 19.2898, "lrpepelmv": -1.0, "hphfpdID": "002626", "pdbset": null, "lrpepxh": -1.0, "finallr": 177.5556, "lrpepelmh": -1.0, "template": "1xcq:LA(0.26,0.08,64/67,16,3)", "viralprotein_id": 13280, "lrsm": 9.2046, "id": 93925167, "lrpepxv": -1.0, "lrredundpairs": 2.9666, "humanprotein_id": 2804, "vphfpdID": "001037@2b9d_A.2"}, {"lrredund": 20.9141, "lrpepelmv": -1.0, "hphfpdID": "001751.e1_73", "pdbset": null, "lrpepxh": -1.0, "finallr": 171.6559, "lrpepelmh": -1.0, "template": "2f8b:BA(0.20,0.37,117/166,41,49)", "viralprotein_id": 13280, "lrsm": 8.2077, "id": 93925188, "lrpepxv": -1.0, "lrredundpairs": 1.1877, "humanprotein_id": 5041, "vphfpdID": "001037@2ewl_A.1"}, {"lrredund": 20.9141, "lrpepelmv": -1.0, "hphfpdID": "012444", "pdbset": null, "lrpepxh": -1.0, "finallr": 125.499, "lrpepelmh": -1.0, "template": "2drp:DA(0.19,0.15,33/40,8,0)", "viralprotein_id": 13280, "lrsm": 6.0007, "id": 93925220, "lrpepxv": 2.59, "lrredundpairs": 1.7812, "humanprotein_id": 2955, "vphfpdID": "001037@2b9d_A.2"}, {"lrredund": 2.3588, "lrpepelmv": -1.0, "hphfpdID": "012637.e288_365", "pdbset": null, "lrpepxh": -1.0, "finallr": 108.4487, "lrpepelmh": -1.0, "template": "2pqu:DC(0.27,0.05,71/78,42,60)", "viralprotein_id": 13280, "lrsm": 45.9762, "id": 93926100, "lrpepxv": 3.66, "lrredundpairs": 2.4183, "humanprotein_id": 7908, "vphfpdID": "001037@2b9d_A.2"}, {"lrredund": 20.9141, "lrpepelmv": -1.0, "hphfpdID": "010507.e1_206", "pdbset": null, "lrpepxh": -1.0, "finallr": 163.0298, "lrpepelmh": -1.0, "template": "2d10:AD(0.33,0.02,57/128,22,15)", "viralprotein_id": 13280, "lrsm": 7.7952, "id": 93928003, "lrpepxv": 2.59, "lrredundpairs": 1.774, "humanprotein_id": 4475, "vphfpdID": "001037@2b9d_A.2"}, {"lrredund": 20.9141, "lrpepelmv": 6.3442, "hphfpdID": "001349.d2683_2962", "pdbset": null, "lrpepxh": -1.0, "finallr": 132.6835, "lrpepelmh": -1.0, "template": "2qlv:DE(0.50,0.56,68/148,29,38)", "viralprotein_id": 13280, "lrsm": 1.6435, "id": 93928148, "lrpepxv": -1.0, "lrredundpairs": 0.7707, "humanprotein_id": 7312, "vphfpdID": "001037@2ewl_A.1"}, {"lrredund": 20.9141, "lrpepelmv": -1.0, "hphfpdID": "013899.d849_992", "pdbset": null, "lrpepxh": -1.0, "finallr": 125.499, "lrpepelmh": -1.0, "template": "3vhs:BA(0.20,0.18,32/36,17,18)", "viralprotein_id": 13280, "lrsm": 6.0007, "id": 93928565, "lrpepxv": 3.84, "lrredundpairs": 1.5513, "humanprotein_id": 1240, "vphfpdID": "001037@2b9d_A.2"}, {"lrredund": 20.9141, "lrpepelmv": -1.0, "hphfpdID": "016729", "pdbset": null, "lrpepxh": -1.0, "finallr": 132.5129, "lrpepelmh": -1.0, "template": "2f8b:BA(0.20,0.58,122/166,42,73)", "viralprotein_id": 13280, "lrsm": 6.3361, "id": 93929103, "lrpepxv": -1.0, "lrredundpairs": 1.7812, "humanprotein_id": 6415, "vphfpdID": "001037@2ewl_A.1"}, {"lrredund": 3.124, "lrpepelmv": 50.5585, "hphfpdID": "014176.e786_960", "pdbset": null, "lrpepxh": 56.9, "finallr": 177.7556, "lrpepelmh": -1.0, "template": "", "viralprotein_id": 13280, "lrsm": -1.0, "id": 93929289, "lrpepxv": -1.0, "lrredundpairs": 0.7707, "humanprotein_id": 4582, "vphfpdID": "001037@2ewl_A.1"}, {"lrredund": 4.0064, "lrpepelmv": 50.5585, "hphfpdID": "014240.d655_725", "pdbset": null, "lrpepxh": -1.0, "finallr": 202.5576, "lrpepelmh": -1.0, "template": "3vke:AC(0.32,0.47,56/80,29,32)", "viralprotein_id": 13280, "lrsm": 2.0697, "id": 93930135, "lrpepxv": 3.84, "lrredundpairs": -1.0, "humanprotein_id": 3056, "vphfpdID": "001037@2b9d_A.2"}, {"lrredund": 20.9141, "lrpepelmv": 11.3978, "hphfpdID": "007144.e151_217", "pdbset": null, "lrpepxh": -1.0, "finallr": 238.3751, "lrpepelmh": -1.0, "template": "1g83:AB(0.57,0.05,32/35,22,28)", "viralprotein_id": 13280, "lrsm": 3.1848, "id": 93931334, "lrpepxv": -1.0, "lrredundpairs": 2.4183, "humanprotein_id": 6385, "vphfpdID": "001037@2ewl_A.1"}, {"lrredund": 20.9141, "lrpepelmv": -1.0, "hphfpdID": "017084", "pdbset": null, "lrpepxh": -1.0, "finallr": 113.7978, "lrpepelmh": -1.0, "template": "4iij:EA(0.49,0.18,100/212,42,79)", "viralprotein_id": 13280, "lrsm": 5.4412, "id": 93931536, "lrpepxv": 2.59, "lrredundpairs": 0.7707, "humanprotein_id": 3117, "vphfpdID": "001037@2b9d_A.2"}, {"lrredund": 1.7951, "lrpepelmv": -1.0, "hphfpdID": "004626", "pdbset": null, "lrpepxh": -1.0, "finallr": 111.8526, "lrpepelmh": -1.0, "template": "", "viralprotein_id": 13281, "lrsm": -1.0, "id": 31503572, "lrpepxv": 62.31, "lrredundpairs": -1.0, "humanprotein_id": 1798, "vphfpdID": "001038@2nnu_A.4"}, {"lrredund": 1.7951, "lrpepelmv": -1.0, "hphfpdID": "014184.d362_456", "pdbset": null, "lrpepxh": -1.0, "finallr": 119.8872, "lrpepelmh": -1.0, "template": "2y3y:CB(0.40,0.50,60/69,41,59)", "viralprotein_id": 13281, "lrsm": 66.7858, "id": 31503888, "lrpepxv": -1.0, "lrredundpairs": -1.0, "humanprotein_id": 15473, "vphfpdID": "001038.e300_382@2bop_A.1"}, {"lrredund": 1.7951, "lrpepelmv": -1.0, "hphfpdID": "005292.d1_108", "pdbset": null, "lrpepxh": -1.0, "finallr": 111.8526, "lrpepelmh": -1.0, "template": "2dwv:AB(0.49,0.48,87/102,29,39)", "viralprotein_id": 13281, "lrsm": 2.4771, "id": 31504755, "lrpepxv": 62.31, "lrredundpairs": -1.0, "humanprotein_id": 12504, "vphfpdID": "001038.d1_122@2nnu_A.3"}, {"lrredund": 20.9141, "lrpepelmv": 9.4001, "hphfpdID": "001509.e1_53", "pdbset": null, "lrpepxh": -1.0, "finallr": 255.2956, "lrpepelmh": -1.0, "template": "2dwv:AB(0.49,0.29,82/102,42,78)", "viralprotein_id": 13281, "lrsm": 12.2069, "id": 31505275, "lrpepxv": 5.43, "lrredundpairs": 1.5513, "humanprotein_id": 2598, "vphfpdID": "001038@2nnu_A.4"}, {"lrredund": 20.9141, "lrpepelmv": -1.0, "hphfpdID": "010507.e200_298", "pdbset": null, "lrpepxh": -1.0, "finallr": 100.4723, "lrpepelmh": -1.0, "template": "1xxc:BA(0.30,0.29,54/67,22,28)", "viralprotein_id": 13281, "lrsm": 4.804, "id": 31505326, "lrpepxv": -1.0, "lrredundpairs": 19.2898, "humanprotein_id": 4475, "vphfpdID": "001038.e300_382@2bop_A.1"}, {"lrredund": 1.7092, "lrpepelmv": -1.0, "hphfpdID": "010069.d398_473", "pdbset": null, "lrpepxh": -1.0, "finallr": 114.1503, "lrpepelmh": -1.0, "template": "3qsi:FG(0.41,0.41,55/68,41,54)", "viralprotein_id": 13281, "lrsm": 66.7858, "id": 31505905, "lrpepxv": -1.0, "lrredundpairs": 1.7092, "humanprotein_id": 5222, "vphfpdID": "001038.e300_382@2bop_A.1"}, {"lrredund": 1.7951, "lrpepelmv": -1.0, "hphfpdID": "014214", "pdbset": null, "lrpepxh": -1.0, "finallr": 119.8872, "lrpepelmh": -1.0, "template": "3qsi:BC(0.46,0.49,58/68,41,55)", "viralprotein_id": 13281, "lrsm": 66.7858, "id": 31506001, "lrpepxv": -1.0, "lrredundpairs": 1.7951, "humanprotein_id": 19791, "vphfpdID": "001038.e300_382@2bop_A.1"}, {"lrredund": 4.2492, "lrpepelmv": -1.0, "hphfpdID": "014586", "pdbset": null, "lrpepxh": -1.0, "finallr": 128.9384, "lrpepelmh": -1.0, "template": "3cxc:TJ(0.11,0.08,45/62,20,27)", "viralprotein_id": 13281, "lrsm": 30.3442, "id": 31506029, "lrpepxv": -1.0, "lrredundpairs": -1.0, "humanprotein_id": 6358, "vphfpdID": "001038.e300_382@2bop_A.1"}, {"lrredund": 2.3588, "lrpepelmv": -1.0, "hphfpdID": "005111", "pdbset": null, "lrpepxh": -1.0, "finallr": 157.5344, "lrpepelmh": -1.0, "template": "2gj2:AC(0.56,0.41,60/69,41,52)", "viralprotein_id": 13281, "lrsm": 66.7858, "id": 31506177, "lrpepxv": -1.0, "lrredundpairs": 2.3588, "humanprotein_id": 4630, "vphfpdID": "001038.e300_382@2bop_A.1"}, {"lrredund": 4.2492, "lrpepelmv": 201.9336, "hphfpdID": "000001", "pdbset": null, "lrpepxh": -1.0, "finallr": 858.0565, "lrpepelmh": -1.0, "template": "1wqv:TL(0.42,0.58,27/130,15,21)", "viralprotein_id": 13281, "lrsm": 1.02, "id": 31506327, "lrpepxv": -1.0, "lrredundpairs": 4.0064, "humanprotein_id": 4793, "vphfpdID": "001038.d1_122@1dto_A.4"}, {"lrredund": 20.9141, "lrpepelmv": 201.9336, "hphfpdID": "000002", "pdbset": null, "lrpepxh": -1.0, "finallr": 4223.26, "lrpepelmh": -1.0, "template": "", "viralprotein_id": 13281, "lrsm": -1.0, "id": 31506698, "lrpepxv": -1.0, "lrredundpairs": -1.0, "humanprotein_id": 6315, "vphfpdID": "001038@2jeu_A.5"}, {"lrredund": 2.409, "lrpepelmv": 104.3713, "hphfpdID": "014178.d112_237", "pdbset": null, "lrpepxh": -1.0, "finallr": 251.4306, "lrpepelmh": -1.0, "template": "2lvq:BD(0.59,0.42,62/110,19,17)", "viralprotein_id": 13281, "lrsm": 1.4802, "id": 31506869, "lrpepxv": -1.0, "lrredundpairs": -1.0, "humanprotein_id": 7007, "vphfpdID": "001038.d1_122@2jex_A.6"}, {"lrredund": 1.7951, "lrpepelmv": -1.0, "hphfpdID": "004631.d270_320", "pdbset": null, "lrpepxh": -1.0, "finallr": 111.8526, "lrpepelmh": -1.0, "template": "2cs7:CA(0.28,0.27,29/71,12,12)", "viralprotein_id": 13281, "lrsm": 2.2022, "id": 31507356, "lrpepxv": 62.31, "lrredundpairs": -1.0, "humanprotein_id": 15925, "vphfpdID": "001038.d1_122@2nnu_A.3"}, {"lrredund": 15.8699, "lrpepelmv": -1.0, "hphfpdID": "009492.e220_326", "pdbset": null, "lrpepxh": -1.0, "finallr": 300.7851, "lrpepelmh": -1.0, "template": "1tvd:AB(0.60,0.30,57/76,41,49)", "viralprotein_id": 13281, "lrsm": 18.9532, "id": 31507360, "lrpepxv": -1.0, "lrredundpairs": -1.0, "humanprotein_id": 13229, "vphfpdID": "001038@2jex_A.6"}, {"lrredund": 4.2492, "lrpepelmv": -1.0, "hphfpdID": "006611", "pdbset": null, "lrpepxh": -1.0, "finallr": 144.6041, "lrpepelmh": -1.0, "template": "3w1y:CA(0.40,0.16,60/104,42,53)", "viralprotein_id": 13281, "lrsm": 34.0309, "id": 31507422, "lrpepxv": -1.0, "lrredundpairs": 4.2492, "humanprotein_id": 2392, "vphfpdID": "001038.e300_382@2bop_A.1"}, {"lrredund": 20.9141, "lrpepelmv": -1.0, "hphfpdID": "017281.d510_649", "pdbset": null, "lrpepxh": -1.0, "finallr": 100.4723, "lrpepelmh": -1.0, "template": "1tue:GH(0.10,0.40,37/40,21,19)", "viralprotein_id": 13281, "lrsm": 4.804, "id": 31507435, "lrpepxv": -1.0, "lrredundpairs": -1.0, "humanprotein_id": 5906, "vphfpdID": "001038.d1_122@1r6n_A.1"}, {"lrredund": 4.2492, "lrpepelmv": 201.9336, "hphfpdID": "000004", "pdbset": null, "lrpepxh": -1.0, "finallr": 858.0565, "lrpepelmh": -1.0, "template": "1yd8:VG(0.56,0.48,45/53,8,1)", "viralprotein_id": 13281, "lrsm": 1.2704, "id": 31507983, "lrpepxv": -1.0, "lrredundpairs": 4.0064, "humanprotein_id": 6298, "vphfpdID": "001038.d1_122@2jeu_A.5"}, {"lrredund": 1.7951, "lrpepelmv": -1.0, "hphfpdID": "005521.d1_109", "pdbset": null, "lrpepxh": -1.0, "finallr": 111.8526, "lrpepelmh": -1.0, "template": "2ecs:AB(0.41,0.19,54/115,14,9)", "viralprotein_id": 13281, "lrsm": 2.2022, "id": 31508420, "lrpepxv": 62.31, "lrredundpairs": -1.0, "humanprotein_id": 18750, "vphfpdID": "001038.d1_122@2nnu_A.3"}, {"lrredund": 3.124, "lrpepelmv": 201.9336, "hphfpdID": "000005", "pdbset": null, "lrpepxh": -1.0, "finallr": 630.8407, "lrpepelmh": -1.0, "template": "2lxc:AB(0.59,0.56,24/46,9,1)", "viralprotein_id": 13281, "lrsm": 1.1641, "id": 31508520, "lrpepxv": -1.0, "lrredundpairs": 3.124, "humanprotein_id": 4794, "vphfpdID": "001038.d1_122@2jex_A.6"}, {"lrredund": 1.7951, "lrpepelmv": -1.0, "hphfpdID": "014243", "pdbset": null, "lrpepxh": -1.0, "finallr": 113.7919, "lrpepelmh": -1.0, "template": "2y3y:BC(0.54,0.57,60/69,41,58)", "viralprotein_id": 13281, "lrsm": 63.3903, "id": 31508625, "lrpepxv": -1.0, "lrredundpairs": 0.9127, "humanprotein_id": 5827, "vphfpdID": "001038.e300_382@2bop_A.1"}, {"lrredund": 1.7092, "lrpepelmv": -1.0, "hphfpdID": "014209.d77_170", "pdbset": null, "lrpepxh": -1.0, "finallr": 114.1503, "lrpepelmh": -1.0, "template": "3bkt:BA(0.41,0.44,59/73,44,54)", "viralprotein_id": 13281, "lrsm": 66.7858, "id": 31508790, "lrpepxv": -1.0, "lrredundpairs": 1.7092, "humanprotein_id": 16091, "vphfpdID": "001038.e300_382@2bop_A.1"}, {"lrredund": 20.9141, "lrpepelmv": 14.0867, "hphfpdID": "007144", "pdbset": null, "lrpepxh": -1.0, "finallr": 294.6106, "lrpepelmh": -1.0, "template": "1n5z:AB(0.48,0.09,31/96,22,21)", "viralprotein_id": 13281, "lrsm": 2.7953, "id": 31509108, "lrpepxv": -1.0, "lrredundpairs": 20.9141, "humanprotein_id": 6385, "vphfpdID": "001038.d1_122@1r6n_A.1"}, {"lrredund": 20.9141, "lrpepelmv": -1.0, "hphfpdID": "011519.e1_119", "pdbset": null, "lrpepxh": -1.0, "finallr": 211.4847, "lrpepelmh": -1.0, "template": "2lk6:BA(0.33,0.44,143/154,41,78)", "viralprotein_id": 13281, "lrsm": 10.1121, "id": 31509187, "lrpepxv": -1.0, "lrredundpairs": -1.0, "humanprotein_id": 3074, "vphfpdID": "001038.e300_382@2bop_A.1"}, {"lrredund": 20.9141, "lrpepelmv": 15.0122, "hphfpdID": "008378.g106_302", "pdbset": null, "lrpepxh": -1.0, "finallr": 313.9658, "lrpepelmh": -1.0, "template": "2yms:DA(0.47,0.28,59/71,22,19)", "viralprotein_id": 13281, "lrsm": 3.1848, "id": 31509442, "lrpepxv": -1.0, "lrredundpairs": 0.7707, "humanprotein_id": 3758, "vphfpdID": "001038@2nnu_A.4"}, {"lrredund": 3.124, "lrpepelmv": 201.9336, "hphfpdID": "000003", "pdbset": null, "lrpepxh": -1.0, "finallr": 630.8407, "lrpepelmh": -1.0, "template": "1yd8:VG(0.56,0.57,43/53,9,1)", "viralprotein_id": 13281, "lrsm": 1.2704, "id": 31509972, "lrpepxv": -1.0, "lrredundpairs": 3.124, "humanprotein_id": 6857, "vphfpdID": "001038.d1_122@2jeu_A.5"}, {"lrredund": 4.2492, "lrpepelmv": -1.0, "hphfpdID": "011698.d571_645", "pdbset": null, "lrpepxh": -1.0, "finallr": 144.6041, "lrpepelmh": -1.0, "template": "2ayg:AB(0.14,0.39,58/141,41,55)", "viralprotein_id": 13281, "lrsm": 34.0309, "id": 31510207, "lrpepxv": -1.0, "lrredundpairs": -1.0, "humanprotein_id": 4110, "vphfpdID": "001038.e300_382@2bop_A.1"}, {"lrredund": 21.3884, "lrpepelmv": -1.0, "hphfpdID": "013899.d849_992", "pdbset": null, "lrpepxh": -1.0, "finallr": 983.358, "lrpepelmh": -1.0, "template": "1jjh:BA(0.01,0.34,82/97,46,72)", "viralprotein_id": 13281, "lrsm": 45.9762, "id": 31510488, "lrpepxv": -1.0, "lrredundpairs": 0.7707, "humanprotein_id": 1240, "vphfpdID": "001038.e300_382@2bop_A.1"}, {"lrredund": 4.2492, "lrpepelmv": -1.0, "hphfpdID": "014804.d19_99", "pdbset": null, "lrpepxh": -1.0, "finallr": 283.7863, "lrpepelmh": -1.0, "template": "3qsi:BC(0.46,0.47,57/68,42,57)", "viralprotein_id": 13281, "lrsm": 66.7858, "id": 31510946, "lrpepxv": -1.0, "lrredundpairs": 3.8142, "humanprotein_id": 4310, "vphfpdID": "001038.e300_382@2bop_A.1"}, {"lrredund": 2.3254, "lrpepelmv": 6.0558, "hphfpdID": "016486", "pdbset": null, "lrpepxh": -1.0, "finallr": 144.8956, "lrpepelmh": -1.0, "template": "3zw0:AB(0.49,0.39,52/63,21,9)", "viralprotein_id": 13281, "lrsm": 2.6756, "id": 31511260, "lrpepxv": 62.31, "lrredundpairs": 2.3768, "humanprotein_id": 6479, "vphfpdID": "001038@2nnu_A.4"}, {"lrredund": 1.7092, "lrpepelmv": -1.0, "hphfpdID": "000334.d1011_1097", "pdbset": null, "lrpepxh": -1.0, "finallr": 114.1503, "lrpepelmh": -1.0, "template": "3qsi:BC(0.46,0.48,58/68,41,54)", "viralprotein_id": 13281, "lrsm": 66.7858, "id": 31511286, "lrpepxv": -1.0, "lrredundpairs": 1.7092, "humanprotein_id": 18972, "vphfpdID": "001038.e300_382@2bop_A.1"}, {"lrredund": 1.7092, "lrpepelmv": -1.0, "hphfpdID": "004327.d111_190", "pdbset": null, "lrpepxh": -1.0, "finallr": 114.1503, "lrpepelmh": -1.0, "template": "2y3y:CB(0.40,0.42,59/69,42,54)", "viralprotein_id": 13281, "lrsm": 66.7858, "id": 31511468, "lrpepxv": -1.0, "lrredundpairs": 1.7092, "humanprotein_id": 14597, "vphfpdID": "001038.e300_382@2bop_A.1"}, {"lrredund": 20.9141, "lrpepelmv": 8.6827, "hphfpdID": "004076.d399_518", "pdbset": null, "lrpepxh": -1.0, "finallr": 181.5912, "lrpepelmh": -1.0, "template": "", "viralprotein_id": 13281, "lrsm": -1.0, "id": 31511887, "lrpepxv": -1.0, "lrredundpairs": 0.7707, "humanprotein_id": 4894, "vphfpdID": "001038@1tue_B.2"}, {"lrredund": 20.9141, "lrpepelmv": -1.0, "hphfpdID": "016730", "pdbset": null, "lrpepxh": -1.0, "finallr": 177.6693, "lrpepelmh": -1.0, "template": "2lk6:BA(0.33,0.53,144/154,42,76)", "viralprotein_id": 13281, "lrsm": 8.4952, "id": 31511921, "lrpepxv": -1.0, "lrredundpairs": 20.9141, "humanprotein_id": 6290, "vphfpdID": "001038.e300_382@2bop_A.1"}, {"lrredund": 20.9141, "lrpepelmv": 14.0867, "hphfpdID": "016615.d586_639", "pdbset": null, "lrpepxh": -1.0, "finallr": 294.6106, "lrpepelmh": -1.0, "template": "", "viralprotein_id": 13281, "lrsm": -1.0, "id": 31512225, "lrpepxv": -1.0, "lrredundpairs": -1.0, "humanprotein_id": 5095, "vphfpdID": "001038@1tue_B.2"}, {"lrredund": 20.9141, "lrpepelmv": -1.0, "hphfpdID": "001452.e40_119", "pdbset": null, "lrpepxh": -1.0, "finallr": 203.5706, "lrpepelmh": -1.0, "template": "2nzc:DC(0.44,0.60,76/87,43,59)", "viralprotein_id": 13281, "lrsm": 9.7337, "id": 31512349, "lrpepxv": -1.0, "lrredundpairs": 15.8699, "humanprotein_id": 6282, "vphfpdID": "001038.e300_382@2bop_A.1"}, {"lrredund": 1.7092, "lrpepelmv": -1.0, "hphfpdID": "015400.d799_879", "pdbset": null, "lrpepxh": -1.0, "finallr": 135.8763, "lrpepelmh": -1.0, "template": "3qsi:FG(0.41,0.36,55/68,41,54)", "viralprotein_id": 13281, "lrsm": 79.497, "id": 31512443, "lrpepxv": -1.0, "lrredundpairs": -1.0, "humanprotein_id": 7811, "vphfpdID": "001038.e300_382@2bop_A.1"}, {"lrredund": 4.2492, "lrpepelmv": 104.3713, "hphfpdID": "014240.d115_228", "pdbset": null, "lrpepxh": -1.0, "finallr": 443.4949, "lrpepelmh": -1.0, "template": "2g3q:BA(0.59,0.46,56/77,22,36)", "viralprotein_id": 13281, "lrsm": 1.6503, "id": 31512918, "lrpepxv": 3.84, "lrredundpairs": -1.0, "humanprotein_id": 3056, "vphfpdID": "001038.d1_122@2jeu_A.5"}, {"lrredund": 3.124, "lrpepelmv": -1.0, "hphfpdID": "018447", "pdbset": null, "lrpepxh": -1.0, "finallr": 194.6564, "lrpepelmh": -1.0, "template": "", "viralprotein_id": 13281, "lrsm": -1.0, "id": 31513416, "lrpepxv": 62.31, "lrredundpairs": 3.124, "humanprotein_id": 4481, "vphfpdID": "001038.e300_382@1dbd_A.2"}, {"lrredund": 20.9141, "lrpepelmv": 9.3373, "hphfpdID": "001349.d2679_3055", "pdbset": null, "lrpepxh": -1.0, "finallr": 195.2815, "lrpepelmh": -1.0, "template": "1l1c:BA(0.40,0.44,113/127,21,17)", "viralprotein_id": 13281, "lrsm": 2.4771, "id": 31513564, "lrpepxv": 2.59, "lrredundpairs": 0.7707, "humanprotein_id": 7312, "vphfpdID": "001038.d1_122@2nnu_A.3"}, {"lrredund": 20.9141, "lrpepelmv": -1.0, "hphfpdID": "018800.d596_685", "pdbset": null, "lrpepxh": -1.0, "finallr": 225.7435, "lrpepelmh": -1.0, "template": "2j8u:LM(0.57,0.43,59/233,44,55)", "viralprotein_id": 13281, "lrsm": 10.7938, "id": 31513658, "lrpepxv": -1.0, "lrredundpairs": 20.9141, "humanprotein_id": 4109, "vphfpdID": "001038.e300_382@2bop_A.1"}, {"lrredund": 4.2492, "lrpepelmv": -1.0, "hphfpdID": "007653.d244_328", "pdbset": null, "lrpepxh": -1.0, "finallr": 337.7987, "lrpepelmh": -1.0, "template": "3qsi:FG(0.41,0.34,59/68,42,58)", "viralprotein_id": 13281, "lrsm": 79.497, "id": 31513988, "lrpepxv": -1.0, "lrredundpairs": -1.0, "humanprotein_id": 1499, "vphfpdID": "001038.e300_382@2bop_A.1"}, {"lrredund": 3.124, "lrpepelmv": -1.0, "hphfpdID": "005006", "pdbset": null, "lrpepxh": -1.0, "finallr": 109.8609, "lrpepelmh": -1.0, "template": "1f3c:BA(0.42,0.00,185/224,45,91)", "viralprotein_id": 13281, "lrsm": 35.1668, "id": 31514515, "lrpepxv": -1.0, "lrredundpairs": 0.7707, "humanprotein_id": 6416, "vphfpdID": "001038.e300_382@2bop_A.1"}, {"lrredund": 20.9141, "lrpepelmv": 6.0558, "hphfpdID": "002673.e85_298", "pdbset": null, "lrpepxh": -1.0, "finallr": 126.6506, "lrpepelmh": -1.0, "template": "4kgs:BA(0.51,0.28,39/48,7,0)", "viralprotein_id": 13281, "lrsm": 1.5932, "id": 31514757, "lrpepxv": -1.0, "lrredundpairs": 20.9141, "humanprotein_id": 4427, "vphfpdID": "001038.d1_122@2jeu_A.5"}, {"lrredund": 20.9141, "lrpepelmv": 201.9336, "hphfpdID": "000007", "pdbset": null, "lrpepxh": -1.0, "finallr": 4223.26, "lrpepelmh": -1.0, "template": "", "viralprotein_id": 13281, "lrsm": -1.0, "id": 31515012, "lrpepxv": -1.0, "lrredundpairs": 1.373, "humanprotein_id": 6393, "vphfpdID": "001038@2nnu_A.4"}, {"lrredund": 20.9141, "lrpepelmv": 14.0867, "hphfpdID": "016613.e316_567", "pdbset": null, "lrpepxh": -1.0, "finallr": 294.6106, "lrpepelmh": -1.0, "template": "2idh:BA(0.25,0.56,41/45,11,3)", "viralprotein_id": 13281, "lrsm": 1.3385, "id": 31515250, "lrpepxv": -1.0, "lrredundpairs": -1.0, "humanprotein_id": 5161, "vphfpdID": "001038.d1_122@1tue_B.2"}, {"lrredund": 3.124, "lrpepelmv": -1.0, "hphfpdID": "014805", "pdbset": null, "lrpepxh": -1.0, "finallr": 208.6389, "lrpepelmh": -1.0, "template": "2y3y:CB(0.40,0.49,60/69,42,60)", "viralprotein_id": 13281, "lrsm": 66.7858, "id": 31515884, "lrpepxv": -1.0, "lrredundpairs": 2.409, "humanprotein_id": 5727, "vphfpdID": "001038.e300_382@2bop_A.1"}, {"lrredund": 2.3588, "lrpepelmv": -1.0, "hphfpdID": "017834", "pdbset": null, "lrpepxh": -1.0, "finallr": 146.9768, "lrpepelmh": -1.0, "template": "1jh5:CA(0.47,0.16,49/104,23,11)", "viralprotein_id": 13281, "lrsm": 2.0697, "id": 31516001, "lrpepxv": 62.31, "lrredundpairs": 2.3588, "humanprotein_id": 5361, "vphfpdID": "001038.d1_122@2nnu_A.3"}, {"lrredund": 2.3254, "lrpepelmv": -1.0, "hphfpdID": "016871", "pdbset": null, "lrpepxh": -1.0, "finallr": 144.8956, "lrpepelmh": -1.0, "template": "", "viralprotein_id": 13281, "lrsm": -1.0, "id": 31516163, "lrpepxv": 62.31, "lrredundpairs": -1.0, "humanprotein_id": 11203, "vphfpdID": "001038.e300_382@1dbd_A.2"}, {"lrredund": 20.9141, "lrpepelmv": 201.9336, "hphfpdID": "000006", "pdbset": null, "lrpepxh": -1.0, "finallr": 4223.26, "lrpepelmh": -1.0, "template": "2c2l:CA(0.60,0.47,14/19,11,10)", "viralprotein_id": 13281, "lrsm": 1.1641, "id": 31516274, "lrpepxv": -1.0, "lrredundpairs": 20.9141, "humanprotein_id": 4514, "vphfpdID": "001038.d1_122@1tue_B.2"}, {"lrredund": 1.7092, "lrpepelmv": -1.0, "hphfpdID": "010380.d337_592", "pdbset": null, "lrpepxh": -1.0, "finallr": 114.1503, "lrpepelmh": -1.0, "template": "1q5y:AB(0.44,0.45,60/74,42,50)", "viralprotein_id": 13281, "lrsm": 66.7858, "id": 31516391, "lrpepxv": -1.0, "lrredundpairs": -1.0, "humanprotein_id": 15480, "vphfpdID": "001038.e300_382@2bop_A.1"}, {"lrredund": 20.9141, "lrpepelmv": -1.0, "hphfpdID": "000172.d132_188", "pdbset": null, "lrpepxh": -1.0, "finallr": 113.7978, "lrpepelmh": -1.0, "template": "4liw:BA(0.27,0.36,99/233,44,56)", "viralprotein_id": 13281, "lrsm": 5.4412, "id": 31516779, "lrpepxv": -1.0, "lrredundpairs": 0.7707, "humanprotein_id": 2981, "vphfpdID": "001038.e300_382@2bop_A.1"}, {"lrredund": 1.7092, "lrpepelmv": -1.0, "hphfpdID": "017443.d96_175", "pdbset": null, "lrpepxh": -1.0, "finallr": 135.8763, "lrpepelmh": -1.0, "template": "2y3y:CB(0.40,0.37,60/69,41,59)", "viralprotein_id": 13281, "lrsm": 79.497, "id": 31516788, "lrpepxv": -1.0, "lrredundpairs": -1.0, "humanprotein_id": 6674, "vphfpdID": "001038.e300_382@2bop_A.1"}, {"lrredund": 1.7951, "lrpepelmv": -1.0, "hphfpdID": "014180.d288_393", "pdbset": null, "lrpepxh": -1.0, "finallr": 113.7919, "lrpepelmh": -1.0, "template": "2gj2:AC(0.56,0.58,60/69,41,46)", "viralprotein_id": 13281, "lrsm": 63.3903, "id": 31516793, "lrpepxv": -1.0, "lrredundpairs": 0.9127, "humanprotein_id": 6622, "vphfpdID": "001038.e300_382@2bop_A.1"}, {"lrredund": 21.3884, "lrpepelmv": 6.0558, "hphfpdID": "018111", "pdbset": null, "lrpepxh": -1.0, "finallr": 129.5228, "lrpepelmh": -1.0, "template": "1zvp:CB(0.48,0.51,30/204,13,11)", "viralprotein_id": 13281, "lrsm": 1.02, "id": 31517169, "lrpepxv": -1.0, "lrredundpairs": 19.2898, "humanprotein_id": 15404, "vphfpdID": "001038.d1_122@2jex_A.6"}, {"lrredund": 19.2898, "lrpepelmv": -1.0, "hphfpdID": "016869", "pdbset": null, "lrpepxh": -1.0, "finallr": 104.7436, "lrpepelmh": -1.0, "template": "", "viralprotein_id": 13281, "lrsm": -1.0, "id": 31517225, "lrpepxv": 5.43, "lrredundpairs": -1.0, "humanprotein_id": 4495, "vphfpdID": "001038@2nnu_A.4"}, {"lrredund": 3.8142, "lrpepelmv": -1.0, "hphfpdID": "014941", "pdbset": null, "lrpepxh": -1.0, "finallr": 303.2175, "lrpepelmh": -1.0, "template": "3qsi:BC(0.46,0.26,60/68,41,55)", "viralprotein_id": 13281, "lrsm": 79.497, "id": 31517509, "lrpepxv": -1.0, "lrredundpairs": 0.7707, "humanprotein_id": 6200, "vphfpdID": "001038.e300_382@2bop_A.1"}, {"lrredund": 20.9141, "lrpepelmv": -1.0, "hphfpdID": "017454.e64_147", "pdbset": null, "lrpepxh": -1.0, "finallr": 113.7978, "lrpepelmh": -1.0, "template": "2djw:HC(0.28,0.44,74/130,41,62)", "viralprotein_id": 13281, "lrsm": 5.4412, "id": 31517530, "lrpepxv": -1.0, "lrredundpairs": -1.0, "humanprotein_id": 7296, "vphfpdID": "001038.e300_382@2bop_A.1"}, {"lrredund": 20.9141, "lrpepelmv": 6.0558, "hphfpdID": "003962.d133_182", "pdbset": null, "lrpepxh": -1.0, "finallr": 126.6506, "lrpepelmh": -1.0, "template": "4kgs:AB(0.44,0.13,35/48,14,17)", "viralprotein_id": 13281, "lrsm": 2.2022, "id": 31518018, "lrpepxv": -1.0, "lrredundpairs": 20.9141, "humanprotein_id": 6447, "vphfpdID": "001038.d1_122@2jeu_A.5"}, {"lrredund": 1.7951, "lrpepelmv": -1.0, "hphfpdID": "002782", "pdbset": null, "lrpepxh": -1.0, "finallr": 119.8872, "lrpepelmh": -1.0, "template": "3qsi:BC(0.46,0.48,58/68,41,56)", "viralprotein_id": 13281, "lrsm": 66.7858, "id": 31518126, "lrpepxv": -1.0, "lrredundpairs": 0.9127, "humanprotein_id": 14130, "vphfpdID": "001038.e300_382@2bop_A.1"}, {"lrredund": 1.7092, "lrpepelmv": -1.0, "hphfpdID": "006230", "pdbset": null, "lrpepxh": -1.0, "finallr": 106.5002, "lrpepelmh": -1.0, "template": "", "viralprotein_id": 13281, "lrsm": -1.0, "id": 31518510, "lrpepxv": 62.31, "lrredundpairs": 0.7707, "humanprotein_id": 2506, "vphfpdID": "001038@2nnu_A.4"}, {"lrredund": 20.9141, "lrpepelmv": 14.0867, "hphfpdID": "016466.e85_146", "pdbset": null, "lrpepxh": -1.0, "finallr": 294.6106, "lrpepelmh": -1.0, "template": "", "viralprotein_id": 13281, "lrsm": -1.0, "id": 31518542, "lrpepxv": -1.0, "lrredundpairs": 1.5513, "humanprotein_id": 3727, "vphfpdID": "001038@1tue_B.2"}, {"lrredund": 21.3884, "lrpepelmv": 12.1604, "hphfpdID": "001060.e180_274", "pdbset": null, "lrpepxh": -1.0, "finallr": 260.0908, "lrpepelmh": -1.0, "template": "1n5z:AB(0.48,0.10,39/96,23,30)", "viralprotein_id": 13281, "lrsm": 3.1219, "id": 31518676, "lrpepxv": -1.0, "lrredundpairs": 19.2898, "humanprotein_id": 17652, "vphfpdID": "001038.d1_122@1r6n_A.1"}, {"lrredund": 20.9141, "lrpepelmv": -1.0, "hphfpdID": "005354.d1306_1612", "pdbset": null, "lrpepxh": -1.0, "finallr": 100.4723, "lrpepelmh": -1.0, "template": "3kvp:BF(0.38,0.17,56/67,24,21)", "viralprotein_id": 13281, "lrsm": 4.804, "id": 31519004, "lrpepxv": -1.0, "lrredundpairs": 0.7707, "humanprotein_id": 7033, "vphfpdID": "001038.d1_122@1r6n_A.1"}, {"lrredund": 20.9141, "lrpepelmv": -1.0, "hphfpdID": "006178.e1631_1722", "pdbset": null, "lrpepxh": -1.0, "finallr": 225.7435, "lrpepelmh": -1.0, "template": "1bd2:DE(0.35,0.46,59/218,41,51)", "viralprotein_id": 13281, "lrsm": 10.7938, "id": 31519020, "lrpepxv": -1.0, "lrredundpairs": 0.7707, "humanprotein_id": 2856, "vphfpdID": "001038.e300_382@2bop_A.1"}, {"lrredund": 3.7695, "lrpepelmv": -1.0, "hphfpdID": "017499.e12763_12856", "pdbset": null, "lrpepxh": -1.0, "finallr": 251.7492, "lrpepelmh": -1.0, "template": "3bku:AB(0.41,0.58,58/71,42,55)", "viralprotein_id": 13281, "lrsm": 66.7858, "id": 31519087, "lrpepxv": -1.0, "lrredundpairs": -1.0, "humanprotein_id": 13935, "vphfpdID": "001038.e300_382@2bop_A.1"}, {"lrredund": 20.9141, "lrpepelmv": -1.0, "hphfpdID": "018501.e80_165", "pdbset": null, "lrpepxh": -1.0, "finallr": 113.7978, "lrpepelmh": -1.0, "template": "3w1y:CA(0.40,0.38,68/104,49,59)", "viralprotein_id": 13281, "lrsm": 5.4412, "id": 31519218, "lrpepxv": -1.0, "lrredundpairs": 20.9141, "humanprotein_id": 1286, "vphfpdID": "001038.e300_382@2bop_A.1"}, {"lrredund": 20.9141, "lrpepelmv": 6.0558, "hphfpdID": "007227.d56_328", "pdbset": null, "lrpepxh": -1.0, "finallr": 126.6506, "lrpepelmh": -1.0, "template": "1auu:BA(0.48,0.30,69/104,11,4)", "viralprotein_id": 13281, "lrsm": 1.8563, "id": 31519255, "lrpepxv": -1.0, "lrredundpairs": 20.9141, "humanprotein_id": 5539, "vphfpdID": "001038.d1_122@2jeu_A.5"}, {"lrredund": 20.9141, "lrpepelmv": 10.9142, "hphfpdID": "005478.e262_551", "pdbset": null, "lrpepxh": -1.0, "finallr": 228.2616, "lrpepelmh": -1.0, "template": "", "viralprotein_id": 13281, "lrsm": -1.0, "id": 31519295, "lrpepxv": -1.0, "lrredundpairs": 1.1877, "humanprotein_id": 2880, "vphfpdID": "001038@1dto_A.3"}, {"lrredund": 20.9141, "lrpepelmv": -1.0, "hphfpdID": "005567", "pdbset": null, "lrpepxh": -1.0, "finallr": 113.5635, "lrpepelmh": -1.0, "template": "1l1c:BA(0.40,0.39,108/127,21,28)", "viralprotein_id": 13281, "lrsm": 2.9486, "id": 31519328, "lrpepxv": 5.43, "lrredundpairs": 19.2898, "humanprotein_id": 3874, "vphfpdID": "001038.d1_122@2nnu_A.3"}, {"lrredund": 1.7092, "lrpepelmv": -1.0, "hphfpdID": "012482.d285_373", "pdbset": null, "lrpepxh": -1.0, "finallr": 114.1503, "lrpepelmh": -1.0, "template": "3qsi:BC(0.46,0.35,58/68,41,56)", "viralprotein_id": 13281, "lrsm": 66.7858, "id": 31519505, "lrpepxv": -1.0, "lrredundpairs": -1.0, "humanprotein_id": 7311, "vphfpdID": "001038.e300_382@2bop_A.1"}, {"lrredund": 2.409, "lrpepelmv": 104.3713, "hphfpdID": "014176.e786_960", "pdbset": null, "lrpepxh": -1.0, "finallr": 251.4306, "lrpepelmh": -1.0, "template": "2x48:BA(0.58,0.46,43/47,7,4)", "viralprotein_id": 13281, "lrsm": 1.2704, "id": 31519594, "lrpepxv": 3.84, "lrredundpairs": -1.0, "humanprotein_id": 4582, "vphfpdID": "001038@2nnu_A.4"}, {"lrredund": 3.124, "lrpepelmv": -1.0, "hphfpdID": "015694.d296_366", "pdbset": null, "lrpepxh": -1.0, "finallr": 106.3125, "lrpepelmh": -1.0, "template": "3mpw:GK(0.26,0.34,59/103,41,59)", "viralprotein_id": 13281, "lrsm": 34.0309, "id": 31519903, "lrpepxv": -1.0, "lrredundpairs": 3.124, "humanprotein_id": 4340, "vphfpdID": "001038.e300_382@2bop_A.1"}, {"lrredund": 3.124, "lrpepelmv": -1.0, "hphfpdID": "005112.e269_381", "pdbset": null, "lrpepxh": -1.0, "finallr": 106.3125, "lrpepelmh": -1.0, "template": "3kng:AB(0.31,0.22,58/135,41,49)", "viralprotein_id": 13281, "lrsm": 34.0309, "id": 31520164, "lrpepxv": -1.0, "lrredundpairs": 3.124, "humanprotein_id": 4496, "vphfpdID": "001038.e300_382@2bop_A.1"}, {"lrredund": 3.124, "lrpepelmv": -1.0, "hphfpdID": "014802.d99_178", "pdbset": null, "lrpepxh": -1.0, "finallr": 208.6389, "lrpepelmh": -1.0, "template": "3bku:DC(0.42,0.57,58/68,42,55)", "viralprotein_id": 13281, "lrsm": 66.7858, "id": 31520184, "lrpepxv": -1.0, "lrredundpairs": -1.0, "humanprotein_id": 7254, "vphfpdID": "001038.e300_382@2bop_A.1"}, {"lrredund": 3.124, "lrpepelmv": -1.0, "hphfpdID": "016505.d1_93", "pdbset": null, "lrpepxh": -1.0, "finallr": 198.0312, "lrpepelmh": -1.0, "template": "2gj2:AC(0.56,0.60,59/69,42,51)", "viralprotein_id": 13281, "lrsm": 63.3903, "id": 31520675, "lrpepxv": -1.0, "lrredundpairs": 2.409, "humanprotein_id": 6585, "vphfpdID": "001038.e300_382@2bop_A.1"}, {"lrredund": 20.9141, "lrpepelmv": -1.0, "hphfpdID": "002626", "pdbset": null, "lrpepxh": -1.0, "finallr": 146.2218, "lrpepelmh": -1.0, "template": "1hez:EC(0.33,0.04,63/81,15,2)", "viralprotein_id": 13281, "lrsm": 6.9915, "id": 31520826, "lrpepxv": -1.0, "lrredundpairs": 15.8699, "humanprotein_id": 2804, "vphfpdID": "001038.e300_382@2bop_A.1"}, {"lrredund": 20.9141, "lrpepelmv": -1.0, "hphfpdID": "005209.d243_326", "pdbset": null, "lrpepxh": -1.0, "finallr": 1396.765, "lrpepelmh": -1.0, "template": "3bku:AB(0.41,0.56,59/71,43,56)", "viralprotein_id": 13281, "lrsm": 66.7858, "id": 31521212, "lrpepxv": -1.0, "lrredundpairs": 20.9141, "humanprotein_id": 8007, "vphfpdID": "001038.e300_382@2bop_A.1"}, {"lrredund": 21.3884, "lrpepelmv": -1.0, "hphfpdID": "005209.e1_96", "pdbset": null, "lrpepxh": -1.0, "finallr": 219.339, "lrpepelmh": -1.0, "template": "2z4p:DA(0.47,0.37,76/93,41,41)", "viralprotein_id": 13283, "lrsm": 10.255, "id": 5993452, "lrpepxv": -1.0, "lrredundpairs": 0.7707, "humanprotein_id": 8007, "vphfpdID": "001040.e121_602@1r9w_A.4"}, {"lrredund": 20.9141, "lrpepelmv": -1.0, "hphfpdID": "016729", "pdbset": null, "lrpepxh": -1.0, "finallr": 105.1868, "lrpepelmh": -1.0, "template": "2lk6:BA(0.33,0.51,125/154,20,5)", "viralprotein_id": 13283, "lrsm": 5.0295, "id": 5994085, "lrpepxv": -1.0, "lrredundpairs": 1.1877, "humanprotein_id": 6415, "vphfpdID": "001040.e121_602@1ksy_A.3"}, {"lrredund": 21.3884, "lrpepelmv": -1.0, "hphfpdID": "015893", "pdbset": null, "lrpepxh": -1.0, "finallr": 107.5723, "lrpepelmh": -1.0, "template": "2lk6:BA(0.33,0.59,136/154,18,6)", "viralprotein_id": 13283, "lrsm": 5.0295, "id": 5994803, "lrpepxv": -1.0, "lrredundpairs": -1.0, "humanprotein_id": 14569, "vphfpdID": "001040.e121_602@1ksy_A.3"}, {"lrredund": 21.3884, "lrpepelmv": 15.8041, "hphfpdID": "016466.e85_146", "pdbset": null, "lrpepxh": -1.0, "finallr": 338.0243, "lrpepelmh": -1.0, "template": "2lk6:BA(0.33,0.51,135/154,24,11)", "viralprotein_id": 13283, "lrsm": 3.4243, "id": 5995807, "lrpepxv": -1.0, "lrredundpairs": 0.7707, "humanprotein_id": 3727, "vphfpdID": "001040.e121_602@1ksy_A.3"}, {"lrredund": 21.3884, "lrpepelmv": 15.8041, "hphfpdID": "016615.d83_292", "pdbset": null, "lrpepxh": -1.0, "finallr": 338.0243, "lrpepelmh": -1.0, "template": "1sxj:CA(0.58,0.42,17/23,12,11)", "viralprotein_id": 13283, "lrsm": 1.2265, "id": 5996003, "lrpepxv": -1.0, "lrredundpairs": -1.0, "humanprotein_id": 5095, "vphfpdID": "001040.e121_602@2gxa_A.2"}, {"lrredund": 4.2492, "lrpepelmv": -1.0, "hphfpdID": "008899", "pdbset": null, "lrpepxh": -1.0, "finallr": 101.404, "lrpepelmh": -1.0, "template": "2orv:BA(0.38,0.00,133/214,61,79)", "viralprotein_id": 13283, "lrsm": 23.8643, "id": 5996466, "lrpepxv": -1.0, "lrredundpairs": -1.0, "humanprotein_id": 2925, "vphfpdID": "001040.e121_602@2v9p_A.1"}, {"lrredund": 4.2492, "lrpepelmv": 27.4837, "hphfpdID": "010174.e436_491", "pdbset": null, "lrpepxh": -1.0, "finallr": 116.7838, "lrpepelmh": -1.0, "template": "2lk6:BA(0.55,0.54,131/154,28,28)", "viralprotein_id": 13283, "lrsm": 3.2502, "id": 5996637, "lrpepxv": -1.0, "lrredundpairs": -1.0, "humanprotein_id": 6667, "vphfpdID": "001040.e121_602@1r9w_A.4"}, {"lrredund": 21.3884, "lrpepelmv": 9.677, "hphfpdID": "001751.e1_73", "pdbset": null, "lrpepxh": -1.0, "finallr": 206.9754, "lrpepelmh": -1.0, "template": "2orv:BA(0.40,0.12,39/214,22,25)", "viralprotein_id": 13283, "lrsm": 2.7953, "id": 5997060, "lrpepxv": -1.0, "lrredundpairs": -1.0, "humanprotein_id": 5041, "vphfpdID": "001040.e121_602@2gxa_A.2"}, {"lrredund": 21.3884, "lrpepelmv": 9.3373, "hphfpdID": "001349", "pdbset": null, "lrpepxh": -1.0, "finallr": 199.7102, "lrpepelmh": -1.0, "template": "", "viralprotein_id": 13283, "lrsm": -1.0, "id": 5997707, "lrpepxv": -1.0, "lrredundpairs": -1.0, "humanprotein_id": 7312, "vphfpdID": "001040@2v9p_A.1"}, {"lrredund": 21.3884, "lrpepelmv": 15.8041, "hphfpdID": "016613.e316_567", "pdbset": null, "lrpepxh": -1.0, "finallr": 338.0243, "lrpepelmh": -1.0, "template": "3cjs:AC(0.54,0.56,18/39,7,0)", "viralprotein_id": 13283, "lrsm": 1.1641, "id": 5998909, "lrpepxv": -1.0, "lrredundpairs": -1.0, "humanprotein_id": 5161, "vphfpdID": "001040.e121_602@1r9w_A.4"}, {"lrredund": 20.9141, "lrpepelmv": -1.0, "hphfpdID": "018800.e309_403", "pdbset": null, "lrpepxh": -1.0, "finallr": 125.2067, "lrpepelmh": -1.0, "template": "2lk6:BA(0.33,0.34,146/154,18,4)", "viralprotein_id": 13283, "lrsm": 5.9867, "id": 5999476, "lrpepxv": -1.0, "lrredundpairs": -1.0, "humanprotein_id": 4109, "vphfpdID": "001040.e121_602@1ksy_A.3"}, {"lrredund": 2.3254, "lrpepelmv": -1.0, "hphfpdID": "013717.d181_247", "pdbset": null, "lrpepxh": -1.0, "finallr": 197.5948, "lrpepelmh": -1.0, "template": "2gxa:ED(0.09,0.30,60/146,41,45)", "viralprotein_id": 13283, "lrsm": 84.9724, "id": 5999573, "lrpepxv": -1.0, "lrredundpairs": -1.0, "humanprotein_id": 6309, "vphfpdID": "001040.e121_602@2gxa_A.2"}, {"lrredund": 21.3884, "lrpepelmv": -1.0, "hphfpdID": "014262.d1_78", "pdbset": null, "lrpepxh": -1.0, "finallr": 107.5723, "lrpepelmh": -1.0, "template": "2lk6:BA(0.33,0.50,129/154,19,9)", "viralprotein_id": 13283, "lrsm": 5.0295, "id": 6000904, "lrpepxv": -1.0, "lrredundpairs": -1.0, "humanprotein_id": 5865, "vphfpdID": "001040.e121_602@1ksy_A.3"}, {"lrredund": 4.2492, "lrpepelmv": 32.9939, "hphfpdID": "017284.e87_316", "pdbset": null, "lrpepxh": -1.0, "finallr": 140.1976, "lrpepelmh": -1.0, "template": "", "viralprotein_id": 13283, "lrsm": -1.0, "id": 6001087, "lrpepxv": -1.0, "lrredundpairs": -1.0, "humanprotein_id": 7960, "vphfpdID": "001040@1r9w_A.4"}, {"lrredund": 21.3884, "lrpepelmv": -1.0, "hphfpdID": "017046.d486_635", "pdbset": null, "lrpepxh": -1.0, "finallr": 175.5488, "lrpepelmh": -1.0, "template": "2gxa:JI(0.06,0.50,69/146,41,47)", "viralprotein_id": 13283, "lrsm": 8.2077, "id": 6001783, "lrpepxv": -1.0, "lrredundpairs": -1.0, "humanprotein_id": 6818, "vphfpdID": "001040.e121_602@2gxa_A.2"}, {"lrredund": 21.3884, "lrpepelmv": -1.0, "hphfpdID": "016448.e1_99", "pdbset": null, "lrpepxh": -1.0, "finallr": 107.5723, "lrpepelmh": -1.0, "template": "2lk6:BA(0.33,0.54,144/154,19,5)", "viralprotein_id": 13283, "lrsm": 5.0295, "id": 6001989, "lrpepxv": -1.0, "lrredundpairs": 1.1877, "humanprotein_id": 7393, "vphfpdID": "001040.e121_602@1ksy_A.3"}, {"lrredund": 21.3884, "lrpepelmv": -1.0, "hphfpdID": "017454.e64_147", "pdbset": null, "lrpepxh": -1.0, "finallr": 107.5723, "lrpepelmh": -1.0, "template": "2lk6:BA(0.33,0.50,128/154,18,6)", "viralprotein_id": 13283, "lrsm": 5.0295, "id": 6002291, "lrpepxv": -1.0, "lrredundpairs": -1.0, "humanprotein_id": 7296, "vphfpdID": "001040.e121_602@1ksy_A.3"}, {"lrredund": 21.3884, "lrpepelmv": -1.0, "hphfpdID": "016859.d83_144", "pdbset": null, "lrpepxh": -1.0, "finallr": 107.5723, "lrpepelmh": -1.0, "template": "2lk6:BA(0.33,0.54,124/154,12,4)", "viralprotein_id": 13283, "lrsm": 5.0295, "id": 6002382, "lrpepxv": -1.0, "lrredundpairs": -1.0, "humanprotein_id": 4494, "vphfpdID": "001040.e121_602@1ksy_A.3"}, {"lrredund": 20.9141, "lrpepelmv": -1.0, "hphfpdID": "018500.d533_608", "pdbset": null, "lrpepxh": -1.0, "finallr": 105.1868, "lrpepelmh": -1.0, "template": "2lk6:BA(0.34,0.50,125/154,18,2)", "viralprotein_id": 13283, "lrsm": 5.0295, "id": 6003240, "lrpepxv": -1.0, "lrredundpairs": 0.7707, "humanprotein_id": 3463, "vphfpdID": "001040@1ksy_A.3"}, {"lrredund": 20.9141, "lrpepelmv": -1.0, "hphfpdID": "006178.e1439_1542", "pdbset": null, "lrpepxh": -1.0, "finallr": 105.1868, "lrpepelmh": -1.0, "template": "2lk6:BA(0.33,0.58,134/154,19,8)", "viralprotein_id": 13283, "lrsm": 5.0295, "id": 6003420, "lrpepxv": -1.0, "lrredundpairs": -1.0, "humanprotein_id": 2856, "vphfpdID": "001040.e121_602@1ksy_A.3"}, {"lrredund": 19.2898, "lrpepelmv": 7.4157, "hphfpdID": "005478.d350_517", "pdbset": null, "lrpepxh": -1.0, "finallr": 143.0465, "lrpepelmh": -1.0, "template": "4ji4:FO(0.59,0.54,2/2,2,1)", "viralprotein_id": 13283, "lrsm": 1.2704, "id": 6003578, "lrpepxv": -1.0, "lrredundpairs": -1.0, "humanprotein_id": 2880, "vphfpdID": "001040.e121_602@1r9w_A.4"}, {"lrredund": 4.2492, "lrpepelmv": 32.9939, "hphfpdID": "017283", "pdbset": null, "lrpepxh": -1.0, "finallr": 140.1976, "lrpepelmh": -1.0, "template": "", "viralprotein_id": 13283, "lrsm": -1.0, "id": 6004625, "lrpepxv": -1.0, "lrredundpairs": -1.0, "humanprotein_id": 5846, "vphfpdID": "001040@1ksy_A.3"}, {"lrredund": 19.2898, "lrpepelmv": 15.8041, "hphfpdID": "007144.e151_217", "pdbset": null, "lrpepxh": -1.0, "finallr": 304.8578, "lrpepelmh": -1.0, "template": "2lk6:BA(0.34,0.46,132/154,20,6)", "viralprotein_id": 13283, "lrsm": 5.0295, "id": 6004942, "lrpepxv": -1.0, "lrredundpairs": 0.7707, "humanprotein_id": 6385, "vphfpdID": "001040@1ksy_A.3"}, {"lrredund": 15.8699, "lrpepelmv": -1.0, "hphfpdID": "017281.d200_434", "pdbset": null, "lrpepxh": -1.0, "finallr": 285.4925, "lrpepelmh": -1.0, "template": "4i4l:BA(0.59,0.43,55/125,41,36)", "viralprotein_id": 13283, "lrsm": 17.9896, "id": 6005775, "lrpepxv": -1.0, "lrredundpairs": -1.0, "humanprotein_id": 5906, "vphfpdID": "001040.e121_602@2v9p_A.1"}, {"lrredund": 21.3884, "lrpepelmv": -1.0, "hphfpdID": "011519.g120_294", "pdbset": null, "lrpepxh": -1.0, "finallr": 166.727, "lrpepelmh": -1.0, "template": "2gxa:GL(0.04,0.30,53/97,32,40)", "viralprotein_id": 13283, "lrsm": 7.7952, "id": 6005897, "lrpepxv": -1.0, "lrredundpairs": -1.0, "humanprotein_id": 3074, "vphfpdID": "001040.e121_602@2v9p_A.1"}]