[{"lrredund": 2.3588, "lrpepelmv": -1.0, "hphfpdID": "012637.e288_365", "pdbset": null, "lrpepxh": -1.0, "finallr": 108.4487, "lrpepelmh": -1.0, "template": "3vke:CA(0.24,0.03,67/80,41,64)", "viralprotein_id": 13297, "lrsm": 45.9762, "id": 40242445, "lrpepxv": 3.66, "lrredundpairs": 1.5513, "humanprotein_id": 7908, "vphfpdID": "001054@2ewl_A.1"}, {"lrredund": -1.0, "lrpepelmv": -1.0, "hphfpdID": "020159.g97_193", "pdbset": null, "lrpepxh": -1.0, "finallr": 103.6048, "lrpepelmh": -1.0, "template": "2axy:CD(0.33,0.58,60/74,41,57)", "viralprotein_id": 13297, "lrsm": 66.7858, "id": 40242634, "lrpepxv": -1.0, "lrredundpairs": 1.5513, "humanprotein_id": 8071, "vphfpdID": "001054@2ewl_A.1"}, {"lrredund": 20.9141, "lrpepelmv": -1.0, "hphfpdID": "016730", "pdbset": null, "lrpepxh": -1.0, "finallr": 214.4751, "lrpepelmh": -1.0, "template": "2rmm:BA(0.43,0.49,80/99,41,78)", "viralprotein_id": 13297, "lrsm": 10.255, "id": 40243467, "lrpepxv": -1.0, "lrredundpairs": 2.3768, "humanprotein_id": 6290, "vphfpdID": "001054@2ewl_A.1"}, {"lrredund": 2.3588, "lrpepelmv": -1.0, "hphfpdID": "007968.e487_577", "pdbset": null, "lrpepxh": -1.0, "finallr": 108.4487, "lrpepelmh": -1.0, "template": "2axy:AB(0.28,0.07,64/74,42,60)", "viralprotein_id": 13297, "lrsm": 45.9762, "id": 40244422, "lrpepxv": 2.59, "lrredundpairs": -1.0, "humanprotein_id": 18223, "vphfpdID": "001054@2ewl_A.1"}, {"lrredund": 3.124, "lrpepelmv": -1.0, "hphfpdID": "012636.e278_356", "pdbset": null, "lrpepxh": -1.0, "finallr": 143.6297, "lrpepelmh": -1.0, "template": "3vke:AC(0.22,0.05,72/80,42,63)", "viralprotein_id": 13297, "lrsm": 45.9762, "id": 40244665, "lrpepxv": 3.66, "lrredundpairs": 1.5513, "humanprotein_id": 7907, "vphfpdID": "001054@2ewl_A.1"}, {"lrredund": 4.0064, "lrpepelmv": 50.5585, "hphfpdID": "014240.d655_725", "pdbset": null, "lrpepxh": -1.0, "finallr": 202.5576, "lrpepelmh": -1.0, "template": "3vke:BD(0.22,0.36,47/80,28,34)", "viralprotein_id": 13297, "lrsm": 3.1219, "id": 40245688, "lrpepxv": 3.84, "lrredundpairs": -1.0, "humanprotein_id": 3056, "vphfpdID": "001054@2ewl_A.1"}, {"lrredund": 20.9141, "lrpepelmv": -1.0, "hphfpdID": "018800.e521_739", "pdbset": null, "lrpepxh": -1.0, "finallr": 100.4723, "lrpepelmh": -1.0, "template": "1hez:EA(0.36,0.22,44/55,23,22)", "viralprotein_id": 13297, "lrsm": 4.804, "id": 40245811, "lrpepxv": -1.0, "lrredundpairs": 1.1877, "humanprotein_id": 4109, "vphfpdID": "001054@2ewl_A.1"}, {"lrredund": -1.0, "lrpepelmv": -1.0, "hphfpdID": "006824.d403_497", "pdbset": null, "lrpepxh": -1.0, "finallr": 123.3237, "lrpepelmh": -1.0, "template": "2axy:CD(0.33,0.41,60/74,42,59)", "viralprotein_id": 13297, "lrsm": 79.497, "id": 40245890, "lrpepxv": -1.0, "lrredundpairs": 1.5513, "humanprotein_id": 12824, "vphfpdID": "001054@2ewl_A.1"}, {"lrredund": 19.2898, "lrpepelmv": -1.0, "hphfpdID": "016869.d56_203", "pdbset": null, "lrpepxh": -1.0, "finallr": 158.3242, "lrpepelmh": -1.0, "template": "2f8b:AB(0.22,0.37,87/166,45,81)", "viralprotein_id": 13297, "lrsm": 8.2077, "id": 40246339, "lrpepxv": 6.56, "lrredundpairs": -1.0, "humanprotein_id": 4495, "vphfpdID": "001054@2ewl_A.1"}, {"lrredund": 20.9141, "lrpepelmv": -1.0, "hphfpdID": "016448.e44_121", "pdbset": null, "lrpepxh": -1.0, "finallr": 113.7978, "lrpepelmh": -1.0, "template": "2f8b:AB(0.22,0.42,91/166,43,69)", "viralprotein_id": 13297, "lrsm": 5.4412, "id": 40246799, "lrpepxv": -1.0, "lrredundpairs": 2.4183, "humanprotein_id": 7393, "vphfpdID": "001054@2ewl_A.1"}, {"lrredund": 20.9141, "lrpepelmv": -1.0, "hphfpdID": "005158.d818_927", "pdbset": null, "lrpepxh": -1.0, "finallr": 125.499, "lrpepelmh": -1.0, "template": "1rqq:DB(0.36,0.03,4/5,4,2)", "viralprotein_id": 13297, "lrsm": 6.0007, "id": 40246830, "lrpepxv": -1.0, "lrredundpairs": 3.9363, "humanprotein_id": 2711, "vphfpdID": "001054@2ewl_A.1"}, {"lrredund": 20.9141, "lrpepelmv": -1.0, "hphfpdID": "014262.d1_78", "pdbset": null, "lrpepxh": -1.0, "finallr": 163.0298, "lrpepelmh": -1.0, "template": "2dx5:AB(0.29,0.09,23/47,22,23)", "viralprotein_id": 13297, "lrsm": 7.7952, "id": 40248430, "lrpepxv": 2.59, "lrredundpairs": -1.0, "humanprotein_id": 5865, "vphfpdID": "001054@2ewl_A.1"}, {"lrredund": 19.2898, "lrpepelmv": -1.0, "hphfpdID": "016859.d618_709", "pdbset": null, "lrpepxh": -1.0, "finallr": 106.0689, "lrpepelmh": -1.0, "template": "1adj:CA(0.24,0.13,25/48,14,11)", "viralprotein_id": 13297, "lrsm": 5.4987, "id": 40248834, "lrpepxv": 2.59, "lrredundpairs": 1.1877, "humanprotein_id": 4494, "vphfpdID": "001054@2ewl_A.1"}, {"lrredund": -1.0, "lrpepelmv": -1.0, "hphfpdID": "004856", "pdbset": null, "lrpepxh": -1.0, "finallr": 109.2763, "lrpepelmh": -1.0, "template": "3vke:CA(0.24,0.13,69/80,42,64)", "viralprotein_id": 13297, "lrsm": 45.9762, "id": 40248971, "lrpepxv": -1.0, "lrredundpairs": 2.3768, "humanprotein_id": 177, "vphfpdID": "001054@2ewl_A.1"}, {"lrredund": 20.9141, "lrpepelmv": -1.0, "hphfpdID": "018501.e80_165", "pdbset": null, "lrpepxh": -1.0, "finallr": 214.4751, "lrpepelmh": -1.0, "template": "2rmm:BA(0.43,0.48,92/99,41,86)", "viralprotein_id": 13297, "lrsm": 10.255, "id": 40249622, "lrpepxv": -1.0, "lrredundpairs": 2.4183, "humanprotein_id": 1286, "vphfpdID": "001054@2ewl_A.1"}, {"lrredund": 2.3588, "lrpepelmv": -1.0, "hphfpdID": "006386.d234_303", "pdbset": null, "lrpepxh": -1.0, "finallr": 108.4487, "lrpepelmh": -1.0, "template": "2pqu:CD(0.23,0.11,65/78,41,61)", "viralprotein_id": 13297, "lrsm": 45.9762, "id": 40249701, "lrpepxv": -1.0, "lrredundpairs": -1.0, "humanprotein_id": 14158, "vphfpdID": "001054@2ewl_A.1"}, {"lrredund": 20.9141, "lrpepelmv": -1.0, "hphfpdID": "008378.d463_902", "pdbset": null, "lrpepxh": -1.0, "finallr": 105.6647, "lrpepelmh": -1.0, "template": "1q10:BA(0.56,0.58,139/301,47,76)", "viralprotein_id": 13297, "lrsm": 5.0523, "id": 40250024, "lrpepxv": 2.59, "lrredundpairs": 0.7707, "humanprotein_id": 3758, "vphfpdID": "001054@2ewl_A.1"}, {"lrredund": 4.0064, "lrpepelmv": -1.0, "hphfpdID": "007649.e386_463", "pdbset": null, "lrpepxh": -1.0, "finallr": 184.1991, "lrpepelmh": -1.0, "template": "2pqu:CD(0.23,0.06,70/78,41,51)", "viralprotein_id": 13297, "lrsm": 45.9762, "id": 40250223, "lrpepxv": -1.0, "lrredundpairs": 1.5513, "humanprotein_id": 6297, "vphfpdID": "001054@2ewl_A.1"}, {"lrredund": 2.409, "lrpepelmv": 50.5585, "hphfpdID": "014178.g238_416", "pdbset": null, "lrpepxh": -1.0, "finallr": 121.7954, "lrpepelmh": -1.0, "template": "4bmj:BA(0.14,0.43,47/80,23,34)", "viralprotein_id": 13297, "lrsm": 3.1219, "id": 40251443, "lrpepxv": -1.0, "lrredundpairs": 1.1877, "humanprotein_id": 7007, "vphfpdID": "001054@2b9d_A.2"}, {"lrredund": 20.9141, "lrpepelmv": -1.0, "hphfpdID": "010507.e200_298", "pdbset": null, "lrpepxh": -1.0, "finallr": 115.0004, "lrpepelmh": -1.0, "template": "1zm0:AB(0.20,0.18,23/54,16,11)", "viralprotein_id": 13297, "lrsm": 5.4987, "id": 40251760, "lrpepxv": 2.59, "lrredundpairs": 1.5513, "humanprotein_id": 4475, "vphfpdID": "001054@2ewl_A.1"}, {"lrredund": 19.2898, "lrpepelmv": -1.0, "hphfpdID": "013899.d849_992", "pdbset": null, "lrpepxh": -1.0, "finallr": 247.8394, "lrpepelmh": -1.0, "template": "3gsd:DG(0.21,0.54,52/282,41,42)", "viralprotein_id": 13297, "lrsm": 12.8482, "id": 40251871, "lrpepxv": 3.84, "lrredundpairs": 1.373, "humanprotein_id": 1240, "vphfpdID": "001054@2ewl_A.1"}, {"lrredund": 20.9141, "lrpepelmv": -1.0, "hphfpdID": "016615.d554_715", "pdbset": null, "lrpepxh": -1.0, "finallr": 105.6647, "lrpepelmh": -1.0, "template": "1nei:BA(0.59,0.52,121/209,44,57)", "viralprotein_id": 13297, "lrsm": 5.0523, "id": 40252008, "lrpepxv": -1.0, "lrredundpairs": -1.0, "humanprotein_id": 5095, "vphfpdID": "001054@2ewl_A.1"}, {"lrredund": 1.7092, "lrpepelmv": -1.0, "hphfpdID": "005164.d323_416", "pdbset": null, "lrpepxh": -1.0, "finallr": 135.8763, "lrpepelmh": -1.0, "template": "2axy:CD(0.33,0.45,60/74,42,60)", "viralprotein_id": 13297, "lrsm": 79.497, "id": 40252052, "lrpepxv": -1.0, "lrredundpairs": -1.0, "humanprotein_id": 4061, "vphfpdID": "001054@2ewl_A.1"}, {"lrredund": 2.409, "lrpepelmv": 50.5585, "hphfpdID": "014176", "pdbset": null, "lrpepxh": -1.0, "finallr": 121.7954, "lrpepelmh": -1.0, "template": "", "viralprotein_id": 13297, "lrsm": -1.0, "id": 40252087, "lrpepxv": -1.0, "lrredundpairs": 1.1877, "humanprotein_id": 4582, "vphfpdID": "001054@2b9d_A.2"}, {"lrredund": 20.9141, "lrpepelmv": -1.0, "hphfpdID": "016729", "pdbset": null, "lrpepxh": -1.0, "finallr": 132.5129, "lrpepelmh": -1.0, "template": "2f8b:BA(0.17,0.58,122/166,47,96)", "viralprotein_id": 13297, "lrsm": 6.3361, "id": 40252158, "lrpepxv": -1.0, "lrredundpairs": 2.4183, "humanprotein_id": 6415, "vphfpdID": "001054@2ewl_A.1"}, {"lrredund": 20.9141, "lrpepelmv": -1.0, "hphfpdID": "005209.d243_326", "pdbset": null, "lrpepxh": -1.0, "finallr": 225.7435, "lrpepelmh": -1.0, "template": "2bj8:BA(0.45,0.55,60/406,41,57)", "viralprotein_id": 13297, "lrsm": 10.7938, "id": 40252535, "lrpepxv": 2.59, "lrredundpairs": 2.4183, "humanprotein_id": 8007, "vphfpdID": "001054@2ewl_A.1"}, {"lrredund": 20.9141, "lrpepelmv": -1.0, "hphfpdID": "006178.e2120_2203", "pdbset": null, "lrpepxh": -1.0, "finallr": 105.6647, "lrpepelmh": -1.0, "template": "1q10:BA(0.56,0.49,123/301,50,103)", "viralprotein_id": 13297, "lrsm": 5.0523, "id": 40254758, "lrpepxv": 2.59, "lrredundpairs": 1.373, "humanprotein_id": 2856, "vphfpdID": "001054@2ewl_A.1"}, {"lrredund": 20.9141, "lrpepelmv": -1.0, "hphfpdID": "001751.e1_73", "pdbset": null, "lrpepxh": -1.0, "finallr": 171.6559, "lrpepelmh": -1.0, "template": "2f8b:BA(0.17,0.37,117/166,45,61)", "viralprotein_id": 13297, "lrsm": 8.2077, "id": 40255193, "lrpepxv": 3.84, "lrredundpairs": 1.1877, "humanprotein_id": 5041, "vphfpdID": "001054@2ewl_A.1"}, {"lrredund": 20.9141, "lrpepelmv": -1.0, "hphfpdID": "015989.d45_131", "pdbset": null, "lrpepxh": -1.0, "finallr": 113.7978, "lrpepelmh": -1.0, "template": "2f8b:BA(0.17,0.50,89/166,43,77)", "viralprotein_id": 13297, "lrsm": 5.4412, "id": 40255388, "lrpepxv": 2.59, "lrredundpairs": 1.1877, "humanprotein_id": 6577, "vphfpdID": "001054@2ewl_A.1"}, {"lrredund": 20.9141, "lrpepelmv": -1.0, "hphfpdID": "007197.d147_245", "pdbset": null, "lrpepxh": -1.0, "finallr": 145.9733, "lrpepelmh": -1.0, "template": "1aqd:JK(0.17,0.19,42/247,22,35)", "viralprotein_id": 13297, "lrsm": 6.9797, "id": 40256361, "lrpepxv": 2.59, "lrredundpairs": 1.373, "humanprotein_id": 3620, "vphfpdID": "001054@2ewl_A.1"}, {"lrredund": 20.9141, "lrpepelmv": -1.0, "hphfpdID": "018500", "pdbset": null, "lrpepxh": -1.0, "finallr": 163.0298, "lrpepelmh": -1.0, "template": "2dx5:AB(0.29,0.04,23/47,21,21)", "viralprotein_id": 13297, "lrsm": 7.7952, "id": 40256679, "lrpepxv": -1.0, "lrredundpairs": 1.7812, "humanprotein_id": 3463, "vphfpdID": "001054@2ewl_A.1"}, {"lrredund": 20.9141, "lrpepelmv": -1.0, "hphfpdID": "016466.e142_262", "pdbset": null, "lrpepxh": -1.0, "finallr": 113.7978, "lrpepelmh": -1.0, "template": "2f8b:BA(0.17,0.46,115/166,48,93)", "viralprotein_id": 13297, "lrsm": 5.4412, "id": 40257151, "lrpepxv": 2.59, "lrredundpairs": 5.2159, "humanprotein_id": 3727, "vphfpdID": "001054@2ewl_A.1"}, {"lrredund": 2.3588, "lrpepelmv": -1.0, "hphfpdID": "018834.e506_579", "pdbset": null, "lrpepxh": -1.0, "finallr": 108.4487, "lrpepelmh": -1.0, "template": "2pqu:CD(0.23,0.15,69/78,41,56)", "viralprotein_id": 13297, "lrsm": 45.9762, "id": 40257437, "lrpepxv": 2.59, "lrredundpairs": 1.5513, "humanprotein_id": 6638, "vphfpdID": "001054@2ewl_A.1"}, {"lrredund": 20.9141, "lrpepelmv": 2.8946, "hphfpdID": "003962.d133_182", "pdbset": null, "lrpepxh": -1.0, "finallr": 100.4723, "lrpepelmh": -1.0, "template": "4kgs:AB(0.37,0.13,42/48,21,26)", "viralprotein_id": 13297, "lrsm": 4.804, "id": 40258305, "lrpepxv": -1.0, "lrredundpairs": 5.2159, "humanprotein_id": 6447, "vphfpdID": "001054@2b9d_A.2"}, {"lrredund": 20.9141, "lrpepelmv": -1.0, "hphfpdID": "005567.d200_296", "pdbset": null, "lrpepxh": -1.0, "finallr": 115.0004, "lrpepelmh": -1.0, "template": "1zm0:AB(0.20,0.19,23/54,15,9)", "viralprotein_id": 13297, "lrsm": 5.4987, "id": 40258446, "lrpepxv": 3.84, "lrredundpairs": 1.373, "humanprotein_id": 3874, "vphfpdID": "001054@2ewl_A.1"}, {"lrredund": 20.9141, "lrpepelmv": -1.0, "hphfpdID": "007144.e56_156", "pdbset": null, "lrpepxh": -1.0, "finallr": 113.7978, "lrpepelmh": -1.0, "template": "2f8b:AB(0.22,0.42,92/166,43,59)", "viralprotein_id": 13297, "lrsm": 5.4412, "id": 40258778, "lrpepxv": -1.0, "lrredundpairs": 3.7904, "humanprotein_id": 6385, "vphfpdID": "001054@2ewl_A.1"}, {"lrredund": 15.8699, "lrpepelmv": 8.8544, "hphfpdID": "016615.d586_639", "pdbset": null, "lrpepxh": -1.0, "finallr": 140.519, "lrpepelmh": -1.0, "template": "", "viralprotein_id": 13298, "lrsm": -1.0, "id": 13529907, "lrpepxv": -1.0, "lrredundpairs": -1.0, "humanprotein_id": 5095, "vphfpdID": "001055"}, {"lrredund": 19.2898, "lrpepelmv": 7.4157, "hphfpdID": "005478.e262_551", "pdbset": null, "lrpepxh": -1.0, "finallr": 143.0465, "lrpepelmh": -1.0, "template": "", "viralprotein_id": 13298, "lrsm": -1.0, "id": 13533292, "lrpepxv": -1.0, "lrredundpairs": 0.7707, "humanprotein_id": 2880, "vphfpdID": "001055"}, {"lrredund": 19.2898, "lrpepelmv": 8.8544, "hphfpdID": "007144.e56_156", "pdbset": null, "lrpepxh": -1.0, "finallr": 170.8003, "lrpepelmh": -1.0, "template": "2dwv:AB(0.47,0.56,99/102,23,22)", "viralprotein_id": 13298, "lrsm": 2.3512, "id": 13534380, "lrpepxv": -1.0, "lrredundpairs": 1.5513, "humanprotein_id": 6385, "vphfpdID": "001055"}, {"lrredund": 15.8699, "lrpepelmv": -1.0, "hphfpdID": "001509.e1_53", "pdbset": null, "lrpepxh": -1.0, "finallr": 190.3645, "lrpepelmh": -1.0, "template": "2idh:BA(0.30,0.06,41/45,22,30)", "viralprotein_id": 13298, "lrsm": 11.9953, "id": 13534992, "lrpepxv": -1.0, "lrredundpairs": 1.373, "humanprotein_id": 2598, "vphfpdID": "001055"}, {"lrredund": 15.8699, "lrpepelmv": 8.8544, "hphfpdID": "016466", "pdbset": null, "lrpepxh": -1.0, "finallr": 140.519, "lrpepelmh": -1.0, "template": "", "viralprotein_id": 13298, "lrsm": -1.0, "id": 13535912, "lrpepxv": -1.0, "lrredundpairs": 1.7812, "humanprotein_id": 3727, "vphfpdID": "001055"}, {"lrredund": 19.2898, "lrpepelmv": 8.8544, "hphfpdID": "016613.e316_567", "pdbset": null, "lrpepxh": -1.0, "finallr": 170.8003, "lrpepelmh": -1.0, "template": "2idh:BA(0.30,0.56,41/45,11,1)", "viralprotein_id": 13298, "lrsm": 1.3385, "id": 13537741, "lrpepxv": -1.0, "lrredundpairs": -1.0, "humanprotein_id": 5161, "vphfpdID": "001055"}, {"lrredund": 1.7951, "lrpepelmv": -1.0, "hphfpdID": "005521.d1_109", "pdbset": null, "lrpepxh": -1.0, "finallr": 111.8526, "lrpepelmh": -1.0, "template": "2ecs:BA(0.32,0.24,59/115,21,20)", "viralprotein_id": 13299, "lrsm": 3.1219, "id": 26931622, "lrpepxv": 62.31, "lrredundpairs": -1.0, "humanprotein_id": 18750, "vphfpdID": "001056.e1_201@1tue_B.1"}, {"lrredund": 20.9141, "lrpepelmv": -1.0, "hphfpdID": "002626", "pdbset": null, "lrpepxh": -1.0, "finallr": 125.499, "lrpepelmh": -1.0, "template": "2j5l:AB(0.30,0.06,22/26,8,8)", "viralprotein_id": 13299, "lrsm": 6.0007, "id": 26931894, "lrpepxv": -1.0, "lrredundpairs": 15.8699, "humanprotein_id": 2804, "vphfpdID": "001056.e1_201@1dto_A.4"}, {"lrredund": 20.9141, "lrpepelmv": -1.0, "hphfpdID": "017281.d510_649", "pdbset": null, "lrpepxh": -1.0, "finallr": 100.4723, "lrpepelmh": -1.0, "template": "1tue:GH(0.11,0.40,33/40,21,17)", "viralprotein_id": 13299, "lrsm": 4.804, "id": 26932044, "lrpepxv": -1.0, "lrredundpairs": -1.0, "humanprotein_id": 5906, "vphfpdID": "001056.e1_201@1dto_A.4"}, {"lrredund": 1.7951, "lrpepelmv": -1.0, "hphfpdID": "018962", "pdbset": null, "lrpepxh": -1.0, "finallr": 111.8526, "lrpepelmh": -1.0, "template": "", "viralprotein_id": 13299, "lrsm": -1.0, "id": 26932680, "lrpepxv": 62.31, "lrredundpairs": 1.373, "humanprotein_id": 14000, "vphfpdID": "001056@1tue_B.1"}, {"lrredund": 2.3254, "lrpepelmv": 6.0558, "hphfpdID": "009706.e2130_2385", "pdbset": null, "lrpepxh": -1.0, "finallr": 132.3152, "lrpepelmh": -1.0, "template": "1auu:BA(0.47,0.46,89/104,23,26)", "viralprotein_id": 13299, "lrsm": 2.4771, "id": 26932858, "lrpepxv": 56.9, "lrredundpairs": 2.3254, "humanprotein_id": 9068, "vphfpdID": "001056.e1_201@1tue_B.1"}, {"lrredund": 4.0064, "lrpepelmv": 27.4837, "hphfpdID": "010174.e1_100", "pdbset": null, "lrpepxh": -1.0, "finallr": 110.1107, "lrpepelmh": -1.0, "template": "", "viralprotein_id": 13299, "lrsm": -1.0, "id": 26932937, "lrpepxv": -1.0, "lrredundpairs": -1.0, "humanprotein_id": 6667, "vphfpdID": "001056@1tue_B.1"}, {"lrredund": 20.9141, "lrpepelmv": 6.0558, "hphfpdID": "002673.d6_152", "pdbset": null, "lrpepxh": -1.0, "finallr": 126.6506, "lrpepelmh": -1.0, "template": "2rl0:BA(0.22,0.37,3/37,4,2)", "viralprotein_id": 13299, "lrsm": 1.8315, "id": 26933160, "lrpepxv": -1.0, "lrredundpairs": 20.9141, "humanprotein_id": 4427, "vphfpdID": "001056.e1_201@1dto_A.4"}, {"lrredund": 1.7951, "lrpepelmv": -1.0, "hphfpdID": "012780", "pdbset": null, "lrpepxh": -1.0, "finallr": 111.8526, "lrpepelmh": -1.0, "template": "", "viralprotein_id": 13299, "lrsm": -1.0, "id": 26933668, "lrpepxv": 62.31, "lrredundpairs": -1.0, "humanprotein_id": 6995, "vphfpdID": "001056@1tue_B.1"}, {"lrredund": 3.7695, "lrpepelmv": -1.0, "hphfpdID": "004626", "pdbset": null, "lrpepxh": -1.0, "finallr": 234.8775, "lrpepelmh": -1.0, "template": "", "viralprotein_id": 13299, "lrsm": -1.0, "id": 26934258, "lrpepxv": 62.31, "lrredundpairs": -1.0, "humanprotein_id": 1798, "vphfpdID": "001056@1tue_B.1"}, {"lrredund": 3.124, "lrpepelmv": 65.3909, "hphfpdID": "000005", "pdbset": null, "lrpepxh": -1.0, "finallr": 204.281, "lrpepelmh": -1.0, "template": "3k1s:GC(0.59,0.55,33/46,9,5)", "viralprotein_id": 13299, "lrsm": 1.1641, "id": 26934277, "lrpepxv": -1.0, "lrredundpairs": 1.373, "humanprotein_id": 4794, "vphfpdID": "001056.e1_201@2jeu_A.6"}, {"lrredund": 20.9141, "lrpepelmv": 16.112, "hphfpdID": "016466.e142_262", "pdbset": null, "lrpepxh": -1.0, "finallr": 336.9684, "lrpepelmh": -1.0, "template": "2jpp:BA(0.26,0.49,87/262,26,38)", "viralprotein_id": 13299, "lrsm": 2.0008, "id": 26934387, "lrpepxv": -1.0, "lrredundpairs": 20.9141, "humanprotein_id": 3727, "vphfpdID": "001056.e1_201@1r6n_A.2"}, {"lrredund": -1.0, "lrpepelmv": -1.0, "hphfpdID": "001761", "pdbset": null, "lrpepxh": -1.0, "finallr": 116.0459, "lrpepelmh": -1.0, "template": "", "viralprotein_id": 13299, "lrsm": -1.0, "id": 26934602, "lrpepxv": 84.52, "lrredundpairs": 1.373, "humanprotein_id": 8809, "vphfpdID": "001056@2jex_A.5"}, {"lrredund": 21.3884, "lrpepelmv": 6.3442, "hphfpdID": "001349.d2715_2964", "pdbset": null, "lrpepxh": -1.0, "finallr": 135.6925, "lrpepelmh": -1.0, "template": "2idh:DB(0.54,0.45,26/29,3,0)", "viralprotein_id": 13299, "lrsm": 1.3385, "id": 26935117, "lrpepxv": 4.96, "lrredundpairs": -1.0, "humanprotein_id": 7312, "vphfpdID": "001056.e1_201@2jeu_A.6"}, {"lrredund": 19.2898, "lrpepelmv": 4.1867, "hphfpdID": "001509", "pdbset": null, "lrpepxh": -1.0, "finallr": 104.7436, "lrpepelmh": -1.0, "template": "2kik:AB(0.56,0.30,135/144,32,36)", "viralprotein_id": 13299, "lrsm": 3.4243, "id": 26935538, "lrpepxv": 5.43, "lrredundpairs": 19.2898, "humanprotein_id": 2598, "vphfpdID": "001056.e1_201@2jeu_A.6"}, {"lrredund": 21.3884, "lrpepelmv": -1.0, "hphfpdID": "009492.e319_419", "pdbset": null, "lrpepxh": -1.0, "finallr": 116.3786, "lrpepelmh": -1.0, "template": "4l9d:BA(0.30,0.45,87/155,42,51)", "viralprotein_id": 13299, "lrsm": 5.4412, "id": 26935582, "lrpepxv": 3.84, "lrredundpairs": 1.1877, "humanprotein_id": 13229, "vphfpdID": "001056.e1_201@2jeu_A.6"}, {"lrredund": 20.9141, "lrpepelmv": -1.0, "hphfpdID": "006178.e559_615", "pdbset": null, "lrpepxh": -1.0, "finallr": 250.8713, "lrpepelmh": -1.0, "template": "2rkz:EC(0.23,0.10,33/39,21,24)", "viralprotein_id": 13299, "lrsm": 11.9953, "id": 26935803, "lrpepxv": -1.0, "lrredundpairs": 20.9141, "humanprotein_id": 2856, "vphfpdID": "001056.e1_201@2nnu_A.3"}, {"lrredund": 21.3884, "lrpepelmv": -1.0, "hphfpdID": "013899.g1_173", "pdbset": null, "lrpepxh": -1.0, "finallr": 116.139, "lrpepelmh": -1.0, "template": "1twj:CD(0.46,0.21,82/137,22,17)", "viralprotein_id": 13299, "lrsm": 2.0611, "id": 26935837, "lrpepxv": 5.43, "lrredundpairs": 0.7707, "humanprotein_id": 1240, "vphfpdID": "001056.e1_201@2jeu_A.6"}, {"lrredund": 21.3884, "lrpepelmv": 16.112, "hphfpdID": "016615.d554_715", "pdbset": null, "lrpepxh": -1.0, "finallr": 344.6103, "lrpepelmh": -1.0, "template": "2k7i:BA(0.53,0.60,90/324,23,30)", "viralprotein_id": 13299, "lrsm": 1.5955, "id": 26935871, "lrpepxv": -1.0, "lrredundpairs": -1.0, "humanprotein_id": 5095, "vphfpdID": "001056.e1_201@1r6n_A.2"}, {"lrredund": 21.3884, "lrpepelmv": 11.4911, "hphfpdID": "001060.e180_274", "pdbset": null, "lrpepxh": -1.0, "finallr": 245.7766, "lrpepelmh": -1.0, "template": "2pvx:GB(0.59,0.42,59/60,21,37)", "viralprotein_id": 13299, "lrsm": 2.5395, "id": 26935909, "lrpepxv": -1.0, "lrredundpairs": 0.7707, "humanprotein_id": 17652, "vphfpdID": "001056.e1_201@1r6n_A.2"}, {"lrredund": 20.9141, "lrpepelmv": -1.0, "hphfpdID": "005567", "pdbset": null, "lrpepxh": -1.0, "finallr": 113.5635, "lrpepelmh": -1.0, "template": "", "viralprotein_id": 13299, "lrsm": -1.0, "id": 26936161, "lrpepxv": 5.43, "lrredundpairs": 1.1877, "humanprotein_id": 3874, "vphfpdID": "001056@2jeu_A.6"}, {"lrredund": 20.9141, "lrpepelmv": 16.112, "hphfpdID": "016613.e557_714", "pdbset": null, "lrpepxh": -1.0, "finallr": 336.9684, "lrpepelmh": -1.0, "template": "4jeg:BA(0.28,0.32,51/102,28,27)", "viralprotein_id": 13299, "lrsm": 3.1219, "id": 26936239, "lrpepxv": -1.0, "lrredundpairs": -1.0, "humanprotein_id": 5161, "vphfpdID": "001056.e1_201@2nnu_A.3"}, {"lrredund": 4.2492, "lrpepelmv": 65.3909, "hphfpdID": "000001", "pdbset": null, "lrpepxh": -1.0, "finallr": 277.8589, "lrpepelmh": -1.0, "template": "2z3r:JC(0.55,0.37,1/51,0,0)", "viralprotein_id": 13299, "lrsm": 1.02, "id": 26936609, "lrpepxv": -1.0, "lrredundpairs": 4.0064, "humanprotein_id": 4793, "vphfpdID": "001056.e1_201@1dto_A.4"}, {"lrredund": 20.9141, "lrpepelmv": -1.0, "hphfpdID": "018800.e215_312", "pdbset": null, "lrpepxh": -1.0, "finallr": 113.7978, "lrpepelmh": -1.0, "template": "4l9d:BA(0.30,0.40,87/155,49,60)", "viralprotein_id": 13299, "lrsm": 5.4412, "id": 26936908, "lrpepxv": -1.0, "lrredundpairs": 20.9141, "humanprotein_id": 4109, "vphfpdID": "001056.e1_201@2jeu_A.6"}, {"lrredund": 2.409, "lrpepelmv": 6.0558, "hphfpdID": "016486.d81_222", "pdbset": null, "lrpepxh": -1.0, "finallr": 150.1047, "lrpepelmh": -1.0, "template": "3kvp:BE(0.36,0.21,32/67,23,18)", "viralprotein_id": 13299, "lrsm": 3.1219, "id": 26936983, "lrpepxv": 62.31, "lrredundpairs": 2.409, "humanprotein_id": 6479, "vphfpdID": "001056.e1_201@1tue_B.1"}, {"lrredund": 20.9141, "lrpepelmv": -1.0, "hphfpdID": "016730", "pdbset": null, "lrpepxh": -1.0, "finallr": 168.6361, "lrpepelmh": -1.0, "template": "2lk6:BA(0.50,0.53,146/154,41,76)", "viralprotein_id": 13299, "lrsm": 8.0633, "id": 26937364, "lrpepxv": -1.0, "lrredundpairs": 20.9141, "humanprotein_id": 6290, "vphfpdID": "001056.e1_201@2nnu_A.3"}, {"lrredund": 20.9141, "lrpepelmv": -1.0, "hphfpdID": "000172.d365_549", "pdbset": null, "lrpepxh": -1.0, "finallr": 105.1868, "lrpepelmh": -1.0, "template": "2kik:AB(0.57,0.43,140/144,18,3)", "viralprotein_id": 13299, "lrsm": 5.0295, "id": 26937991, "lrpepxv": -1.0, "lrredundpairs": 0.7707, "humanprotein_id": 2981, "vphfpdID": "001056@2jeu_A.6"}, {"lrredund": 20.9141, "lrpepelmv": 6.0558, "hphfpdID": "018111", "pdbset": null, "lrpepxh": -1.0, "finallr": 126.6506, "lrpepelmh": -1.0, "template": "2rkz:FD(0.23,0.46,32/38,13,8)", "viralprotein_id": 13299, "lrsm": 1.5932, "id": 26938175, "lrpepxv": -1.0, "lrredundpairs": 15.8699, "humanprotein_id": 15404, "vphfpdID": "001056.e1_201@2nnu_A.3"}, {"lrredund": 20.9141, "lrpepelmv": 65.3909, "hphfpdID": "000006", "pdbset": null, "lrpepxh": -1.0, "finallr": 1367.591, "lrpepelmh": -1.0, "template": "2cai:BA(0.49,0.57,9/92,4,0)", "viralprotein_id": 13299, "lrsm": 0.9682, "id": 26938290, "lrpepxv": -1.0, "lrredundpairs": 1.373, "humanprotein_id": 4514, "vphfpdID": "001056.e1_201@2jex_A.5"}, {"lrredund": 1.7951, "lrpepelmv": -1.0, "hphfpdID": "004295.e233_441", "pdbset": null, "lrpepxh": -1.0, "finallr": 111.8526, "lrpepelmh": -1.0, "template": "1ivh:DA(0.60,0.56,17/170,13,11)", "viralprotein_id": 13299, "lrsm": 0.9682, "id": 26939286, "lrpepxv": 62.31, "lrredundpairs": 0.7707, "humanprotein_id": 19622, "vphfpdID": "001056.e1_201@1tue_B.1"}, {"lrredund": 20.9141, "lrpepelmv": 8.6827, "hphfpdID": "004076.d399_518", "pdbset": null, "lrpepxh": -1.0, "finallr": 181.5912, "lrpepelmh": -1.0, "template": "1ocz:SR(0.52,0.60,16/20,8,7)", "viralprotein_id": 13299, "lrsm": 1.2704, "id": 26939780, "lrpepxv": -1.0, "lrredundpairs": -1.0, "humanprotein_id": 4894, "vphfpdID": "001056@2nnu_A.4"}, {"lrredund": 20.9141, "lrpepelmv": 6.0558, "hphfpdID": "003962", "pdbset": null, "lrpepxh": -1.0, "finallr": 126.6506, "lrpepelmh": -1.0, "template": "1auu:BA(0.47,0.36,89/104,21,15)", "viralprotein_id": 13299, "lrsm": 2.4771, "id": 26940408, "lrpepxv": -1.0, "lrredundpairs": 20.9141, "humanprotein_id": 6447, "vphfpdID": "001056.e1_201@1tue_B.1"}, {"lrredund": 20.9141, "lrpepelmv": 65.3909, "hphfpdID": "000007", "pdbset": null, "lrpepxh": -1.0, "finallr": 1367.591, "lrpepelmh": -1.0, "template": "2j9u:DC(0.60,0.50,22/53,8,4)", "viralprotein_id": 13299, "lrsm": 1.1641, "id": 26940573, "lrpepxv": -1.0, "lrredundpairs": 1.373, "humanprotein_id": 6393, "vphfpdID": "001056.e1_201@2jex_A.5"}, {"lrredund": 4.0064, "lrpepelmv": 65.3909, "hphfpdID": "000004", "pdbset": null, "lrpepxh": -1.0, "finallr": 261.982, "lrpepelmh": -1.0, "template": "3k1s:GB(0.59,0.50,1/1,1,0)", "viralprotein_id": 13299, "lrsm": 1.2704, "id": 26940797, "lrpepxv": -1.0, "lrredundpairs": 1.373, "humanprotein_id": 6298, "vphfpdID": "001056.e1_201@2jeu_A.6"}, {"lrredund": 20.9141, "lrpepelmv": -1.0, "hphfpdID": "009491.e219_323", "pdbset": null, "lrpepxh": -1.0, "finallr": 171.6559, "lrpepelmh": -1.0, "template": "4l9d:BA(0.30,0.28,91/155,42,50)", "viralprotein_id": 13299, "lrsm": 8.2077, "id": 26942398, "lrpepxv": 3.84, "lrredundpairs": 0.7707, "humanprotein_id": 12198, "vphfpdID": "001056.e1_201@2jeu_A.6"}, {"lrredund": 1.7951, "lrpepelmv": -1.0, "hphfpdID": "005292.d1_108", "pdbset": null, "lrpepxh": -1.0, "finallr": 111.8526, "lrpepelmh": -1.0, "template": "3mon:GE(0.29,0.27,13/14,6,3)", "viralprotein_id": 13299, "lrsm": 2.4032, "id": 26943011, "lrpepxv": 62.31, "lrredundpairs": -1.0, "humanprotein_id": 12504, "vphfpdID": "001056.e1_201@2jeu_A.6"}, {"lrredund": 21.3884, "lrpepelmv": -1.0, "hphfpdID": "008850.e1_122", "pdbset": null, "lrpepxh": -1.0, "finallr": 116.3786, "lrpepelmh": -1.0, "template": "4l9d:BA(0.30,0.49,91/155,43,56)", "viralprotein_id": 13299, "lrsm": 5.4412, "id": 26943385, "lrpepxv": -1.0, "lrredundpairs": 1.1877, "humanprotein_id": 7761, "vphfpdID": "001056.e1_201@2jeu_A.6"}, {"lrredund": 2.3588, "lrpepelmv": -1.0, "hphfpdID": "017834.e146_281", "pdbset": null, "lrpepxh": -1.0, "finallr": 146.9768, "lrpepelmh": -1.0, "template": "5cro:CB(0.41,0.57,18/18,5,2)", "viralprotein_id": 13299, "lrsm": 1.3385, "id": 26943622, "lrpepxv": 62.31, "lrredundpairs": 0.7707, "humanprotein_id": 5361, "vphfpdID": "001056.e1_201@1tue_B.1"}, {"lrredund": 1.7951, "lrpepelmv": -1.0, "hphfpdID": "001067", "pdbset": null, "lrpepxh": -1.0, "finallr": 111.8526, "lrpepelmh": -1.0, "template": "", "viralprotein_id": 13299, "lrsm": -1.0, "id": 26943910, "lrpepxv": 62.31, "lrredundpairs": 0.7707, "humanprotein_id": 1249, "vphfpdID": "001056@1tue_B.1"}, {"lrredund": 3.124, "lrpepelmv": 65.3909, "hphfpdID": "000003", "pdbset": null, "lrpepxh": -1.0, "finallr": 204.281, "lrpepelmh": -1.0, "template": "1egd:DB(0.56,0.16,11/11,1,0)", "viralprotein_id": 13299, "lrsm": 1.5932, "id": 26944468, "lrpepxv": -1.0, "lrredundpairs": 1.373, "humanprotein_id": 6857, "vphfpdID": "001056@2nnu_A.4"}, {"lrredund": 20.9141, "lrpepelmv": 6.0558, "hphfpdID": "007227.d56_328", "pdbset": null, "lrpepxh": -1.0, "finallr": 126.6506, "lrpepelmh": -1.0, "template": "1auu:BA(0.47,0.30,89/104,19,11)", "viralprotein_id": 13299, "lrsm": 2.4439, "id": 26944606, "lrpepxv": -1.0, "lrredundpairs": 19.2898, "humanprotein_id": 5539, "vphfpdID": "001056.e1_201@1tue_B.1"}, {"lrredund": 21.3884, "lrpepelmv": 65.3909, "hphfpdID": "000002", "pdbset": null, "lrpepxh": -1.0, "finallr": 1398.606, "lrpepelmh": -1.0, "template": "3k1s:GB(0.59,0.34,1/1,0,0)", "viralprotein_id": 13299, "lrsm": 1.3385, "id": 26946505, "lrpepxv": -1.0, "lrredundpairs": 20.9141, "humanprotein_id": 6315, "vphfpdID": "001056.e1_201@2jeu_A.6"}, {"lrredund": 1.7092, "lrpepelmv": -1.0, "hphfpdID": "006230.e282_433", "pdbset": null, "lrpepxh": -1.0, "finallr": 106.5002, "lrpepelmh": -1.0, "template": "3k1s:GB(0.59,0.54,1/1,1,0)", "viralprotein_id": 13299, "lrsm": 1.2704, "id": 26947380, "lrpepxv": 62.31, "lrredundpairs": 1.1877, "humanprotein_id": 2506, "vphfpdID": "001056.e1_201@2jeu_A.6"}, {"lrredund": 2.3588, "lrpepelmv": -1.0, "hphfpdID": "001757.d57_164", "pdbset": null, "lrpepxh": -1.0, "finallr": 134.2157, "lrpepelmh": -1.0, "template": "1x90:BA(0.38,0.52,41/74,16,16)", "viralprotein_id": 13299, "lrsm": 1.2265, "id": 26947535, "lrpepxv": 56.9, "lrredundpairs": 1.373, "humanprotein_id": 1873, "vphfpdID": "001056@2nnu_A.4"}, {"lrredund": 20.9141, "lrpepelmv": 16.112, "hphfpdID": "007144.e56_156", "pdbset": null, "lrpepxh": -1.0, "finallr": 336.9684, "lrpepelmh": -1.0, "template": "3t04:DA(0.24,0.10,52/148,28,25)", "viralprotein_id": 13299, "lrsm": 6.9797, "id": 26947620, "lrpepxv": -1.0, "lrredundpairs": 20.9141, "humanprotein_id": 6385, "vphfpdID": "001056.e1_201@2nnu_A.3"}, {"lrredund": 20.9141, "lrpepelmv": -1.0, "hphfpdID": "007725.d40_193", "pdbset": null, "lrpepxh": -1.0, "finallr": 103.7339, "lrpepelmh": -1.0, "template": "4fzq:BE(0.35,0.35,26/31,4,0)", "viralprotein_id": 13299, "lrsm": 1.5932, "id": 26948083, "lrpepxv": 4.96, "lrredundpairs": 0.7707, "humanprotein_id": 3138, "vphfpdID": "001056.e1_201@2jeu_A.6"}, {"lrredund": 21.3884, "lrpepelmv": 9.677, "hphfpdID": "001751.e1_73", "pdbset": null, "lrpepxh": -1.0, "finallr": 206.9754, "lrpepelmh": -1.0, "template": "4kgs:AB(0.60,0.56,39/48,13,9)", "viralprotein_id": 13299, "lrsm": 1.2704, "id": 26948865, "lrpepxv": -1.0, "lrredundpairs": 0.7707, "humanprotein_id": 5041, "vphfpdID": "001056.e1_201@2jex_A.5"}, {"lrredund": 1.7951, "lrpepelmv": -1.0, "hphfpdID": "019328.d1641_1793", "pdbset": null, "lrpepxh": -1.0, "finallr": 111.8526, "lrpepelmh": -1.0, "template": "2a0f:BA(0.43,0.51,4/81,4,0)", "viralprotein_id": 13299, "lrsm": 1.02, "id": 26948876, "lrpepxv": 62.31, "lrredundpairs": -1.0, "humanprotein_id": 5510, "vphfpdID": "001056.e1_201@1tue_B.1"}, {"lrredund": 20.9141, "lrpepelmv": -1.0, "hphfpdID": "016729", "pdbset": null, "lrpepxh": -1.0, "finallr": 105.1868, "lrpepelmh": -1.0, "template": "2lk6:BA(0.44,0.51,125/154,18,9)", "viralprotein_id": 13301, "lrsm": 5.0295, "id": 44935977, "lrpepxv": -1.0, "lrredundpairs": 1.1877, "humanprotein_id": 6415, "vphfpdID": "001058@1ksy_A.3"}, {"lrredund": 4.2492, "lrpepelmv": 65.3909, "hphfpdID": "000001", "pdbset": null, "lrpepxh": -1.0, "finallr": 277.8589, "lrpepelmh": -1.0, "template": "", "viralprotein_id": 13301, "lrsm": -1.0, "id": 44935982, "lrpepxv": -1.0, "lrredundpairs": 0.7707, "humanprotein_id": 4793, "vphfpdID": "001058@1r9w_A.4"}, {"lrredund": 20.9141, "lrpepelmv": 65.3909, "hphfpdID": "000007", "pdbset": null, "lrpepxh": -1.0, "finallr": 1367.591, "lrpepelmh": -1.0, "template": "", "viralprotein_id": 13301, "lrsm": -1.0, "id": 44936100, "lrpepxv": -1.0, "lrredundpairs": 0.7707, "humanprotein_id": 6393, "vphfpdID": "001058@1ksy_A.3"}, {"lrredund": 21.3884, "lrpepelmv": -1.0, "hphfpdID": "017046.e457_686", "pdbset": null, "lrpepxh": -1.0, "finallr": 116.3786, "lrpepelmh": -1.0, "template": "1xef:AB(0.55,0.17,75/130,41,53)", "viralprotein_id": 13301, "lrsm": 5.4412, "id": 44936550, "lrpepxv": -1.0, "lrredundpairs": -1.0, "humanprotein_id": 6818, "vphfpdID": "001058.e130_607@2v9p_A.2"}, {"lrredund": 20.9141, "lrpepelmv": 14.3222, "hphfpdID": "007144.e151_217", "pdbset": null, "lrpepxh": -1.0, "finallr": 299.5349, "lrpepelmh": -1.0, "template": "1dhg:AB(0.57,0.43,83/96,26,33)", "viralprotein_id": 13301, "lrsm": 2.4771, "id": 44936557, "lrpepxv": -1.0, "lrredundpairs": 0.7707, "humanprotein_id": 6385, "vphfpdID": "001058.e130_607@1r9w_A.4"}, {"lrredund": 21.3884, "lrpepelmv": -1.0, "hphfpdID": "014262.d1_78", "pdbset": null, "lrpepxh": -1.0, "finallr": 107.5723, "lrpepelmh": -1.0, "template": "2lk6:BA(0.44,0.50,129/154,20,16)", "viralprotein_id": 13301, "lrsm": 5.0295, "id": 44937173, "lrpepxv": -1.0, "lrredundpairs": -1.0, "humanprotein_id": 5865, "vphfpdID": "001058.e130_607@1ksy_A.3"}, {"lrredund": 21.3884, "lrpepelmv": 14.3222, "hphfpdID": "016466.e85_146", "pdbset": null, "lrpepxh": -1.0, "finallr": 306.3279, "lrpepelmh": -1.0, "template": "1dhg:AB(0.57,0.44,87/96,26,29)", "viralprotein_id": 13301, "lrsm": 2.3512, "id": 44937866, "lrpepxv": -1.0, "lrredundpairs": 0.7707, "humanprotein_id": 3727, "vphfpdID": "001058.e130_607@1r9w_A.4"}, {"lrredund": 4.2492, "lrpepelmv": 32.9939, "hphfpdID": "017284", "pdbset": null, "lrpepxh": -1.0, "finallr": 140.1976, "lrpepelmh": -1.0, "template": "", "viralprotein_id": 13301, "lrsm": -1.0, "id": 44938161, "lrpepxv": -1.0, "lrredundpairs": -1.0, "humanprotein_id": 7960, "vphfpdID": "001058@1r9w_A.4"}, {"lrredund": 21.3884, "lrpepelmv": -1.0, "hphfpdID": "011519.g120_294", "pdbset": null, "lrpepxh": -1.0, "finallr": 166.727, "lrpepelmh": -1.0, "template": "2gxa:GL(0.05,0.30,53/97,25,21)", "viralprotein_id": 13301, "lrsm": 7.7952, "id": 44939325, "lrpepxv": -1.0, "lrredundpairs": -1.0, "humanprotein_id": 3074, "vphfpdID": "001058.e130_607@2v9p_A.2"}, {"lrredund": 4.2492, "lrpepelmv": 65.3909, "hphfpdID": "000004", "pdbset": null, "lrpepxh": -1.0, "finallr": 277.8589, "lrpepelmh": -1.0, "template": "", "viralprotein_id": 13301, "lrsm": -1.0, "id": 44940526, "lrpepxv": -1.0, "lrredundpairs": -1.0, "humanprotein_id": 6298, "vphfpdID": "001058@2v9p_A.2"}, {"lrredund": 21.3884, "lrpepelmv": -1.0, "hphfpdID": "017281.d200_434", "pdbset": null, "lrpepxh": -1.0, "finallr": 482.533, "lrpepelmh": -1.0, "template": "1s3s:BD(0.60,0.03,60/136,42,52)", "viralprotein_id": 13301, "lrsm": 22.5605, "id": 44940806, "lrpepxv": -1.0, "lrredundpairs": -1.0, "humanprotein_id": 5906, "vphfpdID": "001058.e130_607@2v9p_A.2"}, {"lrredund": 20.9141, "lrpepelmv": -1.0, "hphfpdID": "018800.e309_403", "pdbset": null, "lrpepxh": -1.0, "finallr": 125.2067, "lrpepelmh": -1.0, "template": "2lk6:BA(0.44,0.34,146/154,20,7)", "viralprotein_id": 13301, "lrsm": 5.9867, "id": 44941526, "lrpepxv": -1.0, "lrredundpairs": -1.0, "humanprotein_id": 4109, "vphfpdID": "001058.e130_607@1ksy_A.3"}, {"lrredund": 20.9141, "lrpepelmv": 7.4157, "hphfpdID": "005478.d350_517", "pdbset": null, "lrpepxh": -1.0, "finallr": 155.0917, "lrpepelmh": -1.0, "template": "4ji7:FO(0.53,0.57,2/2,3,2)", "viralprotein_id": 13301, "lrsm": 1.2704, "id": 44942092, "lrpepxv": -1.0, "lrredundpairs": -1.0, "humanprotein_id": 2880, "vphfpdID": "001058.e130_607@1r9w_A.4"}, {"lrredund": 21.3884, "lrpepelmv": -1.0, "hphfpdID": "015893.d261_447", "pdbset": null, "lrpepxh": -1.0, "finallr": 107.5723, "lrpepelmh": -1.0, "template": "2lk6:BA(0.44,0.54,128/154,19,11)", "viralprotein_id": 13301, "lrsm": 5.0295, "id": 44942367, "lrpepxv": -1.0, "lrredundpairs": -1.0, "humanprotein_id": 14569, "vphfpdID": "001058.e130_607@1ksy_A.3"}, {"lrredund": 2.3254, "lrpepelmv": 65.3909, "hphfpdID": "000003", "pdbset": null, "lrpepxh": -1.0, "finallr": 152.0599, "lrpepelmh": -1.0, "template": "", "viralprotein_id": 13301, "lrsm": -1.0, "id": 44942968, "lrpepxv": -1.0, "lrredundpairs": 0.7707, "humanprotein_id": 6857, "vphfpdID": "001058@1ksy_A.3"}, {"lrredund": 20.9141, "lrpepelmv": -1.0, "hphfpdID": "018500.d533_608", "pdbset": null, "lrpepxh": -1.0, "finallr": 105.1868, "lrpepelmh": -1.0, "template": "2lk6:BA(0.44,0.50,130/154,19,10)", "viralprotein_id": 13301, "lrsm": 5.0295, "id": 44943295, "lrpepxv": -1.0, "lrredundpairs": 0.7707, "humanprotein_id": 3463, "vphfpdID": "001058@1ksy_A.3"}, {"lrredund": 21.3884, "lrpepelmv": 14.0867, "hphfpdID": "016615.d83_292", "pdbset": null, "lrpepxh": -1.0, "finallr": 301.2919, "lrpepelmh": -1.0, "template": "1sxj:CA(0.53,0.42,16/23,12,10)", "viralprotein_id": 13301, "lrsm": 1.2265, "id": 44943447, "lrpepxv": -1.0, "lrredundpairs": -1.0, "humanprotein_id": 5095, "vphfpdID": "001058.e130_607@2v9p_A.2"}, {"lrredund": 21.3884, "lrpepelmv": 65.3909, "hphfpdID": "000002", "pdbset": null, "lrpepxh": -1.0, "finallr": 1398.606, "lrpepelmh": -1.0, "template": "", "viralprotein_id": 13301, "lrsm": -1.0, "id": 44943590, "lrpepxv": -1.0, "lrredundpairs": -1.0, "humanprotein_id": 6315, "vphfpdID": "001058@2gxa_A.1"}, {"lrredund": 3.5815, "lrpepelmv": 32.9939, "hphfpdID": "017283", "pdbset": null, "lrpepxh": -1.0, "finallr": 118.1675, "lrpepelmh": -1.0, "template": "", "viralprotein_id": 13301, "lrsm": -1.0, "id": 44943795, "lrpepxv": -1.0, "lrredundpairs": -1.0, "humanprotein_id": 5846, "vphfpdID": "001058@1ksy_A.3"}, {"lrredund": 20.9141, "lrpepelmv": -1.0, "hphfpdID": "000172.d132_188", "pdbset": null, "lrpepxh": -1.0, "finallr": 105.1868, "lrpepelmh": -1.0, "template": "4axj:CB(0.53,0.38,128/148,19,10)", "viralprotein_id": 13301, "lrsm": 5.0295, "id": 44943842, "lrpepxv": -1.0, "lrredundpairs": -1.0, "humanprotein_id": 2981, "vphfpdID": "001058.e130_607@1ksy_A.3"}, {"lrredund": 21.3884, "lrpepelmv": 14.0867, "hphfpdID": "016613", "pdbset": null, "lrpepxh": -1.0, "finallr": 301.2919, "lrpepelmh": -1.0, "template": "", "viralprotein_id": 13301, "lrsm": -1.0, "id": 44944538, "lrpepxv": -1.0, "lrredundpairs": -1.0, "humanprotein_id": 5161, "vphfpdID": "001058@2v9p_A.2"}, {"lrredund": 21.3884, "lrpepelmv": -1.0, "hphfpdID": "005209.d106_189", "pdbset": null, "lrpepxh": -1.0, "finallr": 261.0853, "lrpepelmh": -1.0, "template": "3qsi:JI(0.34,0.41,109/133,42,25)", "viralprotein_id": 13301, "lrsm": 12.2069, "id": 44944652, "lrpepxv": -1.0, "lrredundpairs": 0.7707, "humanprotein_id": 8007, "vphfpdID": "001058.e130_607@1r9w_A.4"}, {"lrredund": 21.3884, "lrpepelmv": -1.0, "hphfpdID": "017454.e64_147", "pdbset": null, "lrpepxh": -1.0, "finallr": 107.5723, "lrpepelmh": -1.0, "template": "2lk6:BA(0.44,0.50,128/154,19,14)", "viralprotein_id": 13301, "lrsm": 5.0295, "id": 44946131, "lrpepxv": -1.0, "lrredundpairs": -1.0, "humanprotein_id": 7296, "vphfpdID": "001058.e130_607@1ksy_A.3"}, {"lrredund": 4.2492, "lrpepelmv": -1.0, "hphfpdID": "008899", "pdbset": null, "lrpepxh": -1.0, "finallr": 101.404, "lrpepelmh": -1.0, "template": "2orv:BA(0.38,0.00,133/214,61,82)", "viralprotein_id": 13301, "lrsm": 23.8643, "id": 44946947, "lrpepxv": -1.0, "lrredundpairs": -1.0, "humanprotein_id": 2925, "vphfpdID": "001058.e130_607@2v9p_A.2"}, {"lrredund": 2.0764, "lrpepelmv": 65.3909, "hphfpdID": "000005", "pdbset": null, "lrpepxh": -1.0, "finallr": 135.7776, "lrpepelmh": -1.0, "template": "", "viralprotein_id": 13301, "lrsm": -1.0, "id": 44947185, "lrpepxv": -1.0, "lrredundpairs": 0.7707, "humanprotein_id": 4794, "vphfpdID": "001058@1r9w_A.4"}, {"lrredund": 21.3884, "lrpepelmv": 9.3373, "hphfpdID": "001349.d2679_3055", "pdbset": null, "lrpepxh": -1.0, "finallr": 199.7102, "lrpepelmh": -1.0, "template": "2lmc:AB(0.59,0.55,84/115,13,4)", "viralprotein_id": 13301, "lrsm": 1.4802, "id": 44948001, "lrpepxv": -1.0, "lrredundpairs": -1.0, "humanprotein_id": 7312, "vphfpdID": "001058.e130_607@1ksy_A.3"}, {"lrredund": 20.9141, "lrpepelmv": -1.0, "hphfpdID": "006178.e2120_2203", "pdbset": null, "lrpepxh": -1.0, "finallr": 105.1868, "lrpepelmh": -1.0, "template": "2lk6:BA(0.44,0.47,141/154,20,11)", "viralprotein_id": 13301, "lrsm": 5.0295, "id": 44948216, "lrpepxv": -1.0, "lrredundpairs": -1.0, "humanprotein_id": 2856, "vphfpdID": "001058@1ksy_A.3"}, {"lrredund": 21.3884, "lrpepelmv": -1.0, "hphfpdID": "016859.d83_144", "pdbset": null, "lrpepxh": -1.0, "finallr": 107.5723, "lrpepelmh": -1.0, "template": "2lk6:BA(0.44,0.54,124/154,13,8)", "viralprotein_id": 13301, "lrsm": 5.0295, "id": 44948588, "lrpepxv": -1.0, "lrredundpairs": -1.0, "humanprotein_id": 4494, "vphfpdID": "001058.e130_607@1ksy_A.3"}, {"lrredund": 21.3884, "lrpepelmv": 65.3909, "hphfpdID": "000006", "pdbset": null, "lrpepxh": -1.0, "finallr": 1398.606, "lrpepelmh": -1.0, "template": "", "viralprotein_id": 13301, "lrsm": -1.0, "id": 44949301, "lrpepxv": -1.0, "lrredundpairs": -1.0, "humanprotein_id": 4514, "vphfpdID": "001058@2gxa_A.1"}]