[{"lrredund": 3.124, "lrpepelmv": 50.5585, "hphfpdID": "014176.e786_960", "pdbset": null, "lrpepxh": 56.9, "finallr": 177.7556, "lrpepelmh": -1.0, "template": "1t6s:BA(0.31,0.45,35/282,21,14)", "viralprotein_id": 15327, "lrsm": 1.8531, "id": 53011303, "lrpepxv": 2.59, "lrredundpairs": 1.1877, "humanprotein_id": 4582, "vphfpdID": "002471"}, {"lrredund": 3.124, "lrpepelmv": -1.0, "hphfpdID": "002491.d207_291", "pdbset": null, "lrpepxh": 41.95, "finallr": 131.0518, "lrpepelmh": -1.0, "template": "3g33:AD(0.54,0.02,1/111,2,1)", "viralprotein_id": 15327, "lrsm": 1.8315, "id": 53011341, "lrpepxv": -1.0, "lrredundpairs": 1.1877, "humanprotein_id": 3829, "vphfpdID": "002471"}, {"lrredund": 2.409, "lrpepelmv": 50.5585, "hphfpdID": "014178.d112_237", "pdbset": null, "lrpepxh": -1.0, "finallr": 121.7954, "lrpepelmh": -1.0, "template": "2yfv:CA(0.16,0.22,1/74,0,0)", "viralprotein_id": 15327, "lrsm": 4.5731, "id": 53011555, "lrpepxv": -1.0, "lrredundpairs": 1.1877, "humanprotein_id": 7007, "vphfpdID": "002471"}, {"lrredund": 20.9141, "lrpepelmv": -1.0, "hphfpdID": "007197.d147_245", "pdbset": null, "lrpepxh": 3.51, "finallr": 145.9733, "lrpepelmh": -1.0, "template": "1aqd:JK(0.17,0.19,42/247,21,31)", "viralprotein_id": 15327, "lrsm": 6.9797, "id": 53012497, "lrpepxv": 2.59, "lrredundpairs": 1.373, "humanprotein_id": 3620, "vphfpdID": "002471"}, {"lrredund": 20.9141, "lrpepelmv": -1.0, "hphfpdID": "016859.d618_709", "pdbset": null, "lrpepxh": -1.0, "finallr": 115.0004, "lrpepelmh": -1.0, "template": "1adj:CA(0.26,0.13,25/48,14,13)", "viralprotein_id": 15327, "lrsm": 5.4987, "id": 53012738, "lrpepxv": -1.0, "lrredundpairs": 1.1877, "humanprotein_id": 4494, "vphfpdID": "002471"}, {"lrredund": 20.9141, "lrpepelmv": -1.0, "hphfpdID": "015989.d45_131", "pdbset": null, "lrpepxh": -1.0, "finallr": 113.7978, "lrpepelmh": -1.0, "template": "2f8b:BA(0.18,0.50,89/166,42,76)", "viralprotein_id": 15327, "lrsm": 5.4412, "id": 53013457, "lrpepxv": -1.0, "lrredundpairs": 1.1877, "humanprotein_id": 6577, "vphfpdID": "002471"}, {"lrredund": 15.8699, "lrpepelmv": 13.7313, "hphfpdID": "001060.e253_532", "pdbset": null, "lrpepxh": 3.51, "finallr": 217.915, "lrpepelmh": -1.0, "template": "2i5c:BA(0.24,0.08,6/53,7,6)", "viralprotein_id": 15327, "lrsm": 4.5731, "id": 53013854, "lrpepxv": -1.0, "lrredundpairs": 1.373, "humanprotein_id": 17652, "vphfpdID": "002471"}, {"lrredund": 20.9141, "lrpepelmv": -1.0, "hphfpdID": "018501.e80_165", "pdbset": null, "lrpepxh": -1.0, "finallr": 214.4751, "lrpepelmh": -1.0, "template": "2rmm:BA(0.43,0.48,92/99,41,86)", "viralprotein_id": 15327, "lrsm": 10.255, "id": 53014599, "lrpepxv": -1.0, "lrredundpairs": 2.4183, "humanprotein_id": 1286, "vphfpdID": "002471"}, {"lrredund": 20.9141, "lrpepelmv": -1.0, "hphfpdID": "014262.d1_78", "pdbset": null, "lrpepxh": -1.0, "finallr": 163.0298, "lrpepelmh": -1.0, "template": "2dx5:AB(0.29,0.09,23/47,21,22)", "viralprotein_id": 15327, "lrsm": 7.7952, "id": 53014850, "lrpepxv": 2.59, "lrredundpairs": -1.0, "humanprotein_id": 5865, "vphfpdID": "002471"}, {"lrredund": 4.0064, "lrpepelmv": 50.5585, "hphfpdID": "014240.d655_725", "pdbset": null, "lrpepxh": -1.0, "finallr": 202.5576, "lrpepelmh": -1.0, "template": "3vke:BD(0.22,0.36,47/80,27,30)", "viralprotein_id": 15327, "lrsm": 3.1219, "id": 53015256, "lrpepxv": 3.84, "lrredundpairs": -1.0, "humanprotein_id": 3056, "vphfpdID": "002471"}, {"lrredund": 20.9141, "lrpepelmv": -1.0, "hphfpdID": "005158.d818_927", "pdbset": null, "lrpepxh": -1.0, "finallr": 125.499, "lrpepelmh": -1.0, "template": "1rqq:DB(0.30,0.03,4/5,5,4)", "viralprotein_id": 15327, "lrsm": 6.0007, "id": 53015405, "lrpepxv": -1.0, "lrredundpairs": 3.7904, "humanprotein_id": 2711, "vphfpdID": "002471"}, {"lrredund": 2.3588, "lrpepelmv": -1.0, "hphfpdID": "012637.e288_365", "pdbset": null, "lrpepxh": -1.0, "finallr": 108.4487, "lrpepelmh": -1.0, "template": "3vke:AC(0.22,0.03,72/80,41,59)", "viralprotein_id": 15327, "lrsm": 45.9762, "id": 53015625, "lrpepxv": 3.66, "lrredundpairs": 1.5513, "humanprotein_id": 7908, "vphfpdID": "002471"}, {"lrredund": 20.9141, "lrpepelmv": -1.0, "hphfpdID": "018500", "pdbset": null, "lrpepxh": -1.0, "finallr": 115.0004, "lrpepelmh": -1.0, "template": "2dx5:AB(0.29,0.04,23/47,20,20)", "viralprotein_id": 15327, "lrsm": 5.4987, "id": 53015839, "lrpepxv": -1.0, "lrredundpairs": 1.7812, "humanprotein_id": 3463, "vphfpdID": "002471"}, {"lrredund": 20.9141, "lrpepelmv": -1.0, "hphfpdID": "016729", "pdbset": null, "lrpepxh": -1.0, "finallr": 132.5129, "lrpepelmh": -1.0, "template": "2f8b:BA(0.18,0.58,122/166,45,93)", "viralprotein_id": 15327, "lrsm": 6.3361, "id": 53016874, "lrpepxv": -1.0, "lrredundpairs": 2.4183, "humanprotein_id": 6415, "vphfpdID": "002471"}, {"lrredund": 20.9141, "lrpepelmv": -1.0, "hphfpdID": "016448", "pdbset": null, "lrpepxh": -1.0, "finallr": 111.3247, "lrpepelmh": -1.0, "template": "1nei:AB(0.57,0.35,150/209,43,40)", "viralprotein_id": 15327, "lrsm": 5.323, "id": 53017370, "lrpepxv": -1.0, "lrredundpairs": 2.4183, "humanprotein_id": 7393, "vphfpdID": "002471"}, {"lrredund": 20.9141, "lrpepelmv": -1.0, "hphfpdID": "008378.d463_902", "pdbset": null, "lrpepxh": -1.0, "finallr": 105.6647, "lrpepelmh": -1.0, "template": "1q10:BA(0.53,0.58,139/301,44,72)", "viralprotein_id": 15327, "lrsm": 5.0523, "id": 53017844, "lrpepxv": 2.59, "lrredundpairs": 0.7707, "humanprotein_id": 3758, "vphfpdID": "002471"}, {"lrredund": 20.9141, "lrpepelmv": 9.677, "hphfpdID": "001751.e1_73", "pdbset": null, "lrpepxh": -1.0, "finallr": 202.3856, "lrpepelmh": -1.0, "template": "2f8b:BA(0.18,0.37,117/166,43,58)", "viralprotein_id": 15327, "lrsm": 8.2077, "id": 53018860, "lrpepxv": 3.84, "lrredundpairs": 1.1877, "humanprotein_id": 5041, "vphfpdID": "002471"}, {"lrredund": 20.9141, "lrpepelmv": 13.7313, "hphfpdID": "016466.e142_262", "pdbset": null, "lrpepxh": 3.51, "finallr": 287.1786, "lrpepelmh": -1.0, "template": "2f8b:BA(0.18,0.46,115/166,47,89)", "viralprotein_id": 15327, "lrsm": 5.4412, "id": 53019430, "lrpepxv": 2.59, "lrredundpairs": 5.2159, "humanprotein_id": 3727, "vphfpdID": "002471"}, {"lrredund": 20.9141, "lrpepelmv": -1.0, "hphfpdID": "018800.e1_115", "pdbset": null, "lrpepxh": 2.59, "finallr": 100.4723, "lrpepelmh": -1.0, "template": "1xcq:OG(0.39,0.20,52/64,22,30)", "viralprotein_id": 15327, "lrsm": 4.804, "id": 53022704, "lrpepxv": -1.0, "lrredundpairs": 1.373, "humanprotein_id": 4109, "vphfpdID": "002471"}, {"lrredund": 20.9141, "lrpepelmv": -1.0, "hphfpdID": "006178.e2120_2203", "pdbset": null, "lrpepxh": 2.59, "finallr": 105.6647, "lrpepelmh": -1.0, "template": "1q10:BA(0.53,0.49,122/301,47,98)", "viralprotein_id": 15327, "lrsm": 5.0523, "id": 53023531, "lrpepxv": 2.59, "lrredundpairs": 1.373, "humanprotein_id": 2856, "vphfpdID": "002471"}, {"lrredund": 20.9141, "lrpepelmv": -1.0, "hphfpdID": "016869.d56_203", "pdbset": null, "lrpepxh": -1.0, "finallr": 171.6559, "lrpepelmh": -1.0, "template": "2f8b:AB(0.23,0.37,87/166,42,79)", "viralprotein_id": 15327, "lrsm": 8.2077, "id": 53023696, "lrpepxv": 6.56, "lrredundpairs": -1.0, "humanprotein_id": 4495, "vphfpdID": "002471"}, {"lrredund": 20.9141, "lrpepelmv": -1.0, "hphfpdID": "016730", "pdbset": null, "lrpepxh": -1.0, "finallr": 214.4751, "lrpepelmh": -1.0, "template": "2rmm:BA(0.43,0.49,80/99,41,78)", "viralprotein_id": 15327, "lrsm": 10.255, "id": 53023722, "lrpepxv": -1.0, "lrredundpairs": 2.3768, "humanprotein_id": 6290, "vphfpdID": "002471"}, {"lrredund": 20.9141, "lrpepelmv": -1.0, "hphfpdID": "005209.d243_326", "pdbset": null, "lrpepxh": -1.0, "finallr": 199.8862, "lrpepelmh": -1.0, "template": "2f8b:BA(0.18,0.41,127/166,48,78)", "viralprotein_id": 15327, "lrsm": 9.5575, "id": 53024350, "lrpepxv": -1.0, "lrredundpairs": 2.4183, "humanprotein_id": 8007, "vphfpdID": "002471"}, {"lrredund": -1.0, "lrpepelmv": -1.0, "hphfpdID": "004856", "pdbset": null, "lrpepxh": -1.0, "finallr": 109.2763, "lrpepelmh": -1.0, "template": "3vke:AC(0.22,0.05,72/80,41,59)", "viralprotein_id": 15327, "lrsm": 45.9762, "id": 53024520, "lrpepxv": -1.0, "lrredundpairs": 2.3768, "humanprotein_id": 177, "vphfpdID": "002471"}, {"lrredund": 20.9141, "lrpepelmv": -1.0, "hphfpdID": "010507.e200_298", "pdbset": null, "lrpepxh": -1.0, "finallr": 115.0004, "lrpepelmh": -1.0, "template": "4dx9:OK(0.30,0.09,42/72,20,19)", "viralprotein_id": 15327, "lrsm": 5.4987, "id": 53025968, "lrpepxv": -1.0, "lrredundpairs": 1.5513, "humanprotein_id": 4475, "vphfpdID": "002471"}, {"lrredund": 20.9141, "lrpepelmv": 13.7313, "hphfpdID": "007144.e56_156", "pdbset": null, "lrpepxh": 3.51, "finallr": 287.1786, "lrpepelmh": -1.0, "template": "2k7i:AB(0.54,0.42,158/324,49,68)", "viralprotein_id": 15327, "lrsm": 5.323, "id": 53026641, "lrpepxv": -1.0, "lrredundpairs": 2.9666, "humanprotein_id": 6385, "vphfpdID": "002471"}, {"lrredund": 4.0064, "lrpepelmv": -1.0, "hphfpdID": "014804.d19_99", "pdbset": null, "lrpepxh": -1.0, "finallr": 267.5707, "lrpepelmh": -1.0, "template": "3qsi:FG(0.51,0.48,60/68,41,52)", "viralprotein_id": 15331, "lrsm": 66.7858, "id": 69137694, "lrpepxv": -1.0, "lrredundpairs": 1.5513, "humanprotein_id": 4310, "vphfpdID": "002475@1jj4_A.2"}, {"lrredund": 3.7695, "lrpepelmv": -1.0, "hphfpdID": "016469.d68_136", "pdbset": null, "lrpepxh": -1.0, "finallr": 128.2794, "lrpepelmh": -1.0, "template": "2aye:CD(0.02,0.53,60/140,41,56)", "viralprotein_id": 15331, "lrsm": 34.0309, "id": 69138224, "lrpepxv": -1.0, "lrredundpairs": 1.5513, "humanprotein_id": 13850, "vphfpdID": "002475@2ayg_A.8"}, {"lrredund": 20.9141, "lrpepelmv": -1.0, "hphfpdID": "017454.e185_251", "pdbset": null, "lrpepxh": -1.0, "finallr": 115.0004, "lrpepelmh": -1.0, "template": "3vhs:AB(0.22,0.14,22/36,6,2)", "viralprotein_id": 15331, "lrsm": 5.4987, "id": 69138366, "lrpepxv": -1.0, "lrredundpairs": -1.0, "humanprotein_id": 7296, "vphfpdID": "002475@2ayg_A.8"}, {"lrredund": 1.7092, "lrpepelmv": -1.0, "hphfpdID": "016507.d104_175", "pdbset": null, "lrpepxh": -1.0, "finallr": 114.1503, "lrpepelmh": -1.0, "template": "3ejm:AB(0.58,0.38,60/73,41,51)", "viralprotein_id": 15331, "lrsm": 66.7858, "id": 69138599, "lrpepxv": -1.0, "lrredundpairs": 1.5513, "humanprotein_id": 6975, "vphfpdID": "002475@1jj4_A.2"}, {"lrredund": 20.9141, "lrpepelmv": 8.6827, "hphfpdID": "004076.d108_222", "pdbset": null, "lrpepxh": -1.0, "finallr": 181.5912, "lrpepelmh": -1.0, "template": "1x90:BA(0.57,0.53,42/74,12,4)", "viralprotein_id": 15331, "lrsm": 1.1641, "id": 69138650, "lrpepxv": -1.0, "lrredundpairs": 0.7707, "humanprotein_id": 4894, "vphfpdID": "002475@1tue_B.1"}, {"lrredund": 2.409, "lrpepelmv": 50.5585, "hphfpdID": "014178.d112_237", "pdbset": null, "lrpepxh": -1.0, "finallr": 121.7954, "lrpepelmh": -1.0, "template": "3jst:AB(0.33,0.60,53/61,24,38)", "viralprotein_id": 15331, "lrsm": 2.6756, "id": 69138763, "lrpepxv": -1.0, "lrredundpairs": 1.1877, "humanprotein_id": 7007, "vphfpdID": "002475@1jj4_A.2"}, {"lrredund": 20.9141, "lrpepelmv": -1.0, "hphfpdID": "010507.e200_298", "pdbset": null, "lrpepxh": 5.22, "finallr": 109.1716, "lrpepelmh": -1.0, "template": "", "viralprotein_id": 15331, "lrsm": -1.0, "id": 69138893, "lrpepxv": -1.0, "lrredundpairs": 1.1877, "humanprotein_id": 4475, "vphfpdID": "002475@2q79_A.6"}, {"lrredund": 3.124, "lrpepelmv": -1.0, "hphfpdID": "007639.d149_224", "pdbset": null, "lrpepxh": -1.0, "finallr": 106.3125, "lrpepelmh": -1.0, "template": "1r8h:AB(0.02,0.51,59/142,43,54)", "viralprotein_id": 15331, "lrsm": 34.0309, "id": 69139295, "lrpepxv": -1.0, "lrredundpairs": -1.0, "humanprotein_id": 1207, "vphfpdID": "002475@2ayg_A.8"}, {"lrredund": 3.124, "lrpepelmv": -1.0, "hphfpdID": "014805", "pdbset": null, "lrpepxh": -1.0, "finallr": 198.0312, "lrpepelmh": -1.0, "template": "3bkt:BA(0.56,0.56,59/73,43,47)", "viralprotein_id": 15331, "lrsm": 63.3903, "id": 69139686, "lrpepxv": -1.0, "lrredundpairs": 1.5513, "humanprotein_id": 5727, "vphfpdID": "002475@1jj4_A.2"}, {"lrredund": 20.9141, "lrpepelmv": -1.0, "hphfpdID": "001509.e1_53", "pdbset": null, "lrpepxh": -1.0, "finallr": 250.8713, "lrpepelmh": -1.0, "template": "2idh:BA(0.31,0.06,41/45,21,34)", "viralprotein_id": 15331, "lrsm": 11.9953, "id": 69139805, "lrpepxv": -1.0, "lrredundpairs": 1.774, "humanprotein_id": 2598, "vphfpdID": "002475.e1_201"}, {"lrredund": 20.9141, "lrpepelmv": 72.805, "hphfpdID": "000002", "pdbset": null, "lrpepxh": -1.0, "finallr": 1522.65, "lrpepelmh": -1.0, "template": "", "viralprotein_id": 15331, "lrsm": -1.0, "id": 69140171, "lrpepxv": -1.0, "lrredundpairs": 1.373, "humanprotein_id": 6315, "vphfpdID": "002475@1dhm_A.3"}, {"lrredund": 3.7695, "lrpepelmv": -1.0, "hphfpdID": "013808.d452_531", "pdbset": null, "lrpepxh": -1.0, "finallr": 128.2794, "lrpepelmh": -1.0, "template": "2aye:AB(0.10,0.46,60/142,41,56)", "viralprotein_id": 15331, "lrsm": 34.0309, "id": 69140309, "lrpepxv": -1.0, "lrredundpairs": 1.5513, "humanprotein_id": 18910, "vphfpdID": "002475@1jj4_A.2"}, {"lrredund": 3.124, "lrpepelmv": 72.805, "hphfpdID": "000005", "pdbset": null, "lrpepxh": -1.0, "finallr": 227.4427, "lrpepelmh": -1.0, "template": "2c2l:CA(0.51,0.50,17/19,13,16)", "viralprotein_id": 15331, "lrsm": 1.2704, "id": 69140388, "lrpepxv": -1.0, "lrredundpairs": 1.1877, "humanprotein_id": 4794, "vphfpdID": "002475@1jj4_A.2"}, {"lrredund": 21.3884, "lrpepelmv": 12.1604, "hphfpdID": "001060.d472_611", "pdbset": null, "lrpepxh": -1.0, "finallr": 260.0908, "lrpepelmh": -1.0, "template": "2q8r:HF(0.40,0.59,34/42,22,25)", "viralprotein_id": 15331, "lrsm": 2.6756, "id": 69140516, "lrpepxv": -1.0, "lrredundpairs": 0.7707, "humanprotein_id": 17652, "vphfpdID": "002475@1tue_B.1"}, {"lrredund": 4.0064, "lrpepelmv": 50.5585, "hphfpdID": "014240.d655_725", "pdbset": null, "lrpepxh": -1.0, "finallr": 202.5576, "lrpepelmh": -1.0, "template": "", "viralprotein_id": 15331, "lrsm": -1.0, "id": 69140670, "lrpepxv": -1.0, "lrredundpairs": -1.0, "humanprotein_id": 3056, "vphfpdID": "002475@1tue_B.1"}, {"lrredund": 20.9141, "lrpepelmv": 14.0845, "hphfpdID": "007144.e151_217", "pdbset": null, "lrpepxh": 7.37, "finallr": 294.5643, "lrpepelmh": -1.0, "template": "4ce4:1I(0.43,0.30,20/21,10,9)", "viralprotein_id": 15331, "lrsm": 1.5932, "id": 69140808, "lrpepxv": -1.0, "lrredundpairs": 1.5513, "humanprotein_id": 6385, "vphfpdID": "002475@1dhm_A.3"}, {"lrredund": 21.3884, "lrpepelmv": -1.0, "hphfpdID": "009492.e120_224", "pdbset": null, "lrpepxh": 3.84, "finallr": 102.103, "lrpepelmh": -1.0, "template": "2lk6:AB(0.45,0.56,131/154,15,5)", "viralprotein_id": 15331, "lrsm": 4.7738, "id": 69141342, "lrpepxv": -1.0, "lrredundpairs": 1.1877, "humanprotein_id": 13229, "vphfpdID": "002475@1jj4_A.2"}, {"lrredund": 20.9141, "lrpepelmv": -1.0, "hphfpdID": "013899.d849_992", "pdbset": null, "lrpepxh": -1.0, "finallr": 961.5515, "lrpepelmh": -1.0, "template": "1f9f:DC(0.06,0.32,84/97,41,60)", "viralprotein_id": 15331, "lrsm": 45.9762, "id": 69141565, "lrpepxv": -1.0, "lrredundpairs": 1.1877, "humanprotein_id": 1240, "vphfpdID": "002475@2ayg_A.8"}, {"lrredund": 4.0064, "lrpepelmv": -1.0, "hphfpdID": "007653.d340_411", "pdbset": null, "lrpepxh": -1.0, "finallr": 193.8769, "lrpepelmh": -1.0, "template": "2aye:FE(0.02,0.36,56/142,44,51)", "viralprotein_id": 15331, "lrsm": 48.3918, "id": 69141683, "lrpepxv": -1.0, "lrredundpairs": -1.0, "humanprotein_id": 1499, "vphfpdID": "002475@2ayg_A.8"}, {"lrredund": 1.7092, "lrpepelmv": -1.0, "hphfpdID": "015413", "pdbset": null, "lrpepxh": -1.0, "finallr": 114.1503, "lrpepelmh": -1.0, "template": "3bkt:AB(0.52,0.39,59/73,41,47)", "viralprotein_id": 15331, "lrsm": 66.7858, "id": 69141990, "lrpepxv": -1.0, "lrredundpairs": 1.1877, "humanprotein_id": 19527, "vphfpdID": "002475@1jj4_A.2"}, {"lrredund": 20.9141, "lrpepelmv": -1.0, "hphfpdID": "007725.d40_193", "pdbset": null, "lrpepxh": -1.0, "finallr": 103.7339, "lrpepelmh": -1.0, "template": "2idh:BA(0.31,0.44,41/45,13,12)", "viralprotein_id": 15331, "lrsm": 1.5932, "id": 69142696, "lrpepxv": 4.96, "lrredundpairs": 0.7707, "humanprotein_id": 3138, "vphfpdID": "002475@1tue_B.1"}, {"lrredund": 2.409, "lrpepelmv": 50.5585, "hphfpdID": "014176.d85_210", "pdbset": null, "lrpepxh": 3.51, "finallr": 121.7954, "lrpepelmh": -1.0, "template": "2v6u:BA(0.42,0.56,39/91,22,34)", "viralprotein_id": 15331, "lrsm": 1.7387, "id": 69142990, "lrpepxv": -1.0, "lrredundpairs": 0.7707, "humanprotein_id": 4582, "vphfpdID": "002475@2ayg_A.8"}, {"lrredund": 3.124, "lrpepelmv": -1.0, "hphfpdID": "009304.d231_307", "pdbset": null, "lrpepxh": -1.0, "finallr": 106.3125, "lrpepelmh": -1.0, "template": "2aye:CD(0.02,0.58,59/140,41,52)", "viralprotein_id": 15331, "lrsm": 34.0309, "id": 69143178, "lrpepxv": -1.0, "lrredundpairs": -1.0, "humanprotein_id": 3026, "vphfpdID": "002475@2ayg_A.8"}, {"lrredund": 15.8699, "lrpepelmv": -1.0, "hphfpdID": "001452", "pdbset": null, "lrpepxh": 2.59, "finallr": 108.5685, "lrpepelmh": -1.0, "template": "2uwe:LM(0.36,0.24,78/237,42,48)", "viralprotein_id": 15331, "lrsm": 6.8412, "id": 69143429, "lrpepxv": -1.0, "lrredundpairs": 1.373, "humanprotein_id": 6282, "vphfpdID": "002475@1jj4_A.2"}, {"lrredund": 20.9141, "lrpepelmv": 9.3373, "hphfpdID": "001349.d2679_3055", "pdbset": null, "lrpepxh": -1.0, "finallr": 195.2815, "lrpepelmh": -1.0, "template": "2lmc:AB(0.50,0.55,76/115,22,16)", "viralprotein_id": 15331, "lrsm": 1.6435, "id": 69143536, "lrpepxv": -1.0, "lrredundpairs": 0.7707, "humanprotein_id": 7312, "vphfpdID": "002475@1jj4_A.2"}, {"lrredund": 20.9141, "lrpepelmv": 72.805, "hphfpdID": "000006", "pdbset": null, "lrpepxh": -1.0, "finallr": 1522.65, "lrpepelmh": -1.0, "template": "1x90:BA(0.57,0.34,38/74,8,2)", "viralprotein_id": 15331, "lrsm": 1.2265, "id": 69143553, "lrpepxv": -1.0, "lrredundpairs": 1.373, "humanprotein_id": 4514, "vphfpdID": "002475@1tue_B.1"}, {"lrredund": 20.9141, "lrpepelmv": -1.0, "hphfpdID": "006178.e1439_1542", "pdbset": null, "lrpepxh": 5.22, "finallr": 115.0004, "lrpepelmh": -1.0, "template": "1f9f:CA(0.03,0.35,28/45,16,12)", "viralprotein_id": 15331, "lrsm": 5.4987, "id": 69143601, "lrpepxv": -1.0, "lrredundpairs": -1.0, "humanprotein_id": 2856, "vphfpdID": "002475@1jj4_A.2"}, {"lrredund": 4.0064, "lrpepelmv": -1.0, "hphfpdID": "014587", "pdbset": null, "lrpepxh": -1.0, "finallr": 121.5708, "lrpepelmh": -1.0, "template": "2aye:DA(0.01,0.16,5/9,6,5)", "viralprotein_id": 15331, "lrsm": 30.3442, "id": 69144149, "lrpepxv": -1.0, "lrredundpairs": 1.774, "humanprotein_id": 6572, "vphfpdID": "002475@2ayg_A.8"}, {"lrredund": 3.124, "lrpepelmv": -1.0, "hphfpdID": "016506.d108_178", "pdbset": null, "lrpepxh": -1.0, "finallr": 106.3125, "lrpepelmh": -1.0, "template": "2aye:CD(0.02,0.50,57/140,42,54)", "viralprotein_id": 15331, "lrsm": 34.0309, "id": 69144313, "lrpepxv": -1.0, "lrredundpairs": 1.5513, "humanprotein_id": 7289, "vphfpdID": "002475@2ayg_A.8"}, {"lrredund": 4.0064, "lrpepelmv": 72.805, "hphfpdID": "000001", "pdbset": null, "lrpepxh": -1.0, "finallr": 291.6858, "lrpepelmh": -1.0, "template": "", "viralprotein_id": 15331, "lrsm": -1.0, "id": 69144553, "lrpepxv": -1.0, "lrredundpairs": 1.373, "humanprotein_id": 4793, "vphfpdID": "002475@1tue_B.1"}, {"lrredund": 20.9141, "lrpepelmv": -1.0, "hphfpdID": "016730", "pdbset": null, "lrpepxh": -1.0, "finallr": 105.6647, "lrpepelmh": -1.0, "template": "1ev0:BA(0.56,0.49,148/202,50,58)", "viralprotein_id": 15331, "lrsm": 5.0523, "id": 69144556, "lrpepxv": -1.0, "lrredundpairs": 1.774, "humanprotein_id": 6290, "vphfpdID": "002475@2ayg_A.8"}, {"lrredund": 4.0064, "lrpepelmv": -1.0, "hphfpdID": "014803.d105_181", "pdbset": null, "lrpepxh": -1.0, "finallr": 136.3414, "lrpepelmh": -1.0, "template": "1r8h:AB(0.02,0.49,60/142,42,51)", "viralprotein_id": 15331, "lrsm": 34.0309, "id": 69145501, "lrpepxv": -1.0, "lrredundpairs": 1.5513, "humanprotein_id": 3284, "vphfpdID": "002475@2ayg_A.8"}, {"lrredund": 20.9141, "lrpepelmv": 14.0845, "hphfpdID": "016615.d554_715", "pdbset": null, "lrpepxh": -1.0, "finallr": 294.5643, "lrpepelmh": -1.0, "template": "4kgs:BA(0.53,0.53,38/48,14,9)", "viralprotein_id": 15331, "lrsm": 1.1641, "id": 69145612, "lrpepxv": -1.0, "lrredundpairs": -1.0, "humanprotein_id": 5095, "vphfpdID": "002475@1dhm_A.3"}, {"lrredund": -1.0, "lrpepelmv": -1.0, "hphfpdID": "001722.e33_283", "pdbset": null, "lrpepxh": 2.59, "finallr": 131.8176, "lrpepelmh": -1.0, "template": "2aye:CD(0.02,0.33,60/140,42,51)", "viralprotein_id": 15331, "lrsm": 84.9724, "id": 69145649, "lrpepxv": -1.0, "lrredundpairs": 1.5513, "humanprotein_id": 12579, "vphfpdID": "002475@2ayg_A.8"}, {"lrredund": 20.9141, "lrpepelmv": -1.0, "hphfpdID": "005478.d350_517", "pdbset": null, "lrpepxh": 4.96, "finallr": 103.7339, "lrpepelmh": -1.0, "template": "2uuc:FO(0.52,0.60,2/2,3,2)", "viralprotein_id": 15331, "lrsm": 1.2704, "id": 69146227, "lrpepxv": -1.0, "lrredundpairs": 1.5513, "humanprotein_id": 2880, "vphfpdID": "002475@2ayg_A.8"}, {"lrredund": 20.9141, "lrpepelmv": -1.0, "hphfpdID": "001751.e1_73", "pdbset": null, "lrpepxh": -1.0, "finallr": 115.0004, "lrpepelmh": -1.0, "template": "3vhs:AB(0.22,0.17,27/36,3,0)", "viralprotein_id": 15331, "lrsm": 5.4987, "id": 69146318, "lrpepxv": -1.0, "lrredundpairs": 0.7707, "humanprotein_id": 5041, "vphfpdID": "002475@2ayg_A.8"}, {"lrredund": 20.9141, "lrpepelmv": 14.0845, "hphfpdID": "016613.e557_714", "pdbset": null, "lrpepxh": -1.0, "finallr": 294.5643, "lrpepelmh": -1.0, "template": "4kgt:BA(0.48,0.60,25/48,10,7)", "viralprotein_id": 15331, "lrsm": 1.1641, "id": 69146906, "lrpepxv": -1.0, "lrredundpairs": -1.0, "humanprotein_id": 5161, "vphfpdID": "002475@1dhm_A.3"}, {"lrredund": -1.0, "lrpepelmv": -1.0, "hphfpdID": "002787.d133_213", "pdbset": null, "lrpepxh": -1.0, "finallr": 131.8176, "lrpepelmh": -1.0, "template": "2aye:CD(0.02,0.37,57/140,41,53)", "viralprotein_id": 15331, "lrsm": 84.9724, "id": 69147043, "lrpepxv": -1.0, "lrredundpairs": 1.5513, "humanprotein_id": 14844, "vphfpdID": "002475@2ayg_A.8"}, {"lrredund": 3.124, "lrpepelmv": -1.0, "hphfpdID": "009706.e2130_2385", "pdbset": null, "lrpepxh": -1.0, "finallr": 177.7556, "lrpepelmh": -1.0, "template": "1auu:BA(0.53,0.46,93/104,24,32)", "viralprotein_id": 15331, "lrsm": 2.4771, "id": 69147594, "lrpepxv": 56.9, "lrredundpairs": 1.373, "humanprotein_id": 9068, "vphfpdID": "002475.e1_201"}, {"lrredund": 20.9141, "lrpepelmv": -1.0, "hphfpdID": "012444", "pdbset": null, "lrpepxh": -1.0, "finallr": 115.0004, "lrpepelmh": -1.0, "template": "1f2i:JH(0.20,0.15,10/16,2,0)", "viralprotein_id": 15331, "lrsm": 5.4987, "id": 69147663, "lrpepxv": -1.0, "lrredundpairs": 1.5513, "humanprotein_id": 2955, "vphfpdID": "002475@1jj4_A.2"}, {"lrredund": 20.9141, "lrpepelmv": -1.0, "hphfpdID": "018800.e309_403", "pdbset": null, "lrpepxh": 3.84, "finallr": 125.2067, "lrpepelmh": -1.0, "template": "2lk5:BA(0.51,0.23,123/132,19,16)", "viralprotein_id": 15331, "lrsm": 5.9867, "id": 69148259, "lrpepxv": -1.0, "lrredundpairs": 0.7707, "humanprotein_id": 4109, "vphfpdID": "002475@2ayg_A.8"}, {"lrredund": 2.3588, "lrpepelmv": -1.0, "hphfpdID": "001757.d57_164", "pdbset": null, "lrpepxh": -1.0, "finallr": 134.2157, "lrpepelmh": -1.0, "template": "1x90:BA(0.57,0.52,41/74,11,2)", "viralprotein_id": 15331, "lrsm": 1.1641, "id": 69148330, "lrpepxv": 56.9, "lrredundpairs": 1.373, "humanprotein_id": 1873, "vphfpdID": "002475@1tue_B.1"}, {"lrredund": 20.9141, "lrpepelmv": 72.805, "hphfpdID": "000007", "pdbset": null, "lrpepxh": -1.0, "finallr": 1522.65, "lrpepelmh": -1.0, "template": "", "viralprotein_id": 15331, "lrsm": -1.0, "id": 69148484, "lrpepxv": -1.0, "lrredundpairs": 1.1877, "humanprotein_id": 6393, "vphfpdID": "002475@1dhm_A.3"}, {"lrredund": 20.9141, "lrpepelmv": -1.0, "hphfpdID": "018501.e80_165", "pdbset": null, "lrpepxh": -1.0, "finallr": 113.7978, "lrpepelmh": -1.0, "template": "3w1y:CA(0.41,0.38,69/104,41,43)", "viralprotein_id": 15331, "lrsm": 5.4412, "id": 69148821, "lrpepxv": -1.0, "lrredundpairs": 1.7812, "humanprotein_id": 1286, "vphfpdID": "002475@1jj4_A.2"}, {"lrredund": 4.0064, "lrpepelmv": -1.0, "hphfpdID": "011698.d390_465", "pdbset": null, "lrpepxh": 3.84, "finallr": 340.4334, "lrpepelmh": -1.0, "template": "1r8h:AB(0.02,0.33,59/142,42,56)", "viralprotein_id": 15331, "lrsm": 84.9724, "id": 69149187, "lrpepxv": -1.0, "lrredundpairs": -1.0, "humanprotein_id": 4110, "vphfpdID": "002475@2ayg_A.8"}, {"lrredund": 3.124, "lrpepelmv": 72.805, "hphfpdID": "000003", "pdbset": null, "lrpepxh": -1.0, "finallr": 227.4427, "lrpepelmh": -1.0, "template": "2c2l:CA(0.57,0.46,17/19,12,14)", "viralprotein_id": 15331, "lrsm": 1.2704, "id": 69149508, "lrpepxv": -1.0, "lrredundpairs": 0.7707, "humanprotein_id": 6857, "vphfpdID": "002475@2ayg_A.8"}, {"lrredund": 3.124, "lrpepelmv": -1.0, "hphfpdID": "018447.d259_335", "pdbset": null, "lrpepxh": -1.0, "finallr": 194.6564, "lrpepelmh": -1.0, "template": "4ky3:BA(0.38,0.41,33/41,22,31)", "viralprotein_id": 15331, "lrsm": 3.1848, "id": 69149714, "lrpepxv": 62.31, "lrredundpairs": 1.774, "humanprotein_id": 4481, "vphfpdID": "002475@1a7g_E.4"}, {"lrredund": 1.7092, "lrpepelmv": -1.0, "hphfpdID": "014190.d75_225", "pdbset": null, "lrpepxh": -1.0, "finallr": 114.1503, "lrpepelmh": -1.0, "template": "1q5y:AB(0.44,0.48,60/74,41,46)", "viralprotein_id": 15331, "lrsm": 66.7858, "id": 69149908, "lrpepxv": -1.0, "lrredundpairs": 0.7707, "humanprotein_id": 5514, "vphfpdID": "002475@1jj4_A.2"}, {"lrredund": 20.9141, "lrpepelmv": 4.1527, "hphfpdID": "007227.d88_247", "pdbset": null, "lrpepxh": 5.22, "finallr": 109.1716, "lrpepelmh": -1.0, "template": "3v3x:DB(0.51,0.46,134/218,34,51)", "viralprotein_id": 15331, "lrsm": 2.6731, "id": 69150602, "lrpepxv": -1.0, "lrredundpairs": 1.774, "humanprotein_id": 5539, "vphfpdID": "002475@1jj4_A.2"}, {"lrredund": 2.409, "lrpepelmv": -1.0, "hphfpdID": "016871", "pdbset": null, "lrpepxh": -1.0, "finallr": 150.1047, "lrpepelmh": -1.0, "template": "", "viralprotein_id": 15331, "lrsm": -1.0, "id": 69150943, "lrpepxv": 62.31, "lrredundpairs": -1.0, "humanprotein_id": 11203, "vphfpdID": "002475@2q79_A.6"}, {"lrredund": 20.9141, "lrpepelmv": 4.1527, "hphfpdID": "003962.d133_182", "pdbset": null, "lrpepxh": 5.22, "finallr": 177.6693, "lrpepelmh": -1.0, "template": "1ev0:BA(0.56,0.42,165/202,46,61)", "viralprotein_id": 15331, "lrsm": 8.4952, "id": 69151471, "lrpepxv": -1.0, "lrredundpairs": 1.774, "humanprotein_id": 6447, "vphfpdID": "002475@2ayg_A.8"}, {"lrredund": 4.0064, "lrpepelmv": 72.805, "hphfpdID": "000004", "pdbset": null, "lrpepxh": -1.0, "finallr": 291.6858, "lrpepelmh": -1.0, "template": "", "viralprotein_id": 15331, "lrsm": -1.0, "id": 69151616, "lrpepxv": -1.0, "lrredundpairs": 1.373, "humanprotein_id": 6298, "vphfpdID": "002475@1dhm_A.3"}, {"lrredund": 20.9141, "lrpepelmv": -1.0, "hphfpdID": "000172.d30_131", "pdbset": null, "lrpepxh": -1.0, "finallr": 105.1868, "lrpepelmh": -1.0, "template": "2lk5:AB(0.42,0.49,121/132,19,17)", "viralprotein_id": 15331, "lrsm": 5.0295, "id": 69151655, "lrpepxv": -1.0, "lrredundpairs": -1.0, "humanprotein_id": 2981, "vphfpdID": "002475@2ayg_A.8"}, {"lrredund": 20.9141, "lrpepelmv": -1.0, "hphfpdID": "005158", "pdbset": null, "lrpepxh": 5.22, "finallr": 109.1716, "lrpepelmh": -1.0, "template": "4c3k:EF(0.31,0.60,66/118,25,16)", "viralprotein_id": 15331, "lrsm": 1.7316, "id": 69151876, "lrpepxv": -1.0, "lrredundpairs": 1.5513, "humanprotein_id": 2711, "vphfpdID": "002475@1a7g_E.4"}, {"lrredund": 20.9141, "lrpepelmv": 14.0845, "hphfpdID": "016466.e142_262", "pdbset": null, "lrpepxh": 7.37, "finallr": 294.5643, "lrpepelmh": -1.0, "template": "1un6:BD(0.16,0.16,27/64,6,1)", "viralprotein_id": 15331, "lrsm": 5.4987, "id": 69152785, "lrpepxv": -1.0, "lrredundpairs": 1.774, "humanprotein_id": 3727, "vphfpdID": "002475@1jj4_A.2"}, {"lrredund": 3.7695, "lrpepelmv": -1.0, "hphfpdID": "015691.d17_93", "pdbset": null, "lrpepxh": -1.0, "finallr": 128.2794, "lrpepelmh": -1.0, "template": "1r8h:EF(0.02,0.54,59/133,42,53)", "viralprotein_id": 15331, "lrsm": 34.0309, "id": 69152876, "lrpepxv": -1.0, "lrredundpairs": 1.5513, "humanprotein_id": 19532, "vphfpdID": "002475@2ayg_A.8"}, {"lrredund": 1.7951, "lrpepelmv": -1.0, "hphfpdID": "009287.d117_300", "pdbset": null, "lrpepxh": -1.0, "finallr": 113.7919, "lrpepelmh": -1.0, "template": "2gj2:CA(0.57,0.48,58/69,41,47)", "viralprotein_id": 15331, "lrsm": 63.3903, "id": 69153510, "lrpepxv": -1.0, "lrredundpairs": 1.5513, "humanprotein_id": 8628, "vphfpdID": "002475@2ayg_A.8"}, {"lrredund": 19.2898, "lrpepelmv": -1.0, "hphfpdID": "016869.d56_203", "pdbset": null, "lrpepxh": -1.0, "finallr": 106.0689, "lrpepelmh": -1.0, "template": "1f9f:AD(0.05,0.32,1/2,2,1)", "viralprotein_id": 15331, "lrsm": 5.4987, "id": 69153842, "lrpepxv": -1.0, "lrredundpairs": -1.0, "humanprotein_id": 4495, "vphfpdID": "002475@1jj4_A.2"}, {"lrredund": 4.0064, "lrpepelmv": -1.0, "hphfpdID": "012479.d293_370", "pdbset": null, "lrpepxh": -1.0, "finallr": 136.3414, "lrpepelmh": -1.0, "template": "2aye:FE(0.02,0.44,59/142,43,52)", "viralprotein_id": 15331, "lrsm": 34.0309, "id": 69153958, "lrpepxv": -1.0, "lrredundpairs": -1.0, "humanprotein_id": 3683, "vphfpdID": "002475@2ayg_A.8"}, {"lrredund": 20.9141, "lrpepelmv": -1.0, "hphfpdID": "005209.d106_189", "pdbset": null, "lrpepxh": 2.59, "finallr": 711.7256, "lrpepelmh": -1.0, "template": "2aye:FE(0.02,0.41,59/142,42,54)", "viralprotein_id": 15331, "lrsm": 34.0309, "id": 69154248, "lrpepxv": -1.0, "lrredundpairs": 1.774, "humanprotein_id": 8007, "vphfpdID": "002475@2ayg_A.8"}, {"lrredund": 4.0064, "lrpepelmv": -1.0, "hphfpdID": "007651.d182_278", "pdbset": null, "lrpepxh": -1.0, "finallr": 136.3414, "lrpepelmh": -1.0, "template": "2aye:CD(0.02,0.53,60/140,42,52)", "viralprotein_id": 15331, "lrsm": 34.0309, "id": 69154601, "lrpepxv": -1.0, "lrredundpairs": -1.0, "humanprotein_id": 5732, "vphfpdID": "002475@2ayg_A.8"}, {"lrredund": 3.124, "lrpepelmv": -1.0, "hphfpdID": "015694.d296_366", "pdbset": null, "lrpepxh": -1.0, "finallr": 106.3125, "lrpepelmh": -1.0, "template": "1r8h:DC(0.03,0.44,59/135,41,57)", "viralprotein_id": 15331, "lrsm": 34.0309, "id": 69154618, "lrpepxv": -1.0, "lrredundpairs": 1.373, "humanprotein_id": 4340, "vphfpdID": "002475@2ayg_A.8"}, {"lrredund": 3.124, "lrpepelmv": -1.0, "hphfpdID": "016503.e1_88", "pdbset": null, "lrpepxh": -1.0, "finallr": 265.4537, "lrpepelmh": -1.0, "template": "2aye:CD(0.02,0.37,58/140,45,56)", "viralprotein_id": 15331, "lrsm": 84.9724, "id": 69154718, "lrpepxv": -1.0, "lrredundpairs": 1.5513, "humanprotein_id": 6968, "vphfpdID": "002475@2ayg_A.8"}, {"lrredund": 20.9141, "lrpepelmv": 4.1527, "hphfpdID": "002673.d115_219", "pdbset": null, "lrpepxh": 5.22, "finallr": 111.3247, "lrpepelmh": -1.0, "template": "1ev0:BA(0.56,0.34,127/202,41,57)", "viralprotein_id": 15331, "lrsm": 5.323, "id": 69154731, "lrpepxv": -1.0, "lrredundpairs": 1.774, "humanprotein_id": 4427, "vphfpdID": "002475@2ayg_A.8"}, {"lrredund": 3.5815, "lrpepelmv": 32.9939, "hphfpdID": "017284.e489_542", "pdbset": null, "lrpepxh": -1.0, "finallr": 118.1675, "lrpepelmh": -1.0, "template": "2hcb:CD(0.60,0.27,23/159,13,14)", "viralprotein_id": 15333, "lrsm": 1.02, "id": 73214495, "lrpepxv": -1.0, "lrredundpairs": -1.0, "humanprotein_id": 7960, "vphfpdID": "002477.e217_656@1tue_A.1"}, {"lrredund": 21.3884, "lrpepelmv": 96.2413, "hphfpdID": "000007", "pdbset": null, "lrpepxh": -1.0, "finallr": 2058.446, "lrpepelmh": -1.0, "template": "", "viralprotein_id": 15333, "lrsm": -1.0, "id": 73216168, "lrpepxv": -1.0, "lrredundpairs": -1.0, "humanprotein_id": 6393, "vphfpdID": "002477@1r9w_A.2"}, {"lrredund": 21.3884, "lrpepelmv": 7.4157, "hphfpdID": "005478", "pdbset": null, "lrpepxh": -1.0, "finallr": 158.609, "lrpepelmh": -1.0, "template": "", "viralprotein_id": 15333, "lrsm": -1.0, "id": 73217568, "lrpepxv": -1.0, "lrredundpairs": -1.0, "humanprotein_id": 2880, "vphfpdID": "002477@1tue_A.1"}, {"lrredund": 15.8699, "lrpepelmv": -1.0, "hphfpdID": "005209.d106_189", "pdbset": null, "lrpepxh": -1.0, "finallr": 162.7466, "lrpepelmh": -1.0, "template": "3qsi:JI(0.49,0.41,113/133,50,57)", "viralprotein_id": 15333, "lrsm": 10.255, "id": 73218824, "lrpepxv": -1.0, "lrredundpairs": -1.0, "humanprotein_id": 8007, "vphfpdID": "002477.e217_656@1r9w_A.2"}, {"lrredund": 21.3884, "lrpepelmv": 96.2413, "hphfpdID": "000006", "pdbset": null, "lrpepxh": -1.0, "finallr": 2058.446, "lrpepelmh": -1.0, "template": "", "viralprotein_id": 15333, "lrsm": -1.0, "id": 73219310, "lrpepxv": -1.0, "lrredundpairs": -1.0, "humanprotein_id": 4514, "vphfpdID": "002477@1tue_A.1"}, {"lrredund": 21.3884, "lrpepelmv": 20.6694, "hphfpdID": "007144.d1_56", "pdbset": null, "lrpepxh": -1.0, "finallr": 442.0863, "lrpepelmh": -1.0, "template": "2ggp:BA(0.39,0.59,41/79,21,19)", "viralprotein_id": 15333, "lrsm": 1.7387, "id": 73220121, "lrpepxv": -1.0, "lrredundpairs": -1.0, "humanprotein_id": 6385, "vphfpdID": "002477.e217_656@1r9w_A.2"}, {"lrredund": 4.2492, "lrpepelmv": 96.2413, "hphfpdID": "000004", "pdbset": null, "lrpepxh": -1.0, "finallr": 408.9483, "lrpepelmh": -1.0, "template": "", "viralprotein_id": 15333, "lrsm": -1.0, "id": 73221274, "lrpepxv": -1.0, "lrredundpairs": -1.0, "humanprotein_id": 6298, "vphfpdID": "002477@1r9w_A.2"}, {"lrredund": 21.3884, "lrpepelmv": 96.2413, "hphfpdID": "000002", "pdbset": null, "lrpepxh": -1.0, "finallr": 2058.446, "lrpepelmh": -1.0, "template": "", "viralprotein_id": 15333, "lrsm": -1.0, "id": 73221417, "lrpepxv": -1.0, "lrredundpairs": -1.0, "humanprotein_id": 6315, "vphfpdID": "002477@1tue_A.1"}, {"lrredund": 21.3884, "lrpepelmv": 4.8562, "hphfpdID": "003962.d133_182", "pdbset": null, "lrpepxh": -1.0, "finallr": 103.8657, "lrpepelmh": -1.0, "template": "1f08:BA(0.12,0.42,27/32,13,15)", "viralprotein_id": 15333, "lrsm": 2.4032, "id": 73221572, "lrpepxv": -1.0, "lrredundpairs": -1.0, "humanprotein_id": 6447, "vphfpdID": "002477.e217_656@1r9w_A.2"}, {"lrredund": 21.3884, "lrpepelmv": 8.6827, "hphfpdID": "004076.d108_222", "pdbset": null, "lrpepxh": -1.0, "finallr": 185.7094, "lrpepelmh": -1.0, "template": "4bt0:BA(0.58,0.57,41/57,23,26)", "viralprotein_id": 15333, "lrsm": 1.6503, "id": 73221974, "lrpepxv": -1.0, "lrredundpairs": -1.0, "humanprotein_id": 4894, "vphfpdID": "002477.e217_656@1tue_A.1"}, {"lrredund": 4.0064, "lrpepelmv": 65.3909, "hphfpdID": "000001", "pdbset": null, "lrpepxh": -1.0, "finallr": 261.982, "lrpepelmh": -1.0, "template": "", "viralprotein_id": 15334, "lrsm": -1.0, "id": 17125904, "lrpepxv": -1.0, "lrredundpairs": 1.373, "humanprotein_id": 4793, "vphfpdID": "002478@2ljz_A.4"}, {"lrredund": 3.124, "lrpepelmv": 65.3909, "hphfpdID": "000005", "pdbset": null, "lrpepxh": -1.0, "finallr": 204.281, "lrpepelmh": -1.0, "template": "", "viralprotein_id": 15334, "lrsm": -1.0, "id": 17126451, "lrpepxv": -1.0, "lrredundpairs": 1.373, "humanprotein_id": 4794, "vphfpdID": "002478@2ljz_A.4"}, {"lrredund": 20.9141, "lrpepelmv": -1.0, "hphfpdID": "001509.e1_53", "pdbset": null, "lrpepxh": -1.0, "finallr": 255.2956, "lrpepelmh": -1.0, "template": "2dwv:AB(0.38,0.29,87/102,41,60)", "viralprotein_id": 15334, "lrsm": 12.2069, "id": 17127348, "lrpepxv": -1.0, "lrredundpairs": 1.5513, "humanprotein_id": 2598, "vphfpdID": "002478@2m3l_A.3"}, {"lrredund": 20.9141, "lrpepelmv": 14.0845, "hphfpdID": "007144.e56_156", "pdbset": null, "lrpepxh": -1.0, "finallr": 294.5643, "lrpepelmh": -1.0, "template": "2pij:AB(0.32,0.27,22/51,6,3)", "viralprotein_id": 15334, "lrsm": 2.2022, "id": 17127457, "lrpepxv": -1.0, "lrredundpairs": 20.9141, "humanprotein_id": 6385, "vphfpdID": "002478.d32_141@4xr8_F.1"}, {"lrredund": 20.9141, "lrpepelmv": -1.0, "hphfpdID": "018800.e215_312", "pdbset": null, "lrpepxh": -1.0, "finallr": 214.4751, "lrpepelmh": -1.0, "template": "1aip:HG(0.58,0.25,99/115,45,60)", "viralprotein_id": 15334, "lrsm": 10.255, "id": 17127674, "lrpepxv": -1.0, "lrredundpairs": 1.1877, "humanprotein_id": 4109, "vphfpdID": "002478@2m3l_A.3"}, {"lrredund": 20.9141, "lrpepelmv": 4.1021, "hphfpdID": "002673.e85_298", "pdbset": null, "lrpepxh": -1.0, "finallr": 100.0864, "lrpepelmh": -1.0, "template": "2fy9:AB(0.41,0.59,166/382,19,14)", "viralprotein_id": 15334, "lrsm": 4.7856, "id": 17127856, "lrpepxv": -1.0, "lrredundpairs": 20.9141, "humanprotein_id": 4427, "vphfpdID": "002478.d32_141@4xr8_F.1"}, {"lrredund": 21.3884, "lrpepelmv": 8.2623, "hphfpdID": "001060.e180_274", "pdbset": null, "lrpepxh": -1.0, "finallr": 176.718, "lrpepelmh": -1.0, "template": "3s6n:AB(0.46,0.29,53/101,24,35)", "viralprotein_id": 15334, "lrsm": 2.0697, "id": 17128373, "lrpepxv": -1.0, "lrredundpairs": 1.1877, "humanprotein_id": 17652, "vphfpdID": "002478.d32_141@4giz_C.2"}, {"lrredund": 20.9141, "lrpepelmv": 7.4157, "hphfpdID": "005478", "pdbset": null, "lrpepxh": -1.0, "finallr": 155.0917, "lrpepelmh": -1.0, "template": "1bsx:BA(0.60,0.28,1/51,2,1)", "viralprotein_id": 15334, "lrsm": 1.02, "id": 17130084, "lrpepxv": -1.0, "lrredundpairs": 1.1877, "humanprotein_id": 2880, "vphfpdID": "002478@2ljz_A.4"}, {"lrredund": 20.9141, "lrpepelmv": 65.3909, "hphfpdID": "000002", "pdbset": null, "lrpepxh": -1.0, "finallr": 1367.591, "lrpepelmh": -1.0, "template": "1wr6:GC(0.57,0.34,43/66,12,6)", "viralprotein_id": 15334, "lrsm": 1.2265, "id": 17131891, "lrpepxv": -1.0, "lrredundpairs": 1.5513, "humanprotein_id": 6315, "vphfpdID": "002478@2m3l_A.3"}, {"lrredund": 21.3884, "lrpepelmv": 14.0845, "hphfpdID": "016615.d554_715", "pdbset": null, "lrpepxh": -1.0, "finallr": 301.2446, "lrpepelmh": -1.0, "template": "", "viralprotein_id": 15334, "lrsm": -1.0, "id": 17132611, "lrpepxv": -1.0, "lrredundpairs": -1.0, "humanprotein_id": 5095, "vphfpdID": "002478@4xr8_F.1"}, {"lrredund": 4.0064, "lrpepelmv": 65.3909, "hphfpdID": "000004", "pdbset": null, "lrpepxh": -1.0, "finallr": 261.982, "lrpepelmh": -1.0, "template": "", "viralprotein_id": 15334, "lrsm": -1.0, "id": 17132683, "lrpepxv": -1.0, "lrredundpairs": 1.373, "humanprotein_id": 6298, "vphfpdID": "002478@2ljz_A.4"}, {"lrredund": 20.9141, "lrpepelmv": 14.0845, "hphfpdID": "016613.e316_567", "pdbset": null, "lrpepxh": -1.0, "finallr": 294.5643, "lrpepelmh": -1.0, "template": "2idh:CA(0.34,0.56,26/27,9,6)", "viralprotein_id": 15334, "lrsm": 1.3385, "id": 17134530, "lrpepxv": -1.0, "lrredundpairs": -1.0, "humanprotein_id": 5161, "vphfpdID": "002478@2ljz_A.4"}, {"lrredund": 20.9141, "lrpepelmv": 14.0845, "hphfpdID": "016466.e85_146", "pdbset": null, "lrpepxh": -1.0, "finallr": 294.5643, "lrpepelmh": -1.0, "template": "4hcz:BA(0.43,0.14,1/1,2,1)", "viralprotein_id": 15334, "lrsm": 2.4032, "id": 17135077, "lrpepxv": -1.0, "lrredundpairs": 1.7812, "humanprotein_id": 3727, "vphfpdID": "002478@2ljz_A.4"}, {"lrredund": 20.9141, "lrpepelmv": 65.3909, "hphfpdID": "000006", "pdbset": null, "lrpepxh": -1.0, "finallr": 1367.591, "lrpepelmh": -1.0, "template": "", "viralprotein_id": 15334, "lrsm": -1.0, "id": 17135133, "lrpepxv": -1.0, "lrredundpairs": 1.373, "humanprotein_id": 4514, "vphfpdID": "002478@2ljz_A.4"}, {"lrredund": 20.9141, "lrpepelmv": 65.3909, "hphfpdID": "000007", "pdbset": null, "lrpepxh": -1.0, "finallr": 1367.591, "lrpepelmh": -1.0, "template": "", "viralprotein_id": 15334, "lrsm": -1.0, "id": 17136853, "lrpepxv": -1.0, "lrredundpairs": 1.5513, "humanprotein_id": 6393, "vphfpdID": "002478@2m3l_A.3"}, {"lrredund": 3.124, "lrpepelmv": 65.3909, "hphfpdID": "000003", "pdbset": null, "lrpepxh": -1.0, "finallr": 204.281, "lrpepelmh": -1.0, "template": "1wr6:EA(0.56,0.44,44/67,11,1)", "viralprotein_id": 15334, "lrsm": 1.2265, "id": 17137695, "lrpepxv": -1.0, "lrredundpairs": 1.5513, "humanprotein_id": 6857, "vphfpdID": "002478@2m3l_A.3"}, {"lrredund": 20.9141, "lrpepelmv": -1.0, "hphfpdID": "006178.e462_515", "pdbset": null, "lrpepxh": -1.0, "finallr": 214.4751, "lrpepelmh": -1.0, "template": "1aip:HG(0.58,0.30,96/115,46,69)", "viralprotein_id": 15334, "lrsm": 10.255, "id": 17139657, "lrpepxv": -1.0, "lrredundpairs": 1.373, "humanprotein_id": 2856, "vphfpdID": "002478@2m3l_A.3"}, {"lrredund": 20.9141, "lrpepelmv": -1.0, "hphfpdID": "000172.d132_188", "pdbset": null, "lrpepxh": -1.0, "finallr": 105.6647, "lrpepelmh": -1.0, "template": "2jp1:BA(0.44,0.57,131/235,44,59)", "viralprotein_id": 15334, "lrsm": 5.0523, "id": 17140129, "lrpepxv": -1.0, "lrredundpairs": 0.7707, "humanprotein_id": 2981, "vphfpdID": "002478@2m3l_A.3"}]