[{"lrredund": 20.9141, "lrpepelmv": 6.3859, "hphfpdID": "004076.d108_222", "pdbset": null, "lrpepxh": -1.0, "finallr": 133.555, "lrpepelmh": -1.0, "template": "1x90:BA(0.57,0.53,42/74,13,7)", "viralprotein_id": 13963, "lrsm": 1.1641, "id": 73619669, "lrpepxv": -1.0, "lrredundpairs": 0.7707, "humanprotein_id": 4894, "vphfpdID": "001727.e1_202@1tue_B.1"}, {"lrredund": 4.2492, "lrpepelmv": 27.4837, "hphfpdID": "010174.e436_491", "pdbset": null, "lrpepxh": -1.0, "finallr": 116.7838, "lrpepelmh": -1.0, "template": "2pvx:GB(0.56,0.35,50/60,22,40)", "viralprotein_id": 13963, "lrsm": 2.6756, "id": 73619820, "lrpepxv": 3.84, "lrredundpairs": -1.0, "humanprotein_id": 6667, "vphfpdID": "001727@1dto_A.6"}, {"lrredund": 21.3884, "lrpepelmv": -1.0, "hphfpdID": "009492.e120_224", "pdbset": null, "lrpepxh": -1.0, "finallr": 102.103, "lrpepelmh": -1.0, "template": "2lk6:AB(0.55,0.56,133/154,12,1)", "viralprotein_id": 13963, "lrsm": 4.7738, "id": 73620471, "lrpepxv": 3.84, "lrredundpairs": 0.7707, "humanprotein_id": 13229, "vphfpdID": "001727@2nnu_A.5"}, {"lrredund": 1.7092, "lrpepelmv": -1.0, "hphfpdID": "017834", "pdbset": null, "lrpepxh": -1.0, "finallr": 106.5002, "lrpepelmh": -1.0, "template": "1tnr:RA(0.43,0.12,5/66,7,5)", "viralprotein_id": 13963, "lrsm": 1.8315, "id": 73620666, "lrpepxv": 62.31, "lrredundpairs": 1.1877, "humanprotein_id": 5361, "vphfpdID": "001727@2nnu_A.5"}, {"lrredund": 4.2492, "lrpepelmv": 96.2413, "hphfpdID": "000001", "pdbset": null, "lrpepxh": -1.0, "finallr": 408.9483, "lrpepelmh": -1.0, "template": "", "viralprotein_id": 13963, "lrsm": -1.0, "id": 73621048, "lrpepxv": -1.0, "lrredundpairs": -1.0, "humanprotein_id": 4793, "vphfpdID": "001727@1r6n_A.2"}, {"lrredund": 20.9141, "lrpepelmv": 96.2413, "hphfpdID": "000002", "pdbset": null, "lrpepxh": -1.0, "finallr": 2012.799, "lrpepelmh": -1.0, "template": "", "viralprotein_id": 13963, "lrsm": -1.0, "id": 73622641, "lrpepxv": -1.0, "lrredundpairs": 1.373, "humanprotein_id": 6315, "vphfpdID": "001727@1tue_B.1"}, {"lrredund": 20.9141, "lrpepelmv": 5.7054, "hphfpdID": "003962", "pdbset": null, "lrpepxh": -1.0, "finallr": 119.3239, "lrpepelmh": -1.0, "template": "1auu:BA(0.57,0.36,84/104,17,15)", "viralprotein_id": 13963, "lrsm": 2.0531, "id": 73623357, "lrpepxv": -1.0, "lrredundpairs": 20.9141, "humanprotein_id": 6447, "vphfpdID": "001727.e1_202@2jex_A.2"}, {"lrredund": 20.9141, "lrpepelmv": 15.8041, "hphfpdID": "016613.e316_567", "pdbset": null, "lrpepxh": -1.0, "finallr": 330.5284, "lrpepelmh": -1.0, "template": "2idh:BA(0.31,0.56,41/45,11,3)", "viralprotein_id": 13963, "lrsm": 1.3385, "id": 73624044, "lrpepxv": -1.0, "lrredundpairs": -1.0, "humanprotein_id": 5161, "vphfpdID": "001727.e1_202@1tue_B.1"}, {"lrredund": 1.7951, "lrpepelmv": -1.0, "hphfpdID": "004626.e84_273", "pdbset": null, "lrpepxh": -1.0, "finallr": 111.8526, "lrpepelmh": -1.0, "template": "2dys:SR(0.50,0.50,16/17,5,3)", "viralprotein_id": 13963, "lrsm": 1.3385, "id": 73624121, "lrpepxv": 62.31, "lrredundpairs": -1.0, "humanprotein_id": 1798, "vphfpdID": "001727@2nnu_A.5"}, {"lrredund": -1.0, "lrpepelmv": -1.0, "hphfpdID": "001761.g377_947", "pdbset": null, "lrpepxh": -1.0, "finallr": 116.0459, "lrpepelmh": -1.0, "template": "1dee:FH(0.49,0.58,60/85,19,15)", "viralprotein_id": 13963, "lrsm": 1.1641, "id": 73625149, "lrpepxv": 84.52, "lrredundpairs": 1.373, "humanprotein_id": 8809, "vphfpdID": "001727@1r6n_A.2"}, {"lrredund": 2.409, "lrpepelmv": 5.7054, "hphfpdID": "016486.d51_222", "pdbset": null, "lrpepxh": -1.0, "finallr": 150.1047, "lrpepelmh": -1.0, "template": "1auu:BA(0.39,0.21,96/104,22,19)", "viralprotein_id": 13963, "lrsm": 4.4478, "id": 73625253, "lrpepxv": 62.31, "lrredundpairs": 2.409, "humanprotein_id": 6479, "vphfpdID": "001727.e1_202@2nnu_A.5"}, {"lrredund": 20.9141, "lrpepelmv": 15.8041, "hphfpdID": "007144.e56_156", "pdbset": null, "lrpepxh": -1.0, "finallr": 330.5284, "lrpepelmh": -1.0, "template": "2dwv:AB(0.59,0.56,89/102,21,15)", "viralprotein_id": 13963, "lrsm": 2.3512, "id": 73625555, "lrpepxv": -1.0, "lrredundpairs": 20.9141, "humanprotein_id": 6385, "vphfpdID": "001727.e1_202@1tue_B.1"}, {"lrredund": 1.7092, "lrpepelmv": -1.0, "hphfpdID": "006230.e1_283", "pdbset": null, "lrpepxh": -1.0, "finallr": 106.5002, "lrpepelmh": -1.0, "template": "2dys:SR(0.50,0.54,16/17,7,7)", "viralprotein_id": 13963, "lrsm": 1.2704, "id": 73627079, "lrpepxv": 62.31, "lrredundpairs": 0.7707, "humanprotein_id": 2506, "vphfpdID": "001727@2nnu_A.5"}, {"lrredund": 2.409, "lrpepelmv": 96.2413, "hphfpdID": "000005", "pdbset": null, "lrpepxh": -1.0, "finallr": 231.8452, "lrpepelmh": -1.0, "template": "2cxd:BA(0.59,0.45,55/59,11,2)", "viralprotein_id": 13963, "lrsm": 1.2704, "id": 73627150, "lrpepxv": -1.0, "lrredundpairs": 1.373, "humanprotein_id": 4794, "vphfpdID": "001727@2nnu_A.5"}, {"lrredund": 19.2898, "lrpepelmv": -1.0, "hphfpdID": "006178.e559_615", "pdbset": null, "lrpepxh": -1.0, "finallr": 231.3873, "lrpepelmh": -1.0, "template": "2rkz:CB(0.32,0.07,38/40,21,29)", "viralprotein_id": 13963, "lrsm": 11.9953, "id": 73627345, "lrpepxv": 6.56, "lrredundpairs": 0.7707, "humanprotein_id": 2856, "vphfpdID": "001727@1dto_A.6"}, {"lrredund": 2.3254, "lrpepelmv": 5.7054, "hphfpdID": "009706", "pdbset": null, "lrpepxh": -1.0, "finallr": 132.3152, "lrpepelmh": -1.0, "template": "3kvp:BF(0.60,0.32,54/67,22,23)", "viralprotein_id": 13963, "lrsm": 2.6756, "id": 73627479, "lrpepxv": 56.9, "lrredundpairs": 2.3254, "humanprotein_id": 9068, "vphfpdID": "001727.e1_202@2nnu_A.5"}, {"lrredund": 2.3588, "lrpepelmv": -1.0, "hphfpdID": "001757", "pdbset": null, "lrpepxh": -1.0, "finallr": 134.2157, "lrpepelmh": -1.0, "template": "", "viralprotein_id": 13963, "lrsm": -1.0, "id": 73627692, "lrpepxv": 56.9, "lrredundpairs": 1.373, "humanprotein_id": 1873, "vphfpdID": "001727@2jeu_A.4"}, {"lrredund": 1.7951, "lrpepelmv": -1.0, "hphfpdID": "008620.d546_602", "pdbset": null, "lrpepxh": -1.0, "finallr": 111.8526, "lrpepelmh": -1.0, "template": "4eal:BA(0.53,0.50,53/98,28,33)", "viralprotein_id": 13963, "lrsm": 1.6503, "id": 73627864, "lrpepxv": 62.31, "lrredundpairs": -1.0, "humanprotein_id": 14108, "vphfpdID": "001727@1dto_A.6"}, {"lrredund": 20.9141, "lrpepelmv": -1.0, "hphfpdID": "007725", "pdbset": null, "lrpepxh": -1.0, "finallr": 103.7339, "lrpepelmh": -1.0, "template": "", "viralprotein_id": 13963, "lrsm": -1.0, "id": 73628943, "lrpepxv": 4.96, "lrredundpairs": 0.7707, "humanprotein_id": 3138, "vphfpdID": "001727@2jeu_A.4"}, {"lrredund": 21.3884, "lrpepelmv": 5.7054, "hphfpdID": "018111", "pdbset": null, "lrpepxh": -1.0, "finallr": 122.03, "lrpepelmh": -1.0, "template": "1k9a:CA(0.54,0.35,1/1,2,1)", "viralprotein_id": 13963, "lrsm": 1.3385, "id": 73629100, "lrpepxv": -1.0, "lrredundpairs": 19.2898, "humanprotein_id": 15404, "vphfpdID": "001727.e1_202@2jeu_A.4"}, {"lrredund": 21.3884, "lrpepelmv": 5.7054, "hphfpdID": "007227.d88_247", "pdbset": null, "lrpepxh": -1.0, "finallr": 122.03, "lrpepelmh": -1.0, "template": "4cfh:BA(0.22,0.17,5/206,5,3)", "viralprotein_id": 13963, "lrsm": 4.5731, "id": 73630714, "lrpepxv": -1.0, "lrredundpairs": 19.2898, "humanprotein_id": 5539, "vphfpdID": "001727.e1_202@1r6n_A.3"}, {"lrredund": 20.9141, "lrpepelmv": -1.0, "hphfpdID": "018800.e309_403", "pdbset": null, "lrpepxh": -1.0, "finallr": 105.1868, "lrpepelmh": -1.0, "template": "2lk6:BA(0.51,0.34,151/154,20,8)", "viralprotein_id": 13963, "lrsm": 5.0295, "id": 73630939, "lrpepxv": -1.0, "lrredundpairs": 0.7707, "humanprotein_id": 4109, "vphfpdID": "001727@2nnu_A.5"}, {"lrredund": 20.9141, "lrpepelmv": 5.7054, "hphfpdID": "002673", "pdbset": null, "lrpepxh": -1.0, "finallr": 119.3239, "lrpepelmh": -1.0, "template": "2idh:HG(0.40,0.56,44/45,21,28)", "viralprotein_id": 13963, "lrsm": 2.6756, "id": 73631310, "lrpepxv": -1.0, "lrredundpairs": 19.2898, "humanprotein_id": 4427, "vphfpdID": "001727.e1_202@1tue_B.1"}, {"lrredund": 4.0064, "lrpepelmv": 96.2413, "hphfpdID": "000004", "pdbset": null, "lrpepxh": -1.0, "finallr": 385.581, "lrpepelmh": -1.0, "template": "", "viralprotein_id": 13963, "lrsm": -1.0, "id": 73631334, "lrpepxv": -1.0, "lrredundpairs": 1.373, "humanprotein_id": 6298, "vphfpdID": "001727@1tue_B.1"}, {"lrredund": 21.3884, "lrpepelmv": -1.0, "hphfpdID": "016869", "pdbset": null, "lrpepxh": -1.0, "finallr": 116.139, "lrpepelmh": -1.0, "template": "", "viralprotein_id": 13963, "lrsm": -1.0, "id": 73631661, "lrpepxv": 5.43, "lrredundpairs": -1.0, "humanprotein_id": 4495, "vphfpdID": "001727@2nnu_A.5"}, {"lrredund": 1.7951, "lrpepelmv": -1.0, "hphfpdID": "005292.d1_108", "pdbset": null, "lrpepxh": -1.0, "finallr": 111.8526, "lrpepelmh": -1.0, "template": "1auu:BA(0.39,0.28,102/104,24,32)", "viralprotein_id": 13963, "lrsm": 2.9486, "id": 73631761, "lrpepxv": 62.31, "lrredundpairs": -1.0, "humanprotein_id": 12504, "vphfpdID": "001727.e1_202@2nnu_A.5"}, {"lrredund": 21.3884, "lrpepelmv": 11.4911, "hphfpdID": "001060.e180_274", "pdbset": null, "lrpepxh": -1.0, "finallr": 245.7766, "lrpepelmh": -1.0, "template": "1auu:BA(0.59,0.56,96/104,23,14)", "viralprotein_id": 13963, "lrsm": 2.3512, "id": 73632054, "lrpepxv": -1.0, "lrredundpairs": 0.7707, "humanprotein_id": 17652, "vphfpdID": "001727.e1_202@1tue_B.1"}, {"lrredund": 21.3884, "lrpepelmv": 4.1867, "hphfpdID": "001509.e1_53", "pdbset": null, "lrpepxh": -1.0, "finallr": 256.5607, "lrpepelmh": -1.0, "template": "2idh:BA(0.31,0.06,41/45,22,35)", "viralprotein_id": 13963, "lrsm": 11.9953, "id": 73632106, "lrpepxv": -1.0, "lrredundpairs": 15.8699, "humanprotein_id": 2598, "vphfpdID": "001727.e1_202@1tue_B.1"}, {"lrredund": 2.3254, "lrpepelmv": -1.0, "hphfpdID": "001512", "pdbset": null, "lrpepxh": -1.0, "finallr": 144.8956, "lrpepelmh": -1.0, "template": "2pvx:GB(0.56,0.44,52/60,22,41)", "viralprotein_id": 13963, "lrsm": 2.6756, "id": 73632689, "lrpepxv": 62.31, "lrredundpairs": 1.1877, "humanprotein_id": 5297, "vphfpdID": "001727@1dto_A.6"}, {"lrredund": 2.409, "lrpepelmv": 96.2413, "hphfpdID": "000003", "pdbset": null, "lrpepxh": -1.0, "finallr": 231.8452, "lrpepelmh": -1.0, "template": "1v7n:IZ(0.58,0.32,5/5,1,0)", "viralprotein_id": 13963, "lrsm": 1.3385, "id": 73633120, "lrpepxv": -1.0, "lrredundpairs": 2.409, "humanprotein_id": 6857, "vphfpdID": "001727.e1_202@1dto_A.6"}, {"lrredund": 20.9141, "lrpepelmv": 96.2413, "hphfpdID": "000006", "pdbset": null, "lrpepxh": -1.0, "finallr": 2012.799, "lrpepelmh": -1.0, "template": "2cxd:BA(0.59,0.35,59/59,14,7)", "viralprotein_id": 13963, "lrsm": 1.3385, "id": 73633198, "lrpepxv": -1.0, "lrredundpairs": 1.373, "humanprotein_id": 4514, "vphfpdID": "001727@2nnu_A.5"}, {"lrredund": 20.9141, "lrpepelmv": 15.8041, "hphfpdID": "016466.e85_146", "pdbset": null, "lrpepxh": -1.0, "finallr": 330.5284, "lrpepelmh": -1.0, "template": "1z9z:BA(0.55,0.03,41/59,23,34)", "viralprotein_id": 13963, "lrsm": 3.1219, "id": 73634203, "lrpepxv": 2.59, "lrredundpairs": 1.1877, "humanprotein_id": 3727, "vphfpdID": "001727@1dto_A.6"}, {"lrredund": 21.3884, "lrpepelmv": -1.0, "hphfpdID": "002626", "pdbset": null, "lrpepxh": -1.0, "finallr": 128.3451, "lrpepelmh": -1.0, "template": "2j5l:AB(0.33,0.06,22/26,6,1)", "viralprotein_id": 13963, "lrsm": 6.0007, "id": 73634474, "lrpepxv": -1.0, "lrredundpairs": 21.3884, "humanprotein_id": 2804, "vphfpdID": "001727.e1_202@2jeu_A.4"}, {"lrredund": 20.9141, "lrpepelmv": 15.8041, "hphfpdID": "016615.e139_320", "pdbset": null, "lrpepxh": -1.0, "finallr": 330.5284, "lrpepelmh": -1.0, "template": "1tue:GB(0.11,0.60,14/21,7,1)", "viralprotein_id": 13963, "lrsm": 1.4599, "id": 73634475, "lrpepxv": -1.0, "lrredundpairs": -1.0, "humanprotein_id": 5095, "vphfpdID": "001727.e1_202@2nnu_A.5"}, {"lrredund": 21.3884, "lrpepelmv": 9.677, "hphfpdID": "001751.e1_73", "pdbset": null, "lrpepxh": -1.0, "finallr": 206.9754, "lrpepelmh": -1.0, "template": "2k7i:BA(0.50,0.58,82/324,21,33)", "viralprotein_id": 13963, "lrsm": 1.5955, "id": 73635958, "lrpepxv": -1.0, "lrredundpairs": 0.7707, "humanprotein_id": 5041, "vphfpdID": "001727.e1_202@1r6n_A.3"}, {"lrredund": 19.2898, "lrpepelmv": 6.3442, "hphfpdID": "001349.d2679_3055", "pdbset": null, "lrpepxh": -1.0, "finallr": 122.3786, "lrpepelmh": -1.0, "template": "3kvp:FB(0.58,0.49,53/67,23,17)", "viralprotein_id": 13963, "lrsm": 1.6503, "id": 73635986, "lrpepxv": 4.96, "lrredundpairs": 0.7707, "humanprotein_id": 7312, "vphfpdID": "001727.e1_202@1tue_B.1"}, {"lrredund": 20.9141, "lrpepelmv": -1.0, "hphfpdID": "005209.e1_96", "pdbset": null, "lrpepxh": -1.0, "finallr": 105.1868, "lrpepelmh": -1.0, "template": "2lk6:BA(0.51,0.48,131/154,20,17)", "viralprotein_id": 13963, "lrsm": 5.0295, "id": 73635999, "lrpepxv": -1.0, "lrredundpairs": 1.774, "humanprotein_id": 8007, "vphfpdID": "001727@2nnu_A.5"}, {"lrredund": 19.2898, "lrpepelmv": -1.0, "hphfpdID": "005567.d200_296", "pdbset": null, "lrpepxh": -1.0, "finallr": 104.7436, "lrpepelmh": -1.0, "template": "3kvp:BF(0.60,0.23,54/67,22,15)", "viralprotein_id": 13963, "lrsm": 2.6756, "id": 73636949, "lrpepxv": 5.43, "lrredundpairs": 19.2898, "humanprotein_id": 3874, "vphfpdID": "001727.e1_202@2nnu_A.5"}, {"lrredund": 20.9141, "lrpepelmv": 96.2413, "hphfpdID": "000007", "pdbset": null, "lrpepxh": -1.0, "finallr": 2012.799, "lrpepelmh": -1.0, "template": "", "viralprotein_id": 13963, "lrsm": -1.0, "id": 73637056, "lrpepxv": -1.0, "lrredundpairs": 1.373, "humanprotein_id": 6393, "vphfpdID": "001727@1tue_B.1"}, {"lrredund": 1.7951, "lrpepelmv": -1.0, "hphfpdID": "005521.d1_109", "pdbset": null, "lrpepxh": -1.0, "finallr": 111.8526, "lrpepelmh": -1.0, "template": "2k7i:AB(0.46,0.31,73/324,25,35)", "viralprotein_id": 13963, "lrsm": 2.0008, "id": 73637447, "lrpepxv": 62.31, "lrredundpairs": -1.0, "humanprotein_id": 18750, "vphfpdID": "001727.e1_202@2nnu_A.5"}, {"lrredund": 2.3254, "lrpepelmv": 65.3909, "hphfpdID": "000003", "pdbset": null, "lrpepxh": -1.0, "finallr": 152.0599, "lrpepelmh": -1.0, "template": "", "viralprotein_id": 13964, "lrsm": -1.0, "id": 7133921, "lrpepxv": -1.0, "lrredundpairs": 0.7707, "humanprotein_id": 6857, "vphfpdID": "001728@1r9w_A.3"}, {"lrredund": 21.3884, "lrpepelmv": 14.0845, "hphfpdID": "016466.e85_146", "pdbset": null, "lrpepxh": -1.0, "finallr": 301.2446, "lrpepelmh": -1.0, "template": "2lk6:BA(0.44,0.51,130/154,23,13)", "viralprotein_id": 13964, "lrsm": 3.4243, "id": 7134181, "lrpepxv": -1.0, "lrredundpairs": 0.7707, "humanprotein_id": 3727, "vphfpdID": "001728.e116_593@1ksy_A.4"}, {"lrredund": 21.3884, "lrpepelmv": 65.3909, "hphfpdID": "000006", "pdbset": null, "lrpepxh": -1.0, "finallr": 1398.606, "lrpepelmh": -1.0, "template": "", "viralprotein_id": 13964, "lrsm": -1.0, "id": 7134299, "lrpepxv": -1.0, "lrredundpairs": -1.0, "humanprotein_id": 4514, "vphfpdID": "001728@2gxa_A.1"}, {"lrredund": 21.3884, "lrpepelmv": 6.3442, "hphfpdID": "001349.d2683_2962", "pdbset": null, "lrpepxh": -1.0, "finallr": 135.6925, "lrpepelmh": -1.0, "template": "", "viralprotein_id": 13964, "lrsm": -1.0, "id": 7134443, "lrpepxv": -1.0, "lrredundpairs": -1.0, "humanprotein_id": 7312, "vphfpdID": "001728@2gxa_A.1"}, {"lrredund": 4.2492, "lrpepelmv": 65.3909, "hphfpdID": "000001", "pdbset": null, "lrpepxh": -1.0, "finallr": 277.8589, "lrpepelmh": -1.0, "template": "", "viralprotein_id": 13964, "lrsm": -1.0, "id": 7135043, "lrpepxv": -1.0, "lrredundpairs": 0.7707, "humanprotein_id": 4793, "vphfpdID": "001728@1r9w_A.3"}, {"lrredund": 4.2492, "lrpepelmv": 65.3909, "hphfpdID": "000004", "pdbset": null, "lrpepxh": -1.0, "finallr": 277.8589, "lrpepelmh": -1.0, "template": "", "viralprotein_id": 13964, "lrsm": -1.0, "id": 7135407, "lrpepxv": -1.0, "lrredundpairs": -1.0, "humanprotein_id": 6298, "vphfpdID": "001728@2v9p_A.2"}, {"lrredund": 21.3884, "lrpepelmv": 65.3909, "hphfpdID": "000002", "pdbset": null, "lrpepxh": -1.0, "finallr": 1398.606, "lrpepelmh": -1.0, "template": "", "viralprotein_id": 13964, "lrsm": -1.0, "id": 7135591, "lrpepxv": -1.0, "lrredundpairs": -1.0, "humanprotein_id": 6315, "vphfpdID": "001728@2gxa_A.1"}, {"lrredund": 20.9141, "lrpepelmv": -1.0, "hphfpdID": "018500.d533_608", "pdbset": null, "lrpepxh": -1.0, "finallr": 105.1868, "lrpepelmh": -1.0, "template": "2lk6:BA(0.44,0.50,125/154,20,12)", "viralprotein_id": 13964, "lrsm": 5.0295, "id": 7136293, "lrpepxv": -1.0, "lrredundpairs": 0.7707, "humanprotein_id": 3463, "vphfpdID": "001728.e116_593@1ksy_A.4"}, {"lrredund": 19.2898, "lrpepelmv": -1.0, "hphfpdID": "012444.e95_323", "pdbset": null, "lrpepxh": -1.0, "finallr": 150.368, "lrpepelmh": -1.0, "template": "2h1l:BN(0.36,0.03,50/99,21,24)", "viralprotein_id": 13964, "lrsm": 7.7952, "id": 7137438, "lrpepxv": -1.0, "lrredundpairs": -1.0, "humanprotein_id": 2955, "vphfpdID": "001728.e116_593@2gxa_A.1"}, {"lrredund": 4.2492, "lrpepelmv": 32.9939, "hphfpdID": "017283.d76_264", "pdbset": null, "lrpepxh": -1.0, "finallr": 140.1976, "lrpepelmh": -1.0, "template": "", "viralprotein_id": 13964, "lrsm": -1.0, "id": 7138862, "lrpepxv": -1.0, "lrredundpairs": -1.0, "humanprotein_id": 5846, "vphfpdID": "001728@1r9w_A.3"}, {"lrredund": 21.3884, "lrpepelmv": 9.677, "hphfpdID": "001751.e1_73", "pdbset": null, "lrpepxh": -1.0, "finallr": 206.9754, "lrpepelmh": -1.0, "template": "1sn9:BD(0.43,0.26,9/10,4,2)", "viralprotein_id": 13964, "lrsm": 1.5932, "id": 7138937, "lrpepxv": -1.0, "lrredundpairs": -1.0, "humanprotein_id": 5041, "vphfpdID": "001728.e116_593@1ksy_A.4"}, {"lrredund": 2.3254, "lrpepelmv": 65.3909, "hphfpdID": "000005", "pdbset": null, "lrpepxh": -1.0, "finallr": 152.0599, "lrpepelmh": -1.0, "template": "", "viralprotein_id": 13964, "lrsm": -1.0, "id": 7139167, "lrpepxv": -1.0, "lrredundpairs": 0.7707, "humanprotein_id": 4794, "vphfpdID": "001728@1r9w_A.3"}, {"lrredund": 20.9141, "lrpepelmv": -1.0, "hphfpdID": "018800.e309_403", "pdbset": null, "lrpepxh": -1.0, "finallr": 125.2067, "lrpepelmh": -1.0, "template": "2lk6:BA(0.44,0.34,141/154,18,6)", "viralprotein_id": 13964, "lrsm": 5.9867, "id": 7139219, "lrpepxv": -1.0, "lrredundpairs": -1.0, "humanprotein_id": 4109, "vphfpdID": "001728.e116_593@1ksy_A.4"}, {"lrredund": 21.3884, "lrpepelmv": -1.0, "hphfpdID": "017454.e64_147", "pdbset": null, "lrpepxh": -1.0, "finallr": 107.5723, "lrpepelmh": -1.0, "template": "2lk6:BA(0.44,0.50,124/154,18,9)", "viralprotein_id": 13964, "lrsm": 5.0295, "id": 7139585, "lrpepxv": -1.0, "lrredundpairs": -1.0, "humanprotein_id": 7296, "vphfpdID": "001728.e116_593@1ksy_A.4"}, {"lrredund": 20.9141, "lrpepelmv": -1.0, "hphfpdID": "006178.e1631_1722", "pdbset": null, "lrpepxh": -1.0, "finallr": 125.499, "lrpepelmh": -1.0, "template": "2xmv:CF(0.26,0.13,4/4,4,3)", "viralprotein_id": 13964, "lrsm": 6.0007, "id": 7141983, "lrpepxv": -1.0, "lrredundpairs": -1.0, "humanprotein_id": 2856, "vphfpdID": "001728@1ksy_A.4"}, {"lrredund": 4.2492, "lrpepelmv": -1.0, "hphfpdID": "008899", "pdbset": null, "lrpepxh": -1.0, "finallr": 101.404, "lrpepelmh": -1.0, "template": "2orv:BA(0.38,0.00,133/214,57,64)", "viralprotein_id": 13964, "lrsm": 23.8643, "id": 7142302, "lrpepxv": -1.0, "lrredundpairs": -1.0, "humanprotein_id": 2925, "vphfpdID": "001728.e116_593@2v9p_A.2"}, {"lrredund": 20.9141, "lrpepelmv": -1.0, "hphfpdID": "016729", "pdbset": null, "lrpepxh": -1.0, "finallr": 100.0864, "lrpepelmh": -1.0, "template": "2lk6:BA(0.44,0.51,121/154,19,9)", "viralprotein_id": 13964, "lrsm": 4.7856, "id": 7142879, "lrpepxv": -1.0, "lrredundpairs": 1.1877, "humanprotein_id": 6415, "vphfpdID": "001728.e116_593@1ksy_A.4"}, {"lrredund": 20.9141, "lrpepelmv": 14.0845, "hphfpdID": "007144.e151_217", "pdbset": null, "lrpepxh": -1.0, "finallr": 294.5643, "lrpepelmh": -1.0, "template": "2lk6:BA(0.43,0.46,137/154,27,28)", "viralprotein_id": 13964, "lrsm": 3.4243, "id": 7143115, "lrpepxv": -1.0, "lrredundpairs": 0.7707, "humanprotein_id": 6385, "vphfpdID": "001728.e116_593@1r9w_A.3"}, {"lrredund": 20.9141, "lrpepelmv": 65.3909, "hphfpdID": "000007", "pdbset": null, "lrpepxh": -1.0, "finallr": 1367.591, "lrpepelmh": -1.0, "template": "", "viralprotein_id": 13964, "lrsm": -1.0, "id": 7143466, "lrpepxv": -1.0, "lrredundpairs": 0.7707, "humanprotein_id": 6393, "vphfpdID": "001728@1ksy_A.4"}, {"lrredund": 19.2898, "lrpepelmv": -1.0, "hphfpdID": "017281.d200_434", "pdbset": null, "lrpepxh": -1.0, "finallr": 435.1875, "lrpepelmh": -1.0, "template": "1s3s:BD(0.60,0.03,60/136,43,54)", "viralprotein_id": 13964, "lrsm": 22.5605, "id": 7143576, "lrpepxv": -1.0, "lrredundpairs": -1.0, "humanprotein_id": 5906, "vphfpdID": "001728.e116_593@2v9p_A.2"}, {"lrredund": 2.0764, "lrpepelmv": -1.0, "hphfpdID": "013717.d181_247", "pdbset": null, "lrpepxh": -1.0, "finallr": 176.4367, "lrpepelmh": -1.0, "template": "2gxa:ED(0.08,0.30,60/146,41,49)", "viralprotein_id": 13964, "lrsm": 84.9724, "id": 7144030, "lrpepxv": -1.0, "lrredundpairs": -1.0, "humanprotein_id": 6309, "vphfpdID": "001728.e116_593@2gxa_A.1"}, {"lrredund": 21.3884, "lrpepelmv": -1.0, "hphfpdID": "014262.d1_78", "pdbset": null, "lrpepxh": -1.0, "finallr": 107.5723, "lrpepelmh": -1.0, "template": "2lk6:BA(0.44,0.50,125/154,19,12)", "viralprotein_id": 13964, "lrsm": 5.0295, "id": 7144164, "lrpepxv": -1.0, "lrredundpairs": -1.0, "humanprotein_id": 5865, "vphfpdID": "001728.e116_593@1ksy_A.4"}, {"lrredund": 21.3884, "lrpepelmv": -1.0, "hphfpdID": "017046.d486_635", "pdbset": null, "lrpepxh": -1.0, "finallr": 175.5488, "lrpepelmh": -1.0, "template": "2gxa:JI(0.07,0.50,69/146,41,50)", "viralprotein_id": 13964, "lrsm": 8.2077, "id": 7144387, "lrpepxv": -1.0, "lrredundpairs": -1.0, "humanprotein_id": 6818, "vphfpdID": "001728.e116_593@2gxa_A.1"}, {"lrredund": 21.3884, "lrpepelmv": 14.0845, "hphfpdID": "016615.d83_292", "pdbset": null, "lrpepxh": -1.0, "finallr": 301.2446, "lrpepelmh": -1.0, "template": "1sxj:CA(0.55,0.42,16/23,13,11)", "viralprotein_id": 13964, "lrsm": 1.2265, "id": 7144653, "lrpepxv": -1.0, "lrredundpairs": -1.0, "humanprotein_id": 5095, "vphfpdID": "001728.e116_593@2v9p_A.2"}, {"lrredund": 20.9141, "lrpepelmv": -1.0, "hphfpdID": "005209.d243_326", "pdbset": null, "lrpepxh": -1.0, "finallr": 396.3888, "lrpepelmh": -1.0, "template": "2e1a:BA(0.45,0.54,60/99,43,43)", "viralprotein_id": 13964, "lrsm": 18.9532, "id": 7145433, "lrpepxv": -1.0, "lrredundpairs": 0.7707, "humanprotein_id": 8007, "vphfpdID": "001728@1r9w_A.3"}, {"lrredund": 21.3884, "lrpepelmv": 14.0845, "hphfpdID": "016613", "pdbset": null, "lrpepxh": -1.0, "finallr": 301.2446, "lrpepelmh": -1.0, "template": "", "viralprotein_id": 13964, "lrsm": -1.0, "id": 7145867, "lrpepxv": -1.0, "lrredundpairs": -1.0, "humanprotein_id": 5161, "vphfpdID": "001728@2v9p_A.2"}, {"lrredund": 4.2492, "lrpepelmv": 27.4837, "hphfpdID": "010174.e436_491", "pdbset": null, "lrpepxh": -1.0, "finallr": 116.7838, "lrpepelmh": -1.0, "template": "2lk6:BA(0.43,0.54,131/154,26,25)", "viralprotein_id": 13964, "lrsm": 3.4243, "id": 7146027, "lrpepxv": -1.0, "lrredundpairs": -1.0, "humanprotein_id": 6667, "vphfpdID": "001728.e116_593@1r9w_A.3"}, {"lrredund": 4.2492, "lrpepelmv": 32.9939, "hphfpdID": "017284", "pdbset": null, "lrpepxh": -1.0, "finallr": 140.1976, "lrpepelmh": -1.0, "template": "", "viralprotein_id": 13964, "lrsm": -1.0, "id": 7147365, "lrpepxv": -1.0, "lrredundpairs": -1.0, "humanprotein_id": 7960, "vphfpdID": "001728@1r9w_A.3"}, {"lrredund": 21.3884, "lrpepelmv": -1.0, "hphfpdID": "016448.e1_99", "pdbset": null, "lrpepxh": -1.0, "finallr": 107.5723, "lrpepelmh": -1.0, "template": "2lk6:BA(0.44,0.54,139/154,18,5)", "viralprotein_id": 13964, "lrsm": 5.0295, "id": 7147731, "lrpepxv": -1.0, "lrredundpairs": 1.1877, "humanprotein_id": 7393, "vphfpdID": "001728.e116_593@1ksy_A.4"}, {"lrredund": 21.3884, "lrpepelmv": -1.0, "hphfpdID": "002626", "pdbset": null, "lrpepxh": -1.0, "finallr": 102.103, "lrpepelmh": -1.0, "template": "2lk6:AB(0.43,0.59,136/154,16,10)", "viralprotein_id": 13964, "lrsm": 4.7738, "id": 7147751, "lrpepxv": -1.0, "lrredundpairs": -1.0, "humanprotein_id": 2804, "vphfpdID": "001728.e116_593@1r9w_A.3"}, {"lrredund": 21.3884, "lrpepelmv": -1.0, "hphfpdID": "011519.g120_294", "pdbset": null, "lrpepxh": -1.0, "finallr": 166.727, "lrpepelmh": -1.0, "template": "2gxa:GL(0.06,0.30,53/97,34,43)", "viralprotein_id": 13964, "lrsm": 7.7952, "id": 7148131, "lrpepxv": -1.0, "lrredundpairs": -1.0, "humanprotein_id": 3074, "vphfpdID": "001728.e116_593@2gxa_A.1"}, {"lrredund": 21.3884, "lrpepelmv": -1.0, "hphfpdID": "016859.d83_144", "pdbset": null, "lrpepxh": -1.0, "finallr": 107.5723, "lrpepelmh": -1.0, "template": "2lk6:BA(0.43,0.54,125/154,17,15)", "viralprotein_id": 13964, "lrsm": 5.0295, "id": 7148146, "lrpepxv": -1.0, "lrredundpairs": -1.0, "humanprotein_id": 4494, "vphfpdID": "001728.e116_593@1r9w_A.3"}, {"lrredund": -1.0, "lrpepelmv": 107.1532, "hphfpdID": "000006", "pdbset": null, "lrpepxh": -1.0, "finallr": 107.1532, "lrpepelmh": -1.0, "template": "", "viralprotein_id": 13965, "lrsm": -1.0, "id": 36631948, "lrpepxv": -1.0, "lrredundpairs": -1.0, "humanprotein_id": 4514, "vphfpdID": "001729"}, {"lrredund": -1.0, "lrpepelmv": 107.1532, "hphfpdID": "000001", "pdbset": null, "lrpepxh": -1.0, "finallr": 107.1532, "lrpepelmh": -1.0, "template": "", "viralprotein_id": 13965, "lrsm": -1.0, "id": 36632050, "lrpepxv": -1.0, "lrredundpairs": -1.0, "humanprotein_id": 4793, "vphfpdID": "001729"}, {"lrredund": -1.0, "lrpepelmv": 107.1532, "hphfpdID": "000005", "pdbset": null, "lrpepxh": -1.0, "finallr": 107.1532, "lrpepelmh": -1.0, "template": "", "viralprotein_id": 13965, "lrsm": -1.0, "id": 36632071, "lrpepxv": -1.0, "lrredundpairs": -1.0, "humanprotein_id": 4794, "vphfpdID": "001729"}, {"lrredund": -1.0, "lrpepelmv": 107.1532, "hphfpdID": "000003", "pdbset": null, "lrpepxh": -1.0, "finallr": 107.1532, "lrpepelmh": -1.0, "template": "", "viralprotein_id": 13965, "lrsm": -1.0, "id": 36632177, "lrpepxv": -1.0, "lrredundpairs": -1.0, "humanprotein_id": 6857, "vphfpdID": "001729"}, {"lrredund": -1.0, "lrpepelmv": 107.1532, "hphfpdID": "000004", "pdbset": null, "lrpepxh": -1.0, "finallr": 107.1532, "lrpepelmh": -1.0, "template": "", "viralprotein_id": 13965, "lrsm": -1.0, "id": 36632616, "lrpepxv": -1.0, "lrredundpairs": -1.0, "humanprotein_id": 6298, "vphfpdID": "001729"}, {"lrredund": -1.0, "lrpepelmv": 107.1532, "hphfpdID": "000002", "pdbset": null, "lrpepxh": -1.0, "finallr": 107.1532, "lrpepelmh": -1.0, "template": "", "viralprotein_id": 13965, "lrsm": -1.0, "id": 36632669, "lrpepxv": -1.0, "lrredundpairs": -1.0, "humanprotein_id": 6315, "vphfpdID": "001729"}, {"lrredund": -1.0, "lrpepelmv": 107.1532, "hphfpdID": "000007", "pdbset": null, "lrpepxh": -1.0, "finallr": 107.1532, "lrpepelmh": -1.0, "template": "", "viralprotein_id": 13965, "lrsm": -1.0, "id": 36632856, "lrpepxv": -1.0, "lrredundpairs": -1.0, "humanprotein_id": 6393, "vphfpdID": "001729"}, {"lrredund": 3.124, "lrpepelmv": 50.5585, "hphfpdID": "014176.e786_960", "pdbset": null, "lrpepxh": 4.96, "finallr": 157.9448, "lrpepelmh": -1.0, "template": "2x48:BC(0.23,0.44,46/46,21,23)", "viralprotein_id": 13966, "lrsm": 3.1848, "id": 2531067, "lrpepxv": 2.59, "lrredundpairs": 0.7707, "humanprotein_id": 4582, "vphfpdID": "001730@2ewl_A.1"}, {"lrredund": 19.2898, "lrpepelmv": -1.0, "hphfpdID": "016869.d56_203", "pdbset": null, "lrpepxh": -1.0, "finallr": 158.3242, "lrpepelmh": -1.0, "template": "2f8b:AB(0.17,0.37,87/166,46,85)", "viralprotein_id": 13966, "lrsm": 8.2077, "id": 2532067, "lrpepxv": 6.56, "lrredundpairs": -1.0, "humanprotein_id": 4495, "vphfpdID": "001730@2ewl_A.1"}, {"lrredund": 20.9141, "lrpepelmv": -1.0, "hphfpdID": "007144.e56_156", "pdbset": null, "lrpepxh": -1.0, "finallr": 171.6559, "lrpepelmh": -1.0, "template": "2f8b:AB(0.17,0.42,92/166,44,62)", "viralprotein_id": 13966, "lrsm": 8.2077, "id": 2532327, "lrpepxv": -1.0, "lrredundpairs": 2.3768, "humanprotein_id": 6385, "vphfpdID": "001730@2ewl_A.1"}, {"lrredund": 20.9141, "lrpepelmv": -1.0, "hphfpdID": "016730", "pdbset": null, "lrpepxh": 3.51, "finallr": 113.7978, "lrpepelmh": -1.0, "template": "2f8b:AB(0.17,0.50,96/166,46,86)", "viralprotein_id": 13966, "lrsm": 5.4412, "id": 2532698, "lrpepxv": -1.0, "lrredundpairs": 2.4183, "humanprotein_id": 6290, "vphfpdID": "001730@2ewl_A.1"}, {"lrredund": 20.9141, "lrpepelmv": -1.0, "hphfpdID": "005567.d200_296", "pdbset": null, "lrpepxh": 3.51, "finallr": 163.0298, "lrpepelmh": -1.0, "template": "1zm0:BA(0.24,0.15,31/54,22,16)", "viralprotein_id": 13966, "lrsm": 7.7952, "id": 2532885, "lrpepxv": 3.84, "lrredundpairs": 1.373, "humanprotein_id": 3874, "vphfpdID": "001730@2ewl_A.1"}, {"lrredund": 20.9141, "lrpepelmv": -1.0, "hphfpdID": "016859.d618_709", "pdbset": null, "lrpepxh": 3.51, "finallr": 115.0004, "lrpepelmh": -1.0, "template": "1adj:CA(0.25,0.13,25/48,16,16)", "viralprotein_id": 13966, "lrsm": 5.4987, "id": 2533650, "lrpepxv": -1.0, "lrredundpairs": 1.1877, "humanprotein_id": 4494, "vphfpdID": "001730@2ewl_A.1"}, {"lrredund": 20.9141, "lrpepelmv": 3.1171, "hphfpdID": "003962.d133_182", "pdbset": null, "lrpepxh": -1.0, "finallr": 100.4723, "lrpepelmh": -1.0, "template": "4kgs:AB(0.39,0.13,42/48,24,32)", "viralprotein_id": 13966, "lrsm": 4.804, "id": 2533766, "lrpepxv": -1.0, "lrredundpairs": 5.2159, "humanprotein_id": 6447, "vphfpdID": "001730@2b9d_A.2"}, {"lrredund": 20.9141, "lrpepelmv": 72.805, "hphfpdID": "000002", "pdbset": null, "lrpepxh": -1.0, "finallr": 1522.65, "lrpepelmh": -1.0, "template": "", "viralprotein_id": 13966, "lrsm": -1.0, "id": 2534898, "lrpepxv": -1.0, "lrredundpairs": 1.373, "humanprotein_id": 6315, "vphfpdID": "001730@2ewl_A.1"}, {"lrredund": 4.0064, "lrpepelmv": -1.0, "hphfpdID": "007649.e43_143", "pdbset": null, "lrpepxh": -1.0, "finallr": 184.1991, "lrpepelmh": -1.0, "template": "3vke:CA(0.24,0.07,69/80,41,60)", "viralprotein_id": 13966, "lrsm": 45.9762, "id": 2535162, "lrpepxv": -1.0, "lrredundpairs": 1.373, "humanprotein_id": 6297, "vphfpdID": "001730@2ewl_A.1"}, {"lrredund": 20.9141, "lrpepelmv": 72.805, "hphfpdID": "000006", "pdbset": null, "lrpepxh": -1.0, "finallr": 1522.65, "lrpepelmh": -1.0, "template": "", "viralprotein_id": 13966, "lrsm": -1.0, "id": 2535208, "lrpepxv": -1.0, "lrredundpairs": 1.5513, "humanprotein_id": 4514, "vphfpdID": "001730@2ewl_A.1"}, {"lrredund": 20.9141, "lrpepelmv": -1.0, "hphfpdID": "001751.e1_73", "pdbset": null, "lrpepxh": -1.0, "finallr": 171.6559, "lrpepelmh": -1.0, "template": "2f8b:AB(0.17,0.36,119/166,45,47)", "viralprotein_id": 13966, "lrsm": 8.2077, "id": 2535990, "lrpepxv": 3.84, "lrredundpairs": 1.1877, "humanprotein_id": 5041, "vphfpdID": "001730@2ewl_A.1"}, {"lrredund": 4.0064, "lrpepelmv": 72.805, "hphfpdID": "000004", "pdbset": null, "lrpepxh": -1.0, "finallr": 291.6858, "lrpepelmh": -1.0, "template": "", "viralprotein_id": 13966, "lrsm": -1.0, "id": 2536654, "lrpepxv": -1.0, "lrredundpairs": 1.774, "humanprotein_id": 6298, "vphfpdID": "001730@2b9d_A.2"}, {"lrredund": 20.9141, "lrpepelmv": -1.0, "hphfpdID": "016448.e44_121", "pdbset": null, "lrpepxh": 3.51, "finallr": 171.6559, "lrpepelmh": -1.0, "template": "2f8b:AB(0.17,0.42,91/166,44,73)", "viralprotein_id": 13966, "lrsm": 8.2077, "id": 2536688, "lrpepxv": -1.0, "lrredundpairs": 1.7812, "humanprotein_id": 7393, "vphfpdID": "001730@2ewl_A.1"}, {"lrredund": 20.9141, "lrpepelmv": 20.1497, "hphfpdID": "008378.d463_902", "pdbset": null, "lrpepxh": -1.0, "finallr": 421.4137, "lrpepelmh": -1.0, "template": "3fil:BA(0.27,0.60,47/52,22,24)", "viralprotein_id": 13966, "lrsm": 2.6756, "id": 2537549, "lrpepxv": 2.59, "lrredundpairs": 0.7707, "humanprotein_id": 3758, "vphfpdID": "001730@2ewl_A.1"}, {"lrredund": 3.124, "lrpepelmv": -1.0, "hphfpdID": "012636.e278_356", "pdbset": null, "lrpepxh": -1.0, "finallr": 143.6297, "lrpepelmh": -1.0, "template": "3vke:AC(0.22,0.05,72/80,42,63)", "viralprotein_id": 13966, "lrsm": 45.9762, "id": 2538528, "lrpepxv": 3.66, "lrredundpairs": 1.5513, "humanprotein_id": 7907, "vphfpdID": "001730@2ewl_A.1"}, {"lrredund": 20.9141, "lrpepelmv": -1.0, "hphfpdID": "016466.e142_262", "pdbset": null, "lrpepxh": 2.59, "finallr": 171.6559, "lrpepelmh": -1.0, "template": "2f8b:AB(0.17,0.41,83/166,41,65)", "viralprotein_id": 13966, "lrsm": 8.2077, "id": 2539132, "lrpepxv": 2.59, "lrredundpairs": 5.2159, "humanprotein_id": 3727, "vphfpdID": "001730@2ewl_A.1"}, {"lrredund": 3.124, "lrpepelmv": 72.805, "hphfpdID": "000005", "pdbset": null, "lrpepxh": -1.0, "finallr": 227.4427, "lrpepelmh": -1.0, "template": "", "viralprotein_id": 13966, "lrsm": -1.0, "id": 2539795, "lrpepxv": -1.0, "lrredundpairs": 1.774, "humanprotein_id": 4794, "vphfpdID": "001730@2b9d_A.2"}, {"lrredund": 20.9141, "lrpepelmv": -1.0, "hphfpdID": "014262.d1_78", "pdbset": null, "lrpepxh": 3.51, "finallr": 115.0004, "lrpepelmh": -1.0, "template": "2dx5:AB(0.30,0.09,21/47,18,15)", "viralprotein_id": 13966, "lrsm": 5.4987, "id": 2540046, "lrpepxv": 2.59, "lrredundpairs": -1.0, "humanprotein_id": 5865, "vphfpdID": "001730@2ewl_A.1"}, {"lrredund": 3.124, "lrpepelmv": 50.5585, "hphfpdID": "014178.d112_237", "pdbset": null, "lrpepxh": -1.0, "finallr": 157.9448, "lrpepelmh": -1.0, "template": "2yfv:CA(0.16,0.22,1/74,1,0)", "viralprotein_id": 13966, "lrsm": 4.5731, "id": 2540975, "lrpepxv": -1.0, "lrredundpairs": 0.7707, "humanprotein_id": 7007, "vphfpdID": "001730@2ewl_A.1"}, {"lrredund": 21.3884, "lrpepelmv": -1.0, "hphfpdID": "001060.d472_611", "pdbset": null, "lrpepxh": -1.0, "finallr": 117.6084, "lrpepelmh": -1.0, "template": "2i5c:BA(0.18,0.18,23/53,13,16)", "viralprotein_id": 13966, "lrsm": 5.4987, "id": 2541366, "lrpepxv": -1.0, "lrredundpairs": 1.1877, "humanprotein_id": 17652, "vphfpdID": "001730@2ewl_A.1"}, {"lrredund": 4.0064, "lrpepelmv": 50.5585, "hphfpdID": "014240.d655_725", "pdbset": null, "lrpepxh": -1.0, "finallr": 202.5576, "lrpepelmh": -1.0, "template": "4mcu:FB(0.39,0.42,4/4,2,1)", "viralprotein_id": 13966, "lrsm": 1.3385, "id": 2542401, "lrpepxv": 3.84, "lrredundpairs": -1.0, "humanprotein_id": 3056, "vphfpdID": "001730@2b9d_A.2"}, {"lrredund": 20.9141, "lrpepelmv": -1.0, "hphfpdID": "005158.d818_927", "pdbset": null, "lrpepxh": -1.0, "finallr": 125.499, "lrpepelmh": -1.0, "template": "1rqq:DB(0.33,0.03,4/5,5,4)", "viralprotein_id": 13966, "lrsm": 6.0007, "id": 2543432, "lrpepxv": -1.0, "lrredundpairs": 2.9666, "humanprotein_id": 2711, "vphfpdID": "001730@2ewl_A.1"}, {"lrredund": 4.0064, "lrpepelmv": 72.805, "hphfpdID": "000001", "pdbset": null, "lrpepxh": -1.0, "finallr": 291.6858, "lrpepelmh": -1.0, "template": "", "viralprotein_id": 13966, "lrsm": -1.0, "id": 2543782, "lrpepxv": -1.0, "lrredundpairs": 1.7812, "humanprotein_id": 4793, "vphfpdID": "001730@2b9d_A.2"}, {"lrredund": 20.9141, "lrpepelmv": -1.0, "hphfpdID": "005209.e1_96", "pdbset": null, "lrpepxh": -1.0, "finallr": 171.6559, "lrpepelmh": -1.0, "template": "2f8b:AB(0.17,0.43,117/166,41,51)", "viralprotein_id": 13966, "lrsm": 8.2077, "id": 2543942, "lrpepxv": -1.0, "lrredundpairs": 1.7812, "humanprotein_id": 8007, "vphfpdID": "001730@2ewl_A.1"}, {"lrredund": 20.9141, "lrpepelmv": -1.0, "hphfpdID": "018501.e80_165", "pdbset": null, "lrpepxh": 3.51, "finallr": 171.6559, "lrpepelmh": -1.0, "template": "2f8b:AB(0.17,0.34,95/166,43,68)", "viralprotein_id": 13966, "lrsm": 8.2077, "id": 2544340, "lrpepxv": -1.0, "lrredundpairs": 1.7812, "humanprotein_id": 1286, "vphfpdID": "001730@2ewl_A.1"}, {"lrredund": 3.124, "lrpepelmv": 72.805, "hphfpdID": "000003", "pdbset": null, "lrpepxh": -1.0, "finallr": 227.4427, "lrpepelmh": -1.0, "template": "", "viralprotein_id": 13966, "lrsm": -1.0, "id": 2544372, "lrpepxv": 2.59, "lrredundpairs": 1.774, "humanprotein_id": 6857, "vphfpdID": "001730@2b9d_A.2"}, {"lrredund": 20.9141, "lrpepelmv": -1.0, "hphfpdID": "010507.e200_298", "pdbset": null, "lrpepxh": 3.51, "finallr": 163.0298, "lrpepelmh": -1.0, "template": "4dx9:OK(0.28,0.09,42/72,22,21)", "viralprotein_id": 13966, "lrsm": 7.7952, "id": 2544539, "lrpepxv": -1.0, "lrredundpairs": 1.5513, "humanprotein_id": 4475, "vphfpdID": "001730@2ewl_A.1"}, {"lrredund": 20.9141, "lrpepelmv": -1.0, "hphfpdID": "016729", "pdbset": null, "lrpepxh": 3.51, "finallr": 113.7978, "lrpepelmh": -1.0, "template": "2f8b:AB(0.17,0.59,96/166,44,78)", "viralprotein_id": 13966, "lrsm": 5.4412, "id": 2545232, "lrpepxv": -1.0, "lrredundpairs": 1.774, "humanprotein_id": 6415, "vphfpdID": "001730@2ewl_A.1"}, {"lrredund": 2.3588, "lrpepelmv": -1.0, "hphfpdID": "007968.e487_577", "pdbset": null, "lrpepxh": -1.0, "finallr": 108.4487, "lrpepelmh": -1.0, "template": "2axy:AB(0.28,0.07,64/74,41,59)", "viralprotein_id": 13966, "lrsm": 45.9762, "id": 2545397, "lrpepxv": 2.59, "lrredundpairs": -1.0, "humanprotein_id": 18223, "vphfpdID": "001730@2ewl_A.1"}, {"lrredund": -1.0, "lrpepelmv": -1.0, "hphfpdID": "004856", "pdbset": null, "lrpepxh": -1.0, "finallr": 111.1843, "lrpepelmh": -1.0, "template": "3vke:CA(0.24,0.13,69/80,42,64)", "viralprotein_id": 13966, "lrsm": 45.9762, "id": 2546576, "lrpepxv": -1.0, "lrredundpairs": 2.4183, "humanprotein_id": 177, "vphfpdID": "001730@2ewl_A.1"}, {"lrredund": 20.9141, "lrpepelmv": 72.805, "hphfpdID": "000007", "pdbset": null, "lrpepxh": -1.0, "finallr": 1522.65, "lrpepelmh": -1.0, "template": "", "viralprotein_id": 13966, "lrsm": -1.0, "id": 2546673, "lrpepxv": -1.0, "lrredundpairs": 1.5513, "humanprotein_id": 6393, "vphfpdID": "001730@2b9d_A.2"}, {"lrredund": 2.3588, "lrpepelmv": -1.0, "hphfpdID": "012637.e288_365", "pdbset": null, "lrpepxh": -1.0, "finallr": 108.4487, "lrpepelmh": -1.0, "template": "3vke:CA(0.24,0.03,67/80,41,64)", "viralprotein_id": 13966, "lrsm": 45.9762, "id": 2546747, "lrpepxv": 3.66, "lrredundpairs": 1.5513, "humanprotein_id": 7908, "vphfpdID": "001730@2ewl_A.1"}, {"lrredund": 20.9141, "lrpepelmv": -1.0, "hphfpdID": "018500", "pdbset": null, "lrpepxh": 3.51, "finallr": 115.0004, "lrpepelmh": -1.0, "template": "2dx5:AB(0.30,0.04,21/47,17,13)", "viralprotein_id": 13966, "lrsm": 5.4987, "id": 2547000, "lrpepxv": -1.0, "lrredundpairs": 1.774, "humanprotein_id": 3463, "vphfpdID": "001730@2ewl_A.1"}, {"lrredund": 20.9141, "lrpepelmv": -1.0, "hphfpdID": "006178", "pdbset": null, "lrpepxh": -1.0, "finallr": 100.4723, "lrpepelmh": -1.0, "template": "3rzw:DA(0.51,0.08,48/49,25,24)", "viralprotein_id": 13966, "lrsm": 4.804, "id": 2547586, "lrpepxv": 2.59, "lrredundpairs": 1.373, "humanprotein_id": 2856, "vphfpdID": "001730@2ewl_A.1"}, {"lrredund": 20.9141, "lrpepelmv": 14.0438, "hphfpdID": "007144.e56_156", "pdbset": null, "lrpepxh": -1.0, "finallr": 293.7134, "lrpepelmh": -1.0, "template": "2pij:AB(0.33,0.27,22/51,9,13)", "viralprotein_id": 13969, "lrsm": 2.2022, "id": 14860754, "lrpepxv": -1.0, "lrredundpairs": 1.5513, "humanprotein_id": 6385, "vphfpdID": "001733@4xr8_F.2"}, {"lrredund": 15.8699, "lrpepelmv": 14.0438, "hphfpdID": "016615.d554_715", "pdbset": null, "lrpepxh": -1.0, "finallr": 222.8737, "lrpepelmh": -1.0, "template": "", "viralprotein_id": 13969, "lrsm": -1.0, "id": 14862191, "lrpepxv": -1.0, "lrredundpairs": -1.0, "humanprotein_id": 5095, "vphfpdID": "001733@4giz_C.1"}, {"lrredund": 15.8699, "lrpepelmv": 14.0438, "hphfpdID": "016466.e142_262", "pdbset": null, "lrpepxh": -1.0, "finallr": 222.8737, "lrpepelmh": -1.0, "template": "2ecs:AB(0.46,0.21,52/115,21,18)", "viralprotein_id": 13969, "lrsm": 2.0697, "id": 14863529, "lrpepxv": -1.0, "lrredundpairs": 2.4183, "humanprotein_id": 3727, "vphfpdID": "001733@4xr8_F.2"}, {"lrredund": 19.2898, "lrpepelmv": 14.0438, "hphfpdID": "016613.e316_567", "pdbset": null, "lrpepxh": -1.0, "finallr": 270.902, "lrpepelmh": -1.0, "template": "2idh:BA(0.30,0.56,41/45,8,1)", "viralprotein_id": 13969, "lrsm": 1.3385, "id": 14864971, "lrpepxv": -1.0, "lrredundpairs": -1.0, "humanprotein_id": 5161, "vphfpdID": "001733@4giz_C.1"}, {"lrredund": 15.8699, "lrpepelmv": 2.8446, "hphfpdID": "001509.e1_53", "pdbset": null, "lrpepxh": -1.0, "finallr": 190.3645, "lrpepelmh": -1.0, "template": "2idh:BA(0.30,0.06,42/45,22,27)", "viralprotein_id": 13969, "lrsm": 11.9953, "id": 14865099, "lrpepxv": -1.0, "lrredundpairs": 1.373, "humanprotein_id": 2598, "vphfpdID": "001733@4xr8_F.2"}, {"lrredund": -1.0, "lrpepelmv": 107.1532, "hphfpdID": "000003", "pdbset": null, "lrpepxh": -1.0, "finallr": 107.1532, "lrpepelmh": -1.0, "template": "", "viralprotein_id": 13968, "lrsm": -1.0, "id": 23459981, "lrpepxv": -1.0, "lrredundpairs": -1.0, "humanprotein_id": 6857, "vphfpdID": "001732@1dzl_A.1"}, {"lrredund": -1.0, "lrpepelmv": 107.1532, "hphfpdID": "000006", "pdbset": null, "lrpepxh": -1.0, "finallr": 107.1532, "lrpepelmh": -1.0, "template": "", "viralprotein_id": 13968, "lrsm": -1.0, "id": 23460028, "lrpepxv": -1.0, "lrredundpairs": -1.0, "humanprotein_id": 4514, "vphfpdID": "001732@3j8z_A.2"}, {"lrredund": -1.0, "lrpepelmv": 107.1532, "hphfpdID": "000002", "pdbset": null, "lrpepxh": -1.0, "finallr": 107.1532, "lrpepelmh": -1.0, "template": "", "viralprotein_id": 13968, "lrsm": -1.0, "id": 23460538, "lrpepxv": -1.0, "lrredundpairs": -1.0, "humanprotein_id": 6315, "vphfpdID": "001732@3j8z_A.2"}, {"lrredund": -1.0, "lrpepelmv": 107.1532, "hphfpdID": "000007", "pdbset": null, "lrpepxh": -1.0, "finallr": 107.1532, "lrpepelmh": -1.0, "template": "", "viralprotein_id": 13968, "lrsm": -1.0, "id": 23460747, "lrpepxv": -1.0, "lrredundpairs": -1.0, "humanprotein_id": 6393, "vphfpdID": "001732@1dzl_A.1"}, {"lrredund": -1.0, "lrpepelmv": 107.1532, "hphfpdID": "000001", "pdbset": null, "lrpepxh": -1.0, "finallr": 107.1532, "lrpepelmh": -1.0, "template": "", "viralprotein_id": 13968, "lrsm": -1.0, "id": 23460789, "lrpepxv": -1.0, "lrredundpairs": -1.0, "humanprotein_id": 4793, "vphfpdID": "001732@1dzl_A.1"}, {"lrredund": -1.0, "lrpepelmv": 107.1532, "hphfpdID": "000004", "pdbset": null, "lrpepxh": -1.0, "finallr": 107.1532, "lrpepelmh": -1.0, "template": "", "viralprotein_id": 13968, "lrsm": -1.0, "id": 23460922, "lrpepxv": -1.0, "lrredundpairs": -1.0, "humanprotein_id": 6298, "vphfpdID": "001732@3j8z_A.2"}, {"lrredund": -1.0, "lrpepelmv": 107.1532, "hphfpdID": "000005", "pdbset": null, "lrpepxh": -1.0, "finallr": 107.1532, "lrpepelmh": -1.0, "template": "", "viralprotein_id": 13968, "lrsm": -1.0, "id": 23461167, "lrpepxv": -1.0, "lrredundpairs": -1.0, "humanprotein_id": 4794, "vphfpdID": "001732@1dzl_A.1"}]