[{"lrredund": 21.3884, "lrpepelmv": -1.0, "hphfpdID": "009492.e120_224", "pdbset": null, "lrpepxh": -1.0, "finallr": 102.103, "lrpepelmh": -1.0, "template": "2lk6:AB(0.58,0.56,133/154,17,11)", "viralprotein_id": 13987, "lrsm": 4.7738, "id": 68812013, "lrpepxv": -1.0, "lrredundpairs": 15.8699, "humanprotein_id": 13229, "vphfpdID": "001751.d1_197@2nnu_A.3"}, {"lrredund": 19.2898, "lrpepelmv": 9.4001, "hphfpdID": "001509.e1_53", "pdbset": null, "lrpepxh": -1.0, "finallr": 231.3873, "lrpepelmh": -1.0, "template": "2idh:AB(0.29,0.07,42/45,22,29)", "viralprotein_id": 13987, "lrsm": 11.9953, "id": 68813074, "lrpepxv": -1.0, "lrredundpairs": 1.5513, "humanprotein_id": 2598, "vphfpdID": "001751@2nnu_A.3"}, {"lrredund": 21.3884, "lrpepelmv": -1.0, "hphfpdID": "016859.d83_144", "pdbset": null, "lrpepxh": -1.0, "finallr": 102.103, "lrpepelmh": -1.0, "template": "2lk6:BA(0.52,0.54,129/154,17,18)", "viralprotein_id": 13987, "lrsm": 4.7738, "id": 68813517, "lrpepxv": -1.0, "lrredundpairs": 0.7707, "humanprotein_id": 4494, "vphfpdID": "001751.d1_197@2nnu_A.3"}, {"lrredund": 20.9141, "lrpepelmv": -1.0, "hphfpdID": "006178.e559_615", "pdbset": null, "lrpepxh": -1.0, "finallr": 250.8713, "lrpepelmh": -1.0, "template": "2rkz:EC(0.27,0.10,36/39,21,28)", "viralprotein_id": 13987, "lrsm": 11.9953, "id": 68813748, "lrpepxv": -1.0, "lrredundpairs": 0.7707, "humanprotein_id": 2856, "vphfpdID": "001751@1dto_A.4"}, {"lrredund": 20.9141, "lrpepelmv": 22.0743, "hphfpdID": "016466.d294_477", "pdbset": null, "lrpepxh": 7.37, "finallr": 461.6652, "lrpepelmh": -1.0, "template": "4ky3:BA(0.51,0.54,36/41,23,32)", "viralprotein_id": 13987, "lrsm": 2.5395, "id": 68813971, "lrpepxv": -1.0, "lrredundpairs": 1.7812, "humanprotein_id": 3727, "vphfpdID": "001751@1jj4_A.11"}, {"lrredund": 20.9141, "lrpepelmv": 96.2413, "hphfpdID": "000002", "pdbset": null, "lrpepxh": -1.0, "finallr": 2012.799, "lrpepelmh": -1.0, "template": "", "viralprotein_id": 13987, "lrsm": -1.0, "id": 68813994, "lrpepxv": -1.0, "lrredundpairs": 1.1877, "humanprotein_id": 6315, "vphfpdID": "001751@2ayg_A.7"}, {"lrredund": 4.0064, "lrpepelmv": 96.2413, "hphfpdID": "000004", "pdbset": null, "lrpepxh": -1.0, "finallr": 385.581, "lrpepelmh": -1.0, "template": "", "viralprotein_id": 13987, "lrsm": -1.0, "id": 68814040, "lrpepxv": -1.0, "lrredundpairs": 1.373, "humanprotein_id": 6298, "vphfpdID": "001751@1r6n_A.1"}, {"lrredund": 21.3884, "lrpepelmv": 6.0558, "hphfpdID": "007227.d88_247", "pdbset": null, "lrpepxh": -1.0, "finallr": 129.5228, "lrpepelmh": -1.0, "template": "3v3x:CA(0.60,0.45,84/215,34,70)", "viralprotein_id": 13987, "lrsm": 1.5955, "id": 68816177, "lrpepxv": -1.0, "lrredundpairs": 20.9141, "humanprotein_id": 5539, "vphfpdID": "001751.d1_197@1r6n_A.1"}, {"lrredund": 20.9141, "lrpepelmv": 6.0558, "hphfpdID": "002673.d115_219", "pdbset": null, "lrpepxh": 4.96, "finallr": 126.6506, "lrpepelmh": -1.0, "template": "4ky3:AB(0.46,0.54,17/41,15,14)", "viralprotein_id": 13987, "lrsm": 1.2265, "id": 68816942, "lrpepxv": -1.0, "lrredundpairs": 2.3768, "humanprotein_id": 4427, "vphfpdID": "001751@1jj4_A.11"}, {"lrredund": 21.3884, "lrpepelmv": 22.0743, "hphfpdID": "001060.e180_274", "pdbset": null, "lrpepxh": 7.37, "finallr": 472.1351, "lrpepelmh": -1.0, "template": "", "viralprotein_id": 13987, "lrsm": -1.0, "id": 68817348, "lrpepxv": -1.0, "lrredundpairs": 1.1877, "humanprotein_id": 17652, "vphfpdID": "001751@1jj4_A.11"}, {"lrredund": 20.9141, "lrpepelmv": 14.0438, "hphfpdID": "016615.d584_674", "pdbset": null, "lrpepxh": -1.0, "finallr": 293.7134, "lrpepelmh": -1.0, "template": "2fqm:AB(0.58,0.58,50/213,21,26)", "viralprotein_id": 13987, "lrsm": 1.4777, "id": 68817987, "lrpepxv": -1.0, "lrredundpairs": -1.0, "humanprotein_id": 5095, "vphfpdID": "001751.d1_197@1dto_A.4"}, {"lrredund": 2.409, "lrpepelmv": -1.0, "hphfpdID": "016871.e1_333", "pdbset": null, "lrpepxh": -1.0, "finallr": 150.1047, "lrpepelmh": -1.0, "template": "4kgt:AB(0.52,0.51,34/48,16,15)", "viralprotein_id": 13987, "lrsm": 1.1641, "id": 68818174, "lrpepxv": 62.31, "lrredundpairs": -1.0, "humanprotein_id": 11203, "vphfpdID": "001751@3mi7_X.9"}, {"lrredund": 20.9141, "lrpepelmv": -1.0, "hphfpdID": "017281.e1_108", "pdbset": null, "lrpepxh": -1.0, "finallr": 105.1868, "lrpepelmh": -1.0, "template": "2lk5:BA(0.56,0.43,124/132,20,7)", "viralprotein_id": 13987, "lrsm": 5.0295, "id": 68818194, "lrpepxv": -1.0, "lrredundpairs": -1.0, "humanprotein_id": 5906, "vphfpdID": "001751.d1_197@2nnu_A.3"}, {"lrredund": -1.0, "lrpepelmv": -1.0, "hphfpdID": "001761", "pdbset": null, "lrpepxh": -1.0, "finallr": 131.1158, "lrpepelmh": -1.0, "template": "", "viralprotein_id": 13987, "lrsm": -1.0, "id": 68819865, "lrpepxv": 84.52, "lrredundpairs": 1.5513, "humanprotein_id": 8809, "vphfpdID": "001751@2nnu_A.3"}, {"lrredund": 20.9141, "lrpepelmv": -1.0, "hphfpdID": "002626", "pdbset": null, "lrpepxh": -1.0, "finallr": 115.0004, "lrpepelmh": -1.0, "template": "2j4w:DL(0.32,0.06,18/38,9,10)", "viralprotein_id": 13987, "lrsm": 5.4987, "id": 68820140, "lrpepxv": -1.0, "lrredundpairs": 19.2898, "humanprotein_id": 2804, "vphfpdID": "001751.d1_197@2nnu_A.3"}, {"lrredund": 20.9141, "lrpepelmv": 96.2413, "hphfpdID": "000006", "pdbset": null, "lrpepxh": -1.0, "finallr": 2012.799, "lrpepelmh": -1.0, "template": "", "viralprotein_id": 13987, "lrsm": -1.0, "id": 68820532, "lrpepxv": -1.0, "lrredundpairs": 1.1877, "humanprotein_id": 4514, "vphfpdID": "001751@2ayg_A.7"}, {"lrredund": 21.3884, "lrpepelmv": 6.0558, "hphfpdID": "018111", "pdbset": null, "lrpepxh": -1.0, "finallr": 129.5228, "lrpepelmh": -1.0, "template": "2rkz:EC(0.27,0.46,34/39,11,5)", "viralprotein_id": 13987, "lrsm": 1.5932, "id": 68822089, "lrpepxv": -1.0, "lrredundpairs": 19.2898, "humanprotein_id": 15404, "vphfpdID": "001751.d1_197@1dto_A.4"}, {"lrredund": 3.124, "lrpepelmv": 96.2413, "hphfpdID": "000003", "pdbset": null, "lrpepxh": -1.0, "finallr": 300.6577, "lrpepelmh": -1.0, "template": "", "viralprotein_id": 13987, "lrsm": -1.0, "id": 68822467, "lrpepxv": -1.0, "lrredundpairs": 1.1877, "humanprotein_id": 6857, "vphfpdID": "001751@2ayg_A.7"}, {"lrredund": 20.9141, "lrpepelmv": -1.0, "hphfpdID": "007725.d40_193", "pdbset": null, "lrpepxh": -1.0, "finallr": 103.7339, "lrpepelmh": -1.0, "template": "2xcm:FB(0.59,0.06,43/60,22,31)", "viralprotein_id": 13987, "lrsm": 2.0697, "id": 68823217, "lrpepxv": 4.96, "lrredundpairs": 0.7707, "humanprotein_id": 3138, "vphfpdID": "001751.d1_197@2nnu_A.3"}, {"lrredund": 21.3884, "lrpepelmv": -1.0, "hphfpdID": "013899.g1_173", "pdbset": null, "lrpepxh": -1.0, "finallr": 107.5723, "lrpepelmh": -1.0, "template": "2lk5:BA(0.56,0.40,122/132,18,16)", "viralprotein_id": 13987, "lrsm": 5.0295, "id": 68823357, "lrpepxv": -1.0, "lrredundpairs": 1.1877, "humanprotein_id": 1240, "vphfpdID": "001751.d1_197@2nnu_A.3"}, {"lrredund": 20.9141, "lrpepelmv": -1.0, "hphfpdID": "001349.d2679_3055", "pdbset": null, "lrpepxh": -1.0, "finallr": 103.7339, "lrpepelmh": -1.0, "template": "1l1c:BA(0.31,0.44,110/127,23,25)", "viralprotein_id": 13987, "lrsm": 2.9486, "id": 68823804, "lrpepxv": 4.96, "lrredundpairs": 0.7707, "humanprotein_id": 7312, "vphfpdID": "001751.d1_197@1r6n_A.1"}, {"lrredund": 20.9141, "lrpepelmv": 22.0743, "hphfpdID": "007144.e151_217", "pdbset": null, "lrpepxh": 7.37, "finallr": 461.6652, "lrpepelmh": -1.0, "template": "4ce4:1I(0.42,0.30,20/21,10,6)", "viralprotein_id": 13987, "lrsm": 1.5932, "id": 68824707, "lrpepxv": -1.0, "lrredundpairs": 1.5513, "humanprotein_id": 6385, "vphfpdID": "001751@2ayg_A.7"}, {"lrredund": 20.9141, "lrpepelmv": -1.0, "hphfpdID": "018800.e309_403", "pdbset": null, "lrpepxh": -1.0, "finallr": 125.2067, "lrpepelmh": -1.0, "template": "2lk5:BA(0.56,0.23,124/132,16,8)", "viralprotein_id": 13987, "lrsm": 5.9867, "id": 68824754, "lrpepxv": -1.0, "lrredundpairs": 20.9141, "humanprotein_id": 4109, "vphfpdID": "001751.d1_197@2nnu_A.3"}, {"lrredund": 3.124, "lrpepelmv": 6.0558, "hphfpdID": "009706.e2130_2385", "pdbset": null, "lrpepxh": -1.0, "finallr": 177.7556, "lrpepelmh": -1.0, "template": "1l1c:BA(0.59,0.39,119/127,21,20)", "viralprotein_id": 13987, "lrsm": 2.4771, "id": 68825509, "lrpepxv": 56.9, "lrredundpairs": 3.124, "humanprotein_id": 9068, "vphfpdID": "001751.d1_197@1tue_B.2"}, {"lrredund": 3.124, "lrpepelmv": -1.0, "hphfpdID": "018447.d259_335", "pdbset": null, "lrpepxh": -1.0, "finallr": 194.6564, "lrpepelmh": -1.0, "template": "4ky3:AB(0.49,0.38,41/41,26,40)", "viralprotein_id": 13987, "lrsm": 2.6756, "id": 68825527, "lrpepxv": 62.31, "lrredundpairs": 1.5513, "humanprotein_id": 4481, "vphfpdID": "001751@3mi7_X.9"}, {"lrredund": 20.9141, "lrpepelmv": 8.6827, "hphfpdID": "004076.d142_431", "pdbset": null, "lrpepxh": 5.22, "finallr": 181.5912, "lrpepelmh": -1.0, "template": "", "viralprotein_id": 13987, "lrsm": -1.0, "id": 68825547, "lrpepxv": -1.0, "lrredundpairs": -1.0, "humanprotein_id": 4894, "vphfpdID": "001751@2ayg_A.7"}, {"lrredund": 20.9141, "lrpepelmv": -1.0, "hphfpdID": "005158", "pdbset": null, "lrpepxh": 5.22, "finallr": 109.1716, "lrpepelmh": -1.0, "template": "4c3k:CA(0.31,0.58,63/123,16,8)", "viralprotein_id": 13987, "lrsm": 1.5595, "id": 68826014, "lrpepxv": -1.0, "lrredundpairs": 1.373, "humanprotein_id": 2711, "vphfpdID": "001751@3mi7_X.9"}, {"lrredund": 21.3884, "lrpepelmv": -1.0, "hphfpdID": "016448", "pdbset": null, "lrpepxh": -1.0, "finallr": 102.103, "lrpepelmh": -1.0, "template": "2lk5:BA(0.56,0.56,128/132,20,10)", "viralprotein_id": 13987, "lrsm": 4.7738, "id": 68826603, "lrpepxv": -1.0, "lrredundpairs": 20.9141, "humanprotein_id": 7393, "vphfpdID": "001751.d1_197@2nnu_A.3"}, {"lrredund": 20.9141, "lrpepelmv": 6.0558, "hphfpdID": "003962", "pdbset": null, "lrpepxh": -1.0, "finallr": 126.6506, "lrpepelmh": -1.0, "template": "1auu:BA(0.38,0.36,98/104,17,7)", "viralprotein_id": 13987, "lrsm": 2.4439, "id": 68826661, "lrpepxv": -1.0, "lrredundpairs": 20.9141, "humanprotein_id": 6447, "vphfpdID": "001751.d1_197@2nnu_A.3"}, {"lrredund": 20.9141, "lrpepelmv": 96.2413, "hphfpdID": "000007", "pdbset": null, "lrpepxh": -1.0, "finallr": 2012.799, "lrpepelmh": -1.0, "template": "", "viralprotein_id": 13987, "lrsm": -1.0, "id": 68826954, "lrpepxv": -1.0, "lrredundpairs": 1.1877, "humanprotein_id": 6393, "vphfpdID": "001751@1dto_A.4"}, {"lrredund": 20.9141, "lrpepelmv": 14.0438, "hphfpdID": "016613.e316_567", "pdbset": null, "lrpepxh": -1.0, "finallr": 293.7134, "lrpepelmh": -1.0, "template": "1ken:UT(0.51,0.59,42/197,21,14)", "viralprotein_id": 13987, "lrsm": 1.4777, "id": 68827070, "lrpepxv": -1.0, "lrredundpairs": -1.0, "humanprotein_id": 5161, "vphfpdID": "001751.d1_197@1r6n_A.1"}, {"lrredund": 4.0064, "lrpepelmv": 96.2413, "hphfpdID": "000001", "pdbset": null, "lrpepxh": -1.0, "finallr": 385.581, "lrpepelmh": -1.0, "template": "", "viralprotein_id": 13987, "lrsm": -1.0, "id": 68827889, "lrpepxv": -1.0, "lrredundpairs": 1.1877, "humanprotein_id": 4793, "vphfpdID": "001751@3mi7_X.9"}, {"lrredund": 3.124, "lrpepelmv": 96.2413, "hphfpdID": "000005", "pdbset": null, "lrpepxh": -1.0, "finallr": 300.6577, "lrpepelmh": -1.0, "template": "", "viralprotein_id": 13987, "lrsm": -1.0, "id": 68828886, "lrpepxv": -1.0, "lrredundpairs": 1.373, "humanprotein_id": 4794, "vphfpdID": "001751@2ayg_A.7"}, {"lrredund": 20.9141, "lrpepelmv": 9.677, "hphfpdID": "001751.e1_73", "pdbset": null, "lrpepxh": -1.0, "finallr": 202.3856, "lrpepelmh": -1.0, "template": "4ce4:I1(0.58,0.26,21/21,9,1)", "viralprotein_id": 13987, "lrsm": 1.3385, "id": 68828975, "lrpepxv": -1.0, "lrredundpairs": 0.7707, "humanprotein_id": 5041, "vphfpdID": "001751@2ayg_A.7"}, {"lrredund": 3.124, "lrpepelmv": 50.5585, "hphfpdID": "014176", "pdbset": null, "lrpepxh": 56.9, "finallr": 177.7556, "lrpepelmh": -1.0, "template": "", "viralprotein_id": 13988, "lrsm": -1.0, "id": 78774440, "lrpepxv": -1.0, "lrredundpairs": 1.1877, "humanprotein_id": 4582, "vphfpdID": "001752@2b9d_A.2"}, {"lrredund": 20.9141, "lrpepelmv": -1.0, "hphfpdID": "016448", "pdbset": null, "lrpepxh": -1.0, "finallr": 111.3247, "lrpepelmh": -1.0, "template": "1nei:AB(0.56,0.35,158/209,47,51)", "viralprotein_id": 13988, "lrsm": 5.323, "id": 78774591, "lrpepxv": -1.0, "lrredundpairs": 1.774, "humanprotein_id": 7393, "vphfpdID": "001752@2ewl_A.1"}, {"lrredund": 20.9141, "lrpepelmv": -1.0, "hphfpdID": "018501.e80_165", "pdbset": null, "lrpepxh": -1.0, "finallr": 214.4751, "lrpepelmh": -1.0, "template": "2rmm:BA(0.41,0.48,92/99,41,86)", "viralprotein_id": 13988, "lrsm": 10.255, "id": 78775222, "lrpepxv": -1.0, "lrredundpairs": 1.7812, "humanprotein_id": 1286, "vphfpdID": "001752@2ewl_A.1"}, {"lrredund": 20.9141, "lrpepelmv": -1.0, "hphfpdID": "016729", "pdbset": null, "lrpepxh": -1.0, "finallr": 113.7978, "lrpepelmh": -1.0, "template": "2f8b:BA(0.12,0.58,120/166,41,88)", "viralprotein_id": 13988, "lrsm": 5.4412, "id": 78775804, "lrpepxv": -1.0, "lrredundpairs": 1.774, "humanprotein_id": 6415, "vphfpdID": "001752@2ewl_A.1"}, {"lrredund": 20.9141, "lrpepelmv": -1.0, "hphfpdID": "005209.d243_326", "pdbset": null, "lrpepxh": -1.0, "finallr": 199.8862, "lrpepelmh": -1.0, "template": "2f8b:BA(0.12,0.41,126/166,45,75)", "viralprotein_id": 13988, "lrsm": 9.5575, "id": 78776845, "lrpepxv": -1.0, "lrredundpairs": 1.774, "humanprotein_id": 8007, "vphfpdID": "001752@2ewl_A.1"}, {"lrredund": 20.9141, "lrpepelmv": -1.0, "hphfpdID": "016730", "pdbset": null, "lrpepxh": -1.0, "finallr": 214.4751, "lrpepelmh": -1.0, "template": "2rmm:BA(0.41,0.49,80/99,41,78)", "viralprotein_id": 13988, "lrsm": 10.255, "id": 78777455, "lrpepxv": -1.0, "lrredundpairs": 1.7812, "humanprotein_id": 6290, "vphfpdID": "001752@2ewl_A.1"}, {"lrredund": 2.3588, "lrpepelmv": -1.0, "hphfpdID": "012637.e288_365", "pdbset": null, "lrpepxh": -1.0, "finallr": 108.4487, "lrpepelmh": -1.0, "template": "2pqu:DC(0.26,0.05,70/78,41,58)", "viralprotein_id": 13988, "lrsm": 45.9762, "id": 78778016, "lrpepxv": 3.66, "lrredundpairs": 1.5513, "humanprotein_id": 7908, "vphfpdID": "001752@2ewl_A.1"}, {"lrredund": 20.9141, "lrpepelmv": 6.3442, "hphfpdID": "001349.d2679_3055", "pdbset": null, "lrpepxh": -1.0, "finallr": 132.6835, "lrpepelmh": -1.0, "template": "", "viralprotein_id": 13988, "lrsm": -1.0, "id": 78778904, "lrpepxv": -1.0, "lrredundpairs": 0.7707, "humanprotein_id": 7312, "vphfpdID": "001752@2b9d_A.2"}, {"lrredund": 3.124, "lrpepelmv": 50.5585, "hphfpdID": "014178.g238_416", "pdbset": null, "lrpepxh": -1.0, "finallr": 157.9448, "lrpepelmh": -1.0, "template": "4bmj:BA(0.13,0.43,47/80,24,37)", "viralprotein_id": 13988, "lrsm": 3.1219, "id": 78779097, "lrpepxv": -1.0, "lrredundpairs": 1.1877, "humanprotein_id": 7007, "vphfpdID": "001752@2b9d_A.2"}, {"lrredund": 20.9141, "lrpepelmv": -1.0, "hphfpdID": "018800.e503_596", "pdbset": null, "lrpepxh": -1.0, "finallr": 100.4723, "lrpepelmh": -1.0, "template": "1mhh:FC(0.33,0.24,50/61,25,37)", "viralprotein_id": 13988, "lrsm": 4.804, "id": 78779409, "lrpepxv": -1.0, "lrredundpairs": 1.1877, "humanprotein_id": 4109, "vphfpdID": "001752@2ewl_A.1"}, {"lrredund": 20.9141, "lrpepelmv": -1.0, "hphfpdID": "010507.e200_298", "pdbset": null, "lrpepxh": 2.59, "finallr": 115.0004, "lrpepelmh": -1.0, "template": "2i5c:BA(0.17,0.20,23/53,13,9)", "viralprotein_id": 13988, "lrsm": 5.4987, "id": 78779528, "lrpepxv": -1.0, "lrredundpairs": 1.5513, "humanprotein_id": 4475, "vphfpdID": "001752@2ewl_A.1"}, {"lrredund": 19.2898, "lrpepelmv": -1.0, "hphfpdID": "002626", "pdbset": null, "lrpepxh": -1.0, "finallr": 115.7521, "lrpepelmh": -1.0, "template": "1mhh:FC(0.33,0.05,57/61,15,4)", "viralprotein_id": 13988, "lrsm": 6.0007, "id": 78780424, "lrpepxv": -1.0, "lrredundpairs": 1.774, "humanprotein_id": 2804, "vphfpdID": "001752@2ewl_A.1"}, {"lrredund": 20.9141, "lrpepelmv": -1.0, "hphfpdID": "005567.d200_296", "pdbset": null, "lrpepxh": -1.0, "finallr": 115.0004, "lrpepelmh": -1.0, "template": "2i5c:BA(0.17,0.18,23/53,14,12)", "viralprotein_id": 13988, "lrsm": 5.4987, "id": 78780725, "lrpepxv": -1.0, "lrredundpairs": 1.1877, "humanprotein_id": 3874, "vphfpdID": "001752@2ewl_A.1"}, {"lrredund": 20.9141, "lrpepelmv": 8.8544, "hphfpdID": "016613.e557_714", "pdbset": null, "lrpepxh": -1.0, "finallr": 185.1826, "lrpepelmh": -1.0, "template": "4kgt:BA(0.29,0.60,25/48,14,14)", "viralprotein_id": 13988, "lrsm": 1.2265, "id": 78781105, "lrpepxv": -1.0, "lrredundpairs": -1.0, "humanprotein_id": 5161, "vphfpdID": "001752@2b9d_A.2"}, {"lrredund": 3.124, "lrpepelmv": -1.0, "hphfpdID": "002491.e300_433", "pdbset": null, "lrpepxh": 41.95, "finallr": 131.0518, "lrpepelmh": -1.0, "template": "2x48:BC(0.25,0.49,40/46,22,32)", "viralprotein_id": 13988, "lrsm": 3.1848, "id": 78781602, "lrpepxv": -1.0, "lrredundpairs": 1.1877, "humanprotein_id": 3829, "vphfpdID": "001752@2ewl_A.1"}, {"lrredund": 20.9141, "lrpepelmv": -1.0, "hphfpdID": "018500.d533_608", "pdbset": null, "lrpepxh": -1.0, "finallr": 111.3247, "lrpepelmh": -1.0, "template": "1nei:AB(0.56,0.44,127/209,43,43)", "viralprotein_id": 13988, "lrsm": 5.323, "id": 78781924, "lrpepxv": -1.0, "lrredundpairs": 1.774, "humanprotein_id": 3463, "vphfpdID": "001752@2ewl_A.1"}, {"lrredund": 20.9141, "lrpepelmv": -1.0, "hphfpdID": "005158.d818_927", "pdbset": null, "lrpepxh": -1.0, "finallr": 125.499, "lrpepelmh": -1.0, "template": "1rqq:DB(0.32,0.03,4/5,4,2)", "viralprotein_id": 13988, "lrsm": 6.0007, "id": 78784473, "lrpepxv": -1.0, "lrredundpairs": 2.3768, "humanprotein_id": 2711, "vphfpdID": "001752@2ewl_A.1"}, {"lrredund": 20.9141, "lrpepelmv": 8.8544, "hphfpdID": "016615.d584_674", "pdbset": null, "lrpepxh": -1.0, "finallr": 185.1826, "lrpepelmh": -1.0, "template": "3ziv:CB(0.37,0.42,15/22,11,8)", "viralprotein_id": 13988, "lrsm": 1.4599, "id": 78785337, "lrpepxv": -1.0, "lrredundpairs": -1.0, "humanprotein_id": 5095, "vphfpdID": "001752@2b9d_A.2"}, {"lrredund": 20.9141, "lrpepelmv": 8.8544, "hphfpdID": "016466.e142_262", "pdbset": null, "lrpepxh": -1.0, "finallr": 185.1826, "lrpepelmh": -1.0, "template": "2f8b:BA(0.12,0.46,114/166,43,86)", "viralprotein_id": 13988, "lrsm": 8.2077, "id": 78786086, "lrpepxv": -1.0, "lrredundpairs": 3.9363, "humanprotein_id": 3727, "vphfpdID": "001752@2ewl_A.1"}, {"lrredund": 20.9141, "lrpepelmv": -1.0, "hphfpdID": "014262.d1_78", "pdbset": null, "lrpepxh": -1.0, "finallr": 105.6647, "lrpepelmh": -1.0, "template": "1nei:AB(0.56,0.47,145/209,44,52)", "viralprotein_id": 13988, "lrsm": 5.0523, "id": 78786814, "lrpepxv": 2.59, "lrredundpairs": -1.0, "humanprotein_id": 5865, "vphfpdID": "001752@2ewl_A.1"}, {"lrredund": 19.2898, "lrpepelmv": 8.2623, "hphfpdID": "001060.e180_274", "pdbset": null, "lrpepxh": 2.59, "finallr": 159.3787, "lrpepelmh": -1.0, "template": "4ce4:1I(0.30,0.33,15/21,9,8)", "viralprotein_id": 13988, "lrsm": 1.4599, "id": 78787360, "lrpepxv": -1.0, "lrredundpairs": 1.373, "humanprotein_id": 17652, "vphfpdID": "001752@2b9d_A.2"}, {"lrredund": 20.9141, "lrpepelmv": -1.0, "hphfpdID": "001751.e1_73", "pdbset": null, "lrpepxh": -1.0, "finallr": 171.6559, "lrpepelmh": -1.0, "template": "2f8b:BA(0.12,0.37,117/166,41,59)", "viralprotein_id": 13988, "lrsm": 8.2077, "id": 78787472, "lrpepxv": -1.0, "lrredundpairs": 1.1877, "humanprotein_id": 5041, "vphfpdID": "001752@2ewl_A.1"}, {"lrredund": 20.9141, "lrpepelmv": 8.8544, "hphfpdID": "007144.e56_156", "pdbset": null, "lrpepxh": -1.0, "finallr": 185.1826, "lrpepelmh": -1.0, "template": "2qms:BA(0.60,0.14,39/46,23,30)", "viralprotein_id": 13988, "lrsm": 3.1848, "id": 78789071, "lrpepxv": -1.0, "lrredundpairs": 2.3768, "humanprotein_id": 6385, "vphfpdID": "001752@2ewl_A.1"}, {"lrredund": 20.9141, "lrpepelmv": 7.4157, "hphfpdID": "005478.d350_517", "pdbset": null, "lrpepxh": 3.51, "finallr": 155.0917, "lrpepelmh": -1.0, "template": "", "viralprotein_id": 13988, "lrsm": -1.0, "id": 78789118, "lrpepxv": 2.59, "lrredundpairs": 1.774, "humanprotein_id": 2880, "vphfpdID": "001752@2b9d_A.2"}, {"lrredund": 19.2898, "lrpepelmv": -1.0, "hphfpdID": "016869.d56_203", "pdbset": null, "lrpepxh": -1.0, "finallr": 158.3242, "lrpepelmh": -1.0, "template": "2f8b:AB(0.23,0.37,86/166,42,77)", "viralprotein_id": 13988, "lrsm": 8.2077, "id": 78790064, "lrpepxv": 3.66, "lrredundpairs": -1.0, "humanprotein_id": 4495, "vphfpdID": "001752@2ewl_A.1"}, {"lrredund": 4.0064, "lrpepelmv": 50.5585, "hphfpdID": "014240.d655_725", "pdbset": null, "lrpepxh": -1.0, "finallr": 202.5576, "lrpepelmh": -1.0, "template": "4mcu:FB(0.42,0.42,4/4,3,1)", "viralprotein_id": 13988, "lrsm": 1.3385, "id": 78790526, "lrpepxv": 3.84, "lrredundpairs": -1.0, "humanprotein_id": 3056, "vphfpdID": "001752@2b9d_A.2"}, {"lrredund": 15.8699, "lrpepelmv": 14.0845, "hphfpdID": "016613.e316_567", "pdbset": null, "lrpepxh": -1.0, "finallr": 223.5194, "lrpepelmh": -1.0, "template": "2idh:BA(0.28,0.56,42/45,8,1)", "viralprotein_id": 13990, "lrsm": 1.3385, "id": 23363071, "lrpepxv": -1.0, "lrredundpairs": -1.0, "humanprotein_id": 5161, "vphfpdID": "001754.d32_141@4xr8_F.2"}, {"lrredund": 19.2898, "lrpepelmv": 14.0845, "hphfpdID": "007144.e56_156", "pdbset": null, "lrpepxh": -1.0, "finallr": 271.6869, "lrpepelmh": -1.0, "template": "2dwv:BA(0.55,0.53,100/102,22,25)", "viralprotein_id": 13990, "lrsm": 2.3512, "id": 23363637, "lrpepxv": -1.0, "lrredundpairs": 1.373, "humanprotein_id": 6385, "vphfpdID": "001754@4xr8_F.2"}, {"lrredund": 19.2898, "lrpepelmv": 14.0845, "hphfpdID": "016466.e85_146", "pdbset": null, "lrpepxh": -1.0, "finallr": 271.6869, "lrpepelmh": -1.0, "template": "", "viralprotein_id": 13990, "lrsm": -1.0, "id": 23365508, "lrpepxv": -1.0, "lrredundpairs": 1.5513, "humanprotein_id": 3727, "vphfpdID": "001754@4xr8_F.2"}, {"lrredund": 21.3884, "lrpepelmv": -1.0, "hphfpdID": "001509.e1_53", "pdbset": null, "lrpepxh": -1.0, "finallr": 261.0853, "lrpepelmh": -1.0, "template": "2dwv:AB(0.49,0.29,93/102,43,71)", "viralprotein_id": 13990, "lrsm": 12.2069, "id": 23369377, "lrpepxv": -1.0, "lrredundpairs": 1.373, "humanprotein_id": 2598, "vphfpdID": "001754@4giz_C.1"}, {"lrredund": 21.3884, "lrpepelmv": 14.0845, "hphfpdID": "016615.d584_674", "pdbset": null, "lrpepxh": -1.0, "finallr": 301.2446, "lrpepelmh": -1.0, "template": "", "viralprotein_id": 13990, "lrsm": -1.0, "id": 23372202, "lrpepxv": -1.0, "lrredundpairs": -1.0, "humanprotein_id": 5095, "vphfpdID": "001754@4xr8_F.2"}, {"lrredund": -1.0, "lrpepelmv": 107.1532, "hphfpdID": "000004", "pdbset": null, "lrpepxh": -1.0, "finallr": 107.1532, "lrpepelmh": -1.0, "template": "", "viralprotein_id": 13986, "lrsm": -1.0, "id": 68701398, "lrpepxv": -1.0, "lrredundpairs": -1.0, "humanprotein_id": 6298, "vphfpdID": "001750"}, {"lrredund": -1.0, "lrpepelmv": 107.1532, "hphfpdID": "000007", "pdbset": null, "lrpepxh": -1.0, "finallr": 107.1532, "lrpepelmh": -1.0, "template": "", "viralprotein_id": 13986, "lrsm": -1.0, "id": 68701496, "lrpepxv": -1.0, "lrredundpairs": -1.0, "humanprotein_id": 6393, "vphfpdID": "001750"}, {"lrredund": -1.0, "lrpepelmv": 107.1532, "hphfpdID": "000001", "pdbset": null, "lrpepxh": -1.0, "finallr": 107.1532, "lrpepelmh": -1.0, "template": "", "viralprotein_id": 13986, "lrsm": -1.0, "id": 68701555, "lrpepxv": -1.0, "lrredundpairs": -1.0, "humanprotein_id": 4793, "vphfpdID": "001750"}, {"lrredund": -1.0, "lrpepelmv": 107.1532, "hphfpdID": "000003", "pdbset": null, "lrpepxh": -1.0, "finallr": 107.1532, "lrpepelmh": -1.0, "template": "", "viralprotein_id": 13986, "lrsm": -1.0, "id": 68701616, "lrpepxv": -1.0, "lrredundpairs": -1.0, "humanprotein_id": 6857, "vphfpdID": "001750"}, {"lrredund": -1.0, "lrpepelmv": 107.1532, "hphfpdID": "000002", "pdbset": null, "lrpepxh": -1.0, "finallr": 107.1532, "lrpepelmh": -1.0, "template": "", "viralprotein_id": 13986, "lrsm": -1.0, "id": 68701755, "lrpepxv": -1.0, "lrredundpairs": -1.0, "humanprotein_id": 6315, "vphfpdID": "001750"}, {"lrredund": -1.0, "lrpepelmv": 107.1532, "hphfpdID": "000005", "pdbset": null, "lrpepxh": -1.0, "finallr": 107.1532, "lrpepelmh": -1.0, "template": "", "viralprotein_id": 13986, "lrsm": -1.0, "id": 68702008, "lrpepxv": -1.0, "lrredundpairs": -1.0, "humanprotein_id": 4794, "vphfpdID": "001750"}, {"lrredund": -1.0, "lrpepelmv": 107.1532, "hphfpdID": "000006", "pdbset": null, "lrpepxh": -1.0, "finallr": 107.1532, "lrpepelmh": -1.0, "template": "", "viralprotein_id": 13986, "lrsm": -1.0, "id": 68702215, "lrpepxv": -1.0, "lrredundpairs": -1.0, "humanprotein_id": 4514, "vphfpdID": "001750"}, {"lrredund": 21.3884, "lrpepelmv": -1.0, "hphfpdID": "018800.e309_403", "pdbset": null, "lrpepxh": -1.0, "finallr": 107.5723, "lrpepelmh": -1.0, "template": "2lk5:BA(0.60,0.23,126/132,20,14)", "viralprotein_id": 13985, "lrsm": 5.0295, "id": 30620874, "lrpepxv": -1.0, "lrredundpairs": -1.0, "humanprotein_id": 4109, "vphfpdID": "001749.e194_633@1r9w_A.4"}, {"lrredund": 21.3884, "lrpepelmv": -1.0, "hphfpdID": "017046.d495_669", "pdbset": null, "lrpepxh": -1.0, "finallr": 175.5488, "lrpepelmh": -1.0, "template": "1tue:MF(0.01,0.52,78/115,41,31)", "viralprotein_id": 13985, "lrsm": 8.2077, "id": 30624606, "lrpepxv": -1.0, "lrredundpairs": -1.0, "humanprotein_id": 6818, "vphfpdID": "001749.e194_633@1tue_A.3"}, {"lrredund": 21.3884, "lrpepelmv": 7.4157, "hphfpdID": "005478", "pdbset": null, "lrpepxh": -1.0, "finallr": 158.609, "lrpepelmh": -1.0, "template": "", "viralprotein_id": 13985, "lrsm": -1.0, "id": 30627245, "lrpepxv": -1.0, "lrredundpairs": -1.0, "humanprotein_id": 2880, "vphfpdID": "001749@1tue_A.3"}, {"lrredund": 21.3884, "lrpepelmv": 14.2424, "hphfpdID": "001751.e1650_1757", "pdbset": null, "lrpepxh": -1.0, "finallr": 304.6231, "lrpepelmh": -1.0, "template": "", "viralprotein_id": 13985, "lrsm": -1.0, "id": 30627609, "lrpepxv": -1.0, "lrredundpairs": -1.0, "humanprotein_id": 5041, "vphfpdID": "001749@2v9p_A.1"}, {"lrredund": 21.3884, "lrpepelmv": -1.0, "hphfpdID": "005209.d106_189", "pdbset": null, "lrpepxh": -1.0, "finallr": 261.0853, "lrpepelmh": -1.0, "template": "3qsi:JI(0.34,0.41,114/133,42,29)", "viralprotein_id": 13985, "lrsm": 12.2069, "id": 30628057, "lrpepxv": -1.0, "lrredundpairs": 0.7707, "humanprotein_id": 8007, "vphfpdID": "001749.e194_633@1r9w_A.4"}, {"lrredund": 4.2492, "lrpepelmv": 32.9939, "hphfpdID": "017284.e489_542", "pdbset": null, "lrpepxh": -1.0, "finallr": 140.1976, "lrpepelmh": -1.0, "template": "2hcb:CD(0.60,0.27,23/159,13,14)", "viralprotein_id": 13985, "lrsm": 1.02, "id": 30628149, "lrpepxv": -1.0, "lrredundpairs": -1.0, "humanprotein_id": 7960, "vphfpdID": "001749.e194_633@1tue_A.3"}, {"lrredund": 4.2492, "lrpepelmv": -1.0, "hphfpdID": "008899", "pdbset": null, "lrpepxh": -1.0, "finallr": 101.404, "lrpepelmh": -1.0, "template": "2orv:BA(0.38,0.00,133/214,57,62)", "viralprotein_id": 13985, "lrsm": 23.8643, "id": 30628852, "lrpepxv": -1.0, "lrredundpairs": -1.0, "humanprotein_id": 2925, "vphfpdID": "001749.e194_633@2v9p_A.1"}, {"lrredund": 4.2492, "lrpepelmv": 27.4837, "hphfpdID": "010174.e436_491", "pdbset": null, "lrpepxh": -1.0, "finallr": 116.7838, "lrpepelmh": -1.0, "template": "2wvj:GA(0.40,0.57,10/19,5,4)", "viralprotein_id": 13985, "lrsm": 1.2265, "id": 30628877, "lrpepxv": -1.0, "lrredundpairs": -1.0, "humanprotein_id": 6667, "vphfpdID": "001749.e194_633@2v9p_A.1"}, {"lrredund": 19.2898, "lrpepelmv": -1.0, "hphfpdID": "017281.d200_434", "pdbset": null, "lrpepxh": -1.0, "finallr": 365.6031, "lrpepelmh": -1.0, "template": "1njf:CD(0.58,0.41,59/112,43,45)", "viralprotein_id": 13985, "lrsm": 18.9532, "id": 30629676, "lrpepxv": -1.0, "lrredundpairs": -1.0, "humanprotein_id": 5906, "vphfpdID": "001749.e194_633@2gxa_A.2"}, {"lrredund": 21.3884, "lrpepelmv": -1.0, "hphfpdID": "011519.g120_294", "pdbset": null, "lrpepxh": -1.0, "finallr": 166.727, "lrpepelmh": -1.0, "template": "2gxa:GL(0.06,0.30,53/97,34,44)", "viralprotein_id": 13985, "lrsm": 7.7952, "id": 30630197, "lrpepxv": -1.0, "lrredundpairs": -1.0, "humanprotein_id": 3074, "vphfpdID": "001749.e194_633@2gxa_A.2"}, {"lrredund": 21.3884, "lrpepelmv": 15.8041, "hphfpdID": "007144.e151_217", "pdbset": null, "lrpepxh": -1.0, "finallr": 338.0243, "lrpepelmh": -1.0, "template": "2lk6:BA(0.47,0.46,137/154,28,39)", "viralprotein_id": 13985, "lrsm": 3.4243, "id": 30630883, "lrpepxv": -1.0, "lrredundpairs": -1.0, "humanprotein_id": 6385, "vphfpdID": "001749.e194_633@1r9w_A.4"}, {"lrredund": 21.3884, "lrpepelmv": 15.8041, "hphfpdID": "016613.e122_316", "pdbset": null, "lrpepxh": -1.0, "finallr": 338.0243, "lrpepelmh": -1.0, "template": "2jcs:BA(0.59,0.49,11/125,6,2)", "viralprotein_id": 13985, "lrsm": 0.9682, "id": 30630960, "lrpepxv": -1.0, "lrredundpairs": -1.0, "humanprotein_id": 5161, "vphfpdID": "001749.e194_633@1tue_A.3"}, {"lrredund": 15.8699, "lrpepelmv": 15.8041, "hphfpdID": "016615.d83_292", "pdbset": null, "lrpepxh": -1.0, "finallr": 250.8094, "lrpepelmh": -1.0, "template": "1sxj:CA(0.53,0.42,17/23,12,11)", "viralprotein_id": 13985, "lrsm": 1.2265, "id": 30630988, "lrpepxv": -1.0, "lrredundpairs": -1.0, "humanprotein_id": 5095, "vphfpdID": "001749.e194_633@2gxa_A.2"}, {"lrredund": 21.3884, "lrpepelmv": 15.8041, "hphfpdID": "016466.e142_262", "pdbset": null, "lrpepxh": -1.0, "finallr": 338.0243, "lrpepelmh": -1.0, "template": "", "viralprotein_id": 13985, "lrsm": -1.0, "id": 30631600, "lrpepxv": -1.0, "lrredundpairs": -1.0, "humanprotein_id": 3727, "vphfpdID": "001749@2v9p_A.1"}, {"lrredund": 21.3884, "lrpepelmv": 9.3373, "hphfpdID": "001349.d2683_2962", "pdbset": null, "lrpepxh": -1.0, "finallr": 199.7102, "lrpepelmh": -1.0, "template": "1ygy:AB(0.53,0.58,1/455,1,0)", "viralprotein_id": 13985, "lrsm": 0.9682, "id": 30632037, "lrpepxv": -1.0, "lrredundpairs": -1.0, "humanprotein_id": 7312, "vphfpdID": "001749.e194_633@1r9w_A.4"}, {"lrredund": 21.3884, "lrpepelmv": 8.6827, "hphfpdID": "004076.d108_222", "pdbset": null, "lrpepxh": -1.0, "finallr": 185.7094, "lrpepelmh": -1.0, "template": "4bt0:BA(0.55,0.57,41/57,22,24)", "viralprotein_id": 13985, "lrsm": 1.6503, "id": 30633136, "lrpepxv": -1.0, "lrredundpairs": -1.0, "humanprotein_id": 4894, "vphfpdID": "001749.e194_633@2v9p_A.1"}]