[{"lrredund": 20.9141, "lrpepelmv": 8.8544, "hphfpdID": "016615.d554_715", "pdbset": null, "lrpepxh": -1.0, "finallr": 185.1826, "lrpepelmh": -1.0, "template": "", "viralprotein_id": 15399, "lrsm": -1.0, "id": 82442837, "lrpepxv": -1.0, "lrredundpairs": -1.0, "humanprotein_id": 5095, "vphfpdID": "002543@2b9d_A.2"}, {"lrredund": 20.9141, "lrpepelmv": 8.8544, "hphfpdID": "007144.d1_56", "pdbset": null, "lrpepxh": -1.0, "finallr": 185.1826, "lrpepelmh": -1.0, "template": "", "viralprotein_id": 15399, "lrsm": -1.0, "id": 82443086, "lrpepxv": -1.0, "lrredundpairs": 3.7904, "humanprotein_id": 6385, "vphfpdID": "002543@2ewl_A.1"}, {"lrredund": 19.2898, "lrpepelmv": 8.2623, "hphfpdID": "001060", "pdbset": null, "lrpepxh": -1.0, "finallr": 159.3787, "lrpepelmh": -1.0, "template": "", "viralprotein_id": 15399, "lrsm": -1.0, "id": 82443375, "lrpepxv": -1.0, "lrredundpairs": 1.5513, "humanprotein_id": 17652, "vphfpdID": "002543@2b9d_A.2"}, {"lrredund": 20.9141, "lrpepelmv": 8.8544, "hphfpdID": "016613", "pdbset": null, "lrpepxh": -1.0, "finallr": 185.1826, "lrpepelmh": -1.0, "template": "", "viralprotein_id": 15399, "lrsm": -1.0, "id": 82445207, "lrpepxv": -1.0, "lrredundpairs": -1.0, "humanprotein_id": 5161, "vphfpdID": "002543@2ewl_A.1"}, {"lrredund": 20.9141, "lrpepelmv": 7.4157, "hphfpdID": "005478", "pdbset": null, "lrpepxh": -1.0, "finallr": 155.0917, "lrpepelmh": -1.0, "template": "", "viralprotein_id": 15399, "lrsm": -1.0, "id": 82446358, "lrpepxv": 2.59, "lrredundpairs": 1.5513, "humanprotein_id": 2880, "vphfpdID": "002543@2ewl_A.1"}, {"lrredund": 20.9141, "lrpepelmv": -1.0, "hphfpdID": "016869", "pdbset": null, "lrpepxh": -1.0, "finallr": 137.1964, "lrpepelmh": -1.0, "template": "", "viralprotein_id": 15399, "lrsm": -1.0, "id": 82447151, "lrpepxv": 6.56, "lrredundpairs": -1.0, "humanprotein_id": 4495, "vphfpdID": "002543@2b9d_A.2"}, {"lrredund": 20.9141, "lrpepelmv": 8.8544, "hphfpdID": "016466.e85_146", "pdbset": null, "lrpepxh": -1.0, "finallr": 185.1826, "lrpepelmh": -1.0, "template": "", "viralprotein_id": 15399, "lrsm": -1.0, "id": 82449032, "lrpepxv": 2.59, "lrredundpairs": 5.2159, "humanprotein_id": 3727, "vphfpdID": "002543@2b9d_A.2"}, {"lrredund": 4.0064, "lrpepelmv": 31.6779, "hphfpdID": "018832.e1_86", "pdbset": null, "lrpepxh": -1.0, "finallr": 126.9145, "lrpepelmh": -1.0, "template": "", "viralprotein_id": 15399, "lrsm": -1.0, "id": 82454664, "lrpepxv": -1.0, "lrredundpairs": 1.1877, "humanprotein_id": 5086, "vphfpdID": "002543@2ewl_A.1"}, {"lrredund": -1.0, "lrpepelmv": 31.6779, "hphfpdID": "018831", "pdbset": null, "lrpepxh": -1.0, "finallr": 124.6939, "lrpepelmh": -1.0, "template": "", "viralprotein_id": 15399, "lrsm": -1.0, "id": 82457090, "lrpepxv": -1.0, "lrredundpairs": 3.9363, "humanprotein_id": 10171, "vphfpdID": "002543@2b9d_A.2"}, {"lrredund": 15.8699, "lrpepelmv": 14.0867, "hphfpdID": "016615.d586_639", "pdbset": null, "lrpepxh": -1.0, "finallr": 223.5545, "lrpepelmh": -1.0, "template": "", "viralprotein_id": 15402, "lrsm": -1.0, "id": 39881204, "lrpepxv": -1.0, "lrredundpairs": -1.0, "humanprotein_id": 5095, "vphfpdID": "002546@4xr8_F.1"}, {"lrredund": 15.8699, "lrpepelmv": -1.0, "hphfpdID": "001509.e1_53", "pdbset": null, "lrpepxh": -1.0, "finallr": 193.7217, "lrpepelmh": -1.0, "template": "2dwv:AB(0.47,0.29,92/102,41,59)", "viralprotein_id": 15402, "lrsm": 12.2069, "id": 39881242, "lrpepxv": -1.0, "lrredundpairs": 1.373, "humanprotein_id": 2598, "vphfpdID": "002546@4giz_C.2"}, {"lrredund": 20.9141, "lrpepelmv": -1.0, "hphfpdID": "006178.e462_515", "pdbset": null, "lrpepxh": -1.0, "finallr": 214.4751, "lrpepelmh": -1.0, "template": "2dwv:BA(0.60,0.38,98/102,41,69)", "viralprotein_id": 15402, "lrsm": 10.255, "id": 39886068, "lrpepxv": -1.0, "lrredundpairs": 1.1877, "humanprotein_id": 2856, "vphfpdID": "002546@4xr8_F.1"}, {"lrredund": 21.3884, "lrpepelmv": 13.7313, "hphfpdID": "001060.e253_532", "pdbset": null, "lrpepxh": -1.0, "finallr": 293.6914, "lrpepelmh": -1.0, "template": "1l1c:AB(0.35,0.44,77/127,31,56)", "viralprotein_id": 15402, "lrsm": 2.0611, "id": 39886263, "lrpepxv": -1.0, "lrredundpairs": 0.7707, "humanprotein_id": 17652, "vphfpdID": "002546@4giz_C.2"}, {"lrredund": 15.8699, "lrpepelmv": 6.3442, "hphfpdID": "001349.d2715_2964", "pdbset": null, "lrpepxh": -1.0, "finallr": 100.682, "lrpepelmh": -1.0, "template": "2idh:HF(0.30,0.42,18/29,5,0)", "viralprotein_id": 15402, "lrsm": 1.4599, "id": 39889495, "lrpepxv": -1.0, "lrredundpairs": -1.0, "humanprotein_id": 7312, "vphfpdID": "002546@4giz_C.2"}, {"lrredund": 19.2898, "lrpepelmv": 14.0867, "hphfpdID": "016466.e85_146", "pdbset": null, "lrpepxh": -1.0, "finallr": 271.7296, "lrpepelmh": -1.0, "template": "1rl2:BA(0.53,0.26,35/35,23,29)", "viralprotein_id": 15402, "lrsm": 3.1848, "id": 39891450, "lrpepxv": -1.0, "lrredundpairs": 1.7812, "humanprotein_id": 3727, "vphfpdID": "002546@4xr8_F.1"}, {"lrredund": 19.2898, "lrpepelmv": 14.0867, "hphfpdID": "016613.e316_567", "pdbset": null, "lrpepxh": -1.0, "finallr": 271.7296, "lrpepelmh": -1.0, "template": "2idh:BA(0.30,0.56,42/45,12,1)", "viralprotein_id": 15402, "lrsm": 1.3385, "id": 39893232, "lrpepxv": -1.0, "lrredundpairs": -1.0, "humanprotein_id": 5161, "vphfpdID": "002546@4xr8_F.1"}, {"lrredund": 20.9141, "lrpepelmv": 14.0867, "hphfpdID": "007144.e56_156", "pdbset": null, "lrpepxh": -1.0, "finallr": 294.6106, "lrpepelmh": -1.0, "template": "2dwv:BA(0.60,0.53,100/102,29,32)", "viralprotein_id": 15402, "lrsm": 2.3512, "id": 39893590, "lrpepxv": -1.0, "lrredundpairs": 1.5513, "humanprotein_id": 6385, "vphfpdID": "002546@4xr8_F.1"}, {"lrredund": 21.3884, "lrpepelmv": -1.0, "hphfpdID": "016448", "pdbset": null, "lrpepxh": -1.0, "finallr": 102.103, "lrpepelmh": -1.0, "template": "2lk5:AB(0.59,0.56,129/132,16,6)", "viralprotein_id": 15404, "lrsm": 4.7738, "id": 49168675, "lrpepxv": -1.0, "lrredundpairs": 20.9141, "humanprotein_id": 7393, "vphfpdID": "002548.e1_198@2nnu_A.2"}, {"lrredund": 20.9141, "lrpepelmv": 14.0438, "hphfpdID": "016613.e557_714", "pdbset": null, "lrpepxh": -1.0, "finallr": 293.7134, "lrpepelmh": -1.0, "template": "3cfi:DJ(0.54,0.42,12/12,8,4)", "viralprotein_id": 15404, "lrsm": 1.3385, "id": 49168739, "lrpepxv": -1.0, "lrredundpairs": 0.7707, "humanprotein_id": 5161, "vphfpdID": "002548.e1_198@1r6n_A.1"}, {"lrredund": 4.0064, "lrpepelmv": -1.0, "hphfpdID": "011698.d390_465", "pdbset": null, "lrpepxh": -1.0, "finallr": 136.3414, "lrpepelmh": -1.0, "template": "2aye:AB(0.13,0.38,59/142,41,57)", "viralprotein_id": 15404, "lrsm": 34.0309, "id": 49169090, "lrpepxv": -1.0, "lrredundpairs": -1.0, "humanprotein_id": 4110, "vphfpdID": "002548@2q79_A.10"}, {"lrredund": 4.0064, "lrpepelmv": -1.0, "hphfpdID": "012479.e71_372", "pdbset": null, "lrpepxh": -1.0, "finallr": 253.9668, "lrpepelmh": -1.0, "template": "3bkt:AB(0.55,0.53,60/73,41,48)", "viralprotein_id": 15404, "lrsm": 63.3903, "id": 49169260, "lrpepxv": -1.0, "lrredundpairs": -1.0, "humanprotein_id": 3683, "vphfpdID": "002548@2q79_A.10"}, {"lrredund": 1.7092, "lrpepelmv": -1.0, "hphfpdID": "016417.d178_265", "pdbset": null, "lrpepxh": -1.0, "finallr": 108.3466, "lrpepelmh": -1.0, "template": "2gj2:CA(0.55,0.55,58/69,41,47)", "viralprotein_id": 15404, "lrsm": 63.3903, "id": 49169459, "lrpepxv": 3.84, "lrredundpairs": -1.0, "humanprotein_id": 913, "vphfpdID": "002548@2ayg_A.5"}, {"lrredund": 3.124, "lrpepelmv": -1.0, "hphfpdID": "005933.e254_399", "pdbset": null, "lrpepxh": 56.9, "finallr": 177.7556, "lrpepelmh": -1.0, "template": "3cgi:AB(0.47,0.49,61/257,41,34)", "viralprotein_id": 15404, "lrsm": 3.8101, "id": 49169577, "lrpepxv": 5.43, "lrredundpairs": 1.5513, "humanprotein_id": 6869, "vphfpdID": "002548@1jj4_A.8"}, {"lrredund": 1.7951, "lrpepelmv": -1.0, "hphfpdID": "009287.d117_300", "pdbset": null, "lrpepxh": -1.0, "finallr": 113.7919, "lrpepelmh": -1.0, "template": "2gj2:CA(0.55,0.48,58/69,42,50)", "viralprotein_id": 15404, "lrsm": 63.3903, "id": 49169662, "lrpepxv": -1.0, "lrredundpairs": 1.373, "humanprotein_id": 8628, "vphfpdID": "002548@2ayg_A.5"}, {"lrredund": 1.7951, "lrpepelmv": -1.0, "hphfpdID": "005292.d1_108", "pdbset": null, "lrpepxh": -1.0, "finallr": 111.8526, "lrpepelmh": -1.0, "template": "2dwv:BA(0.53,0.52,86/102,22,31)", "viralprotein_id": 15404, "lrsm": 2.3512, "id": 49169927, "lrpepxv": 62.31, "lrredundpairs": -1.0, "humanprotein_id": 12504, "vphfpdID": "002548.e1_198@2nnu_A.2"}, {"lrredund": 1.7951, "lrpepelmv": -1.0, "hphfpdID": "004803", "pdbset": null, "lrpepxh": -1.0, "finallr": 111.8526, "lrpepelmh": -1.0, "template": "", "viralprotein_id": 15404, "lrsm": -1.0, "id": 49170383, "lrpepxv": 62.31, "lrredundpairs": 0.7707, "humanprotein_id": 13585, "vphfpdID": "002548.e1_198@2nnu_A.2"}, {"lrredund": 21.3884, "lrpepelmv": -1.0, "hphfpdID": "016869", "pdbset": null, "lrpepxh": -1.0, "finallr": 116.139, "lrpepelmh": -1.0, "template": "", "viralprotein_id": 15404, "lrsm": -1.0, "id": 49170399, "lrpepxv": 5.43, "lrredundpairs": -1.0, "humanprotein_id": 4495, "vphfpdID": "002548@2nnu_A.2"}, {"lrredund": 3.124, "lrpepelmv": -1.0, "hphfpdID": "016503.e1_88", "pdbset": null, "lrpepxh": -1.0, "finallr": 106.3125, "lrpepelmh": -1.0, "template": "2aye:EF(0.17,0.37,58/142,41,55)", "viralprotein_id": 15404, "lrsm": 34.0309, "id": 49170497, "lrpepxv": -1.0, "lrredundpairs": 1.5513, "humanprotein_id": 6968, "vphfpdID": "002548@1jj4_A.8"}, {"lrredund": 20.9141, "lrpepelmv": 201.9336, "hphfpdID": "000002", "pdbset": null, "lrpepxh": -1.0, "finallr": 4223.26, "lrpepelmh": -1.0, "template": "", "viralprotein_id": 15404, "lrsm": -1.0, "id": 49170626, "lrpepxv": -1.0, "lrredundpairs": 1.1877, "humanprotein_id": 6315, "vphfpdID": "002548@1zzf_A.9"}, {"lrredund": 3.124, "lrpepelmv": -1.0, "hphfpdID": "014196.d152_236", "pdbset": null, "lrpepxh": -1.0, "finallr": 106.3125, "lrpepelmh": -1.0, "template": "2ayg:AB(0.02,0.51,58/141,41,46)", "viralprotein_id": 15404, "lrsm": 34.0309, "id": 49170637, "lrpepxv": 2.59, "lrredundpairs": 1.373, "humanprotein_id": 7639, "vphfpdID": "002548@2ayg_A.5"}, {"lrredund": 2.3588, "lrpepelmv": -1.0, "hphfpdID": "008336.e119_263", "pdbset": null, "lrpepxh": 56.9, "finallr": 134.2157, "lrpepelmh": -1.0, "template": "", "viralprotein_id": 15404, "lrsm": -1.0, "id": 49170996, "lrpepxv": 2.59, "lrredundpairs": 1.5513, "humanprotein_id": 4947, "vphfpdID": "002548@1zzf_A.9"}, {"lrredund": 1.7092, "lrpepelmv": -1.0, "hphfpdID": "015400.d795_909", "pdbset": null, "lrpepxh": -1.0, "finallr": 108.3466, "lrpepelmh": -1.0, "template": "2gj2:CA(0.55,0.49,58/69,41,49)", "viralprotein_id": 15404, "lrsm": 63.3903, "id": 49171712, "lrpepxv": -1.0, "lrredundpairs": -1.0, "humanprotein_id": 7811, "vphfpdID": "002548@2ayg_A.5"}, {"lrredund": -1.0, "lrpepelmv": -1.0, "hphfpdID": "006347.e241_321", "pdbset": null, "lrpepxh": 56.9, "finallr": 101.3502, "lrpepelmh": -1.0, "template": "", "viralprotein_id": 15404, "lrsm": -1.0, "id": 49171769, "lrpepxv": 2.59, "lrredundpairs": 1.7812, "humanprotein_id": 74, "vphfpdID": "002548@1zzf_A.9"}, {"lrredund": 3.124, "lrpepelmv": -1.0, "hphfpdID": "014224.d2283_2445", "pdbset": null, "lrpepxh": 41.95, "finallr": 131.0518, "lrpepelmh": -1.0, "template": "2rp4:AB(0.60,0.56,170/292,45,54)", "viralprotein_id": 15404, "lrsm": 5.0523, "id": 49171797, "lrpepxv": 3.84, "lrredundpairs": 0.7707, "humanprotein_id": 5530, "vphfpdID": "002548@1jj4_A.8"}, {"lrredund": 3.124, "lrpepelmv": -1.0, "hphfpdID": "014805", "pdbset": null, "lrpepxh": -1.0, "finallr": 198.0312, "lrpepelmh": -1.0, "template": "3bkt:BA(0.58,0.56,59/73,41,46)", "viralprotein_id": 15404, "lrsm": 63.3903, "id": 49171805, "lrpepxv": -1.0, "lrredundpairs": 1.373, "humanprotein_id": 5727, "vphfpdID": "002548@2ayg_A.5"}, {"lrredund": 1.7092, "lrpepelmv": -1.0, "hphfpdID": "015413", "pdbset": null, "lrpepxh": -1.0, "finallr": 114.1503, "lrpepelmh": -1.0, "template": "3bkt:BA(0.51,0.39,59/73,42,49)", "viralprotein_id": 15404, "lrsm": 66.7858, "id": 49172125, "lrpepxv": -1.0, "lrredundpairs": 1.1877, "humanprotein_id": 19527, "vphfpdID": "002548@2q79_A.10"}, {"lrredund": 2.409, "lrpepelmv": -1.0, "hphfpdID": "013601.e563_685", "pdbset": null, "lrpepxh": 3.51, "finallr": 150.1047, "lrpepelmh": -1.0, "template": "1xk8:BF(0.32,0.51,10/12,6,1)", "viralprotein_id": 15404, "lrsm": 1.3385, "id": 49172156, "lrpepxv": 62.31, "lrredundpairs": 0.7707, "humanprotein_id": 3057, "vphfpdID": "002548@1jj4_A.8"}, {"lrredund": 2.3588, "lrpepelmv": -1.0, "hphfpdID": "001757.d57_164", "pdbset": null, "lrpepxh": -1.0, "finallr": 134.2157, "lrpepelmh": -1.0, "template": "1x90:BA(0.57,0.52,41/74,15,15)", "viralprotein_id": 15404, "lrsm": 1.1641, "id": 49172418, "lrpepxv": 56.9, "lrredundpairs": 1.7092, "humanprotein_id": 1873, "vphfpdID": "002548.e1_198@2nnu_A.2"}, {"lrredund": 21.3884, "lrpepelmv": 14.9984, "hphfpdID": "001060.e180_274", "pdbset": null, "lrpepxh": 5.22, "finallr": 320.7909, "lrpepelmh": -1.0, "template": "2lk6:BA(0.35,0.33,138/154,29,20)", "viralprotein_id": 15404, "lrsm": 4.0761, "id": 49172525, "lrpepxv": -1.0, "lrredundpairs": 0.7707, "humanprotein_id": 17652, "vphfpdID": "002548.e299_378@2q79_A.6"}, {"lrredund": -1.0, "lrpepelmv": -1.0, "hphfpdID": "006487", "pdbset": null, "lrpepxh": 56.9, "finallr": 100.9406, "lrpepelmh": -1.0, "template": "", "viralprotein_id": 15404, "lrsm": -1.0, "id": 49172599, "lrpepxv": 2.59, "lrredundpairs": 1.774, "humanprotein_id": 13829, "vphfpdID": "002548@1zzf_A.9"}, {"lrredund": -1.0, "lrpepelmv": -1.0, "hphfpdID": "006345.e253_393", "pdbset": null, "lrpepxh": 56.9, "finallr": 100.9406, "lrpepelmh": -1.0, "template": "", "viralprotein_id": 15404, "lrsm": -1.0, "id": 49172990, "lrpepxv": -1.0, "lrredundpairs": 1.774, "humanprotein_id": 19434, "vphfpdID": "002548@1zzf_A.9"}, {"lrredund": 2.3588, "lrpepelmv": -1.0, "hphfpdID": "017834", "pdbset": null, "lrpepxh": -1.0, "finallr": 146.9768, "lrpepelmh": -1.0, "template": "1tnr:RA(0.48,0.12,5/66,6,2)", "viralprotein_id": 15404, "lrsm": 1.8315, "id": 49173023, "lrpepxv": 62.31, "lrredundpairs": 1.1877, "humanprotein_id": 5361, "vphfpdID": "002548.e1_198@1r6n_A.1"}, {"lrredund": 20.9141, "lrpepelmv": -1.0, "hphfpdID": "010507.e200_298", "pdbset": null, "lrpepxh": 56.9, "finallr": 1190.012, "lrpepelmh": -1.0, "template": "4dx9:OK(0.30,0.09,42/72,14,7)", "viralprotein_id": 15404, "lrsm": 5.4987, "id": 49173071, "lrpepxv": -1.0, "lrredundpairs": 15.8699, "humanprotein_id": 4475, "vphfpdID": "002548.e299_378@2q79_A.6"}, {"lrredund": -1.0, "lrpepelmv": -1.0, "hphfpdID": "013145", "pdbset": null, "lrpepxh": 56.9, "finallr": 137.6012, "lrpepelmh": -1.0, "template": "", "viralprotein_id": 15404, "lrsm": -1.0, "id": 49173313, "lrpepxv": -1.0, "lrredundpairs": 2.4183, "humanprotein_id": 19064, "vphfpdID": "002548@1zzf_A.9"}, {"lrredund": 1.7951, "lrpepelmv": -1.0, "hphfpdID": "004788.e120_253", "pdbset": null, "lrpepxh": 56.9, "finallr": 102.1411, "lrpepelmh": -1.0, "template": "1xxc:CB(0.25,0.32,52/57,29,38)", "viralprotein_id": 15404, "lrsm": 4.804, "id": 49173326, "lrpepxv": -1.0, "lrredundpairs": 1.7951, "humanprotein_id": 15608, "vphfpdID": "002548.e299_378@2q79_A.6"}, {"lrredund": 20.9141, "lrpepelmv": 6.0558, "hphfpdID": "002673.d6_152", "pdbset": null, "lrpepxh": -1.0, "finallr": 126.6506, "lrpepelmh": -1.0, "template": "1kaf:DA(0.35,0.53,33/33,21,30)", "viralprotein_id": 15404, "lrsm": 2.6756, "id": 49173332, "lrpepxv": -1.0, "lrredundpairs": 1.5513, "humanprotein_id": 4427, "vphfpdID": "002548@1jj4_A.8"}, {"lrredund": 20.9141, "lrpepelmv": 201.9336, "hphfpdID": "000006", "pdbset": null, "lrpepxh": -1.0, "finallr": 4223.26, "lrpepelmh": -1.0, "template": "1gn4:CA(0.54,0.44,40/215,21,16)", "viralprotein_id": 15404, "lrsm": 1.5568, "id": 49173983, "lrpepxv": -1.0, "lrredundpairs": 1.1877, "humanprotein_id": 4514, "vphfpdID": "002548@2q79_A.10"}, {"lrredund": 1.7092, "lrpepelmv": -1.0, "hphfpdID": "005198.e177_320", "pdbset": null, "lrpepxh": -1.0, "finallr": 108.3466, "lrpepelmh": -1.0, "template": "2gj2:CA(0.55,0.49,57/69,41,49)", "viralprotein_id": 15404, "lrsm": 63.3903, "id": 49174003, "lrpepxv": 3.66, "lrredundpairs": 1.5513, "humanprotein_id": 2161, "vphfpdID": "002548@2ayg_A.5"}, {"lrredund": 3.7695, "lrpepelmv": -1.0, "hphfpdID": "016469.e1_143", "pdbset": null, "lrpepxh": -1.0, "finallr": 251.7492, "lrpepelmh": -1.0, "template": "3bku:BA(0.54,0.45,59/71,41,51)", "viralprotein_id": 15404, "lrsm": 66.7858, "id": 49174014, "lrpepxv": -1.0, "lrredundpairs": 1.5513, "humanprotein_id": 13850, "vphfpdID": "002548@2q79_A.10"}, {"lrredund": 1.7951, "lrpepelmv": -1.0, "hphfpdID": "006359", "pdbset": null, "lrpepxh": 56.9, "finallr": 102.1411, "lrpepelmh": -1.0, "template": "3kvp:EB(0.48,0.11,55/67,21,6)", "viralprotein_id": 15404, "lrsm": 4.804, "id": 49174176, "lrpepxv": -1.0, "lrredundpairs": 1.373, "humanprotein_id": 13663, "vphfpdID": "002548@2ayg_A.5"}, {"lrredund": 20.9141, "lrpepelmv": 8.6827, "hphfpdID": "004076.d108_222", "pdbset": null, "lrpepxh": -1.0, "finallr": 181.5912, "lrpepelmh": -1.0, "template": "1g1x:AC(0.49,0.47,29/80,21,18)", "viralprotein_id": 15404, "lrsm": 1.5568, "id": 49174320, "lrpepxv": -1.0, "lrredundpairs": -1.0, "humanprotein_id": 4894, "vphfpdID": "002548@2q79_A.10"}, {"lrredund": 1.7951, "lrpepelmv": 11.7156, "hphfpdID": "013854.e197_321", "pdbset": null, "lrpepxh": 56.9, "finallr": 102.1411, "lrpepelmh": -1.0, "template": "4axi:AB(0.60,0.49,83/407,47,61)", "viralprotein_id": 15404, "lrsm": 3.6164, "id": 49174330, "lrpepxv": -1.0, "lrredundpairs": 0.7707, "humanprotein_id": 4594, "vphfpdID": "002548@2ayg_A.5"}, {"lrredund": 20.9141, "lrpepelmv": 14.9984, "hphfpdID": "016466.e85_146", "pdbset": null, "lrpepxh": -1.0, "finallr": 313.6772, "lrpepelmh": -1.0, "template": "2lk5:AB(0.59,0.43,121/132,20,5)", "viralprotein_id": 15404, "lrsm": 4.7738, "id": 49174353, "lrpepxv": 2.59, "lrredundpairs": 20.9141, "humanprotein_id": 3727, "vphfpdID": "002548.e1_198@2nnu_A.2"}, {"lrredund": 3.7695, "lrpepelmv": -1.0, "hphfpdID": "013808.d452_531", "pdbset": null, "lrpepxh": 2.59, "finallr": 128.2794, "lrpepelmh": -1.0, "template": "2aye:DC(0.04,0.48,60/140,41,55)", "viralprotein_id": 15404, "lrsm": 34.0309, "id": 49174387, "lrpepxv": -1.0, "lrredundpairs": 1.5513, "humanprotein_id": 18910, "vphfpdID": "002548@2ayg_A.5"}, {"lrredund": -1.0, "lrpepelmv": -1.0, "hphfpdID": "001761", "pdbset": null, "lrpepxh": -1.0, "finallr": 116.0459, "lrpepelmh": -1.0, "template": "", "viralprotein_id": 15404, "lrsm": -1.0, "id": 49174715, "lrpepxv": 84.52, "lrredundpairs": 1.373, "humanprotein_id": 8809, "vphfpdID": "002548@1r6n_A.1"}, {"lrredund": -1.0, "lrpepelmv": -1.0, "hphfpdID": "013155.e798_954", "pdbset": null, "lrpepxh": 41.95, "finallr": 101.4476, "lrpepelmh": -1.0, "template": "", "viralprotein_id": 15404, "lrsm": -1.0, "id": 49175322, "lrpepxv": -1.0, "lrredundpairs": 2.4183, "humanprotein_id": 11629, "vphfpdID": "002548@1zzf_A.9"}, {"lrredund": -1.0, "lrpepelmv": -1.0, "hphfpdID": "005964.e913_1054", "pdbset": null, "lrpepxh": 56.9, "finallr": 135.2399, "lrpepelmh": -1.0, "template": "", "viralprotein_id": 15404, "lrsm": -1.0, "id": 49175504, "lrpepxv": -1.0, "lrredundpairs": 2.3768, "humanprotein_id": 2313, "vphfpdID": "002548@1zzf_A.9"}, {"lrredund": 20.9141, "lrpepelmv": -1.0, "hphfpdID": "006178.e1085_1174", "pdbset": null, "lrpepxh": 3.66, "finallr": 225.7435, "lrpepelmh": -1.0, "template": "2j8u:LM(0.53,0.36,60/233,41,52)", "viralprotein_id": 15404, "lrsm": 10.7938, "id": 49175536, "lrpepxv": -1.0, "lrredundpairs": 20.9141, "humanprotein_id": 2856, "vphfpdID": "002548.e299_378@2q79_A.6"}, {"lrredund": 20.9141, "lrpepelmv": -1.0, "hphfpdID": "007725.d40_193", "pdbset": null, "lrpepxh": -1.0, "finallr": 111.3247, "lrpepelmh": -1.0, "template": "1si9:CA(0.34,0.59,130/205,42,34)", "viralprotein_id": 15404, "lrsm": 5.323, "id": 49175545, "lrpepxv": -1.0, "lrredundpairs": 0.7707, "humanprotein_id": 3138, "vphfpdID": "002548@1jj4_A.8"}, {"lrredund": 20.9141, "lrpepelmv": -1.0, "hphfpdID": "000172.d132_188", "pdbset": null, "lrpepxh": -1.0, "finallr": 177.6693, "lrpepelmh": -1.0, "template": "2ko1:AB(0.55,0.39,126/156,41,61)", "viralprotein_id": 15404, "lrsm": 8.4952, "id": 49176057, "lrpepxv": -1.0, "lrredundpairs": 0.7707, "humanprotein_id": 2981, "vphfpdID": "002548@1jj4_A.8"}, {"lrredund": 3.7695, "lrpepelmv": -1.0, "hphfpdID": "006431.d230_290", "pdbset": null, "lrpepxh": -1.0, "finallr": 173.3074, "lrpepelmh": -1.0, "template": "4l3k:BA(0.20,0.18,92/101,43,77)", "viralprotein_id": 15404, "lrsm": 45.9762, "id": 49176088, "lrpepxv": -1.0, "lrredundpairs": -1.0, "humanprotein_id": 5618, "vphfpdID": "002548@2ayg_A.5"}, {"lrredund": 3.124, "lrpepelmv": 201.9336, "hphfpdID": "000003", "pdbset": null, "lrpepxh": -1.0, "finallr": 630.8407, "lrpepelmh": -1.0, "template": "", "viralprotein_id": 15404, "lrsm": -1.0, "id": 49176272, "lrpepxv": -1.0, "lrredundpairs": 1.1877, "humanprotein_id": 6857, "vphfpdID": "002548@1zzf_A.9"}, {"lrredund": -1.0, "lrpepelmv": 6.0558, "hphfpdID": "001027.e187_509", "pdbset": null, "lrpepxh": 56.9, "finallr": 100.9406, "lrpepelmh": -1.0, "template": "", "viralprotein_id": 15404, "lrsm": -1.0, "id": 49176396, "lrpepxv": -1.0, "lrredundpairs": 1.774, "humanprotein_id": 4960, "vphfpdID": "002548@1zzf_A.9"}, {"lrredund": -1.0, "lrpepelmv": -1.0, "hphfpdID": "013148.d655_748", "pdbset": null, "lrpepxh": 56.9, "finallr": 101.3502, "lrpepelmh": -1.0, "template": "", "viralprotein_id": 15404, "lrsm": -1.0, "id": 49176442, "lrpepxv": -1.0, "lrredundpairs": 1.7812, "humanprotein_id": 11101, "vphfpdID": "002548@1zzf_A.9"}, {"lrredund": 21.3884, "lrpepelmv": -1.0, "hphfpdID": "016859.d83_144", "pdbset": null, "lrpepxh": -1.0, "finallr": 102.3562, "lrpepelmh": -1.0, "template": "2lk6:AB(0.35,0.60,122/154,18,4)", "viralprotein_id": 15404, "lrsm": 4.7856, "id": 49176779, "lrpepxv": -1.0, "lrredundpairs": 0.7707, "humanprotein_id": 4494, "vphfpdID": "002548.e299_378@2q79_A.6"}, {"lrredund": 1.7951, "lrpepelmv": -1.0, "hphfpdID": "001061.e1505_1597", "pdbset": null, "lrpepxh": -1.0, "finallr": 102.1411, "lrpepelmh": -1.0, "template": "1n5z:BA(0.46,0.13,42/96,21,16)", "viralprotein_id": 15404, "lrsm": 3.1219, "id": 49176783, "lrpepxv": 56.9, "lrredundpairs": 1.1877, "humanprotein_id": 7111, "vphfpdID": "002548.e1_198@2nnu_A.2"}, {"lrredund": 20.9141, "lrpepelmv": 6.0558, "hphfpdID": "007227.d88_247", "pdbset": null, "lrpepxh": -1.0, "finallr": 126.6506, "lrpepelmh": -1.0, "template": "4kgs:BA(0.50,0.50,42/48,8,5)", "viralprotein_id": 15404, "lrsm": 1.3385, "id": 49177172, "lrpepxv": -1.0, "lrredundpairs": 20.9141, "humanprotein_id": 5539, "vphfpdID": "002548.e1_198@1r6n_A.1"}, {"lrredund": 3.124, "lrpepelmv": 6.0558, "hphfpdID": "016486.d81_222", "pdbset": null, "lrpepxh": -1.0, "finallr": 194.6564, "lrpepelmh": -1.0, "template": "1l1c:BA(0.44,0.42,109/127,20,14)", "viralprotein_id": 15404, "lrsm": 2.0531, "id": 49177752, "lrpepxv": 62.31, "lrredundpairs": 3.124, "humanprotein_id": 6479, "vphfpdID": "002548.e1_198@2nnu_A.2"}, {"lrredund": 4.2492, "lrpepelmv": 6.0558, "hphfpdID": "001026.e521_689", "pdbset": null, "lrpepxh": 56.9, "finallr": 241.7794, "lrpepelmh": -1.0, "template": "1xxb:CB(0.43,0.31,48/59,21,28)", "viralprotein_id": 15404, "lrsm": 3.1848, "id": 49177945, "lrpepxv": -1.0, "lrredundpairs": 4.0064, "humanprotein_id": 4437, "vphfpdID": "002548.e299_378@2q79_A.6"}, {"lrredund": 1.7951, "lrpepelmv": -1.0, "hphfpdID": "004626", "pdbset": null, "lrpepxh": -1.0, "finallr": 111.8526, "lrpepelmh": -1.0, "template": "", "viralprotein_id": 15404, "lrsm": -1.0, "id": 49178032, "lrpepxv": 62.31, "lrredundpairs": -1.0, "humanprotein_id": 1798, "vphfpdID": "002548@2nnu_A.2"}, {"lrredund": 1.7951, "lrpepelmv": -1.0, "hphfpdID": "005521.d1_109", "pdbset": null, "lrpepxh": -1.0, "finallr": 111.8526, "lrpepelmh": -1.0, "template": "5cro:CB(0.50,0.26,18/18,2,0)", "viralprotein_id": 15404, "lrsm": 1.5932, "id": 49178057, "lrpepxv": 62.31, "lrredundpairs": -1.0, "humanprotein_id": 18750, "vphfpdID": "002548.e1_198@2nnu_A.2"}, {"lrredund": 3.124, "lrpepelmv": -1.0, "hphfpdID": "016871", "pdbset": null, "lrpepxh": -1.0, "finallr": 194.6564, "lrpepelmh": -1.0, "template": "", "viralprotein_id": 15404, "lrsm": -1.0, "id": 49178073, "lrpepxv": 62.31, "lrredundpairs": -1.0, "humanprotein_id": 11203, "vphfpdID": "002548@1zzf_A.9"}, {"lrredund": 20.9141, "lrpepelmv": -1.0, "hphfpdID": "005567.d200_296", "pdbset": null, "lrpepxh": 41.95, "finallr": 877.3464, "lrpepelmh": -1.0, "template": "3kvp:BF(0.41,0.23,55/67,21,11)", "viralprotein_id": 15404, "lrsm": 3.1848, "id": 49178149, "lrpepxv": -1.0, "lrredundpairs": 19.2898, "humanprotein_id": 3874, "vphfpdID": "002548.e299_378@2q79_A.6"}, {"lrredund": 1.7951, "lrpepelmv": -1.0, "hphfpdID": "004631.d270_320", "pdbset": null, "lrpepxh": -1.0, "finallr": 111.8526, "lrpepelmh": -1.0, "template": "2kfk:AB(0.60,0.60,112/118,21,9)", "viralprotein_id": 15404, "lrsm": 2.3512, "id": 49178243, "lrpepxv": 62.31, "lrredundpairs": -1.0, "humanprotein_id": 15925, "vphfpdID": "002548.e1_198@2nnu_A.2"}, {"lrredund": 3.124, "lrpepelmv": -1.0, "hphfpdID": "004299.e1_171", "pdbset": null, "lrpepxh": 56.9, "finallr": 177.7556, "lrpepelmh": -1.0, "template": "4axi:AB(0.60,0.54,84/407,41,45)", "viralprotein_id": 15404, "lrsm": 3.6164, "id": 49178330, "lrpepxv": 3.84, "lrredundpairs": 1.1877, "humanprotein_id": 6607, "vphfpdID": "002548@2ayg_A.5"}, {"lrredund": 20.9141, "lrpepelmv": 201.9336, "hphfpdID": "000007", "pdbset": null, "lrpepxh": -1.0, "finallr": 4223.26, "lrpepelmh": -1.0, "template": "1ids:BD(0.54,0.60,45/220,23,17)", "viralprotein_id": 15404, "lrsm": 1.4777, "id": 49178382, "lrpepxv": -1.0, "lrredundpairs": 0.7707, "humanprotein_id": 6393, "vphfpdID": "002548@2q79_A.10"}, {"lrredund": -1.0, "lrpepelmv": -1.0, "hphfpdID": "006350.d179_299", "pdbset": null, "lrpepxh": 56.9, "finallr": 135.2399, "lrpepelmh": -1.0, "template": "", "viralprotein_id": 15404, "lrsm": -1.0, "id": 49178493, "lrpepxv": -1.0, "lrredundpairs": 2.3768, "humanprotein_id": 10641, "vphfpdID": "002548@1zzf_A.9"}, {"lrredund": 21.3884, "lrpepelmv": -1.0, "hphfpdID": "009492.e120_224", "pdbset": null, "lrpepxh": 3.66, "finallr": 107.5723, "lrpepelmh": -1.0, "template": "2lk6:AB(0.44,0.56,127/154,19,18)", "viralprotein_id": 15404, "lrsm": 5.0295, "id": 49178646, "lrpepxv": -1.0, "lrredundpairs": 0.7707, "humanprotein_id": 13229, "vphfpdID": "002548@2ayg_A.5"}, {"lrredund": 1.7951, "lrpepelmv": 0.0, "hphfpdID": "005999.e835_927", "pdbset": null, "lrpepxh": -1.0, "finallr": 111.8526, "lrpepelmh": -1.0, "template": "2kfk:AB(0.60,0.54,103/118,16,7)", "viralprotein_id": 15404, "lrsm": 1.9487, "id": 49178786, "lrpepxv": 62.31, "lrredundpairs": -1.0, "humanprotein_id": 11443, "vphfpdID": "002548.e1_198@2nnu_A.2"}, {"lrredund": 21.3884, "lrpepelmv": 9.3373, "hphfpdID": "001349.d2679_3055", "pdbset": null, "lrpepxh": -1.0, "finallr": 199.7102, "lrpepelmh": -1.0, "template": "1l1c:BA(0.44,0.44,113/127,19,9)", "viralprotein_id": 15404, "lrsm": 2.0531, "id": 49178819, "lrpepxv": 4.96, "lrredundpairs": 0.7707, "humanprotein_id": 7312, "vphfpdID": "002548.e1_198@2nnu_A.2"}, {"lrredund": 4.0064, "lrpepelmv": 201.9336, "hphfpdID": "000001", "pdbset": null, "lrpepxh": -1.0, "finallr": 809.027, "lrpepelmh": -1.0, "template": "", "viralprotein_id": 15404, "lrsm": -1.0, "id": 49178850, "lrpepxv": -1.0, "lrredundpairs": 0.7707, "humanprotein_id": 4793, "vphfpdID": "002548@2ayg_A.5"}, {"lrredund": 4.0064, "lrpepelmv": 201.9336, "hphfpdID": "000004", "pdbset": null, "lrpepxh": -1.0, "finallr": 809.027, "lrpepelmh": -1.0, "template": "4b3r:FO(0.54,0.58,1/1,1,0)", "viralprotein_id": 15404, "lrsm": 1.2704, "id": 49178929, "lrpepxv": -1.0, "lrredundpairs": 0.7707, "humanprotein_id": 6298, "vphfpdID": "002548@2q79_A.10"}, {"lrredund": 1.7951, "lrpepelmv": 14.9984, "hphfpdID": "017252.e7_179", "pdbset": null, "lrpepxh": 56.9, "finallr": 102.1411, "lrpepelmh": -1.0, "template": "2lk5:BA(0.48,0.56,121/132,26,38)", "viralprotein_id": 15404, "lrsm": 3.2502, "id": 49179243, "lrpepxv": 5.43, "lrredundpairs": 1.5513, "humanprotein_id": 5182, "vphfpdID": "002548@1jj4_A.8"}, {"lrredund": 20.9141, "lrpepelmv": 15.0122, "hphfpdID": "008378.g106_302", "pdbset": null, "lrpepxh": -1.0, "finallr": 313.9658, "lrpepelmh": -1.0, "template": "1l1c:BA(0.44,0.27,111/127,8,0)", "viralprotein_id": 15404, "lrsm": 2.4439, "id": 49179351, "lrpepxv": 3.51, "lrredundpairs": 0.7707, "humanprotein_id": 3758, "vphfpdID": "002548.e1_198@2nnu_A.2"}, {"lrredund": 3.124, "lrpepelmv": -1.0, "hphfpdID": "016506.d108_178", "pdbset": null, "lrpepxh": -1.0, "finallr": 106.3125, "lrpepelmh": -1.0, "template": "2aye:CD(0.04,0.50,60/140,42,55)", "viralprotein_id": 15404, "lrsm": 34.0309, "id": 49179655, "lrpepxv": -1.0, "lrredundpairs": 1.373, "humanprotein_id": 7289, "vphfpdID": "002548@2ayg_A.5"}, {"lrredund": 3.124, "lrpepelmv": 201.9336, "hphfpdID": "000005", "pdbset": null, "lrpepxh": -1.0, "finallr": 630.8407, "lrpepelmh": -1.0, "template": "1x90:BA(0.57,0.52,38/74,12,4)", "viralprotein_id": 15404, "lrsm": 1.1641, "id": 49179921, "lrpepxv": -1.0, "lrredundpairs": 2.409, "humanprotein_id": 4794, "vphfpdID": "002548.e1_198@2nnu_A.2"}, {"lrredund": 20.9141, "lrpepelmv": -1.0, "hphfpdID": "017281.e1_108", "pdbset": null, "lrpepxh": -1.0, "finallr": 105.1868, "lrpepelmh": -1.0, "template": "2lk5:AB(0.59,0.37,124/132,17,5)", "viralprotein_id": 15404, "lrsm": 5.0295, "id": 49180427, "lrpepxv": -1.0, "lrredundpairs": -1.0, "humanprotein_id": 5906, "vphfpdID": "002548.e1_198@2nnu_A.2"}, {"lrredund": 20.9141, "lrpepelmv": -1.0, "hphfpdID": "018800.d596_685", "pdbset": null, "lrpepxh": 3.66, "finallr": 225.7435, "lrpepelmh": -1.0, "template": "1rzi:FE(0.44,0.51,55/172,41,47)", "viralprotein_id": 15404, "lrsm": 10.7938, "id": 49180429, "lrpepxv": -1.0, "lrredundpairs": 0.7707, "humanprotein_id": 4109, "vphfpdID": "002548.e299_378@2q79_A.6"}, {"lrredund": 20.9141, "lrpepelmv": -1.0, "hphfpdID": "011519.e1_119", "pdbset": null, "lrpepxh": -1.0, "finallr": 385.0952, "lrpepelmh": -1.0, "template": "2p1b:CB(0.54,0.01,110/125,41,48)", "viralprotein_id": 15404, "lrsm": 18.4132, "id": 49180568, "lrpepxv": -1.0, "lrredundpairs": -1.0, "humanprotein_id": 3074, "vphfpdID": "002548@1jj4_A.8"}, {"lrredund": 3.124, "lrpepelmv": -1.0, "hphfpdID": "018447", "pdbset": null, "lrpepxh": -1.0, "finallr": 194.6564, "lrpepelmh": -1.0, "template": "", "viralprotein_id": 15404, "lrsm": -1.0, "id": 49180579, "lrpepxv": 62.31, "lrredundpairs": 1.774, "humanprotein_id": 4481, "vphfpdID": "002548@1zzf_A.9"}, {"lrredund": 21.3884, "lrpepelmv": -1.0, "hphfpdID": "009491.e318_418", "pdbset": null, "lrpepxh": 3.66, "finallr": 116.3786, "lrpepelmh": -1.0, "template": "1iuj:BA(0.29,0.47,90/188,42,53)", "viralprotein_id": 15404, "lrsm": 5.4412, "id": 49180742, "lrpepxv": -1.0, "lrredundpairs": -1.0, "humanprotein_id": 12198, "vphfpdID": "002548@2q79_A.10"}, {"lrredund": 1.7092, "lrpepelmv": -1.0, "hphfpdID": "016202.d439_545", "pdbset": null, "lrpepxh": -1.0, "finallr": 106.5002, "lrpepelmh": -1.0, "template": "3kvp:FB(0.50,0.20,58/67,32,40)", "viralprotein_id": 15404, "lrsm": 3.1848, "id": 49181221, "lrpepxv": 62.31, "lrredundpairs": -1.0, "humanprotein_id": 6964, "vphfpdID": "002548@1jj4_A.8"}, {"lrredund": 1.7951, "lrpepelmv": -1.0, "hphfpdID": "001022.e1136_1262", "pdbset": null, "lrpepxh": 56.9, "finallr": 102.1411, "lrpepelmh": -1.0, "template": "1zzf:BA(0.15,0.18,54/126,21,19)", "viralprotein_id": 15404, "lrsm": 7.7952, "id": 49181347, "lrpepxv": -1.0, "lrredundpairs": 0.7707, "humanprotein_id": 15209, "vphfpdID": "002548.e299_378@2q79_A.6"}, {"lrredund": 1.7951, "lrpepelmv": 14.9984, "hphfpdID": "001183.e268_431", "pdbset": null, "lrpepxh": 56.9, "finallr": 102.1411, "lrpepelmh": -1.0, "template": "2py9:DC(0.34,0.25,53/64,24,15)", "viralprotein_id": 15404, "lrsm": 4.804, "id": 49181386, "lrpepxv": -1.0, "lrredundpairs": -1.0, "humanprotein_id": 19041, "vphfpdID": "002548@2q79_A.10"}, {"lrredund": 1.7951, "lrpepelmv": -1.0, "hphfpdID": "012780", "pdbset": null, "lrpepxh": -1.0, "finallr": 111.8526, "lrpepelmh": -1.0, "template": "", "viralprotein_id": 15404, "lrsm": -1.0, "id": 49181548, "lrpepxv": 62.31, "lrredundpairs": -1.0, "humanprotein_id": 6995, "vphfpdID": "002548.e1_198@2nnu_A.2"}, {"lrredund": 4.0064, "lrpepelmv": -1.0, "hphfpdID": "007653.d340_411", "pdbset": null, "lrpepxh": -1.0, "finallr": 340.4334, "lrpepelmh": -1.0, "template": "2aye:FE(0.01,0.36,58/142,43,50)", "viralprotein_id": 15404, "lrsm": 84.9724, "id": 49181596, "lrpepxv": -1.0, "lrredundpairs": -1.0, "humanprotein_id": 1499, "vphfpdID": "002548@2ayg_A.5"}, {"lrredund": 3.7695, "lrpepelmv": -1.0, "hphfpdID": "014214", "pdbset": null, "lrpepxh": -1.0, "finallr": 251.7492, "lrpepelmh": -1.0, "template": "3bku:BA(0.54,0.46,59/71,42,51)", "viralprotein_id": 15404, "lrsm": 66.7858, "id": 49181809, "lrpepxv": -1.0, "lrredundpairs": 1.5513, "humanprotein_id": 19791, "vphfpdID": "002548@2q79_A.10"}, {"lrredund": 20.9141, "lrpepelmv": 14.9984, "hphfpdID": "007144.e151_217", "pdbset": null, "lrpepxh": 5.22, "finallr": 313.6772, "lrpepelmh": -1.0, "template": "2znz:BA(0.36,0.59,82/359,47,68)", "viralprotein_id": 15404, "lrsm": 3.8101, "id": 49182187, "lrpepxv": -1.0, "lrredundpairs": 1.373, "humanprotein_id": 6385, "vphfpdID": "002548@2ayg_A.5"}, {"lrredund": 20.9141, "lrpepelmv": -1.0, "hphfpdID": "005158.d742_909", "pdbset": null, "lrpepxh": 5.22, "finallr": 109.1716, "lrpepelmh": -1.0, "template": "1yzh:BA(0.27,0.49,62/72,25,15)", "viralprotein_id": 15404, "lrsm": 2.9486, "id": 49182275, "lrpepxv": -1.0, "lrredundpairs": 20.9141, "humanprotein_id": 2711, "vphfpdID": "002548.e299_378@2q79_A.6"}, {"lrredund": 20.9141, "lrpepelmv": -1.0, "hphfpdID": "017454.e64_147", "pdbset": null, "lrpepxh": -1.0, "finallr": 145.9733, "lrpepelmh": -1.0, "template": "2h0d:AB(0.29,0.08,34/204,23,28)", "viralprotein_id": 15404, "lrsm": 6.9797, "id": 49182510, "lrpepxv": -1.0, "lrredundpairs": -1.0, "humanprotein_id": 7296, "vphfpdID": "002548@2q79_A.10"}, {"lrredund": 20.9141, "lrpepelmv": -1.0, "hphfpdID": "018501.e80_165", "pdbset": null, "lrpepxh": 2.59, "finallr": 113.7978, "lrpepelmh": -1.0, "template": "3w1y:CA(0.39,0.38,72/104,47,57)", "viralprotein_id": 15404, "lrsm": 5.4412, "id": 49182992, "lrpepxv": -1.0, "lrredundpairs": 1.5513, "humanprotein_id": 1286, "vphfpdID": "002548@2q79_A.10"}, {"lrredund": 3.124, "lrpepelmv": 14.9984, "hphfpdID": "018796", "pdbset": null, "lrpepxh": 41.95, "finallr": 131.0518, "lrpepelmh": -1.0, "template": "", "viralprotein_id": 15404, "lrsm": -1.0, "id": 49183225, "lrpepxv": 2.59, "lrredundpairs": 0.7707, "humanprotein_id": 3885, "vphfpdID": "002548@1zzf_A.9"}, {"lrredund": 21.3884, "lrpepelmv": -1.0, "hphfpdID": "002626", "pdbset": null, "lrpepxh": -1.0, "finallr": 117.6084, "lrpepelmh": -1.0, "template": "2j4w:DL(0.33,0.06,18/38,6,2)", "viralprotein_id": 15404, "lrsm": 5.4987, "id": 49183357, "lrpepxv": 5.43, "lrredundpairs": 15.8699, "humanprotein_id": 2804, "vphfpdID": "002548.e1_198@2nnu_A.2"}, {"lrredund": 3.124, "lrpepelmv": -1.0, "hphfpdID": "007652.d241_325", "pdbset": null, "lrpepxh": -1.0, "finallr": 198.0312, "lrpepelmh": -1.0, "template": "1q5y:AB(0.55,0.50,60/74,43,53)", "viralprotein_id": 15404, "lrsm": 63.3903, "id": 49183706, "lrpepxv": -1.0, "lrredundpairs": -1.0, "humanprotein_id": 1773, "vphfpdID": "002548@2q79_A.10"}, {"lrredund": 1.7951, "lrpepelmv": -1.0, "hphfpdID": "016139.e119_259", "pdbset": null, "lrpepxh": 56.9, "finallr": 102.1411, "lrpepelmh": -1.0, "template": "1f9f:BA(0.05,0.33,35/77,18,24)", "viralprotein_id": 15404, "lrsm": 5.4987, "id": 49183914, "lrpepxv": -1.0, "lrredundpairs": 1.5513, "humanprotein_id": 7822, "vphfpdID": "002548.e299_378@2q79_A.6"}, {"lrredund": 3.124, "lrpepelmv": -1.0, "hphfpdID": "014802.d99_178", "pdbset": null, "lrpepxh": -1.0, "finallr": 208.6389, "lrpepelmh": -1.0, "template": "3bku:CD(0.47,0.46,60/68,41,50)", "viralprotein_id": 15404, "lrsm": 66.7858, "id": 49183995, "lrpepxv": -1.0, "lrredundpairs": -1.0, "humanprotein_id": 7254, "vphfpdID": "002548@2q79_A.10"}, {"lrredund": -1.0, "lrpepelmv": -1.0, "hphfpdID": "014194.d35_152", "pdbset": null, "lrpepxh": -1.0, "finallr": 112.4543, "lrpepelmh": -1.0, "template": "2gj2:CA(0.55,0.48,56/69,41,48)", "viralprotein_id": 15404, "lrsm": 63.3903, "id": 49184009, "lrpepxv": -1.0, "lrredundpairs": 1.774, "humanprotein_id": 16658, "vphfpdID": "002548@2ayg_A.5"}, {"lrredund": 19.2898, "lrpepelmv": -1.0, "hphfpdID": "001452", "pdbset": null, "lrpepxh": -1.0, "finallr": 134.6362, "lrpepelmh": -1.0, "template": "1mh5:BA(0.25,0.14,60/160,32,36)", "viralprotein_id": 15404, "lrsm": 6.9797, "id": 49184372, "lrpepxv": -1.0, "lrredundpairs": 0.7707, "humanprotein_id": 6282, "vphfpdID": "002548@1jj4_A.8"}, {"lrredund": 20.9141, "lrpepelmv": -1.0, "hphfpdID": "005354.e1664_1728", "pdbset": null, "lrpepxh": 2.59, "finallr": 113.5635, "lrpepelmh": -1.0, "template": "1jj4:AB(0.04,0.33,28/74,17,25)", "viralprotein_id": 15404, "lrsm": 4.5731, "id": 49184559, "lrpepxv": 5.43, "lrredundpairs": -1.0, "humanprotein_id": 7033, "vphfpdID": "002548@1jj4_A.8"}, {"lrredund": 20.9141, "lrpepelmv": -1.0, "hphfpdID": "001154.e176_349", "pdbset": null, "lrpepxh": 3.66, "finallr": 113.5635, "lrpepelmh": -1.0, "template": "2jp1:BA(0.56,0.58,152/235,33,28)", "viralprotein_id": 15404, "lrsm": 2.5372, "id": 49184805, "lrpepxv": 5.43, "lrredundpairs": -1.0, "humanprotein_id": 4803, "vphfpdID": "002548@1jj4_A.8"}, {"lrredund": 1.7951, "lrpepelmv": 11.7156, "hphfpdID": "001067.d939_1081", "pdbset": null, "lrpepxh": -1.0, "finallr": 111.8526, "lrpepelmh": -1.0, "template": "3kvp:BC(0.49,0.24,1/1,1,0)", "viralprotein_id": 15404, "lrsm": 1.5932, "id": 49184855, "lrpepxv": 62.31, "lrredundpairs": 0.7707, "humanprotein_id": 1249, "vphfpdID": "002548.e1_198@1r6n_A.1"}, {"lrredund": 20.9141, "lrpepelmv": -1.0, "hphfpdID": "005209.d243_326", "pdbset": null, "lrpepxh": -1.0, "finallr": 385.0952, "lrpepelmh": -1.0, "template": "1f9f:CD(0.07,0.51,79/97,42,68)", "viralprotein_id": 15404, "lrsm": 18.4132, "id": 49184858, "lrpepxv": -1.0, "lrredundpairs": 1.5513, "humanprotein_id": 8007, "vphfpdID": "002548@2ayg_A.5"}, {"lrredund": 21.3884, "lrpepelmv": 6.0558, "hphfpdID": "018111", "pdbset": null, "lrpepxh": -1.0, "finallr": 129.5228, "lrpepelmh": -1.0, "template": "", "viralprotein_id": 15404, "lrsm": -1.0, "id": 49184960, "lrpepxv": 3.84, "lrredundpairs": 1.1877, "humanprotein_id": 15404, "vphfpdID": "002548@1r6n_A.1"}, {"lrredund": 20.9141, "lrpepelmv": 14.0438, "hphfpdID": "016615.d584_674", "pdbset": null, "lrpepxh": -1.0, "finallr": 293.7134, "lrpepelmh": -1.0, "template": "", "viralprotein_id": 15404, "lrsm": -1.0, "id": 49185098, "lrpepxv": 2.59, "lrredundpairs": -1.0, "humanprotein_id": 5095, "vphfpdID": "002548@1zzf_A.9"}, {"lrredund": 4.0064, "lrpepelmv": 14.0438, "hphfpdID": "015788", "pdbset": null, "lrpepxh": 41.95, "finallr": 168.0684, "lrpepelmh": -1.0, "template": "2pqu:DC(0.37,0.58,63/78,22,17)", "viralprotein_id": 15404, "lrsm": 2.4771, "id": 49185782, "lrpepxv": 5.43, "lrredundpairs": 0.7707, "humanprotein_id": 4609, "vphfpdID": "002548@1jj4_A.8"}, {"lrredund": 20.9141, "lrpepelmv": 6.0558, "hphfpdID": "003962.d133_182", "pdbset": null, "lrpepxh": -1.0, "finallr": 177.6693, "lrpepelmh": -1.0, "template": "2ko1:AB(0.55,0.37,128/156,42,56)", "viralprotein_id": 15404, "lrsm": 8.4952, "id": 49185817, "lrpepxv": 2.59, "lrredundpairs": 1.5513, "humanprotein_id": 6447, "vphfpdID": "002548@1jj4_A.8"}, {"lrredund": 3.124, "lrpepelmv": 6.0558, "hphfpdID": "009706", "pdbset": null, "lrpepxh": -1.0, "finallr": 177.7556, "lrpepelmh": -1.0, "template": "2yms:BD(0.32,0.27,36/56,11,5)", "viralprotein_id": 15404, "lrsm": 2.2022, "id": 49185824, "lrpepxv": 56.9, "lrredundpairs": 3.124, "humanprotein_id": 9068, "vphfpdID": "002548.e1_198@1dto_A.3"}, {"lrredund": 19.2898, "lrpepelmv": 4.1867, "hphfpdID": "001509.e1_53", "pdbset": null, "lrpepxh": -1.0, "finallr": 104.7436, "lrpepelmh": -1.0, "template": "", "viralprotein_id": 15404, "lrsm": -1.0, "id": 49186002, "lrpepxv": 5.43, "lrredundpairs": 1.5513, "humanprotein_id": 2598, "vphfpdID": "002548@2nnu_A.2"}, {"lrredund": -1.0, "lrpepelmv": -1.0, "hphfpdID": "001722.e33_283", "pdbset": null, "lrpepxh": -1.0, "finallr": 116.6671, "lrpepelmh": -1.0, "template": "2ayb:BA(0.03,0.35,60/137,42,53)", "viralprotein_id": 15404, "lrsm": 84.9724, "id": 49186340, "lrpepxv": 2.59, "lrredundpairs": 1.373, "humanprotein_id": 12579, "vphfpdID": "002548@2ayg_A.5"}, {"lrredund": 21.3884, "lrpepelmv": -1.0, "hphfpdID": "013899.d849_992", "pdbset": null, "lrpepxh": -1.0, "finallr": 393.8285, "lrpepelmh": -1.0, "template": "1jjh:BA(0.08,0.34,82/97,44,70)", "viralprotein_id": 15404, "lrsm": 18.4132, "id": 49186365, "lrpepxv": -1.0, "lrredundpairs": 1.1877, "humanprotein_id": 1240, "vphfpdID": "002548.e299_378@2q79_A.6"}, {"lrredund": 1.7092, "lrpepelmv": -1.0, "hphfpdID": "016500", "pdbset": null, "lrpepxh": -1.0, "finallr": 108.3466, "lrpepelmh": -1.0, "template": "1q5y:BA(0.57,0.54,60/74,41,48)", "viralprotein_id": 15404, "lrsm": 63.3903, "id": 49186376, "lrpepxv": -1.0, "lrredundpairs": 1.5513, "humanprotein_id": 2067, "vphfpdID": "002548@2q79_A.10"}, {"lrredund": 2.409, "lrpepelmv": -1.0, "hphfpdID": "008338.e203_334", "pdbset": null, "lrpepxh": 56.9, "finallr": 137.0721, "lrpepelmh": -1.0, "template": "4axi:BA(0.45,0.54,94/407,47,57)", "viralprotein_id": 15404, "lrsm": 3.8101, "id": 49186660, "lrpepxv": -1.0, "lrredundpairs": -1.0, "humanprotein_id": 1097, "vphfpdID": "002548@2q79_A.10"}, {"lrredund": 20.9141, "lrpepelmv": 7.4157, "hphfpdID": "005478.d350_517", "pdbset": null, "lrpepxh": -1.0, "finallr": 155.0917, "lrpepelmh": -1.0, "template": "4k0k:FO(0.59,0.56,2/2,3,2)", "viralprotein_id": 15403, "lrsm": 1.2704, "id": 14233835, "lrpepxv": -1.0, "lrredundpairs": -1.0, "humanprotein_id": 2880, "vphfpdID": "002547.e217_683@1r9w_A.4"}, {"lrredund": 21.3884, "lrpepelmv": 14.2424, "hphfpdID": "001751.e1_73", "pdbset": null, "lrpepxh": -1.0, "finallr": 304.6231, "lrpepelmh": -1.0, "template": "2cfx:DG(0.36,0.59,54/258,22,21)", "viralprotein_id": 15403, "lrsm": 1.5568, "id": 14234119, "lrpepxv": -1.0, "lrredundpairs": -1.0, "humanprotein_id": 5041, "vphfpdID": "002547.e217_683@1r9w_A.4"}, {"lrredund": 21.3884, "lrpepelmv": 29.6561, "hphfpdID": "008378.d303_352", "pdbset": null, "lrpepxh": -1.0, "finallr": 634.296, "lrpepelmh": -1.0, "template": "", "viralprotein_id": 15403, "lrsm": -1.0, "id": 14234515, "lrpepxv": -1.0, "lrredundpairs": -1.0, "humanprotein_id": 3758, "vphfpdID": "002547@2v9p_A.2"}, {"lrredund": 21.3884, "lrpepelmv": -1.0, "hphfpdID": "017454.e64_147", "pdbset": null, "lrpepxh": -1.0, "finallr": 107.5723, "lrpepelmh": -1.0, "template": "2lk6:BA(0.48,0.50,129/154,19,14)", "viralprotein_id": 15403, "lrsm": 5.0295, "id": 14234577, "lrpepxv": -1.0, "lrredundpairs": -1.0, "humanprotein_id": 7296, "vphfpdID": "002547.e217_683@1r9w_A.4"}, {"lrredund": 4.2492, "lrpepelmv": -1.0, "hphfpdID": "008899", "pdbset": null, "lrpepxh": -1.0, "finallr": 101.404, "lrpepelmh": -1.0, "template": "2orv:BA(0.38,0.00,133/214,57,60)", "viralprotein_id": 15403, "lrsm": 23.8643, "id": 14234891, "lrpepxv": -1.0, "lrredundpairs": -1.0, "humanprotein_id": 2925, "vphfpdID": "002547.e217_683@2v9p_A.2"}, {"lrredund": 15.8699, "lrpepelmv": 65.3909, "hphfpdID": "000002", "pdbset": null, "lrpepxh": -1.0, "finallr": 1037.746, "lrpepelmh": -1.0, "template": "", "viralprotein_id": 15403, "lrsm": -1.0, "id": 14235857, "lrpepxv": -1.0, "lrredundpairs": -1.0, "humanprotein_id": 6315, "vphfpdID": "002547@2v9p_A.2"}, {"lrredund": 21.3884, "lrpepelmv": -1.0, "hphfpdID": "006178.e1439_1542", "pdbset": null, "lrpepxh": -1.0, "finallr": 102.103, "lrpepelmh": -1.0, "template": "2lk6:BA(0.48,0.58,134/154,20,18)", "viralprotein_id": 15403, "lrsm": 4.7738, "id": 14236564, "lrpepxv": -1.0, "lrredundpairs": -1.0, "humanprotein_id": 2856, "vphfpdID": "002547.e217_683@1r9w_A.4"}, {"lrredund": 15.8699, "lrpepelmv": 8.6827, "hphfpdID": "004076.d589_668", "pdbset": null, "lrpepxh": -1.0, "finallr": 137.7938, "lrpepelmh": -1.0, "template": "2lrl:DA(0.59,0.39,26/53,9,2)", "viralprotein_id": 15403, "lrsm": 1.2265, "id": 14236841, "lrpepxv": -1.0, "lrredundpairs": -1.0, "humanprotein_id": 4894, "vphfpdID": "002547.e217_683@1r9w_A.4"}, {"lrredund": 21.3884, "lrpepelmv": 65.3909, "hphfpdID": "000007", "pdbset": null, "lrpepxh": -1.0, "finallr": 1398.606, "lrpepelmh": -1.0, "template": "", "viralprotein_id": 15403, "lrsm": -1.0, "id": 14237889, "lrpepxv": -1.0, "lrredundpairs": -1.0, "humanprotein_id": 6393, "vphfpdID": "002547@1tue_A.3"}, {"lrredund": 2.3254, "lrpepelmv": 65.3909, "hphfpdID": "000003", "pdbset": null, "lrpepxh": -1.0, "finallr": 152.0599, "lrpepelmh": -1.0, "template": "2lrk:DA(0.58,0.41,33/54,13,14)", "viralprotein_id": 15403, "lrsm": 1.2265, "id": 14237933, "lrpepxv": -1.0, "lrredundpairs": 0.7707, "humanprotein_id": 6857, "vphfpdID": "002547@1r9w_A.4"}, {"lrredund": 21.3884, "lrpepelmv": 9.3373, "hphfpdID": "001349.d2683_2962", "pdbset": null, "lrpepxh": -1.0, "finallr": 199.7102, "lrpepelmh": -1.0, "template": "", "viralprotein_id": 15403, "lrsm": -1.0, "id": 14238458, "lrpepxv": -1.0, "lrredundpairs": -1.0, "humanprotein_id": 7312, "vphfpdID": "002547@2v9p_A.2"}, {"lrredund": 19.2898, "lrpepelmv": 65.3909, "hphfpdID": "000006", "pdbset": null, "lrpepxh": -1.0, "finallr": 1261.376, "lrpepelmh": -1.0, "template": "2lrl:DA(0.59,0.40,26/53,8,2)", "viralprotein_id": 15403, "lrsm": 1.2265, "id": 14238476, "lrpepxv": -1.0, "lrredundpairs": 0.7707, "humanprotein_id": 4514, "vphfpdID": "002547.e217_683@1r9w_A.4"}, {"lrredund": 21.3884, "lrpepelmv": 14.0867, "hphfpdID": "016613.e316_567", "pdbset": null, "lrpepxh": -1.0, "finallr": 301.2919, "lrpepelmh": -1.0, "template": "3cjs:AB(0.58,0.54,29/70,2,0)", "viralprotein_id": 15403, "lrsm": 1.1641, "id": 14238610, "lrpepxv": -1.0, "lrredundpairs": -1.0, "humanprotein_id": 5161, "vphfpdID": "002547.e217_683@1r9w_A.4"}, {"lrredund": 21.3884, "lrpepelmv": -1.0, "hphfpdID": "014262.d1_78", "pdbset": null, "lrpepxh": -1.0, "finallr": 107.5723, "lrpepelmh": -1.0, "template": "2lk6:BA(0.48,0.50,130/154,20,19)", "viralprotein_id": 15403, "lrsm": 5.0295, "id": 14239015, "lrpepxv": -1.0, "lrredundpairs": -1.0, "humanprotein_id": 5865, "vphfpdID": "002547.e217_683@1r9w_A.4"}, {"lrredund": 21.3884, "lrpepelmv": -1.0, "hphfpdID": "002626", "pdbset": null, "lrpepxh": -1.0, "finallr": 102.103, "lrpepelmh": -1.0, "template": "2lk6:AB(0.53,0.59,136/154,13,6)", "viralprotein_id": 15403, "lrsm": 4.7738, "id": 14239263, "lrpepxv": -1.0, "lrredundpairs": -1.0, "humanprotein_id": 2804, "vphfpdID": "002547.e217_683@1r9w_A.4"}, {"lrredund": 4.2492, "lrpepelmv": 32.9939, "hphfpdID": "017284", "pdbset": null, "lrpepxh": -1.0, "finallr": 140.1976, "lrpepelmh": -1.0, "template": "", "viralprotein_id": 15403, "lrsm": -1.0, "id": 14239745, "lrpepxv": -1.0, "lrredundpairs": -1.0, "humanprotein_id": 7960, "vphfpdID": "002547@1r9w_A.4"}, {"lrredund": 19.2898, "lrpepelmv": -1.0, "hphfpdID": "011519.g120_294", "pdbset": null, "lrpepxh": -1.0, "finallr": 150.368, "lrpepelmh": -1.0, "template": "2gxa:GL(0.05,0.30,53/97,36,50)", "viralprotein_id": 15403, "lrsm": 7.7952, "id": 14241081, "lrpepxv": -1.0, "lrredundpairs": -1.0, "humanprotein_id": 3074, "vphfpdID": "002547.e217_683@2v9p_A.2"}, {"lrredund": 15.8699, "lrpepelmv": 14.0867, "hphfpdID": "016615.d83_292", "pdbset": null, "lrpepxh": -1.0, "finallr": 223.5545, "lrpepelmh": -1.0, "template": "1sxj:CA(0.57,0.42,16/23,12,10)", "viralprotein_id": 15403, "lrsm": 1.2265, "id": 14241461, "lrpepxv": -1.0, "lrredundpairs": -1.0, "humanprotein_id": 5095, "vphfpdID": "002547.e217_683@2v9p_A.2"}, {"lrredund": 21.3884, "lrpepelmv": -1.0, "hphfpdID": "017046.d495_669", "pdbset": null, "lrpepxh": -1.0, "finallr": 175.5488, "lrpepelmh": -1.0, "template": "1tue:AH(0.01,0.53,82/115,46,42)", "viralprotein_id": 15403, "lrsm": 8.2077, "id": 14241556, "lrpepxv": -1.0, "lrredundpairs": -1.0, "humanprotein_id": 6818, "vphfpdID": "002547.e217_683@1tue_A.3"}, {"lrredund": 4.2492, "lrpepelmv": 65.3909, "hphfpdID": "000001", "pdbset": null, "lrpepxh": -1.0, "finallr": 277.8589, "lrpepelmh": -1.0, "template": "2lrk:DA(0.58,0.41,30/54,12,12)", "viralprotein_id": 15403, "lrsm": 1.2265, "id": 14242155, "lrpepxv": -1.0, "lrredundpairs": 0.7707, "humanprotein_id": 4793, "vphfpdID": "002547@1r9w_A.4"}, {"lrredund": 4.2492, "lrpepelmv": 65.3909, "hphfpdID": "000004", "pdbset": null, "lrpepxh": -1.0, "finallr": 277.8589, "lrpepelmh": -1.0, "template": "2lrl:DA(0.59,0.36,33/53,5,1)", "viralprotein_id": 15403, "lrsm": 1.2265, "id": 14242670, "lrpepxv": -1.0, "lrredundpairs": -1.0, "humanprotein_id": 6298, "vphfpdID": "002547.e217_683@1r9w_A.4"}, {"lrredund": 21.3884, "lrpepelmv": -1.0, "hphfpdID": "016448.e1_99", "pdbset": null, "lrpepxh": -1.0, "finallr": 102.103, "lrpepelmh": -1.0, "template": "2lk6:BA(0.48,0.54,144/154,20,17)", "viralprotein_id": 15403, "lrsm": 4.7738, "id": 14242843, "lrpepxv": -1.0, "lrredundpairs": 1.1877, "humanprotein_id": 7393, "vphfpdID": "002547.e217_683@1r9w_A.4"}, {"lrredund": 2.0764, "lrpepelmv": 65.3909, "hphfpdID": "000005", "pdbset": null, "lrpepxh": -1.0, "finallr": 135.7776, "lrpepelmh": -1.0, "template": "2lrl:DA(0.59,0.54,32/53,4,1)", "viralprotein_id": 15403, "lrsm": 1.1641, "id": 14243035, "lrpepxv": -1.0, "lrredundpairs": 0.7707, "humanprotein_id": 4794, "vphfpdID": "002547.e217_683@1r9w_A.4"}, {"lrredund": 21.3884, "lrpepelmv": 16.792, "hphfpdID": "016466.e85_146", "pdbset": null, "lrpepxh": -1.0, "finallr": 359.1548, "lrpepelmh": -1.0, "template": "2lk6:BA(0.48,0.51,135/154,25,16)", "viralprotein_id": 15403, "lrsm": 3.4243, "id": 14243466, "lrpepxv": -1.0, "lrredundpairs": 0.7707, "humanprotein_id": 3727, "vphfpdID": "002547.e217_683@1r9w_A.4"}, {"lrredund": 20.9141, "lrpepelmv": -1.0, "hphfpdID": "005209.d106_189", "pdbset": null, "lrpepxh": -1.0, "finallr": 255.2956, "lrpepelmh": -1.0, "template": "3qsi:JI(0.34,0.41,111/133,47,50)", "viralprotein_id": 15403, "lrsm": 12.2069, "id": 14244393, "lrpepxv": -1.0, "lrredundpairs": 0.7707, "humanprotein_id": 8007, "vphfpdID": "002547@1r9w_A.4"}, {"lrredund": 4.2492, "lrpepelmv": 27.4837, "hphfpdID": "010174.e436_491", "pdbset": null, "lrpepxh": -1.0, "finallr": 116.7838, "lrpepelmh": -1.0, "template": "2wvj:GA(0.41,0.57,10/19,4,3)", "viralprotein_id": 15403, "lrsm": 1.2265, "id": 14244519, "lrpepxv": -1.0, "lrredundpairs": -1.0, "humanprotein_id": 6667, "vphfpdID": "002547.e217_683@2v9p_A.2"}, {"lrredund": 20.9141, "lrpepelmv": 16.792, "hphfpdID": "007144.e151_217", "pdbset": null, "lrpepxh": -1.0, "finallr": 351.1903, "lrpepelmh": -1.0, "template": "2lk6:BA(0.48,0.46,137/154,24,19)", "viralprotein_id": 15403, "lrsm": 3.4243, "id": 14245516, "lrpepxv": -1.0, "lrredundpairs": 0.7707, "humanprotein_id": 6385, "vphfpdID": "002547.e217_683@1r9w_A.4"}, {"lrredund": 21.3884, "lrpepelmv": -1.0, "hphfpdID": "018800.e309_403", "pdbset": null, "lrpepxh": -1.0, "finallr": 107.5723, "lrpepelmh": -1.0, "template": "2lk6:BA(0.48,0.34,146/154,20,6)", "viralprotein_id": 15403, "lrsm": 5.0295, "id": 14245799, "lrpepxv": -1.0, "lrredundpairs": -1.0, "humanprotein_id": 4109, "vphfpdID": "002547.e217_683@1r9w_A.4"}, {"lrredund": 19.2898, "lrpepelmv": -1.0, "hphfpdID": "017281.d216_380", "pdbset": null, "lrpepxh": -1.0, "finallr": 355.1866, "lrpepelmh": -1.0, "template": "1tue:DK(0.04,0.52,95/115,54,53)", "viralprotein_id": 15403, "lrsm": 18.4132, "id": 14246001, "lrpepxv": -1.0, "lrredundpairs": -1.0, "humanprotein_id": 5906, "vphfpdID": "002547.e217_683@1tue_A.3"}]