[{"lrredund": -1.0, "lrpepelmv": 107.1532, "hphfpdID": "000001", "pdbset": null, "lrpepxh": -1.0, "finallr": 107.1532, "lrpepelmh": -1.0, "template": "", "viralprotein_id": 14138, "lrsm": -1.0, "id": 94647997, "lrpepxv": -1.0, "lrredundpairs": -1.0, "humanprotein_id": 4793, "vphfpdID": "001901"}, {"lrredund": -1.0, "lrpepelmv": -1.0, "hphfpdID": "000304", "pdbset": null, "lrpepxh": -1.0, "finallr": 163.4756, "lrpepelmh": -1.0, "template": "3epy:BA(0.08,0.00,65/305,31,23)", "viralprotein_id": 14138, "lrsm": 163.4756, "id": 94648650, "lrpepxv": -1.0, "lrredundpairs": -1.0, "humanprotein_id": 12374, "vphfpdID": "001901.g1_94"}, {"lrredund": -1.0, "lrpepelmv": 107.1532, "hphfpdID": "000004", "pdbset": null, "lrpepxh": -1.0, "finallr": 107.1532, "lrpepelmh": -1.0, "template": "3u3b:AB(0.20,0.32,34/45,19,19)", "viralprotein_id": 14138, "lrsm": 2.2022, "id": 94649058, "lrpepxv": -1.0, "lrredundpairs": -1.0, "humanprotein_id": 6298, "vphfpdID": "001901.g1_94"}, {"lrredund": -1.0, "lrpepelmv": 107.1532, "hphfpdID": "000003", "pdbset": null, "lrpepxh": 5.43, "finallr": 107.1532, "lrpepelmh": -1.0, "template": "", "viralprotein_id": 14138, "lrsm": -1.0, "id": 94649896, "lrpepxv": -1.0, "lrredundpairs": -1.0, "humanprotein_id": 6857, "vphfpdID": "001901"}, {"lrredund": -1.0, "lrpepelmv": 107.1532, "hphfpdID": "000005", "pdbset": null, "lrpepxh": -1.0, "finallr": 107.1532, "lrpepelmh": -1.0, "template": "3u3b:AB(0.20,0.37,37/45,22,20)", "viralprotein_id": 14138, "lrsm": 4.804, "id": 94652419, "lrpepxv": -1.0, "lrredundpairs": -1.0, "humanprotein_id": 4794, "vphfpdID": "001901.g1_94"}, {"lrredund": -1.0, "lrpepelmv": 107.1532, "hphfpdID": "000002", "pdbset": null, "lrpepxh": -1.0, "finallr": 107.1532, "lrpepelmh": -1.0, "template": "", "viralprotein_id": 14138, "lrsm": -1.0, "id": 94655574, "lrpepxv": -1.0, "lrredundpairs": -1.0, "humanprotein_id": 6315, "vphfpdID": "001901"}, {"lrredund": 21.3884, "lrpepelmv": -1.0, "hphfpdID": "007197.e1_403", "pdbset": null, "lrpepxh": -1.0, "finallr": 166.727, "lrpepelmh": -1.0, "template": "3fzm:BA(0.30,0.08,43/86,21,20)", "viralprotein_id": 14138, "lrsm": 7.7952, "id": 94656116, "lrpepxv": -1.0, "lrredundpairs": -1.0, "humanprotein_id": 3620, "vphfpdID": "001901.g1_94"}, {"lrredund": -1.0, "lrpepelmv": 107.1532, "hphfpdID": "000006", "pdbset": null, "lrpepxh": -1.0, "finallr": 107.1532, "lrpepelmh": -1.0, "template": "1y76:AD(0.58,0.48,123/217,39,54)", "viralprotein_id": 14138, "lrsm": 2.5372, "id": 94656709, "lrpepxv": -1.0, "lrredundpairs": -1.0, "humanprotein_id": 4514, "vphfpdID": "001901.g1_94"}, {"lrredund": -1.0, "lrpepelmv": 107.1532, "hphfpdID": "000007", "pdbset": null, "lrpepxh": -1.0, "finallr": 107.1532, "lrpepelmh": -1.0, "template": "", "viralprotein_id": 14138, "lrsm": -1.0, "id": 94656856, "lrpepxv": -1.0, "lrredundpairs": -1.0, "humanprotein_id": 6393, "vphfpdID": "001901"}, {"lrredund": -1.0, "lrpepelmv": 104.3713, "hphfpdID": "014240.d655_725", "pdbset": null, "lrpepxh": -1.0, "finallr": 104.3713, "lrpepelmh": -1.0, "template": "3vke:AC(0.51,0.47,37/80,11,4)", "viralprotein_id": 14141, "lrsm": 1.2265, "id": 63834330, "lrpepxv": -1.0, "lrredundpairs": -1.0, "humanprotein_id": 3056, "vphfpdID": "001904.e1132_1398"}, {"lrredund": -1.0, "lrpepelmv": 104.3713, "hphfpdID": "014176.e786_960", "pdbset": null, "lrpepxh": 7.37, "finallr": 104.3713, "lrpepelmh": -1.0, "template": "", "viralprotein_id": 14141, "lrsm": -1.0, "id": 63838821, "lrpepxv": -1.0, "lrredundpairs": -1.0, "humanprotein_id": 4582, "vphfpdID": "001904"}, {"lrredund": -1.0, "lrpepelmv": 104.3713, "hphfpdID": "014178.d112_237", "pdbset": null, "lrpepxh": 4.96, "finallr": 104.3713, "lrpepelmh": -1.0, "template": "2ba0:GB(0.58,0.35,1/40,1,0)", "viralprotein_id": 14141, "lrsm": 1.02, "id": 63842901, "lrpepxv": -1.0, "lrredundpairs": -1.0, "humanprotein_id": 7007, "vphfpdID": "001904.e1132_1398"}, {"lrredund": 20.9141, "lrpepelmv": 20.7293, "hphfpdID": "016466.d294_477", "pdbset": null, "lrpepxh": -1.0, "finallr": 433.5352, "lrpepelmh": -1.0, "template": "2jp1:BA(0.37,0.55,167/235,36,38)", "viralprotein_id": 14140, "lrsm": 2.6731, "id": 38655853, "lrpepxv": -1.0, "lrredundpairs": 0.7707, "humanprotein_id": 3727, "vphfpdID": "001903"}, {"lrredund": 3.124, "lrpepelmv": 72.805, "hphfpdID": "000005", "pdbset": null, "lrpepxh": -1.0, "finallr": 227.4427, "lrpepelmh": -1.0, "template": "", "viralprotein_id": 14140, "lrsm": -1.0, "id": 38657432, "lrpepxv": -1.0, "lrredundpairs": 0.7707, "humanprotein_id": 4794, "vphfpdID": "001903"}, {"lrredund": 20.9141, "lrpepelmv": -1.0, "hphfpdID": "007725.d40_193", "pdbset": null, "lrpepxh": -1.0, "finallr": 100.0864, "lrpepelmh": -1.0, "template": "2jpp:BA(0.57,0.38,126/262,18,9)", "viralprotein_id": 14140, "lrsm": 4.7856, "id": 38658021, "lrpepxv": -1.0, "lrredundpairs": 0.7707, "humanprotein_id": 3138, "vphfpdID": "001903"}, {"lrredund": 3.124, "lrpepelmv": 72.805, "hphfpdID": "000003", "pdbset": null, "lrpepxh": -1.0, "finallr": 227.4427, "lrpepelmh": -1.0, "template": "", "viralprotein_id": 14140, "lrsm": -1.0, "id": 38658356, "lrpepxv": -1.0, "lrredundpairs": 0.7707, "humanprotein_id": 6857, "vphfpdID": "001903"}, {"lrredund": 19.2898, "lrpepelmv": 20.7293, "hphfpdID": "016613.e316_567", "pdbset": null, "lrpepxh": -1.0, "finallr": 399.8646, "lrpepelmh": -1.0, "template": "2idh:BA(0.40,0.56,45/45,5,1)", "viralprotein_id": 14140, "lrsm": 1.3385, "id": 38658828, "lrpepxv": -1.0, "lrredundpairs": -1.0, "humanprotein_id": 5161, "vphfpdID": "001903"}, {"lrredund": 20.9141, "lrpepelmv": 20.1497, "hphfpdID": "008378.g106_302", "pdbset": null, "lrpepxh": -1.0, "finallr": 421.4137, "lrpepelmh": -1.0, "template": "3kvp:BF(0.35,0.42,64/67,10,2)", "viralprotein_id": 14140, "lrsm": 2.4439, "id": 38660063, "lrpepxv": -1.0, "lrredundpairs": -1.0, "humanprotein_id": 3758, "vphfpdID": "001903"}, {"lrredund": 20.9141, "lrpepelmv": 20.7293, "hphfpdID": "016615.d586_639", "pdbset": null, "lrpepxh": -1.0, "finallr": 433.5352, "lrpepelmh": -1.0, "template": "", "viralprotein_id": 14140, "lrsm": -1.0, "id": 38660689, "lrpepxv": -1.0, "lrredundpairs": -1.0, "humanprotein_id": 5095, "vphfpdID": "001903"}, {"lrredund": 4.0064, "lrpepelmv": 72.805, "hphfpdID": "000004", "pdbset": null, "lrpepxh": -1.0, "finallr": 291.6858, "lrpepelmh": -1.0, "template": "", "viralprotein_id": 14140, "lrsm": -1.0, "id": 38662880, "lrpepxv": -1.0, "lrredundpairs": 0.7707, "humanprotein_id": 6298, "vphfpdID": "001903"}, {"lrredund": 20.9141, "lrpepelmv": -1.0, "hphfpdID": "006178.e1265_1358", "pdbset": null, "lrpepxh": -1.0, "finallr": 115.0004, "lrpepelmh": -1.0, "template": "2dgb:CD(0.13,0.22,10/22,7,3)", "viralprotein_id": 14140, "lrsm": 5.4987, "id": 38662962, "lrpepxv": -1.0, "lrredundpairs": 0.7707, "humanprotein_id": 2856, "vphfpdID": "001903"}, {"lrredund": 20.9141, "lrpepelmv": 5.7054, "hphfpdID": "002673", "pdbset": null, "lrpepxh": -1.0, "finallr": 119.3239, "lrpepelmh": -1.0, "template": "3kvp:FB(0.48,0.59,59/67,21,11)", "viralprotein_id": 14140, "lrsm": 2.5395, "id": 38663330, "lrpepxv": -1.0, "lrredundpairs": 1.1877, "humanprotein_id": 4427, "vphfpdID": "001903"}, {"lrredund": 20.9141, "lrpepelmv": 72.805, "hphfpdID": "000006", "pdbset": null, "lrpepxh": -1.0, "finallr": 1522.65, "lrpepelmh": -1.0, "template": "", "viralprotein_id": 14140, "lrsm": -1.0, "id": 38663689, "lrpepxv": -1.0, "lrredundpairs": 0.7707, "humanprotein_id": 4514, "vphfpdID": "001903"}, {"lrredund": 20.9141, "lrpepelmv": 5.7054, "hphfpdID": "003962.e1_324", "pdbset": null, "lrpepxh": -1.0, "finallr": 119.3239, "lrpepelmh": -1.0, "template": "3kvp:BE(0.35,0.58,54/67,23,10)", "viralprotein_id": 14140, "lrsm": 2.6756, "id": 38663825, "lrpepxv": -1.0, "lrredundpairs": 1.1877, "humanprotein_id": 6447, "vphfpdID": "001903"}, {"lrredund": 20.9141, "lrpepelmv": 20.7293, "hphfpdID": "007144", "pdbset": null, "lrpepxh": -1.0, "finallr": 433.5352, "lrpepelmh": -1.0, "template": "3kvp:CD(0.45,0.31,59/72,23,11)", "viralprotein_id": 14140, "lrsm": 3.1848, "id": 38664348, "lrpepxv": -1.0, "lrredundpairs": -1.0, "humanprotein_id": 6385, "vphfpdID": "001903"}, {"lrredund": 20.9141, "lrpepelmv": 14.2424, "hphfpdID": "001751.e1_73", "pdbset": null, "lrpepxh": -1.0, "finallr": 297.8679, "lrpepelmh": -1.0, "template": "3dom:BA(0.48,0.44,62/103,23,34)", "viralprotein_id": 14140, "lrsm": 1.7316, "id": 38667377, "lrpepxv": -1.0, "lrredundpairs": 0.7707, "humanprotein_id": 5041, "vphfpdID": "001903"}, {"lrredund": 20.9141, "lrpepelmv": 72.805, "hphfpdID": "000002", "pdbset": null, "lrpepxh": -1.0, "finallr": 1522.65, "lrpepelmh": -1.0, "template": "3hpg:FK(0.53,0.46,1/29,1,0)", "viralprotein_id": 14140, "lrsm": 1.02, "id": 38667455, "lrpepxv": -1.0, "lrredundpairs": 0.7707, "humanprotein_id": 6315, "vphfpdID": "001903"}, {"lrredund": 19.2898, "lrpepelmv": 5.7054, "hphfpdID": "007227.d56_328", "pdbset": null, "lrpepxh": -1.0, "finallr": 110.0565, "lrpepelmh": -1.0, "template": "1l1c:AB(0.44,0.38,106/127,16,9)", "viralprotein_id": 14140, "lrsm": 2.0531, "id": 38667632, "lrpepxv": -1.0, "lrredundpairs": 0.7707, "humanprotein_id": 5539, "vphfpdID": "001903"}, {"lrredund": 20.9141, "lrpepelmv": 72.805, "hphfpdID": "000007", "pdbset": null, "lrpepxh": -1.0, "finallr": 1522.65, "lrpepelmh": -1.0, "template": "", "viralprotein_id": 14140, "lrsm": -1.0, "id": 38668742, "lrpepxv": -1.0, "lrredundpairs": 0.7707, "humanprotein_id": 6393, "vphfpdID": "001903"}, {"lrredund": 4.0064, "lrpepelmv": 72.805, "hphfpdID": "000001", "pdbset": null, "lrpepxh": -1.0, "finallr": 291.6858, "lrpepelmh": -1.0, "template": "3hpg:FK(0.53,0.45,1/29,1,0)", "viralprotein_id": 14140, "lrsm": 1.02, "id": 38669690, "lrpepxv": -1.0, "lrredundpairs": 0.7707, "humanprotein_id": 4793, "vphfpdID": "001903"}, {"lrredund": 2.409, "lrpepelmv": -1.0, "hphfpdID": "004439.d789_1099", "pdbset": null, "lrpepxh": -1.0, "finallr": 317.2486, "lrpepelmh": -1.0, "template": "2b5l:CA(0.08,0.10,121/188,62,95)", "viralprotein_id": 14140, "lrsm": 131.693, "id": 38670212, "lrpepxv": -1.0, "lrredundpairs": -1.0, "humanprotein_id": 8112, "vphfpdID": "001903"}, {"lrredund": 15.8699, "lrpepelmv": 9.3373, "hphfpdID": "001349.d2679_3055", "pdbset": null, "lrpepxh": -1.0, "finallr": 148.1822, "lrpepelmh": -1.0, "template": "3kvp:FB(0.48,0.49,60/67,23,11)", "viralprotein_id": 14140, "lrsm": 2.6756, "id": 38670233, "lrpepxv": -1.0, "lrredundpairs": -1.0, "humanprotein_id": 7312, "vphfpdID": "001903"}, {"lrredund": -1.0, "lrpepelmv": -1.0, "hphfpdID": "014257.g235_381", "pdbset": null, "lrpepxh": -1.0, "finallr": 163.4756, "lrpepelmh": -1.0, "template": "4gip:DA(0.03,0.07,67/501,30,39)", "viralprotein_id": 14144, "lrsm": 163.4756, "id": 55689619, "lrpepxv": -1.0, "lrredundpairs": -1.0, "humanprotein_id": 18938, "vphfpdID": "001907.e1_482@4wsg_A.2"}, {"lrredund": -1.0, "lrpepelmv": -1.0, "hphfpdID": "011965.e436_522", "pdbset": null, "lrpepxh": -1.0, "finallr": 121.6214, "lrpepelmh": -1.0, "template": "4gip:FC(0.03,0.16,133/488,50,61)", "viralprotein_id": 14144, "lrsm": 121.6214, "id": 55689622, "lrpepxv": -1.0, "lrredundpairs": -1.0, "humanprotein_id": 8155, "vphfpdID": "001907.e1_482@4wsg_A.2"}, {"lrredund": -1.0, "lrpepelmv": -1.0, "hphfpdID": "001055.e284_515", "pdbset": null, "lrpepxh": -1.0, "finallr": 151.4063, "lrpepelmh": -1.0, "template": "4gip:DA(0.03,0.04,59/501,24,26)", "viralprotein_id": 14144, "lrsm": 151.4063, "id": 55689677, "lrpepxv": -1.0, "lrredundpairs": -1.0, "humanprotein_id": 18066, "vphfpdID": "001907.e1_482@4wsg_A.2"}, {"lrredund": -1.0, "lrpepelmv": -1.0, "hphfpdID": "009943", "pdbset": null, "lrpepxh": -1.0, "finallr": 151.4063, "lrpepelmh": -1.0, "template": "4gip:DA(0.03,0.03,59/501,27,30)", "viralprotein_id": 14144, "lrsm": 151.4063, "id": 55689727, "lrpepxv": -1.0, "lrredundpairs": -1.0, "humanprotein_id": 19099, "vphfpdID": "001907.e1_482@4wsg_A.2"}, {"lrredund": -1.0, "lrpepelmv": -1.0, "hphfpdID": "016422.d1592_1696", "pdbset": null, "lrpepxh": -1.0, "finallr": 151.4063, "lrpepelmh": -1.0, "template": "4gip:DA(0.03,0.07,59/501,24,25)", "viralprotein_id": 14144, "lrsm": 151.4063, "id": 55689813, "lrpepxv": -1.0, "lrredundpairs": -1.0, "humanprotein_id": 6673, "vphfpdID": "001907.e1_482@4wsg_A.2"}, {"lrredund": -1.0, "lrpepelmv": -1.0, "hphfpdID": "009458.e1_90", "pdbset": null, "lrpepxh": -1.0, "finallr": 121.6214, "lrpepelmh": -1.0, "template": "4gip:DA(0.03,0.16,137/501,48,67)", "viralprotein_id": 14144, "lrsm": 121.6214, "id": 55689893, "lrpepxv": -1.0, "lrredundpairs": -1.0, "humanprotein_id": 17220, "vphfpdID": "001907.e1_482@4wsg_A.2"}, {"lrredund": 21.3884, "lrpepelmv": 9.677, "hphfpdID": "001751.e1725_1863", "pdbset": null, "lrpepxh": -1.0, "finallr": 206.9754, "lrpepelmh": -1.0, "template": "", "viralprotein_id": 14144, "lrsm": -1.0, "id": 55689900, "lrpepxv": -1.0, "lrredundpairs": -1.0, "humanprotein_id": 5041, "vphfpdID": "001907@4wsg_A.2"}, {"lrredund": -1.0, "lrpepelmv": -1.0, "hphfpdID": "011787.e1_134", "pdbset": null, "lrpepxh": -1.0, "finallr": 163.4756, "lrpepelmh": -1.0, "template": "4gip:EB(0.04,0.06,65/511,27,27)", "viralprotein_id": 14144, "lrsm": 163.4756, "id": 55690128, "lrpepxv": -1.0, "lrredundpairs": -1.0, "humanprotein_id": 1745, "vphfpdID": "001907.e1_482@4wsg_A.2"}, {"lrredund": -1.0, "lrpepelmv": -1.0, "hphfpdID": "013559", "pdbset": null, "lrpepxh": -1.0, "finallr": 151.4063, "lrpepelmh": -1.0, "template": "4gip:FC(0.03,0.02,56/488,25,25)", "viralprotein_id": 14144, "lrsm": 151.4063, "id": 55690151, "lrpepxv": -1.0, "lrredundpairs": -1.0, "humanprotein_id": 1577, "vphfpdID": "001907.e1_482@4wsg_A.2"}, {"lrredund": -1.0, "lrpepelmv": -1.0, "hphfpdID": "001909.g539_597", "pdbset": null, "lrpepxh": -1.0, "finallr": 163.4756, "lrpepelmh": -1.0, "template": "4gip:DA(0.05,0.03,67/501,22,10)", "viralprotein_id": 14144, "lrsm": 163.4756, "id": 55690909, "lrpepxv": -1.0, "lrredundpairs": -1.0, "humanprotein_id": 2901, "vphfpdID": "001907.e1_482@2b9b_A.1"}, {"lrredund": 21.3884, "lrpepelmv": 6.3442, "hphfpdID": "001349.d2715_2964", "pdbset": null, "lrpepxh": -1.0, "finallr": 135.6925, "lrpepelmh": -1.0, "template": "", "viralprotein_id": 14144, "lrsm": -1.0, "id": 55691256, "lrpepxv": -1.0, "lrredundpairs": -1.0, "humanprotein_id": 7312, "vphfpdID": "001907@4wsg_A.2"}, {"lrredund": -1.0, "lrpepelmv": 9.677, "hphfpdID": "004757.e731_828", "pdbset": null, "lrpepxh": -1.0, "finallr": 163.4756, "lrpepelmh": -1.0, "template": "4gip:EB(0.08,0.01,65/511,23,20)", "viralprotein_id": 14144, "lrsm": 163.4756, "id": 55691747, "lrpepxv": -1.0, "lrredundpairs": -1.0, "humanprotein_id": 5555, "vphfpdID": "001907.e1_482@2b9b_A.1"}, {"lrredund": 2.0764, "lrpepelmv": 72.805, "hphfpdID": "000003", "pdbset": null, "lrpepxh": -1.0, "finallr": 151.1722, "lrpepelmh": -1.0, "template": "", "viralprotein_id": 14142, "lrsm": -1.0, "id": 94147886, "lrpepxv": -1.0, "lrredundpairs": -1.0, "humanprotein_id": 6857, "vphfpdID": "001905@4jf7_A.2"}, {"lrredund": 15.8699, "lrpepelmv": 72.805, "hphfpdID": "000006", "pdbset": null, "lrpepxh": -1.0, "finallr": 1155.407, "lrpepelmh": -1.0, "template": "", "viralprotein_id": 14142, "lrsm": -1.0, "id": 94148171, "lrpepxv": -1.0, "lrredundpairs": -1.0, "humanprotein_id": 4514, "vphfpdID": "001905@4jf7_A.2"}, {"lrredund": 21.3884, "lrpepelmv": 72.805, "hphfpdID": "000002", "pdbset": null, "lrpepxh": -1.0, "finallr": 1557.181, "lrpepelmh": -1.0, "template": "", "viralprotein_id": 14142, "lrsm": -1.0, "id": 94148576, "lrpepxv": -1.0, "lrredundpairs": -1.0, "humanprotein_id": 6315, "vphfpdID": "001905@4jf7_A.2"}, {"lrredund": 2.0764, "lrpepelmv": 72.805, "hphfpdID": "000005", "pdbset": null, "lrpepxh": -1.0, "finallr": 151.1722, "lrpepelmh": -1.0, "template": "", "viralprotein_id": 14142, "lrsm": -1.0, "id": 94148931, "lrpepxv": -1.0, "lrredundpairs": -1.0, "humanprotein_id": 4794, "vphfpdID": "001905@4jf7_A.2"}, {"lrredund": 21.3884, "lrpepelmv": 15.8041, "hphfpdID": "016613.e316_567", "pdbset": null, "lrpepxh": -1.0, "finallr": 338.0243, "lrpepelmh": -1.0, "template": "1wcq:CA(0.57,0.59,5/31,3,2)", "viralprotein_id": 14142, "lrsm": 0.9682, "id": 94149351, "lrpepxv": -1.0, "lrredundpairs": -1.0, "humanprotein_id": 5161, "vphfpdID": "001905.d39_574@1z4z_A.1"}, {"lrredund": 21.3884, "lrpepelmv": 15.8041, "hphfpdID": "016615.d584_674", "pdbset": null, "lrpepxh": -1.0, "finallr": 338.0243, "lrpepelmh": -1.0, "template": "1a0r:BP(0.58,0.54,49/248,21,19)", "viralprotein_id": 14142, "lrsm": 1.4777, "id": 94149547, "lrpepxv": -1.0, "lrredundpairs": -1.0, "humanprotein_id": 5095, "vphfpdID": "001905.d39_574@4jf7_A.2"}, {"lrredund": 21.3884, "lrpepelmv": 16.792, "hphfpdID": "007144.e56_156", "pdbset": null, "lrpepxh": -1.0, "finallr": 359.1548, "lrpepelmh": -1.0, "template": "3kvp:FB(0.60,0.45,67/67,18,10)", "viralprotein_id": 14142, "lrsm": 1.9487, "id": 94150449, "lrpepxv": -1.0, "lrredundpairs": -1.0, "humanprotein_id": 6385, "vphfpdID": "001905.d39_574@4jf7_A.2"}, {"lrredund": 3.5815, "lrpepelmv": 72.805, "hphfpdID": "000001", "pdbset": null, "lrpepxh": -1.0, "finallr": 260.751, "lrpepelmh": -1.0, "template": "", "viralprotein_id": 14142, "lrsm": -1.0, "id": 94150851, "lrpepxv": -1.0, "lrredundpairs": -1.0, "humanprotein_id": 4793, "vphfpdID": "001905@4jf7_A.2"}, {"lrredund": 21.3884, "lrpepelmv": 45.1653, "hphfpdID": "005478", "pdbset": null, "lrpepxh": -1.0, "finallr": 966.0137, "lrpepelmh": -1.0, "template": "", "viralprotein_id": 14142, "lrsm": -1.0, "id": 94152552, "lrpepxv": -1.0, "lrredundpairs": -1.0, "humanprotein_id": 2880, "vphfpdID": "001905@4jf7_A.2"}, {"lrredund": 15.8699, "lrpepelmv": 72.805, "hphfpdID": "000007", "pdbset": null, "lrpepxh": -1.0, "finallr": 1155.407, "lrpepelmh": -1.0, "template": "", "viralprotein_id": 14142, "lrsm": -1.0, "id": 94153172, "lrpepxv": -1.0, "lrredundpairs": -1.0, "humanprotein_id": 6393, "vphfpdID": "001905@4jf7_A.2"}, {"lrredund": 4.2492, "lrpepelmv": 72.805, "hphfpdID": "000004", "pdbset": null, "lrpepxh": -1.0, "finallr": 309.3629, "lrpepelmh": -1.0, "template": "", "viralprotein_id": 14142, "lrsm": -1.0, "id": 94154052, "lrpepxv": -1.0, "lrredundpairs": -1.0, "humanprotein_id": 6298, "vphfpdID": "001905@4jf7_A.2"}]