[{"lrredund": 21.3884, "lrpepelmv": 11.4911, "hphfpdID": "007144.d1_56", "pdbset": null, "lrpepxh": -1.0, "finallr": 245.7766, "lrpepelmh": -1.0, "template": "", "viralprotein_id": 13137, "lrsm": -1.0, "id": 49781867, "lrpepxv": -1.0, "lrredundpairs": -1.0, "humanprotein_id": 6385, "vphfpdID": "000902"}, {"lrredund": 21.3884, "lrpepelmv": 8.8544, "hphfpdID": "016613.e122_316", "pdbset": null, "lrpepxh": -1.0, "finallr": 189.3823, "lrpepelmh": -1.0, "template": "1gvn:CA(0.44,0.29,83/114,16,5)", "viralprotein_id": 13137, "lrsm": 1.8563, "id": 49786607, "lrpepxv": -1.0, "lrredundpairs": -1.0, "humanprotein_id": 5161, "vphfpdID": "000902"}, {"lrredund": 2.0764, "lrpepelmv": -1.0, "hphfpdID": "000086.d187_322", "pdbset": null, "lrpepxh": -1.0, "finallr": 247.6745, "lrpepelmh": -1.0, "template": "2pf4:EB(0.03,0.07,13/17,8,5)", "viralprotein_id": 13137, "lrsm": 119.2807, "id": 49787405, "lrpepxv": -1.0, "lrredundpairs": 0.7707, "humanprotein_id": 4656, "vphfpdID": "000902.e1_147"}, {"lrredund": 21.3884, "lrpepelmv": 7.4157, "hphfpdID": "005478.d350_517", "pdbset": null, "lrpepxh": -1.0, "finallr": 158.609, "lrpepelmh": -1.0, "template": "1zei:CD(0.52,0.54,50/73,24,32)", "viralprotein_id": 13137, "lrsm": 1.6503, "id": 49791518, "lrpepxv": -1.0, "lrredundpairs": -1.0, "humanprotein_id": 2880, "vphfpdID": "000902.e100_182"}, {"lrredund": 15.8699, "lrpepelmv": 14.0438, "hphfpdID": "016466.d294_477", "pdbset": null, "lrpepxh": -1.0, "finallr": 222.8737, "lrpepelmh": -1.0, "template": "2jp1:BA(0.57,0.55,161/235,25,10)", "viralprotein_id": 13138, "lrsm": 2.5372, "id": 88877921, "lrpepxv": -1.0, "lrredundpairs": 1.373, "humanprotein_id": 3727, "vphfpdID": "000903.e1_316@1sva_1.6"}, {"lrredund": 15.8699, "lrpepelmv": -1.0, "hphfpdID": "011519", "pdbset": null, "lrpepxh": -1.0, "finallr": 292.2154, "lrpepelmh": -1.0, "template": "1nlq:EA(0.53,0.03,89/98,44,63)", "viralprotein_id": 13138, "lrsm": 18.4132, "id": 88878003, "lrpepxv": -1.0, "lrredundpairs": -1.0, "humanprotein_id": 3074, "vphfpdID": "000903.e1_316@1sid_A.1"}, {"lrredund": 21.3884, "lrpepelmv": 8.2623, "hphfpdID": "001060", "pdbset": null, "lrpepxh": -1.0, "finallr": 176.718, "lrpepelmh": -1.0, "template": "3mon:GE(0.58,0.51,7/14,4,0)", "viralprotein_id": 13138, "lrsm": 1.1641, "id": 88878894, "lrpepxv": -1.0, "lrredundpairs": -1.0, "humanprotein_id": 17652, "vphfpdID": "000903@1sid_A.1"}, {"lrredund": 15.8699, "lrpepelmv": 14.0438, "hphfpdID": "016613.e557_714", "pdbset": null, "lrpepxh": -1.0, "finallr": 222.8737, "lrpepelmh": -1.0, "template": "2btv:GI(0.60,0.57,68/2959,31,26)", "viralprotein_id": 13138, "lrsm": 1.5955, "id": 88879156, "lrpepxv": 3.51, "lrredundpairs": 0.7707, "humanprotein_id": 5161, "vphfpdID": "000903.e1_316@1sid_A.1"}, {"lrredund": 19.2898, "lrpepelmv": 14.0438, "hphfpdID": "007144.d1_56", "pdbset": null, "lrpepxh": -1.0, "finallr": 270.902, "lrpepelmh": -1.0, "template": "4mbx:GH(0.17,0.34,63/285,33,50)", "viralprotein_id": 13138, "lrsm": 3.0181, "id": 88879279, "lrpepxv": -1.0, "lrredundpairs": 1.1877, "humanprotein_id": 6385, "vphfpdID": "000903.e1_316@1sva_1.6"}, {"lrredund": 21.3884, "lrpepelmv": 14.0438, "hphfpdID": "016615.d554_715", "pdbset": null, "lrpepxh": -1.0, "finallr": 300.3744, "lrpepelmh": -1.0, "template": "3oqt:LJ(0.59,0.60,51/118,24,12)", "viralprotein_id": 13138, "lrsm": 1.6503, "id": 88881193, "lrpepxv": -1.0, "lrredundpairs": -1.0, "humanprotein_id": 5095, "vphfpdID": "000903.e1_316@1sva_1.6"}, {"lrredund": 21.3884, "lrpepelmv": -1.0, "hphfpdID": "007197.d147_245", "pdbset": null, "lrpepxh": -1.0, "finallr": 106.0864, "lrpepelmh": -1.0, "template": "2gr8:AE(0.49,0.52,23/25,14,9)", "viralprotein_id": 13138, "lrsm": 1.2704, "id": 88881792, "lrpepxv": 4.96, "lrredundpairs": -1.0, "humanprotein_id": 3620, "vphfpdID": "000903.e1_316@4poq_A.2"}, {"lrredund": 21.3884, "lrpepelmv": -1.0, "hphfpdID": "005354.e1664_1728", "pdbset": null, "lrpepxh": -1.0, "finallr": 146.3215, "lrpepelmh": -1.0, "template": "1sva:46(0.09,0.48,62/750,41,46)", "viralprotein_id": 13138, "lrsm": 6.8412, "id": 88883202, "lrpepxv": 5.22, "lrredundpairs": -1.0, "humanprotein_id": 7033, "vphfpdID": "000903.e1_316@1sid_A.1"}, {"lrredund": 21.3884, "lrpepelmv": -1.0, "hphfpdID": "004136", "pdbset": null, "lrpepxh": -1.0, "finallr": 106.0864, "lrpepelmh": -1.0, "template": "", "viralprotein_id": 13138, "lrsm": -1.0, "id": 88884111, "lrpepxv": 4.96, "lrredundpairs": -1.0, "humanprotein_id": 7444, "vphfpdID": "000903@1sid_A.1"}, {"lrredund": 21.3884, "lrpepelmv": -1.0, "hphfpdID": "000172.d132_188", "pdbset": null, "lrpepxh": -1.0, "finallr": 188.7858, "lrpepelmh": -1.0, "template": "1sid:AC(0.01,0.56,135/1704,64,88)", "viralprotein_id": 13138, "lrsm": 8.8265, "id": 88885608, "lrpepxv": -1.0, "lrredundpairs": -1.0, "humanprotein_id": 2981, "vphfpdID": "000903@1sid_A.1"}, {"lrredund": 3.5815, "lrpepelmv": 50.5585, "hphfpdID": "014240.e645_767", "pdbset": null, "lrpepxh": -1.0, "finallr": 181.0753, "lrpepelmh": -1.0, "template": "", "viralprotein_id": 13138, "lrsm": -1.0, "id": 88886810, "lrpepxv": -1.0, "lrredundpairs": -1.0, "humanprotein_id": 3056, "vphfpdID": "000903@1sid_A.1"}, {"lrredund": 19.2898, "lrpepelmv": -1.0, "hphfpdID": "006178.e2120_2203", "pdbset": null, "lrpepxh": -1.0, "finallr": 187.7603, "lrpepelmh": -1.0, "template": "1nlq:DC(0.58,0.58,94/102,41,50)", "viralprotein_id": 13138, "lrsm": 9.7337, "id": 88889235, "lrpepxv": -1.0, "lrredundpairs": 0.7707, "humanprotein_id": 2856, "vphfpdID": "000903.e1_316@1sid_A.1"}, {"lrredund": 20.9141, "lrpepelmv": -1.0, "hphfpdID": "004138.e667_768", "pdbset": null, "lrpepxh": -1.0, "finallr": 232.2652, "lrpepelmh": -1.0, "template": "1z1d:BA(0.19,0.20,82/93,38,54)", "viralprotein_id": 13139, "lrsm": 11.1057, "id": 41467874, "lrpepxv": -1.0, "lrredundpairs": 0.7707, "humanprotein_id": 7446, "vphfpdID": "000904.e206_342@3qk2_A.5"}, {"lrredund": 21.3884, "lrpepelmv": -1.0, "hphfpdID": "005158.d818_927", "pdbset": null, "lrpepxh": -1.0, "finallr": 108.061, "lrpepelmh": -1.0, "template": "1ev0:BA(0.53,0.57,141/202,45,59)", "viralprotein_id": 13139, "lrsm": 5.0523, "id": 41468347, "lrpepxv": -1.0, "lrredundpairs": 0.7707, "humanprotein_id": 2711, "vphfpdID": "000904.e206_342@3qfq_A.1"}, {"lrredund": 19.2898, "lrpepelmv": -1.0, "hphfpdID": "005209.d243_326", "pdbset": null, "lrpepxh": -1.0, "finallr": 365.6031, "lrpepelmh": -1.0, "template": "2z4p:AD(0.32,0.50,57/93,42,43)", "viralprotein_id": 13139, "lrsm": 18.9532, "id": 41469220, "lrpepxv": -1.0, "lrredundpairs": -1.0, "humanprotein_id": 8007, "vphfpdID": "000904.e206_342@4fb3_A.2"}, {"lrredund": 19.2898, "lrpepelmv": -1.0, "hphfpdID": "005354.d1990_2099", "pdbset": null, "lrpepxh": -1.0, "finallr": 486.806, "lrpepelmh": -1.0, "template": "3ter:AB(0.15,0.02,1/95,1,0)", "viralprotein_id": 13139, "lrsm": 25.2364, "id": 41470129, "lrpepxv": -1.0, "lrredundpairs": 0.7707, "humanprotein_id": 7033, "vphfpdID": "000904.e1_110"}, {"lrredund": -1.0, "lrpepelmv": -1.0, "hphfpdID": "012456.e113_350", "pdbset": null, "lrpepxh": -1.0, "finallr": 240.91, "lrpepelmh": -1.0, "template": "2h1l:CO(0.04,0.06,78/96,30,30)", "viralprotein_id": 13139, "lrsm": 240.91, "id": 41470516, "lrpepxv": -1.0, "lrredundpairs": -1.0, "humanprotein_id": 1336, "vphfpdID": "000904.e313_708@2h1l_A.2"}, {"lrredund": 21.3884, "lrpepelmv": 5.7054, "hphfpdID": "018111", "pdbset": null, "lrpepxh": -1.0, "finallr": 122.03, "lrpepelmh": -1.0, "template": "2gjh:AB(0.46,0.60,88/106,5,0)", "viralprotein_id": 13139, "lrsm": 1.9487, "id": 41471023, "lrpepxv": -1.0, "lrredundpairs": 0.7707, "humanprotein_id": 15404, "vphfpdID": "000904"}, {"lrredund": 19.2898, "lrpepelmv": -1.0, "hphfpdID": "012444", "pdbset": null, "lrpepxh": -1.0, "finallr": 4647.106, "lrpepelmh": -1.0, "template": "2h1l:AM(0.03,0.06,85/92,30,36)", "viralprotein_id": 13139, "lrsm": 240.91, "id": 41471101, "lrpepxv": -1.0, "lrredundpairs": 0.7707, "humanprotein_id": 2955, "vphfpdID": "000904.e313_708@2h1l_A.2"}, {"lrredund": 15.8699, "lrpepelmv": -1.0, "hphfpdID": "003962.d133_182", "pdbset": null, "lrpepxh": -1.0, "finallr": 134.8178, "lrpepelmh": -1.0, "template": "1ev0:BA(0.51,0.42,162/202,44,48)", "viralprotein_id": 13139, "lrsm": 8.4952, "id": 41471567, "lrpepxv": -1.0, "lrredundpairs": 0.7707, "humanprotein_id": 6447, "vphfpdID": "000904.e206_342@4fb3_A.2"}, {"lrredund": 19.2898, "lrpepelmv": 7.4157, "hphfpdID": "005478", "pdbset": null, "lrpepxh": -1.0, "finallr": 143.0465, "lrpepelmh": -1.0, "template": "1u7j:AB(0.29,0.51,121/147,23,13)", "viralprotein_id": 13139, "lrsm": 3.4243, "id": 41472419, "lrpepxv": -1.0, "lrredundpairs": -1.0, "humanprotein_id": 2880, "vphfpdID": "000904.e1_110"}, {"lrredund": 4.2492, "lrpepelmv": 32.9939, "hphfpdID": "017284.e489_542", "pdbset": null, "lrpepxh": -1.0, "finallr": 140.1976, "lrpepelmh": -1.0, "template": "1z1d:BA(0.13,0.41,49/93,23,37)", "viralprotein_id": 13139, "lrsm": 3.1219, "id": 41472455, "lrpepxv": -1.0, "lrredundpairs": -1.0, "humanprotein_id": 7960, "vphfpdID": "000904"}, {"lrredund": 21.3884, "lrpepelmv": -1.0, "hphfpdID": "007726.d35_188", "pdbset": null, "lrpepxh": -1.0, "finallr": 108.061, "lrpepelmh": -1.0, "template": "4axi:BA(0.58,0.59,165/407,43,48)", "viralprotein_id": 13139, "lrsm": 5.0523, "id": 41472581, "lrpepxv": -1.0, "lrredundpairs": -1.0, "humanprotein_id": 3176, "vphfpdID": "000904.e206_342@5cyn_A.4"}, {"lrredund": 21.3884, "lrpepelmv": 14.2424, "hphfpdID": "001751.e1_73", "pdbset": null, "lrpepxh": -1.0, "finallr": 304.6231, "lrpepelmh": -1.0, "template": "2qq0:BA(0.35,0.20,26/159,16,11)", "viralprotein_id": 13139, "lrsm": 1.8315, "id": 41472655, "lrpepxv": -1.0, "lrredundpairs": -1.0, "humanprotein_id": 5041, "vphfpdID": "000904"}, {"lrredund": 19.2898, "lrpepelmv": -1.0, "hphfpdID": "000172.d132_188", "pdbset": null, "lrpepxh": -1.0, "finallr": 122.2212, "lrpepelmh": -1.0, "template": "4liw:AB(0.42,0.36,127/233,41,57)", "viralprotein_id": 13139, "lrsm": 6.3361, "id": 41473083, "lrpepxv": -1.0, "lrredundpairs": 0.7707, "humanprotein_id": 2981, "vphfpdID": "000904.e206_342@4fb3_A.2"}, {"lrredund": 21.3884, "lrpepelmv": 9.3373, "hphfpdID": "001349.d2683_2962", "pdbset": null, "lrpepxh": -1.0, "finallr": 199.7102, "lrpepelmh": -1.0, "template": "1ygy:AB(0.56,0.58,1/455,0,0)", "viralprotein_id": 13139, "lrsm": 0.9682, "id": 41473336, "lrpepxv": 2.59, "lrredundpairs": -1.0, "humanprotein_id": 7312, "vphfpdID": "000904"}, {"lrredund": 15.8699, "lrpepelmv": 8.6827, "hphfpdID": "004076.d108_222", "pdbset": null, "lrpepxh": -1.0, "finallr": 137.7938, "lrpepelmh": -1.0, "template": "4bt0:BA(0.35,0.57,47/57,26,30)", "viralprotein_id": 13139, "lrsm": 2.6756, "id": 41474544, "lrpepxv": -1.0, "lrredundpairs": -1.0, "humanprotein_id": 4894, "vphfpdID": "000904"}, {"lrredund": 2.0764, "lrpepelmv": -1.0, "hphfpdID": "014176", "pdbset": null, "lrpepxh": -1.0, "finallr": 105.4708, "lrpepelmh": -1.0, "template": "1gh6:AB(0.12,0.06,73/74,17,0)", "viralprotein_id": 13139, "lrsm": 50.7951, "id": 41475135, "lrpepxv": -1.0, "lrredundpairs": 0.7707, "humanprotein_id": 4582, "vphfpdID": "000904.e1_110"}, {"lrredund": 20.9141, "lrpepelmv": -1.0, "hphfpdID": "016730", "pdbset": null, "lrpepxh": -1.0, "finallr": 111.3247, "lrpepelmh": -1.0, "template": "1ev0:BA(0.51,0.49,140/202,45,48)", "viralprotein_id": 13139, "lrsm": 5.323, "id": 41475239, "lrpepxv": -1.0, "lrredundpairs": 0.7707, "humanprotein_id": 6290, "vphfpdID": "000904.e206_342@4fb3_A.2"}, {"lrredund": 3.5815, "lrpepelmv": -1.0, "hphfpdID": "014240.e645_767", "pdbset": null, "lrpepxh": -1.0, "finallr": 219.495, "lrpepelmh": -1.0, "template": "1gh6:AB(0.12,0.02,63/74,24,27)", "viralprotein_id": 13139, "lrsm": 61.2858, "id": 41477050, "lrpepxv": 3.66, "lrredundpairs": -1.0, "humanprotein_id": 3056, "vphfpdID": "000904.e1_110"}, {"lrredund": 21.3884, "lrpepelmv": -1.0, "hphfpdID": "016869.e1196_1264", "pdbset": null, "lrpepxh": -1.0, "finallr": 116.3786, "lrpepelmh": -1.0, "template": "1yke:AB(0.41,0.37,79/187,41,35)", "viralprotein_id": 13139, "lrsm": 5.4412, "id": 41477068, "lrpepxv": -1.0, "lrredundpairs": -1.0, "humanprotein_id": 4495, "vphfpdID": "000904.e1_110"}, {"lrredund": 19.2898, "lrpepelmv": 5.7054, "hphfpdID": "002673.d6_152", "pdbset": null, "lrpepxh": -1.0, "finallr": 110.0565, "lrpepelmh": -1.0, "template": "2gjh:BA(0.48,0.55,89/106,17,2)", "viralprotein_id": 13139, "lrsm": 1.9487, "id": 41477451, "lrpepxv": -1.0, "lrredundpairs": 0.7707, "humanprotein_id": 4427, "vphfpdID": "000904"}, {"lrredund": 15.8699, "lrpepelmv": 14.0867, "hphfpdID": "007144.e56_156", "pdbset": null, "lrpepxh": -1.0, "finallr": 223.5545, "lrpepelmh": -1.0, "template": "2gjh:BA(0.48,0.59,62/106,16,0)", "viralprotein_id": 13139, "lrsm": 1.4802, "id": 41478419, "lrpepxv": -1.0, "lrredundpairs": -1.0, "humanprotein_id": 6385, "vphfpdID": "000904"}, {"lrredund": 4.2492, "lrpepelmv": 32.9939, "hphfpdID": "017283.e380_439", "pdbset": null, "lrpepxh": -1.0, "finallr": 140.1976, "lrpepelmh": -1.0, "template": "1gh6:AB(0.12,0.51,57/74,30,38)", "viralprotein_id": 13139, "lrsm": 2.0697, "id": 41478490, "lrpepxv": 2.59, "lrredundpairs": -1.0, "humanprotein_id": 5846, "vphfpdID": "000904.e1_110"}, {"lrredund": 15.8699, "lrpepelmv": -1.0, "hphfpdID": "011519.e1_119", "pdbset": null, "lrpepxh": -1.0, "finallr": 100.5525, "lrpepelmh": -1.0, "template": "2zp9:BA(0.32,0.47,129/182,46,52)", "viralprotein_id": 13139, "lrsm": 6.3361, "id": 41479286, "lrpepxv": -1.0, "lrredundpairs": -1.0, "humanprotein_id": 3074, "vphfpdID": "000904.e206_342@4gdf_A.6"}, {"lrredund": 4.2492, "lrpepelmv": -1.0, "hphfpdID": "008899", "pdbset": null, "lrpepxh": -1.0, "finallr": 101.404, "lrpepelmh": -1.0, "template": "2orv:BA(0.34,0.00,138/214,55,67)", "viralprotein_id": 13139, "lrsm": 23.8643, "id": 41479378, "lrpepxv": -1.0, "lrredundpairs": -1.0, "humanprotein_id": 2925, "vphfpdID": "000904.e313_708@2h1l_A.2"}, {"lrredund": 21.3884, "lrpepelmv": 14.0867, "hphfpdID": "016615.d116_248", "pdbset": null, "lrpepxh": -1.0, "finallr": 301.2919, "lrpepelmh": -1.0, "template": "1y74:BC(0.42,0.60,168/210,49,57)", "viralprotein_id": 13139, "lrsm": 8.0633, "id": 41479678, "lrpepxv": -1.0, "lrredundpairs": -1.0, "humanprotein_id": 5095, "vphfpdID": "000904.e1_110"}, {"lrredund": 21.3884, "lrpepelmv": -1.0, "hphfpdID": "017281.d510_649", "pdbset": null, "lrpepxh": -1.0, "finallr": 438.3311, "lrpepelmh": -1.0, "template": "1svm:FA(0.03,0.36,100/211,44,59)", "viralprotein_id": 13139, "lrsm": 20.4939, "id": 41480047, "lrpepxv": -1.0, "lrredundpairs": -1.0, "humanprotein_id": 5906, "vphfpdID": "000904.e313_708@2h1l_A.2"}, {"lrredund": 20.9141, "lrpepelmv": -1.0, "hphfpdID": "006178.e1631_1722", "pdbset": null, "lrpepxh": -1.0, "finallr": 125.499, "lrpepelmh": -1.0, "template": "2xmv:CF(0.26,0.13,4/4,3,0)", "viralprotein_id": 13139, "lrsm": 6.0007, "id": 41480113, "lrpepxv": -1.0, "lrredundpairs": -1.0, "humanprotein_id": 2856, "vphfpdID": "000904.e206_342@2nl8_A.8"}]