[{"lrredund": 2.0764, "lrpepelmv": 65.3909, "hphfpdID": "000005", "pdbset": null, "lrpepxh": -1.0, "finallr": 135.7776, "lrpepelmh": -1.0, "template": "2y3h:BA(0.21,0.56,8/8,6,5)", "viralprotein_id": 13156, "lrsm": 1.5932, "id": 68783519, "lrpepxv": -1.0, "lrredundpairs": -1.0, "humanprotein_id": 4794, "vphfpdID": "000918.e64_189"}, {"lrredund": -1.0, "lrpepelmv": -1.0, "hphfpdID": "001043.e136_341", "pdbset": null, "lrpepxh": -1.0, "finallr": 116.6889, "lrpepelmh": -1.0, "template": "1i4d:BA(0.03,0.04,45/183,28,38)", "viralprotein_id": 13156, "lrsm": 151.4063, "id": 68783684, "lrpepxv": -1.0, "lrredundpairs": 0.7707, "humanprotein_id": 5795, "vphfpdID": "000918.e1_90@1gh6_A.2"}, {"lrredund": 15.8699, "lrpepelmv": 65.3909, "hphfpdID": "000007", "pdbset": null, "lrpepxh": -1.0, "finallr": 1037.746, "lrpepelmh": -1.0, "template": "2x2v:FG(0.54,0.59,117/161,33,10)", "viralprotein_id": 13156, "lrsm": 1.6435, "id": 68783752, "lrpepxv": -1.0, "lrredundpairs": -1.0, "humanprotein_id": 6393, "vphfpdID": "000918"}, {"lrredund": 3.5815, "lrpepelmv": -1.0, "hphfpdID": "013405", "pdbset": null, "lrpepxh": -1.0, "finallr": 137.9475, "lrpepelmh": -1.0, "template": "2o8a:IA(0.10,0.08,57/198,29,39)", "viralprotein_id": 13156, "lrsm": 38.5167, "id": 68783950, "lrpepxv": -1.0, "lrredundpairs": -1.0, "humanprotein_id": 6434, "vphfpdID": "000918.e1_90@2pf4_E.1"}, {"lrredund": 1.0145, "lrpepelmv": -1.0, "hphfpdID": "015752.d139_191", "pdbset": null, "lrpepxh": -1.0, "finallr": 100.6411, "lrpepelmh": -1.0, "template": "3zx6:BA(0.05,0.03,1/531,2,1)", "viralprotein_id": 13156, "lrsm": 99.2027, "id": 68784219, "lrpepxv": -1.0, "lrredundpairs": -1.0, "humanprotein_id": 1614, "vphfpdID": "000918.e1_90@1gh6_A.2"}, {"lrredund": 15.8699, "lrpepelmv": -1.0, "hphfpdID": "016613.e122_316", "pdbset": null, "lrpepxh": -1.0, "finallr": 154.4721, "lrpepelmh": -1.0, "template": "4adz:AB(0.59,0.46,88/104,41,55)", "viralprotein_id": 13156, "lrsm": 9.7337, "id": 68784834, "lrpepxv": -1.0, "lrredundpairs": -1.0, "humanprotein_id": 5161, "vphfpdID": "000918.e1_90@1gh6_A.2"}, {"lrredund": 3.5815, "lrpepelmv": -1.0, "hphfpdID": "013398.d58_126", "pdbset": null, "lrpepxh": -1.0, "finallr": 355.2943, "lrpepelmh": -1.0, "template": "2o8a:IA(0.10,0.00,10/198,8,8)", "viralprotein_id": 13156, "lrsm": 99.2027, "id": 68785043, "lrpepxv": -1.0, "lrredundpairs": 0.7707, "humanprotein_id": 6304, "vphfpdID": "000918.e1_90@2pf4_E.1"}, {"lrredund": -1.0, "lrpepelmv": -1.0, "hphfpdID": "013400.d58_251", "pdbset": null, "lrpepxh": -1.0, "finallr": 116.6889, "lrpepelmh": -1.0, "template": "2o8a:IA(0.10,0.00,37/198,22,29)", "viralprotein_id": 13156, "lrsm": 151.4063, "id": 68785125, "lrpepxv": -1.0, "lrredundpairs": 0.7707, "humanprotein_id": 5008, "vphfpdID": "000918.e1_90@2pf4_E.1"}, {"lrredund": 3.5815, "lrpepelmv": 65.3909, "hphfpdID": "000001", "pdbset": null, "lrpepxh": -1.0, "finallr": 234.1974, "lrpepelmh": -1.0, "template": "2guz:FB(0.37,0.30,45/55,24,17)", "viralprotein_id": 13156, "lrsm": 3.1848, "id": 68785155, "lrpepxv": -1.0, "lrredundpairs": -1.0, "humanprotein_id": 4793, "vphfpdID": "000918"}, {"lrredund": 15.8699, "lrpepelmv": -1.0, "hphfpdID": "004136.d455_590", "pdbset": null, "lrpepxh": -1.0, "finallr": 162.588, "lrpepelmh": -1.0, "template": "3mq1:DC(0.49,0.59,51/132,41,35)", "viralprotein_id": 13156, "lrsm": 10.2451, "id": 68785270, "lrpepxv": -1.0, "lrredundpairs": -1.0, "humanprotein_id": 7444, "vphfpdID": "000918.e1_90@2pf4_E.1"}, {"lrredund": 1.0145, "lrpepelmv": -1.0, "hphfpdID": "002980.d211_274", "pdbset": null, "lrpepxh": -1.0, "finallr": 100.6411, "lrpepelmh": -1.0, "template": "3zx6:BA(0.05,0.03,1/531,2,1)", "viralprotein_id": 13156, "lrsm": 99.2027, "id": 68785521, "lrpepxv": -1.0, "lrredundpairs": -1.0, "humanprotein_id": 11738, "vphfpdID": "000918.e1_90@1gh6_A.2"}, {"lrredund": 20.9141, "lrpepelmv": -1.0, "hphfpdID": "018500.d533_608", "pdbset": null, "lrpepxh": -1.0, "finallr": 100.4723, "lrpepelmh": -1.0, "template": "1yd8:GV(0.55,0.03,43/53,26,29)", "viralprotein_id": 13156, "lrsm": 4.804, "id": 68785972, "lrpepxv": -1.0, "lrredundpairs": -1.0, "humanprotein_id": 3463, "vphfpdID": "000918.e1_90@1gh6_A.2"}, {"lrredund": 21.3884, "lrpepelmv": 6.3442, "hphfpdID": "001349", "pdbset": null, "lrpepxh": -1.0, "finallr": 135.6925, "lrpepelmh": -1.0, "template": "", "viralprotein_id": 13156, "lrsm": -1.0, "id": 68786179, "lrpepxv": -1.0, "lrredundpairs": -1.0, "humanprotein_id": 7312, "vphfpdID": "000918"}, {"lrredund": 4.2492, "lrpepelmv": 65.3909, "hphfpdID": "000004", "pdbset": null, "lrpepxh": -1.0, "finallr": 277.8589, "lrpepelmh": -1.0, "template": "3k1s:FH(0.32,0.45,48/57,20,10)", "viralprotein_id": 13156, "lrsm": 1.5932, "id": 68788115, "lrpepxv": -1.0, "lrredundpairs": -1.0, "humanprotein_id": 6298, "vphfpdID": "000918.e64_189"}, {"lrredund": 21.3884, "lrpepelmv": -1.0, "hphfpdID": "000172.d365_549", "pdbset": null, "lrpepxh": -1.0, "finallr": 261.0853, "lrpepelmh": -1.0, "template": "3q8x:CA(0.34,0.39,91/106,46,53)", "viralprotein_id": 13156, "lrsm": 12.2069, "id": 68788165, "lrpepxv": -1.0, "lrredundpairs": 0.7707, "humanprotein_id": 2981, "vphfpdID": "000918.e1_90@1gh6_A.2"}, {"lrredund": 21.3884, "lrpepelmv": 65.3909, "hphfpdID": "000002", "pdbset": null, "lrpepxh": -1.0, "finallr": 1398.606, "lrpepelmh": -1.0, "template": "2guz:FB(0.37,0.39,45/55,21,12)", "viralprotein_id": 13156, "lrsm": 3.1848, "id": 68788226, "lrpepxv": -1.0, "lrredundpairs": -1.0, "humanprotein_id": 6315, "vphfpdID": "000918"}, {"lrredund": 15.8699, "lrpepelmv": 7.4157, "hphfpdID": "005478.e180_309", "pdbset": null, "lrpepxh": -1.0, "finallr": 117.6857, "lrpepelmh": -1.0, "template": "2guz:PB(0.38,0.56,1/1,1,0)", "viralprotein_id": 13156, "lrsm": 1.3385, "id": 68788671, "lrpepxv": -1.0, "lrredundpairs": -1.0, "humanprotein_id": 2880, "vphfpdID": "000918"}, {"lrredund": 15.8699, "lrpepelmv": 11.4911, "hphfpdID": "016466.e142_262", "pdbset": null, "lrpepxh": -1.0, "finallr": 182.3629, "lrpepelmh": -1.0, "template": "4fxe:CD(0.37,0.53,23/53,10,4)", "viralprotein_id": 13156, "lrsm": 1.2265, "id": 68789084, "lrpepxv": -1.0, "lrredundpairs": 0.7707, "humanprotein_id": 3727, "vphfpdID": "000918.e64_189"}, {"lrredund": 21.3884, "lrpepelmv": -1.0, "hphfpdID": "003601.d29_916", "pdbset": null, "lrpepxh": -1.0, "finallr": 128.3451, "lrpepelmh": -1.0, "template": "2pf4:EC(0.02,0.37,25/25,9,4)", "viralprotein_id": 13156, "lrsm": 6.0007, "id": 68789108, "lrpepxv": -1.0, "lrredundpairs": -1.0, "humanprotein_id": 5808, "vphfpdID": "000918"}, {"lrredund": 15.8699, "lrpepelmv": -1.0, "hphfpdID": "001509", "pdbset": null, "lrpepxh": -1.0, "finallr": 162.7466, "lrpepelmh": -1.0, "template": "4akn:BA(0.58,0.41,89/109,41,55)", "viralprotein_id": 13156, "lrsm": 10.255, "id": 68789409, "lrpepxv": -1.0, "lrredundpairs": 0.7707, "humanprotein_id": 2598, "vphfpdID": "000918.e1_90@1gh6_A.2"}, {"lrredund": 2.3254, "lrpepelmv": 65.3909, "hphfpdID": "000003", "pdbset": null, "lrpepxh": -1.0, "finallr": 152.0599, "lrpepelmh": -1.0, "template": "3k1s:DB(0.30,0.21,23/30,3,0)", "viralprotein_id": 13156, "lrsm": 2.2022, "id": 68790219, "lrpepxv": -1.0, "lrredundpairs": -1.0, "humanprotein_id": 6857, "vphfpdID": "000918.e64_189"}, {"lrredund": 15.8699, "lrpepelmv": -1.0, "hphfpdID": "007744.d499_701", "pdbset": null, "lrpepxh": -1.0, "finallr": 193.7217, "lrpepelmh": -1.0, "template": "3q8x:CA(0.34,0.43,86/106,44,44)", "viralprotein_id": 13156, "lrsm": 12.2069, "id": 68791980, "lrpepxv": -1.0, "lrredundpairs": -1.0, "humanprotein_id": 4876, "vphfpdID": "000918.e1_90@1gh6_A.2"}, {"lrredund": -1.0, "lrpepelmv": -1.0, "hphfpdID": "017851", "pdbset": null, "lrpepxh": -1.0, "finallr": 117.823, "lrpepelmh": -1.0, "template": "3zx6:BA(0.05,0.02,1/531,2,1)", "viralprotein_id": 13156, "lrsm": 99.2027, "id": 68792272, "lrpepxv": -1.0, "lrredundpairs": 1.1877, "humanprotein_id": 5436, "vphfpdID": "000918.e1_90@1gh6_A.2"}, {"lrredund": 3.5815, "lrpepelmv": -1.0, "hphfpdID": "016017.e1390_1566", "pdbset": null, "lrpepxh": -1.0, "finallr": 284.7186, "lrpepelmh": -1.0, "template": "2e3k:AC(0.59,0.08,59/68,41,52)", "viralprotein_id": 13156, "lrsm": 79.497, "id": 68792350, "lrpepxv": -1.0, "lrredundpairs": -1.0, "humanprotein_id": 5648, "vphfpdID": "000918.e1_90@1gh6_A.2"}, {"lrredund": 15.8699, "lrpepelmv": 65.3909, "hphfpdID": "000006", "pdbset": null, "lrpepxh": -1.0, "finallr": 1037.746, "lrpepelmh": -1.0, "template": "3l8r:AB(0.45,0.34,42/80,21,16)", "viralprotein_id": 13156, "lrsm": 2.0697, "id": 68792382, "lrpepxv": -1.0, "lrredundpairs": 0.7707, "humanprotein_id": 4514, "vphfpdID": "000918"}, {"lrredund": 4.2492, "lrpepelmv": -1.0, "hphfpdID": "014240.e645_767", "pdbset": null, "lrpepxh": -1.0, "finallr": 421.532, "lrpepelmh": -1.0, "template": "1gh6:AB(0.08,0.02,1/74,2,1)", "viralprotein_id": 13156, "lrsm": 99.2027, "id": 68793096, "lrpepxv": -1.0, "lrredundpairs": -1.0, "humanprotein_id": 3056, "vphfpdID": "000918.e1_90@1gh6_A.2"}, {"lrredund": 15.8699, "lrpepelmv": -1.0, "hphfpdID": "005354.d1048_1156", "pdbset": null, "lrpepxh": -1.0, "finallr": 193.7217, "lrpepelmh": -1.0, "template": "2wp1:AB(0.58,0.11,71/86,41,51)", "viralprotein_id": 13156, "lrsm": 12.2069, "id": 68794136, "lrpepxv": -1.0, "lrredundpairs": 0.7707, "humanprotein_id": 7033, "vphfpdID": "000918.e1_90@2pf4_E.1"}, {"lrredund": 2.0764, "lrpepelmv": -1.0, "hphfpdID": "000086.d187_322", "pdbset": null, "lrpepxh": -1.0, "finallr": 247.6745, "lrpepelmh": -1.0, "template": "2pf4:EB(0.02,0.07,13/17,10,11)", "viralprotein_id": 13156, "lrsm": 119.2807, "id": 68794640, "lrpepxv": -1.0, "lrredundpairs": 0.7707, "humanprotein_id": 4656, "vphfpdID": "000918"}, {"lrredund": 21.3884, "lrpepelmv": 8.8544, "hphfpdID": "016615.d116_248", "pdbset": null, "lrpepxh": -1.0, "finallr": 405.3783, "lrpepelmh": -1.0, "template": "1em1:BA(0.60,0.40,60/120,42,50)", "viralprotein_id": 13156, "lrsm": 18.9532, "id": 68794811, "lrpepxv": -1.0, "lrredundpairs": -1.0, "humanprotein_id": 5095, "vphfpdID": "000918"}, {"lrredund": 4.0064, "lrpepelmv": 50.5585, "hphfpdID": "014240.e645_767", "pdbset": null, "lrpepxh": -1.0, "finallr": 965.182, "lrpepelmh": -1.0, "template": "1gh6:AB(0.05,0.02,64/74,25,29)", "viralprotein_id": 13159, "lrsm": 240.91, "id": 87756724, "lrpepxv": -1.0, "lrredundpairs": -1.0, "humanprotein_id": 3056, "vphfpdID": "000920@1gh6_A.8"}, {"lrredund": 2.3254, "lrpepelmv": -1.0, "hphfpdID": "007319.d18_91", "pdbset": null, "lrpepxh": -1.0, "finallr": 112.5303, "lrpepelmh": -1.0, "template": "1zbb:HG(0.38,0.00,55/256,41,40)", "viralprotein_id": 13159, "lrsm": 48.3918, "id": 87756838, "lrpepxv": -1.0, "lrredundpairs": 1.1877, "humanprotein_id": 2969, "vphfpdID": "000920@1gh6_A.8"}, {"lrredund": 3.7695, "lrpepelmv": -1.0, "hphfpdID": "012453.e163_396", "pdbset": null, "lrpepxh": -1.0, "finallr": 231.0167, "lrpepelmh": -1.0, "template": "2h1l:BN(0.02,0.10,80/99,23,19)", "viralprotein_id": 13159, "lrsm": 61.2858, "id": 87756866, "lrpepxv": -1.0, "lrredundpairs": 0.7707, "humanprotein_id": 16839, "vphfpdID": "000920.e282_680@2h1l_A.2"}, {"lrredund": 21.3884, "lrpepelmv": 65.3909, "hphfpdID": "000006", "pdbset": null, "lrpepxh": -1.0, "finallr": 1398.606, "lrpepelmh": -1.0, "template": "2lrl:DA(0.60,0.40,34/53,12,9)", "viralprotein_id": 13159, "lrsm": 1.2265, "id": 87756954, "lrpepxv": -1.0, "lrredundpairs": 20.9141, "humanprotein_id": 4514, "vphfpdID": "000920.e184_315@4gdf_A.3"}, {"lrredund": 3.124, "lrpepelmv": -1.0, "hphfpdID": "012456.e113_350", "pdbset": null, "lrpepxh": -1.0, "finallr": 752.603, "lrpepelmh": -1.0, "template": "2h1l:BN(0.02,0.07,82/99,30,22)", "viralprotein_id": 13159, "lrsm": 240.91, "id": 87757020, "lrpepxv": -1.0, "lrredundpairs": 0.7707, "humanprotein_id": 1336, "vphfpdID": "000920.e282_680@2h1l_A.2"}, {"lrredund": 21.3884, "lrpepelmv": -1.0, "hphfpdID": "017046.e213_686", "pdbset": null, "lrpepxh": -1.0, "finallr": 274.8026, "lrpepelmh": -1.0, "template": "3si7:AB(0.53,0.25,54/209,41,36)", "viralprotein_id": 13159, "lrsm": 12.8482, "id": 87757021, "lrpepxv": -1.0, "lrredundpairs": 0.7707, "humanprotein_id": 6818, "vphfpdID": "000920.e282_680@2h1l_A.2"}, {"lrredund": 21.3884, "lrpepelmv": 5.7054, "hphfpdID": "018111", "pdbset": null, "lrpepxh": -1.0, "finallr": 122.03, "lrpepelmh": -1.0, "template": "2gjh:AB(0.34,0.60,86/106,9,1)", "viralprotein_id": 13159, "lrsm": 2.0531, "id": 87757473, "lrpepxv": -1.0, "lrredundpairs": 21.3884, "humanprotein_id": 15404, "vphfpdID": "000920.e184_315@3qfq_A.2"}, {"lrredund": 2.3254, "lrpepelmv": 3.0295, "hphfpdID": "002495.d62_132", "pdbset": null, "lrpepxh": -1.0, "finallr": 100.0323, "lrpepelmh": -1.0, "template": "1gh6:AB(0.05,0.14,32/74,25,31)", "viralprotein_id": 13159, "lrsm": 43.0172, "id": 87757610, "lrpepxv": -1.0, "lrredundpairs": 0.7707, "humanprotein_id": 4402, "vphfpdID": "000920@1gh6_A.8"}, {"lrredund": 21.3884, "lrpepelmv": -1.0, "hphfpdID": "011137.e1_121", "pdbset": null, "lrpepxh": -1.0, "finallr": 146.3215, "lrpepelmh": -1.0, "template": "1svm:FA(0.02,0.49,71/211,43,57)", "viralprotein_id": 13159, "lrsm": 6.8412, "id": 87757797, "lrpepxv": -1.0, "lrredundpairs": -1.0, "humanprotein_id": 8207, "vphfpdID": "000920.e282_680@2h1l_A.2"}, {"lrredund": 20.9141, "lrpepelmv": 14.0845, "hphfpdID": "016615.d116_248", "pdbset": null, "lrpepxh": -1.0, "finallr": 396.3888, "lrpepelmh": -1.0, "template": "3mq1:DC(0.44,0.54,58/132,44,40)", "viralprotein_id": 13159, "lrsm": 18.9532, "id": 87757802, "lrpepxv": -1.0, "lrredundpairs": -1.0, "humanprotein_id": 5095, "vphfpdID": "000920.e1_63@2pf4_E.1"}, {"lrredund": 21.3884, "lrpepelmv": 9.3373, "hphfpdID": "001349.d2679_3055", "pdbset": null, "lrpepxh": -1.0, "finallr": 199.7102, "lrpepelmh": -1.0, "template": "3kvp:FB(0.50,0.49,31/67,14,4)", "viralprotein_id": 13159, "lrsm": 1.2265, "id": 87758250, "lrpepxv": -1.0, "lrredundpairs": 0.7707, "humanprotein_id": 7312, "vphfpdID": "000920.e184_315@4gdf_A.3"}, {"lrredund": 20.9141, "lrpepelmv": 65.3909, "hphfpdID": "000007", "pdbset": null, "lrpepxh": -1.0, "finallr": 1367.591, "lrpepelmh": -1.0, "template": "1gvn:AC(0.20,0.43,94/114,28,1)", "viralprotein_id": 13159, "lrsm": 2.9486, "id": 87758929, "lrpepxv": -1.0, "lrredundpairs": 20.9141, "humanprotein_id": 6393, "vphfpdID": "000920.e1_63@1gh6_A.2"}, {"lrredund": 20.9141, "lrpepelmv": -1.0, "hphfpdID": "018501.e80_165", "pdbset": null, "lrpepxh": -1.0, "finallr": 113.7978, "lrpepelmh": -1.0, "template": "1wrd:AB(0.59,0.11,63/130,41,49)", "viralprotein_id": 13159, "lrsm": 5.4412, "id": 87758954, "lrpepxv": -1.0, "lrredundpairs": 20.9141, "humanprotein_id": 1286, "vphfpdID": "000920.e1_63@1gh6_A.2"}, {"lrredund": 19.2898, "lrpepelmv": -1.0, "hphfpdID": "004138.e667_768", "pdbset": null, "lrpepxh": -1.0, "finallr": 355.1866, "lrpepelmh": -1.0, "template": "1z1d:BA(0.20,0.20,82/93,41,71)", "viralprotein_id": 13159, "lrsm": 18.4132, "id": 87759249, "lrpepxv": -1.0, "lrredundpairs": -1.0, "humanprotein_id": 7446, "vphfpdID": "000920@4gdf_A.1"}, {"lrredund": 20.9141, "lrpepelmv": -1.0, "hphfpdID": "005354.d1990_2099", "pdbset": null, "lrpepxh": -1.0, "finallr": 527.7975, "lrpepelmh": -1.0, "template": "3ter:AB(0.10,0.02,1/95,2,1)", "viralprotein_id": 13159, "lrsm": 25.2364, "id": 87759504, "lrpepxv": -1.0, "lrredundpairs": 0.7707, "humanprotein_id": 7033, "vphfpdID": "000920.e1_63@1gh6_A.2"}, {"lrredund": 21.3884, "lrpepelmv": -1.0, "hphfpdID": "014262.e226_317", "pdbset": null, "lrpepxh": -1.0, "finallr": 113.8494, "lrpepelmh": -1.0, "template": "1y76:CB(0.48,0.41,124/222,45,83)", "viralprotein_id": 13159, "lrsm": 5.323, "id": 87759842, "lrpepxv": -1.0, "lrredundpairs": -1.0, "humanprotein_id": 5865, "vphfpdID": "000920@1gh6_A.8"}, {"lrredund": 21.3884, "lrpepelmv": -1.0, "hphfpdID": "017281.d474_687", "pdbset": null, "lrpepxh": -1.0, "finallr": 1035.023, "lrpepelmh": -1.0, "template": "3cf0:MB(0.33,0.00,60/263,43,45)", "viralprotein_id": 13159, "lrsm": 48.3918, "id": 87759865, "lrpepxv": -1.0, "lrredundpairs": -1.0, "humanprotein_id": 5906, "vphfpdID": "000920.d464_593@5j47_A.3"}, {"lrredund": 3.8142, "lrpepelmv": -1.0, "hphfpdID": "007334.e1_91", "pdbset": null, "lrpepxh": -1.0, "finallr": 184.576, "lrpepelmh": -1.0, "template": "1zbb:HG(0.38,0.01,55/256,41,40)", "viralprotein_id": 13159, "lrsm": 48.3918, "id": 87760309, "lrpepxv": -1.0, "lrredundpairs": 1.1877, "humanprotein_id": 3921, "vphfpdID": "000920@1gh6_A.8"}, {"lrredund": 21.3884, "lrpepelmv": -1.0, "hphfpdID": "007197.e1_403", "pdbset": null, "lrpepxh": -1.0, "finallr": 102.7509, "lrpepelmh": -1.0, "template": "3a8y:CA(0.47,0.13,50/62,33,35)", "viralprotein_id": 13159, "lrsm": 4.804, "id": 87760573, "lrpepxv": -1.0, "lrredundpairs": 20.9141, "humanprotein_id": 3620, "vphfpdID": "000920.e1_63@1gh6_A.2"}, {"lrredund": 15.8699, "lrpepelmv": -1.0, "hphfpdID": "013899", "pdbset": null, "lrpepxh": -1.0, "finallr": 203.9044, "lrpepelmh": -1.0, "template": "3cim:CB(0.43,0.48,193/238,22,2)", "viralprotein_id": 13159, "lrsm": 12.8485, "id": 87760927, "lrpepxv": -1.0, "lrredundpairs": 1.1877, "humanprotein_id": 1240, "vphfpdID": "000920.e184_315@3qfq_A.2"}, {"lrredund": 2.409, "lrpepelmv": 50.5585, "hphfpdID": "014176", "pdbset": null, "lrpepxh": -1.0, "finallr": 238.9792, "lrpepelmh": -1.0, "template": "1gh6:AB(0.01,0.06,6/74,2,0)", "viralprotein_id": 13159, "lrsm": 99.2027, "id": 87760947, "lrpepxv": -1.0, "lrredundpairs": 0.7707, "humanprotein_id": 4582, "vphfpdID": "000920.e1_63@1gh6_A.2"}, {"lrredund": 2.3254, "lrpepelmv": 50.5585, "hphfpdID": "014178", "pdbset": null, "lrpepxh": -1.0, "finallr": 142.5139, "lrpepelmh": -1.0, "template": "1gh6:AB(0.05,0.13,61/74,27,35)", "viralprotein_id": 13159, "lrsm": 61.2858, "id": 87761037, "lrpepxv": -1.0, "lrredundpairs": 0.7707, "humanprotein_id": 7007, "vphfpdID": "000920@1gh6_A.8"}, {"lrredund": 21.3884, "lrpepelmv": -1.0, "hphfpdID": "003601.d29_916", "pdbset": null, "lrpepxh": -1.0, "finallr": 117.6084, "lrpepelmh": -1.0, "template": "2pf4:HC(0.01,0.37,17/23,6,4)", "viralprotein_id": 13159, "lrsm": 5.4987, "id": 87761220, "lrpepxv": -1.0, "lrredundpairs": -1.0, "humanprotein_id": 5808, "vphfpdID": "000920.e1_63@2pf4_E.1"}, {"lrredund": 19.2898, "lrpepelmv": -1.0, "hphfpdID": "013779", "pdbset": null, "lrpepxh": -1.0, "finallr": 187.7603, "lrpepelmh": -1.0, "template": "2qv0:BA(0.60,0.56,90/108,41,36)", "viralprotein_id": 13159, "lrsm": 9.7337, "id": 87761731, "lrpepxv": -1.0, "lrredundpairs": 0.7707, "humanprotein_id": 5896, "vphfpdID": "000920.d464_593@2h1l_A.2"}, {"lrredund": 20.9141, "lrpepelmv": -1.0, "hphfpdID": "012444", "pdbset": null, "lrpepxh": -1.0, "finallr": 5038.416, "lrpepelmh": -1.0, "template": "2h1l:AM(0.01,0.06,85/92,29,33)", "viralprotein_id": 13159, "lrsm": 240.91, "id": 87761816, "lrpepxv": -1.0, "lrredundpairs": 20.9141, "humanprotein_id": 2955, "vphfpdID": "000920.e282_680@2h1l_A.2"}, {"lrredund": 1.7092, "lrpepelmv": -1.0, "hphfpdID": "015891.d180_236", "pdbset": null, "lrpepxh": -1.0, "finallr": 169.5572, "lrpepelmh": -1.0, "template": "4myy:AB(0.06,0.04,21/159,16,20)", "viralprotein_id": 13159, "lrsm": 99.2027, "id": 87761817, "lrpepxv": -1.0, "lrredundpairs": -1.0, "humanprotein_id": 1963, "vphfpdID": "000920.e1_63@1gh6_A.2"}, {"lrredund": 4.2492, "lrpepelmv": 6.6526, "hphfpdID": "013405", "pdbset": null, "lrpepxh": -1.0, "finallr": 163.6651, "lrpepelmh": -1.0, "template": "2o8a:IA(0.10,0.08,57/198,29,41)", "viralprotein_id": 13159, "lrsm": 38.5167, "id": 87761919, "lrpepxv": -1.0, "lrredundpairs": 0.7707, "humanprotein_id": 6434, "vphfpdID": "000920.e1_63@2pf4_E.1"}, {"lrredund": 4.2492, "lrpepelmv": 32.9939, "hphfpdID": "017284.e489_542", "pdbset": null, "lrpepxh": -1.0, "finallr": 140.1976, "lrpepelmh": -1.0, "template": "1z1d:BA(0.10,0.41,49/93,25,44)", "viralprotein_id": 13159, "lrsm": 3.1219, "id": 87762204, "lrpepxv": -1.0, "lrredundpairs": -1.0, "humanprotein_id": 7960, "vphfpdID": "000920.e184_315@4gdf_A.3"}, {"lrredund": 20.9141, "lrpepelmv": 8.6827, "hphfpdID": "004076.d108_222", "pdbset": null, "lrpepxh": -1.0, "finallr": 181.5912, "lrpepelmh": -1.0, "template": "4bt0:BA(0.36,0.57,47/57,26,35)", "viralprotein_id": 13159, "lrsm": 2.6756, "id": 87762242, "lrpepxv": -1.0, "lrredundpairs": -1.0, "humanprotein_id": 4894, "vphfpdID": "000920.e282_680@4gdf_A.1"}, {"lrredund": 21.3884, "lrpepelmv": 65.3909, "hphfpdID": "000002", "pdbset": null, "lrpepxh": -1.0, "finallr": 1398.606, "lrpepelmh": -1.0, "template": "2b05:CE(0.33,0.03,51/60,33,43)", "viralprotein_id": 13159, "lrsm": 11.9953, "id": 87762462, "lrpepxv": -1.0, "lrredundpairs": 20.9141, "humanprotein_id": 6315, "vphfpdID": "000920.e1_63@2pf4_E.1"}, {"lrredund": 3.124, "lrpepelmv": 65.3909, "hphfpdID": "000005", "pdbset": null, "lrpepxh": -1.0, "finallr": 204.281, "lrpepelmh": -1.0, "template": "2b05:CE(0.33,0.03,51/60,32,43)", "viralprotein_id": 13159, "lrsm": 11.9953, "id": 87762618, "lrpepxv": -1.0, "lrredundpairs": 3.124, "humanprotein_id": 4794, "vphfpdID": "000920.e1_63@2pf4_E.1"}, {"lrredund": 2.3254, "lrpepelmv": -1.0, "hphfpdID": "007321.d18_91", "pdbset": null, "lrpepxh": -1.0, "finallr": 112.5303, "lrpepelmh": -1.0, "template": "1zbb:HG(0.38,0.00,55/256,41,40)", "viralprotein_id": 13159, "lrsm": 48.3918, "id": 87762673, "lrpepxv": -1.0, "lrredundpairs": 1.1877, "humanprotein_id": 4186, "vphfpdID": "000920@1gh6_A.8"}, {"lrredund": 20.9141, "lrpepelmv": 7.4157, "hphfpdID": "005478.d350_517", "pdbset": null, "lrpepxh": -1.0, "finallr": 155.0917, "lrpepelmh": -1.0, "template": "1xmq:FO(0.41,0.58,2/2,3,2)", "viralprotein_id": 13159, "lrsm": 1.3385, "id": 87762764, "lrpepxv": -1.0, "lrredundpairs": 20.9141, "humanprotein_id": 2880, "vphfpdID": "000920.e184_315@4gdf_A.3"}, {"lrredund": 4.0064, "lrpepelmv": 32.9939, "hphfpdID": "017283", "pdbset": null, "lrpepxh": -1.0, "finallr": 132.1866, "lrpepelmh": -1.0, "template": "4hwh:DA(0.58,0.52,39/43,21,17)", "viralprotein_id": 13159, "lrsm": 2.5395, "id": 87763025, "lrpepxv": -1.0, "lrredundpairs": -1.0, "humanprotein_id": 5846, "vphfpdID": "000920@2pf4_E.9"}, {"lrredund": 21.3884, "lrpepelmv": 14.0845, "hphfpdID": "016613.e557_714", "pdbset": null, "lrpepxh": -1.0, "finallr": 301.2446, "lrpepelmh": -1.0, "template": "3ny0:AD(0.58,0.59,95/114,22,27)", "viralprotein_id": 13159, "lrsm": 2.3512, "id": 87763065, "lrpepxv": -1.0, "lrredundpairs": -1.0, "humanprotein_id": 5161, "vphfpdID": "000920.e184_315@4gdf_A.3"}, {"lrredund": 21.3884, "lrpepelmv": 9.677, "hphfpdID": "001751.e1_73", "pdbset": null, "lrpepxh": -1.0, "finallr": 206.9754, "lrpepelmh": -1.0, "template": "2qq0:BA(0.34,0.20,24/159,22,21)", "viralprotein_id": 13159, "lrsm": 2.7953, "id": 87763271, "lrpepxv": -1.0, "lrredundpairs": 0.7707, "humanprotein_id": 5041, "vphfpdID": "000920.d464_593@4gdf_A.1"}, {"lrredund": 1.7951, "lrpepelmv": -1.0, "hphfpdID": "008619", "pdbset": null, "lrpepxh": -1.0, "finallr": 119.8872, "lrpepelmh": -1.0, "template": "2qzg:CA(0.42,0.56,60/66,44,55)", "viralprotein_id": 13159, "lrsm": 66.7858, "id": 87763404, "lrpepxv": -1.0, "lrredundpairs": 1.7951, "humanprotein_id": 14107, "vphfpdID": "000920.e1_63@1gh6_A.2"}, {"lrredund": 4.2492, "lrpepelmv": 6.6526, "hphfpdID": "013398.d58_126", "pdbset": null, "lrpepxh": -1.0, "finallr": 421.532, "lrpepelmh": -1.0, "template": "2o8a:IA(0.10,0.00,10/198,8,8)", "viralprotein_id": 13159, "lrsm": 99.2027, "id": 87763540, "lrpepxv": -1.0, "lrredundpairs": 0.7707, "humanprotein_id": 6304, "vphfpdID": "000920.e1_63@2pf4_E.1"}, {"lrredund": 3.7695, "lrpepelmv": 71.0199, "hphfpdID": "018190.e238_390", "pdbset": null, "lrpepxh": -1.0, "finallr": 267.7097, "lrpepelmh": -1.0, "template": "3q8x:CA(0.20,0.35,87/106,51,53)", "viralprotein_id": 13159, "lrsm": 18.4132, "id": 87763848, "lrpepxv": -1.0, "lrredundpairs": 0.7707, "humanprotein_id": 15650, "vphfpdID": "000920.e1_63@1gh6_A.2"}, {"lrredund": 21.3884, "lrpepelmv": -1.0, "hphfpdID": "002626", "pdbset": null, "lrpepxh": -1.0, "finallr": 102.103, "lrpepelmh": -1.0, "template": "2lk6:AB(0.59,0.59,143/154,20,14)", "viralprotein_id": 13159, "lrsm": 4.7738, "id": 87764417, "lrpepxv": -1.0, "lrredundpairs": 0.7707, "humanprotein_id": 2804, "vphfpdID": "000920.e184_315@3qfq_A.2"}, {"lrredund": 2.409, "lrpepelmv": -1.0, "hphfpdID": "007327.d18_91", "pdbset": null, "lrpepxh": -1.0, "finallr": 116.5758, "lrpepelmh": -1.0, "template": "1zbb:HG(0.38,0.00,55/256,41,40)", "viralprotein_id": 13159, "lrsm": 48.3918, "id": 87764544, "lrpepxv": -1.0, "lrredundpairs": 1.1877, "humanprotein_id": 8203, "vphfpdID": "000920@1gh6_A.8"}, {"lrredund": 21.3884, "lrpepelmv": -1.0, "hphfpdID": "007744.d499_701", "pdbset": null, "lrpepxh": -1.0, "finallr": 384.7679, "lrpepelmh": -1.0, "template": "3mq1:DC(0.57,0.52,60/132,41,36)", "viralprotein_id": 13159, "lrsm": 17.9896, "id": 87764545, "lrpepxv": -1.0, "lrredundpairs": 20.9141, "humanprotein_id": 4876, "vphfpdID": "000920.e1_63@1gh6_A.2"}, {"lrredund": 1.0145, "lrpepelmv": -1.0, "hphfpdID": "016699.e1_151", "pdbset": null, "lrpepxh": -1.0, "finallr": 100.6411, "lrpepelmh": -1.0, "template": "4myy:AB(0.06,0.04,23/159,14,16)", "viralprotein_id": 13159, "lrsm": 99.2027, "id": 87764940, "lrpepxv": -1.0, "lrredundpairs": 1.1877, "humanprotein_id": 7136, "vphfpdID": "000920.e1_63@1gh6_A.2"}, {"lrredund": 20.9141, "lrpepelmv": 14.9984, "hphfpdID": "007144.d1_56", "pdbset": null, "lrpepxh": -1.0, "finallr": 313.6772, "lrpepelmh": -1.0, "template": "2kvq:EG(0.40,0.13,67/86,29,42)", "viralprotein_id": 13159, "lrsm": 3.109, "id": 87765363, "lrpepxv": -1.0, "lrredundpairs": 20.9141, "humanprotein_id": 6385, "vphfpdID": "000920.e184_315@4gdf_A.3"}, {"lrredund": 21.3884, "lrpepelmv": -1.0, "hphfpdID": "013900.e252_425", "pdbset": null, "lrpepxh": -1.0, "finallr": 219.339, "lrpepelmh": -1.0, "template": "2qv0:BA(0.60,0.37,89/108,48,57)", "viralprotein_id": 13159, "lrsm": 10.255, "id": 87765403, "lrpepxv": -1.0, "lrredundpairs": -1.0, "humanprotein_id": 4285, "vphfpdID": "000920.d464_593@2h1l_A.2"}, {"lrredund": 20.9141, "lrpepelmv": -1.0, "hphfpdID": "000172.d365_549", "pdbset": null, "lrpepxh": -1.0, "finallr": 385.0952, "lrpepelmh": -1.0, "template": "3q8x:CA(0.20,0.39,87/106,46,52)", "viralprotein_id": 13159, "lrsm": 18.4132, "id": 87765529, "lrpepxv": -1.0, "lrredundpairs": 20.9141, "humanprotein_id": 2981, "vphfpdID": "000920.e1_63@1gh6_A.2"}, {"lrredund": 19.2898, "lrpepelmv": -1.0, "hphfpdID": "013775.g545_601", "pdbset": null, "lrpepxh": -1.0, "finallr": 106.0689, "lrpepelmh": -1.0, "template": "2v6y:AB(0.21,0.16,27/51,18,15)", "viralprotein_id": 13159, "lrsm": 5.4987, "id": 87765954, "lrpepxv": -1.0, "lrredundpairs": -1.0, "humanprotein_id": 15519, "vphfpdID": "000920.e1_63@1gh6_A.2"}, {"lrredund": 20.9141, "lrpepelmv": -1.0, "hphfpdID": "005209.d243_326", "pdbset": null, "lrpepxh": -1.0, "finallr": 396.3888, "lrpepelmh": -1.0, "template": "2z4p:AD(0.37,0.50,59/93,41,43)", "viralprotein_id": 13159, "lrsm": 18.9532, "id": 87766443, "lrpepxv": -1.0, "lrredundpairs": 20.9141, "humanprotein_id": 8007, "vphfpdID": "000920.e184_315@4fb3_A.1"}, {"lrredund": 4.0064, "lrpepelmv": 65.3909, "hphfpdID": "000004", "pdbset": null, "lrpepxh": -1.0, "finallr": 261.982, "lrpepelmh": -1.0, "template": "4b3r:FO(0.37,0.58,1/1,1,0)", "viralprotein_id": 13159, "lrsm": 1.3385, "id": 87766747, "lrpepxv": -1.0, "lrredundpairs": 4.0064, "humanprotein_id": 6298, "vphfpdID": "000920.e184_315@3qfq_A.2"}, {"lrredund": 20.9141, "lrpepelmv": -1.0, "hphfpdID": "006178.e1631_1722", "pdbset": null, "lrpepxh": -1.0, "finallr": 125.499, "lrpepelmh": -1.0, "template": "2xmv:CF(0.23,0.13,4/4,3,0)", "viralprotein_id": 13159, "lrsm": 6.0007, "id": 87766772, "lrpepxv": -1.0, "lrredundpairs": -1.0, "humanprotein_id": 2856, "vphfpdID": "000920@3qfq_A.2"}, {"lrredund": 20.9141, "lrpepelmv": 5.7054, "hphfpdID": "002673.d6_152", "pdbset": null, "lrpepxh": -1.0, "finallr": 119.3239, "lrpepelmh": -1.0, "template": "2gjh:BA(0.28,0.55,88/106,24,16)", "viralprotein_id": 13159, "lrsm": 2.4771, "id": 87767861, "lrpepxv": -1.0, "lrredundpairs": 20.9141, "humanprotein_id": 4427, "vphfpdID": "000920.e184_315@4gdf_A.3"}, {"lrredund": 4.2492, "lrpepelmv": 6.6526, "hphfpdID": "013400.d58_251", "pdbset": null, "lrpepxh": -1.0, "finallr": 643.356, "lrpepelmh": -1.0, "template": "2o8a:IA(0.10,0.00,37/198,21,28)", "viralprotein_id": 13159, "lrsm": 151.4063, "id": 87767981, "lrpepxv": -1.0, "lrredundpairs": 0.7707, "humanprotein_id": 5008, "vphfpdID": "000920.e1_63@2pf4_E.1"}, {"lrredund": 2.409, "lrpepelmv": -1.0, "hphfpdID": "016422.d1592_1696", "pdbset": null, "lrpepxh": -1.0, "finallr": 191.5083, "lrpepelmh": -1.0, "template": "2qzg:CA(0.42,0.28,55/66,41,50)", "viralprotein_id": 13159, "lrsm": 79.497, "id": 87768171, "lrpepxv": -1.0, "lrredundpairs": 0.7707, "humanprotein_id": 6673, "vphfpdID": "000920.e1_63@1gh6_A.2"}, {"lrredund": 2.409, "lrpepelmv": -1.0, "hphfpdID": "007325.d18_91", "pdbset": null, "lrpepxh": -1.0, "finallr": 116.5758, "lrpepelmh": -1.0, "template": "1zbb:HG(0.38,0.00,55/256,41,40)", "viralprotein_id": 13159, "lrsm": 48.3918, "id": 87768286, "lrpepxv": -1.0, "lrredundpairs": 1.1877, "humanprotein_id": 9736, "vphfpdID": "000920@1gh6_A.8"}, {"lrredund": 20.9141, "lrpepelmv": -1.0, "hphfpdID": "011519.g120_294", "pdbset": null, "lrpepxh": -1.0, "finallr": 527.7975, "lrpepelmh": -1.0, "template": "3ter:AB(0.10,0.05,1/95,2,1)", "viralprotein_id": 13159, "lrsm": 25.2364, "id": 87768536, "lrpepxv": -1.0, "lrredundpairs": -1.0, "humanprotein_id": 3074, "vphfpdID": "000920.e1_63@1gh6_A.2"}, {"lrredund": -1.0, "lrpepelmv": -1.0, "hphfpdID": "013135.e329_519", "pdbset": null, "lrpepxh": -1.0, "finallr": 117.823, "lrpepelmh": -1.0, "template": "2i3f:BA(0.04,0.02,4/49,5,4)", "viralprotein_id": 13159, "lrsm": 99.2027, "id": 87768577, "lrpepxv": -1.0, "lrredundpairs": 1.1877, "humanprotein_id": 14849, "vphfpdID": "000920.e1_63@1gh6_A.2"}, {"lrredund": 4.2492, "lrpepelmv": -1.0, "hphfpdID": "004137.d424_568", "pdbset": null, "lrpepxh": -1.0, "finallr": 269.358, "lrpepelmh": -1.0, "template": "2xvt:DB(0.59,0.56,60/75,41,55)", "viralprotein_id": 13159, "lrsm": 63.3903, "id": 87768584, "lrpepxv": -1.0, "lrredundpairs": 4.0064, "humanprotein_id": 7445, "vphfpdID": "000920.e1_63@2pf4_E.1"}, {"lrredund": 4.2492, "lrpepelmv": 65.3909, "hphfpdID": "000001", "pdbset": null, "lrpepxh": -1.0, "finallr": 277.8589, "lrpepelmh": -1.0, "template": "", "viralprotein_id": 13159, "lrsm": -1.0, "id": 87768642, "lrpepxv": -1.0, "lrredundpairs": 0.7707, "humanprotein_id": 4793, "vphfpdID": "000920@3qfq_A.2"}, {"lrredund": 20.9141, "lrpepelmv": 4.1867, "hphfpdID": "001509", "pdbset": null, "lrpepxh": -1.0, "finallr": 100.4723, "lrpepelmh": -1.0, "template": "2v6y:BA(0.31,0.29,46/51,24,15)", "viralprotein_id": 13159, "lrsm": 4.804, "id": 87768733, "lrpepxv": -1.0, "lrredundpairs": 20.9141, "humanprotein_id": 2598, "vphfpdID": "000920.e1_63@1gh6_A.2"}, {"lrredund": 3.124, "lrpepelmv": 65.3909, "hphfpdID": "000003", "pdbset": null, "lrpepxh": -1.0, "finallr": 204.281, "lrpepelmh": -1.0, "template": "4gkj:FO(0.44,0.42,2/2,2,1)", "viralprotein_id": 13159, "lrsm": 1.3385, "id": 87768819, "lrpepxv": -1.0, "lrredundpairs": 3.124, "humanprotein_id": 6857, "vphfpdID": "000920.e184_315@3qfq_A.2"}, {"lrredund": 20.9141, "lrpepelmv": 14.9984, "hphfpdID": "016466.e85_146", "pdbset": null, "lrpepxh": -1.0, "finallr": 313.6772, "lrpepelmh": -1.0, "template": "2kvq:EG(0.40,0.15,63/86,25,37)", "viralprotein_id": 13159, "lrsm": 3.109, "id": 87768824, "lrpepxv": -1.0, "lrredundpairs": 20.9141, "humanprotein_id": 3727, "vphfpdID": "000920.e184_315@4gdf_A.3"}, {"lrredund": 4.2492, "lrpepelmv": -1.0, "hphfpdID": "000085.e463_589", "pdbset": null, "lrpepxh": -1.0, "finallr": 421.532, "lrpepelmh": -1.0, "template": "2pf4:HB(0.01,0.03,1/21,2,1)", "viralprotein_id": 13159, "lrsm": 99.2027, "id": 87769010, "lrpepxv": -1.0, "lrredundpairs": -1.0, "humanprotein_id": 4655, "vphfpdID": "000920.e1_63@2pf4_E.1"}, {"lrredund": 21.3884, "lrpepelmv": -1.0, "hphfpdID": "016859.d352_516", "pdbset": null, "lrpepxh": -1.0, "finallr": 113.8494, "lrpepelmh": -1.0, "template": "3sss:BA(0.47,0.52,127/197,41,67)", "viralprotein_id": 13159, "lrsm": 5.323, "id": 87769350, "lrpepxv": -1.0, "lrredundpairs": 0.7707, "humanprotein_id": 4494, "vphfpdID": "000920.e184_315@4fb3_A.1"}, {"lrredund": 20.9141, "lrpepelmv": -1.0, "hphfpdID": "004136.d455_590", "pdbset": null, "lrpepxh": -1.0, "finallr": 214.2662, "lrpepelmh": -1.0, "template": "3mq1:DC(0.49,0.59,51/132,41,35)", "viralprotein_id": 13159, "lrsm": 10.2451, "id": 87769984, "lrpepxv": -1.0, "lrredundpairs": 0.7707, "humanprotein_id": 7444, "vphfpdID": "000920@2pf4_E.9"}, {"lrredund": 4.2492, "lrpepelmv": -1.0, "hphfpdID": "008899", "pdbset": null, "lrpepxh": -1.0, "finallr": 101.404, "lrpepelmh": -1.0, "template": "2qqe:AB(0.33,0.04,156/241,80,127)", "viralprotein_id": 13159, "lrsm": 23.8643, "id": 87770028, "lrpepxv": -1.0, "lrredundpairs": 0.7707, "humanprotein_id": 2925, "vphfpdID": "000920.d464_593@5j47_A.3"}, {"lrredund": 4.2492, "lrpepelmv": -1.0, "hphfpdID": "007350", "pdbset": null, "lrpepxh": -1.0, "finallr": 107.2347, "lrpepelmh": -1.0, "template": "3ter:AB(0.10,0.07,1/95,2,1)", "viralprotein_id": 13159, "lrsm": 25.2364, "id": 87770334, "lrpepxv": -1.0, "lrredundpairs": 3.8142, "humanprotein_id": 8204, "vphfpdID": "000920.e1_63@1gh6_A.2"}, {"lrredund": 20.9141, "lrpepelmv": 5.7054, "hphfpdID": "007227", "pdbset": null, "lrpepxh": -1.0, "finallr": 119.3239, "lrpepelmh": -1.0, "template": "4iz7:BA(0.57,0.27,57/63,24,43)", "viralprotein_id": 13159, "lrsm": 2.6756, "id": 87770909, "lrpepxv": -1.0, "lrredundpairs": 20.9141, "humanprotein_id": 5539, "vphfpdID": "000920.e1_63@2pf4_E.1"}, {"lrredund": 20.9141, "lrpepelmv": -1.0, "hphfpdID": "016730", "pdbset": null, "lrpepxh": -1.0, "finallr": 105.6647, "lrpepelmh": -1.0, "template": "3iwb:BA(0.55,0.48,122/247,42,39)", "viralprotein_id": 13159, "lrsm": 5.0523, "id": 87771847, "lrpepxv": -1.0, "lrredundpairs": 20.9141, "humanprotein_id": 6290, "vphfpdID": "000920.e184_315@4fb3_A.1"}, {"lrredund": 21.3884, "lrpepelmv": -1.0, "hphfpdID": "007747", "pdbset": null, "lrpepxh": -1.0, "finallr": 166.0387, "lrpepelmh": -1.0, "template": "3fzh:BA(0.35,0.02,63/81,39,50)", "viralprotein_id": 13159, "lrsm": 7.763, "id": 87771893, "lrpepxv": -1.0, "lrredundpairs": 20.9141, "humanprotein_id": 3627, "vphfpdID": "000920.e1_63@1gh6_A.2"}, {"lrredund": 20.9141, "lrpepelmv": 5.7054, "hphfpdID": "003962.d133_182", "pdbset": null, "lrpepxh": -1.0, "finallr": 119.3239, "lrpepelmh": -1.0, "template": "4axj:CB(0.32,0.57,122/148,34,44)", "viralprotein_id": 13159, "lrsm": 3.4243, "id": 87771977, "lrpepxv": -1.0, "lrredundpairs": 20.9141, "humanprotein_id": 6447, "vphfpdID": "000920.e184_315@4gdf_A.3"}, {"lrredund": 2.0764, "lrpepelmv": -1.0, "hphfpdID": "007324.d18_91", "pdbset": null, "lrpepxh": -1.0, "finallr": 100.4807, "lrpepelmh": -1.0, "template": "1m1a:DC(0.37,0.02,56/255,41,46)", "viralprotein_id": 13159, "lrsm": 48.3918, "id": 87772573, "lrpepxv": -1.0, "lrredundpairs": 1.1877, "humanprotein_id": 3315, "vphfpdID": "000920@1gh6_A.8"}, {"lrredund": 2.3254, "lrpepelmv": -1.0, "hphfpdID": "000086.d187_322", "pdbset": null, "lrpepxh": -1.0, "finallr": 277.3754, "lrpepelmh": -1.0, "template": "2pf4:EB(0.02,0.07,13/17,9,7)", "viralprotein_id": 13159, "lrsm": 119.2807, "id": 87772777, "lrpepxv": -1.0, "lrredundpairs": 0.7707, "humanprotein_id": 4656, "vphfpdID": "000920.e1_63@2pf4_E.1"}, {"lrredund": 21.3884, "lrpepelmv": -1.0, "hphfpdID": "011519", "pdbset": null, "lrpepxh": -1.0, "finallr": 393.8285, "lrpepelmh": -1.0, "template": "2vtx:IJ(0.53,0.07,91/104,47,68)", "viralprotein_id": 13157, "lrsm": 18.4132, "id": 36324266, "lrpepxv": -1.0, "lrredundpairs": -1.0, "humanprotein_id": 3074, "vphfpdID": "000916.e1_302"}, {"lrredund": 21.3884, "lrpepelmv": 20.7326, "hphfpdID": "007144.d1_56", "pdbset": null, "lrpepxh": -1.0, "finallr": 1035.023, "lrpepelmh": -1.0, "template": "3bwr:CD(0.04,0.35,59/272,41,55)", "viralprotein_id": 13157, "lrsm": 48.3918, "id": 36325486, "lrpepxv": -1.0, "lrredundpairs": -1.0, "humanprotein_id": 6385, "vphfpdID": "000916.e1_302"}, {"lrredund": 21.3884, "lrpepelmv": 20.7326, "hphfpdID": "016466.e85_146", "pdbset": null, "lrpepxh": -1.0, "finallr": 443.4368, "lrpepelmh": -1.0, "template": "2lk5:AB(0.55,0.43,99/132,21,12)", "viralprotein_id": 13157, "lrsm": 1.7316, "id": 36326423, "lrpepxv": -1.0, "lrredundpairs": -1.0, "humanprotein_id": 3727, "vphfpdID": "000916.e1_302"}]