[{"lrredund": 21.3884, "lrpepelmv": -1.0, "hphfpdID": "005209.d243_326", "pdbset": null, "lrpepxh": -1.0, "finallr": 219.1254, "lrpepelmh": -1.0, "template": "2jgs:DA(0.52,0.55,49/222,44,43)", "viralprotein_id": 12243, "lrsm": 10.2451, "id": 46566293, "lrpepxv": -1.0, "lrredundpairs": -1.0, "humanprotein_id": 8007, "vphfpdID": "000049.d617_769@1r1a_1.1"}, {"lrredund": 21.3884, "lrpepelmv": -1.0, "hphfpdID": "016859.d154_710", "pdbset": null, "lrpepxh": -1.0, "finallr": 274.8026, "lrpepelmh": -1.0, "template": "1kmm:AB(0.46,0.22,58/467,41,53)", "viralprotein_id": 12243, "lrsm": 12.8482, "id": 46566445, "lrpepxv": -1.0, "lrredundpairs": -1.0, "humanprotein_id": 4494, "vphfpdID": "000049.e1_92@1pov_0.5"}, {"lrredund": -1.0, "lrpepelmv": -1.0, "hphfpdID": "018942.e1_130", "pdbset": null, "lrpepxh": -1.0, "finallr": 100.322, "lrpepelmh": -1.0, "template": "1rvf:3H(0.04,0.05,7/7,6,4)", "viralprotein_id": 12243, "lrsm": 130.17, "id": 46566550, "lrpepxv": -1.0, "lrredundpairs": 0.7707, "humanprotein_id": 447, "vphfpdID": "000049@1qjy_3.8"}, {"lrredund": 2.409, "lrpepelmv": -1.0, "hphfpdID": "005406.e487_544", "pdbset": null, "lrpepxh": -1.0, "finallr": 150.1047, "lrpepelmh": -1.0, "template": "4cdx:BA(0.55,0.51,126/2566,12,91)", "viralprotein_id": 12243, "lrsm": 2.9842, "id": 46566711, "lrpepxv": 62.31, "lrredundpairs": 0.7707, "humanprotein_id": 2951, "vphfpdID": "000049.e637_872@1qjy_1.2"}, {"lrredund": 21.3884, "lrpepelmv": -1.0, "hphfpdID": "009492.e1_123", "pdbset": null, "lrpepxh": -1.0, "finallr": 157.6325, "lrpepelmh": -1.0, "template": "2k1r:BA(0.55,0.58,63/102,8,0)", "viralprotein_id": 12243, "lrsm": 1.4802, "id": 46567058, "lrpepxv": 7.37, "lrredundpairs": 0.7707, "humanprotein_id": 13229, "vphfpdID": "000049.d1844_2098@1xr6_A.1"}, {"lrredund": 21.3884, "lrpepelmv": -1.0, "hphfpdID": "005354.e1664_1728", "pdbset": null, "lrpepxh": -1.0, "finallr": 194.6095, "lrpepelmh": -1.0, "template": "4cey:CA(0.06,0.57,462/3570,41,330)", "viralprotein_id": 12243, "lrsm": 9.0988, "id": 46567227, "lrpepxv": -1.0, "lrredundpairs": -1.0, "humanprotein_id": 7033, "vphfpdID": "000049@1qjy_3.8"}, {"lrredund": 21.3884, "lrpepelmv": -1.0, "hphfpdID": "017454", "pdbset": null, "lrpepxh": -1.0, "finallr": 111.6474, "lrpepelmh": -1.0, "template": "", "viralprotein_id": 12243, "lrsm": -1.0, "id": 46567340, "lrpepxv": 5.22, "lrredundpairs": -1.0, "humanprotein_id": 7296, "vphfpdID": "000049@2ijd_1.4"}, {"lrredund": 21.3884, "lrpepelmv": -1.0, "hphfpdID": "016448.e1_99", "pdbset": null, "lrpepxh": -1.0, "finallr": 111.6474, "lrpepelmh": -1.0, "template": "2xmk:BA(0.33,0.45,36/72,1,0)", "viralprotein_id": 12243, "lrsm": 1.4599, "id": 46567580, "lrpepxv": 5.22, "lrredundpairs": 0.7707, "humanprotein_id": 7393, "vphfpdID": "000049.d1844_2098@4k50_A.3"}, {"lrredund": -1.0, "lrpepelmv": -1.0, "hphfpdID": "006163.d208_263", "pdbset": null, "lrpepxh": -1.0, "finallr": 130.17, "lrpepelmh": -1.0, "template": "1upn:CE(0.03,0.06,14/14,10,12)", "viralprotein_id": 12243, "lrsm": 130.17, "id": 46567844, "lrpepxv": -1.0, "lrredundpairs": -1.0, "humanprotein_id": 16194, "vphfpdID": "000049.e330_525@1qjy_3.1"}, {"lrredund": -1.0, "lrpepelmv": -1.0, "hphfpdID": "010149.d99_158", "pdbset": null, "lrpepxh": -1.0, "finallr": 131.693, "lrpepelmh": -1.0, "template": "3iyp:CF(0.12,0.06,124/156,47,83)", "viralprotein_id": 12243, "lrsm": 131.693, "id": 46568484, "lrpepxv": -1.0, "lrredundpairs": -1.0, "humanprotein_id": 3891, "vphfpdID": "000049@5jzg_C.6"}, {"lrredund": 21.3884, "lrpepelmv": -1.0, "hphfpdID": "016730", "pdbset": null, "lrpepxh": -1.0, "finallr": 208.1873, "lrpepelmh": -1.0, "template": "2lk5:AB(0.52,0.60,115/132,41,87)", "viralprotein_id": 12243, "lrsm": 9.7337, "id": 46568554, "lrpepxv": -1.0, "lrredundpairs": 0.7707, "humanprotein_id": 6290, "vphfpdID": "000049.d617_769@1r1a_1.1"}, {"lrredund": 4.2492, "lrpepelmv": 137.2032, "hphfpdID": "000004", "pdbset": null, "lrpepxh": -1.0, "finallr": 583.0042, "lrpepelmh": -1.0, "template": "", "viralprotein_id": 12243, "lrsm": -1.0, "id": 46568959, "lrpepxv": -1.0, "lrredundpairs": -1.0, "humanprotein_id": 6298, "vphfpdID": "000049@5jzg_C.6"}, {"lrredund": 21.3884, "lrpepelmv": 137.2032, "hphfpdID": "000007", "pdbset": null, "lrpepxh": -1.0, "finallr": 2934.559, "lrpepelmh": -1.0, "template": "2j9u:BA(0.44,0.49,24/53,6,1)", "viralprotein_id": 12243, "lrsm": 1.2265, "id": 46569478, "lrpepxv": -1.0, "lrredundpairs": 0.7707, "humanprotein_id": 6393, "vphfpdID": "000049.e330_525@1qjy_3.1"}, {"lrredund": 21.3884, "lrpepelmv": 9.3373, "hphfpdID": "001349.d2683_2962", "pdbset": null, "lrpepxh": -1.0, "finallr": 199.7102, "lrpepelmh": -1.0, "template": "1ygy:AB(0.55,0.58,1/455,0,0)", "viralprotein_id": 12243, "lrsm": 0.9682, "id": 46569524, "lrpepxv": -1.0, "lrredundpairs": -1.0, "humanprotein_id": 7312, "vphfpdID": "000049.d1844_2098@4k50_A.3"}, {"lrredund": 21.3884, "lrpepelmv": -1.0, "hphfpdID": "002626.e1_127", "pdbset": null, "lrpepxh": -1.0, "finallr": 649.013, "lrpepelmh": -1.0, "template": "1rvf:2H(0.04,0.15,17/27,5,2)", "viralprotein_id": 12243, "lrsm": 30.3442, "id": 46569584, "lrpepxv": -1.0, "lrredundpairs": -1.0, "humanprotein_id": 2804, "vphfpdID": "000049.e70_301@1r1a_2.2"}, {"lrredund": 2.3254, "lrpepelmv": 137.2032, "hphfpdID": "000003", "pdbset": null, "lrpepxh": -1.0, "finallr": 319.0525, "lrpepelmh": -1.0, "template": "1yd8:VG(0.57,0.57,22/53,9,3)", "viralprotein_id": 12243, "lrsm": 1.1641, "id": 46569811, "lrpepxv": -1.0, "lrredundpairs": 0.7707, "humanprotein_id": 6857, "vphfpdID": "000049.d617_769@1v9u_1.2"}, {"lrredund": 21.3884, "lrpepelmv": -1.0, "hphfpdID": "005567.d338_586", "pdbset": null, "lrpepxh": -1.0, "finallr": 208.1873, "lrpepelmh": -1.0, "template": "2dwv:BA(0.51,0.52,90/102,41,75)", "viralprotein_id": 12243, "lrsm": 9.7337, "id": 46569884, "lrpepxv": 5.43, "lrredundpairs": -1.0, "humanprotein_id": 3874, "vphfpdID": "000049.d617_769@1qjy_1.3"}, {"lrredund": 21.3884, "lrpepelmv": -1.0, "hphfpdID": "001274", "pdbset": null, "lrpepxh": -1.0, "finallr": 128.3451, "lrpepelmh": -1.0, "template": "1z7z:3I(0.03,0.36,18/20,7,4)", "viralprotein_id": 12243, "lrsm": 6.0007, "id": 46569906, "lrpepxv": -1.0, "lrredundpairs": -1.0, "humanprotein_id": 2978, "vphfpdID": "000049.d375_559@1qjy_3.1"}, {"lrredund": 21.3884, "lrpepelmv": 4.3901, "hphfpdID": "007227", "pdbset": null, "lrpepxh": -1.0, "finallr": 111.6474, "lrpepelmh": -1.0, "template": "3beg:BA(0.58,0.31,42/79,15,12)", "viralprotein_id": 12243, "lrsm": 1.2265, "id": 46569983, "lrpepxv": 5.22, "lrredundpairs": -1.0, "humanprotein_id": 5539, "vphfpdID": "000049.d1844_2098@1xr7_A.2"}, {"lrredund": 21.3884, "lrpepelmv": 4.3901, "hphfpdID": "002673.e85_298", "pdbset": null, "lrpepxh": -1.0, "finallr": 106.0864, "lrpepelmh": -1.0, "template": "3beg:BA(0.56,0.18,32/79,10,10)", "viralprotein_id": 12243, "lrsm": 1.4599, "id": 46569984, "lrpepxv": 4.96, "lrredundpairs": 0.7707, "humanprotein_id": 4427, "vphfpdID": "000049.d1844_2098@1xr6_A.1"}, {"lrredund": 21.3884, "lrpepelmv": -1.0, "hphfpdID": "013899.g1_173", "pdbset": null, "lrpepxh": -1.0, "finallr": 116.139, "lrpepelmh": -1.0, "template": "2lk5:BA(0.56,0.40,106/132,36,53)", "viralprotein_id": 12243, "lrsm": 2.4771, "id": 46570072, "lrpepxv": 5.43, "lrredundpairs": -1.0, "humanprotein_id": 1240, "vphfpdID": "000049.d617_769@1qjy_1.3"}, {"lrredund": 21.3884, "lrpepelmv": -1.0, "hphfpdID": "004136", "pdbset": null, "lrpepxh": -1.0, "finallr": 106.0864, "lrpepelmh": -1.0, "template": "", "viralprotein_id": 12243, "lrsm": -1.0, "id": 46570976, "lrpepxv": 4.96, "lrredundpairs": -1.0, "humanprotein_id": 7444, "vphfpdID": "000049@4k50_A.3"}, {"lrredund": 2.3254, "lrpepelmv": 137.2032, "hphfpdID": "000005", "pdbset": null, "lrpepxh": -1.0, "finallr": 319.0525, "lrpepelmh": -1.0, "template": "1wrd:BA(0.54,0.37,46/130,16,15)", "viralprotein_id": 12243, "lrsm": 1.02, "id": 46571396, "lrpepxv": -1.0, "lrredundpairs": -1.0, "humanprotein_id": 4794, "vphfpdID": "000049.d617_769@1r1a_1.1"}, {"lrredund": -1.0, "lrpepelmv": -1.0, "hphfpdID": "001910.e47_252", "pdbset": null, "lrpepxh": -1.0, "finallr": 100.322, "lrpepelmh": -1.0, "template": "1upn:CE(0.03,0.07,14/14,7,3)", "viralprotein_id": 12243, "lrsm": 130.17, "id": 46571610, "lrpepxv": -1.0, "lrredundpairs": 0.7707, "humanprotein_id": 4210, "vphfpdID": "000049.e330_525@1qjy_3.1"}, {"lrredund": 19.2898, "lrpepelmv": -1.0, "hphfpdID": "018800.e503_596", "pdbset": null, "lrpepxh": -1.0, "finallr": 150.368, "lrpepelmh": -1.0, "template": "1z7z:1I(0.10,0.19,42/65,21,24)", "viralprotein_id": 12243, "lrsm": 7.7952, "id": 46571883, "lrpepxv": -1.0, "lrredundpairs": 0.7707, "humanprotein_id": 4109, "vphfpdID": "000049.e637_872@1v9u_1.3"}, {"lrredund": 21.3884, "lrpepelmv": -1.0, "hphfpdID": "018501", "pdbset": null, "lrpepxh": -1.0, "finallr": 102.7509, "lrpepelmh": -1.0, "template": "3m3j:BD(0.52,0.05,34/41,23,28)", "viralprotein_id": 12243, "lrsm": 4.804, "id": 46572064, "lrpepxv": -1.0, "lrredundpairs": 0.7707, "humanprotein_id": 1286, "vphfpdID": "000049.d617_769@1qjy_1.3"}, {"lrredund": -1.0, "lrpepelmv": -1.0, "hphfpdID": "016491", "pdbset": null, "lrpepxh": -1.0, "finallr": 130.17, "lrpepelmh": -1.0, "template": "1upn:CE(0.04,0.05,14/14,7,3)", "viralprotein_id": 12243, "lrsm": 130.17, "id": 46572165, "lrpepxv": -1.0, "lrredundpairs": -1.0, "humanprotein_id": 6512, "vphfpdID": "000049.e330_525@1r1a_3.2"}, {"lrredund": 4.2492, "lrpepelmv": 32.9939, "hphfpdID": "017283.e380_439", "pdbset": null, "lrpepxh": -1.0, "finallr": 140.1976, "lrpepelmh": -1.0, "template": "2pmu:CB(0.58,0.39,39/61,24,31)", "viralprotein_id": 12243, "lrsm": 1.7387, "id": 46572173, "lrpepxv": -1.0, "lrredundpairs": -1.0, "humanprotein_id": 5846, "vphfpdID": "000049.d617_769@1v9u_1.2"}, {"lrredund": 0.5125, "lrpepelmv": -1.0, "hphfpdID": "001909.e65_297", "pdbset": null, "lrpepxh": -1.0, "finallr": 123.4664, "lrpepelmh": -1.0, "template": "1upn:BE(0.05,0.04,80/97,26,26)", "viralprotein_id": 12243, "lrsm": 240.91, "id": 46572271, "lrpepxv": -1.0, "lrredundpairs": -1.0, "humanprotein_id": 2901, "vphfpdID": "000049.e70_301@1qjy_2.1"}, {"lrredund": 21.3884, "lrpepelmv": 20.7326, "hphfpdID": "016613.e316_567", "pdbset": null, "lrpepxh": -1.0, "finallr": 443.4368, "lrpepelmh": -1.0, "template": "3pe9:BC(0.51,0.49,40/44,21,10)", "viralprotein_id": 12243, "lrsm": 2.6756, "id": 46572506, "lrpepxv": -1.0, "lrredundpairs": -1.0, "humanprotein_id": 5161, "vphfpdID": "000049.e330_525@1r1a_3.2"}, {"lrredund": 21.3884, "lrpepelmv": -1.0, "hphfpdID": "007197.d147_245", "pdbset": null, "lrpepxh": -1.0, "finallr": 116.3786, "lrpepelmh": -1.0, "template": "2gr7:BC(0.32,0.34,88/171,41,72)", "viralprotein_id": 12243, "lrsm": 5.4412, "id": 46572853, "lrpepxv": 2.59, "lrredundpairs": 0.7707, "humanprotein_id": 3620, "vphfpdID": "000049.d617_769@1r1a_1.1"}, {"lrredund": 2.3254, "lrpepelmv": 4.3901, "hphfpdID": "016486.d81_222", "pdbset": null, "lrpepxh": -1.0, "finallr": 144.8956, "lrpepelmh": -1.0, "template": "4cdw:AD(0.18,0.58,175/1151,19,168)", "viralprotein_id": 12243, "lrsm": 3.7424, "id": 46573199, "lrpepxv": 62.31, "lrredundpairs": 0.7707, "humanprotein_id": 6479, "vphfpdID": "000049.e637_872@1qjy_1.2"}, {"lrredund": 21.3884, "lrpepelmv": -1.0, "hphfpdID": "000172.e1_188", "pdbset": null, "lrpepxh": -1.0, "finallr": 208.1873, "lrpepelmh": -1.0, "template": "2lk5:AB(0.57,0.53,118/132,42,68)", "viralprotein_id": 12243, "lrsm": 9.7337, "id": 46573254, "lrpepxv": -1.0, "lrredundpairs": 0.7707, "humanprotein_id": 2981, "vphfpdID": "000049.d617_769@1v9u_1.2"}, {"lrredund": 2.3254, "lrpepelmv": -1.0, "hphfpdID": "007927", "pdbset": null, "lrpepxh": -1.0, "finallr": 393.2198, "lrpepelmh": -1.0, "template": "1z7z:1I(0.10,0.00,43/65,27,26)", "viralprotein_id": 12243, "lrsm": 169.0977, "id": 46573359, "lrpepxv": -1.0, "lrredundpairs": 0.7707, "humanprotein_id": 3016, "vphfpdID": "000049.e637_872@1r1a_1.1"}, {"lrredund": -1.0, "lrpepelmv": -1.0, "hphfpdID": "016757.d1905_1958", "pdbset": null, "lrpepxh": -1.0, "finallr": 113.0937, "lrpepelmh": -1.0, "template": "3iyp:CF(0.07,0.11,108/156,42,52)", "viralprotein_id": 12243, "lrsm": 113.0937, "id": 46573534, "lrpepxv": -1.0, "lrredundpairs": -1.0, "humanprotein_id": 8661, "vphfpdID": "000049@1r1a_2.7"}, {"lrredund": 21.3884, "lrpepelmv": 20.7326, "hphfpdID": "016466.e85_146", "pdbset": null, "lrpepxh": -1.0, "finallr": 443.4368, "lrpepelmh": -1.0, "template": "2lk5:BA(0.49,0.39,112/132,38,69)", "viralprotein_id": 12243, "lrsm": 2.4771, "id": 46573657, "lrpepxv": 2.59, "lrredundpairs": 0.7707, "humanprotein_id": 3727, "vphfpdID": "000049.d617_769@1r1a_1.1"}, {"lrredund": 21.3884, "lrpepelmv": 6.3869, "hphfpdID": "001509.e1_53", "pdbset": null, "lrpepxh": -1.0, "finallr": 261.0853, "lrpepelmh": -1.0, "template": "2dwv:BA(0.51,0.22,84/102,45,81)", "viralprotein_id": 12243, "lrsm": 12.2069, "id": 46573768, "lrpepxv": 5.43, "lrredundpairs": 0.7707, "humanprotein_id": 2598, "vphfpdID": "000049.d617_769@1qjy_1.3"}, {"lrredund": 20.9141, "lrpepelmv": 20.7326, "hphfpdID": "007144.d1_56", "pdbset": null, "lrpepxh": -1.0, "finallr": 433.6033, "lrpepelmh": -1.0, "template": "1na1:CB(0.37,0.50,243/1559,45,71)", "viralprotein_id": 12243, "lrsm": 7.644, "id": 46574166, "lrpepxv": -1.0, "lrredundpairs": 0.7707, "humanprotein_id": 6385, "vphfpdID": "000049.e70_301@1r1a_2.2"}, {"lrredund": -1.0, "lrpepelmv": -1.0, "hphfpdID": "003972.d3109_3228", "pdbset": null, "lrpepxh": -1.0, "finallr": 240.91, "lrpepelmh": -1.0, "template": "1upn:BE(0.05,0.03,80/97,25,27)", "viralprotein_id": 12243, "lrsm": 240.91, "id": 46574214, "lrpepxv": -1.0, "lrredundpairs": -1.0, "humanprotein_id": 10967, "vphfpdID": "000049.e70_301@1qjy_2.1"}, {"lrredund": 21.3884, "lrpepelmv": 137.2032, "hphfpdID": "000006", "pdbset": null, "lrpepxh": -1.0, "finallr": 2934.559, "lrpepelmh": -1.0, "template": "", "viralprotein_id": 12243, "lrsm": -1.0, "id": 46574765, "lrpepxv": -1.0, "lrredundpairs": -1.0, "humanprotein_id": 4514, "vphfpdID": "000049@1qjy_2.5"}, {"lrredund": 0.5125, "lrpepelmv": -1.0, "hphfpdID": "004306", "pdbset": null, "lrpepxh": -1.0, "finallr": 423.4213, "lrpepelmh": -1.0, "template": "3iyp:CF(0.09,0.00,128/156,48,71)", "viralprotein_id": 12243, "lrsm": 826.1879, "id": 46574806, "lrpepxv": -1.0, "lrredundpairs": -1.0, "humanprotein_id": 3167, "vphfpdID": "000049.e125_359@1r1a_2.2"}, {"lrredund": 19.2898, "lrpepelmv": -1.0, "hphfpdID": "011519", "pdbset": null, "lrpepxh": -1.0, "finallr": 435.1875, "lrpepelmh": -1.0, "template": "3t30:DC(0.60,0.09,60/100,41,52)", "viralprotein_id": 12243, "lrsm": 22.5605, "id": 46574828, "lrpepxv": -1.0, "lrredundpairs": -1.0, "humanprotein_id": 3074, "vphfpdID": "000049.d617_769@1qjy_1.3"}, {"lrredund": 19.2898, "lrpepelmv": 4.3901, "hphfpdID": "003962.d92_178", "pdbset": null, "lrpepxh": -1.0, "finallr": 247.8394, "lrpepelmh": -1.0, "template": "1h8t:AC(0.15,0.57,59/627,41,58)", "viralprotein_id": 12243, "lrsm": 12.8482, "id": 46575273, "lrpepxv": -1.0, "lrredundpairs": -1.0, "humanprotein_id": 6447, "vphfpdID": "000049@1v9u_1.12"}, {"lrredund": 1.7092, "lrpepelmv": -1.0, "hphfpdID": "017834.e146_281", "pdbset": null, "lrpepxh": -1.0, "finallr": 106.5002, "lrpepelmh": -1.0, "template": "3t30:DC(0.60,0.50,59/100,41,56)", "viralprotein_id": 12243, "lrsm": 17.9896, "id": 46575437, "lrpepxv": 62.31, "lrredundpairs": -1.0, "humanprotein_id": 5361, "vphfpdID": "000049.d617_769@1qjy_1.3"}, {"lrredund": -1.0, "lrpepelmv": -1.0, "hphfpdID": "006160.d149_203", "pdbset": null, "lrpepxh": -1.0, "finallr": 130.17, "lrpepelmh": -1.0, "template": "1upn:CE(0.04,0.04,14/14,6,1)", "viralprotein_id": 12243, "lrsm": 130.17, "id": 46575836, "lrpepxv": -1.0, "lrredundpairs": -1.0, "humanprotein_id": 5022, "vphfpdID": "000049.e330_525@1r1a_3.2"}, {"lrredund": -1.0, "lrpepelmv": -1.0, "hphfpdID": "009823.e386_447", "pdbset": null, "lrpepxh": -1.0, "finallr": 131.693, "lrpepelmh": -1.0, "template": "3iyp:CF(0.06,0.08,121/156,43,71)", "viralprotein_id": 12243, "lrsm": 131.693, "id": 46575880, "lrpepxv": -1.0, "lrredundpairs": -1.0, "humanprotein_id": 3922, "vphfpdID": "000049.e125_359@1qjy_2.1"}, {"lrredund": 0.5125, "lrpepelmv": -1.0, "hphfpdID": "009822.d367_426", "pdbset": null, "lrpepxh": -1.0, "finallr": 123.4664, "lrpepelmh": -1.0, "template": "1upn:BE(0.05,0.05,80/97,26,28)", "viralprotein_id": 12243, "lrsm": 240.91, "id": 46576253, "lrpepxv": -1.0, "lrredundpairs": -1.0, "humanprotein_id": 3960, "vphfpdID": "000049.e70_301@1qjy_2.1"}, {"lrredund": 4.2492, "lrpepelmv": 137.2032, "hphfpdID": "000001", "pdbset": null, "lrpepxh": -1.0, "finallr": 583.0042, "lrpepelmh": -1.0, "template": "1wrd:BA(0.51,0.47,47/130,26,30)", "viralprotein_id": 12243, "lrsm": 1.5568, "id": 46576296, "lrpepxv": -1.0, "lrredundpairs": -1.0, "humanprotein_id": 4793, "vphfpdID": "000049.d617_769@1v9u_1.2"}, {"lrredund": 21.3884, "lrpepelmv": -1.0, "hphfpdID": "018500.d533_608", "pdbset": null, "lrpepxh": -1.0, "finallr": 102.7509, "lrpepelmh": -1.0, "template": "3m3j:BD(0.52,0.02,34/41,22,27)", "viralprotein_id": 12243, "lrsm": 4.804, "id": 46577111, "lrpepxv": -1.0, "lrredundpairs": 0.7707, "humanprotein_id": 3463, "vphfpdID": "000049.d617_769@1qjy_1.3"}, {"lrredund": 21.3884, "lrpepelmv": 17.9524, "hphfpdID": "001751.e1_73", "pdbset": null, "lrpepxh": -1.0, "finallr": 383.9742, "lrpepelmh": -1.0, "template": "2cjs:AC(0.44,0.34,48/134,31,39)", "viralprotein_id": 12243, "lrsm": 1.8531, "id": 46577199, "lrpepxv": -1.0, "lrredundpairs": -1.0, "humanprotein_id": 5041, "vphfpdID": "000049.e637_872@1v9u_1.3"}, {"lrredund": 21.3884, "lrpepelmv": -1.0, "hphfpdID": "006178.e2120_2203", "pdbset": null, "lrpepxh": -1.0, "finallr": 414.5201, "lrpepelmh": -1.0, "template": "1bev:32(0.04,0.43,56/409,42,25)", "viralprotein_id": 12243, "lrsm": 19.3806, "id": 46577287, "lrpepxv": -1.0, "lrredundpairs": -1.0, "humanprotein_id": 2856, "vphfpdID": "000049.e330_525@1r1a_3.2"}, {"lrredund": 21.3884, "lrpepelmv": -1.0, "hphfpdID": "012444", "pdbset": null, "lrpepxh": -1.0, "finallr": 282.9685, "lrpepelmh": -1.0, "template": "", "viralprotein_id": 12243, "lrsm": -1.0, "id": 46577515, "lrpepxv": 13.23, "lrredundpairs": -1.0, "humanprotein_id": 2955, "vphfpdID": "000049@1xr7_A.2"}, {"lrredund": 21.3884, "lrpepelmv": 4.3901, "hphfpdID": "018111", "pdbset": null, "lrpepxh": -1.0, "finallr": 111.6474, "lrpepelmh": -1.0, "template": "3beg:BA(0.56,0.38,36/79,13,11)", "viralprotein_id": 12243, "lrsm": 1.2265, "id": 46577553, "lrpepxv": 5.22, "lrredundpairs": -1.0, "humanprotein_id": 15404, "vphfpdID": "000049.d1844_2098@1xr6_A.1"}, {"lrredund": 1.7951, "lrpepelmv": 19.0771, "hphfpdID": "005521.d1_109", "pdbset": null, "lrpepxh": -1.0, "finallr": 111.8526, "lrpepelmh": -1.0, "template": "2iyb:GC(0.33,0.06,5/80,8,5)", "viralprotein_id": 12243, "lrsm": 4.5731, "id": 46578006, "lrpepxv": 62.31, "lrredundpairs": -1.0, "humanprotein_id": 18750, "vphfpdID": "000049.d617_769@1qjy_1.3"}, {"lrredund": -1.0, "lrpepelmv": -1.0, "hphfpdID": "005984.e81_136", "pdbset": null, "lrpepxh": -1.0, "finallr": 100.322, "lrpepelmh": -1.0, "template": "1upn:CE(0.04,0.05,14/14,11,14)", "viralprotein_id": 12243, "lrsm": 130.17, "id": 46578296, "lrpepxv": -1.0, "lrredundpairs": 0.7707, "humanprotein_id": 8771, "vphfpdID": "000049.e330_525@1r1a_3.2"}, {"lrredund": 20.9141, "lrpepelmv": -1.0, "hphfpdID": "005158.d712_968", "pdbset": null, "lrpepxh": -1.0, "finallr": 113.5635, "lrpepelmh": -1.0, "template": "3kvp:FB(0.41,0.58,54/67,24,14)", "viralprotein_id": 12243, "lrsm": 2.6756, "id": 46578664, "lrpepxv": 5.43, "lrredundpairs": 0.7707, "humanprotein_id": 2711, "vphfpdID": "000049@1qjy_1.10"}, {"lrredund": -1.0, "lrpepelmv": -1.0, "hphfpdID": "006161.e107_330", "pdbset": null, "lrpepxh": -1.0, "finallr": 130.17, "lrpepelmh": -1.0, "template": "1upn:CE(0.03,0.07,14/14,5,0)", "viralprotein_id": 12243, "lrsm": 130.17, "id": 46578930, "lrpepxv": -1.0, "lrredundpairs": -1.0, "humanprotein_id": 6793, "vphfpdID": "000049.e330_525@1qjy_3.1"}, {"lrredund": 21.3884, "lrpepelmv": 137.2032, "hphfpdID": "000002", "pdbset": null, "lrpepxh": -1.0, "finallr": 2934.559, "lrpepelmh": -1.0, "template": "", "viralprotein_id": 12243, "lrsm": -1.0, "id": 46579692, "lrpepxv": -1.0, "lrredundpairs": -1.0, "humanprotein_id": 6315, "vphfpdID": "000049@1r1a_3.13"}, {"lrredund": 21.3884, "lrpepelmv": 20.7326, "hphfpdID": "016615", "pdbset": null, "lrpepxh": -1.0, "finallr": 443.4368, "lrpepelmh": -1.0, "template": "1z7z:2I(0.14,0.43,6/25,3,0)", "viralprotein_id": 12243, "lrsm": 1.8315, "id": 46579712, "lrpepxv": -1.0, "lrredundpairs": -1.0, "humanprotein_id": 5095, "vphfpdID": "000049.e125_359@1r1a_2.2"}, {"lrredund": 4.2492, "lrpepelmv": 32.9939, "hphfpdID": "017284.e489_542", "pdbset": null, "lrpepxh": -1.0, "finallr": 140.1976, "lrpepelmh": -1.0, "template": "3ztd:CL(0.50,0.58,1/1,2,1)", "viralprotein_id": 12243, "lrsm": 1.2704, "id": 46580330, "lrpepxv": -1.0, "lrredundpairs": -1.0, "humanprotein_id": 7960, "vphfpdID": "000049.e330_525@1qjy_3.1"}, {"lrredund": 21.3884, "lrpepelmv": -1.0, "hphfpdID": "016869.d56_203", "pdbset": null, "lrpepxh": -1.0, "finallr": 116.139, "lrpepelmh": -1.0, "template": "1k52:AB(0.60,0.60,36/124,23,23)", "viralprotein_id": 12243, "lrsm": 1.4777, "id": 46580363, "lrpepxv": 5.43, "lrredundpairs": -1.0, "humanprotein_id": 4495, "vphfpdID": "000049.d617_769@1r1a_1.1"}, {"lrredund": -1.0, "lrpepelmv": -1.0, "hphfpdID": "003970.e2857_2920", "pdbset": null, "lrpepxh": -1.0, "finallr": 130.17, "lrpepelmh": -1.0, "template": "1upn:CE(0.04,0.06,14/14,10,13)", "viralprotein_id": 12243, "lrsm": 130.17, "id": 46581146, "lrpepxv": -1.0, "lrredundpairs": -1.0, "humanprotein_id": 15290, "vphfpdID": "000049.e330_525@1r1a_3.2"}, {"lrredund": 19.2898, "lrpepelmv": 20.1497, "hphfpdID": "008378.d463_902", "pdbset": null, "lrpepxh": -1.0, "finallr": 388.6845, "lrpepelmh": -1.0, "template": "1z7z:1I(0.10,0.40,36/65,16,14)", "viralprotein_id": 12243, "lrsm": 2.2022, "id": 46581394, "lrpepxv": -1.0, "lrredundpairs": -1.0, "humanprotein_id": 3758, "vphfpdID": "000049.e637_872@1v9u_1.3"}, {"lrredund": -1.0, "lrpepelmv": -1.0, "hphfpdID": "006162.d92_281", "pdbset": null, "lrpepxh": -1.0, "finallr": 199.6717, "lrpepelmh": -1.0, "template": "1upn:BE(0.05,0.05,80/97,15,5)", "viralprotein_id": 12243, "lrsm": 199.6717, "id": 46582591, "lrpepxv": -1.0, "lrredundpairs": -1.0, "humanprotein_id": 13968, "vphfpdID": "000049.e70_301@1qjy_2.1"}, {"lrredund": 21.3884, "lrpepelmv": -1.0, "hphfpdID": "015989", "pdbset": null, "lrpepxh": -1.0, "finallr": 128.3451, "lrpepelmh": -1.0, "template": "1mr1:CA(0.30,0.07,11/12,7,6)", "viralprotein_id": 12243, "lrsm": 6.0007, "id": 46582848, "lrpepxv": -1.0, "lrredundpairs": -1.0, "humanprotein_id": 6577, "vphfpdID": "000049.e1_92@1pov_0.5"}]