[{"lrredund": 15.8699, "lrpepelmv": -1.0, "hphfpdID": "004138.d421_563", "pdbset": null, "lrpepxh": -1.0, "finallr": 134.8178, "lrpepelmh": -1.0, "template": "4g3k:AB(0.48,0.38,128/156,45,52)", "viralprotein_id": 17119, "lrsm": 8.4952, "id": 63756491, "lrpepxv": 2.59, "lrredundpairs": -1.0, "humanprotein_id": 7446, "vphfpdID": "004131.g404_460@1xr7_A.1"}, {"lrredund": 21.3884, "lrpepelmv": 3.8765, "hphfpdID": "002673", "pdbset": null, "lrpepxh": -1.0, "finallr": 175.5488, "lrpepelmh": -1.0, "template": "2iw6:DC(0.52,0.03,62/153,41,46)", "viralprotein_id": 17119, "lrsm": 8.2077, "id": 63756746, "lrpepxv": 4.96, "lrredundpairs": -1.0, "humanprotein_id": 4427, "vphfpdID": "004131.g404_460@4k50_A.2"}, {"lrredund": 21.3884, "lrpepelmv": -1.0, "hphfpdID": "011519.e1_119", "pdbset": null, "lrpepxh": -1.0, "finallr": 107.5723, "lrpepelmh": -1.0, "template": "2voy:AF(0.39,0.57,149/152,19,0)", "viralprotein_id": 17119, "lrsm": 5.0295, "id": 63758286, "lrpepxv": -1.0, "lrredundpairs": -1.0, "humanprotein_id": 3074, "vphfpdID": "004131.d167_373@1xr6_A.1"}, {"lrredund": 21.3884, "lrpepelmv": 15.8041, "hphfpdID": "016615.d83_292", "pdbset": null, "lrpepxh": -1.0, "finallr": 338.0243, "lrpepelmh": -1.0, "template": "1cwq:AB(0.53,0.52,134/3617,48,96)", "viralprotein_id": 17119, "lrsm": 4.6659, "id": 63759362, "lrpepxv": -1.0, "lrredundpairs": -1.0, "humanprotein_id": 5095, "vphfpdID": "004131.g1_140@1xr6_A.1"}, {"lrredund": 21.3884, "lrpepelmv": -1.0, "hphfpdID": "004136.e672_776", "pdbset": null, "lrpepxh": -1.0, "finallr": 106.0864, "lrpepelmh": -1.0, "template": "1mkm:BA(0.42,0.33,76/271,46,66)", "viralprotein_id": 17119, "lrsm": 4.5353, "id": 63759663, "lrpepxv": 4.96, "lrredundpairs": -1.0, "humanprotein_id": 7444, "vphfpdID": "004131.g404_460@4k50_A.2"}, {"lrredund": 21.3884, "lrpepelmv": 15.8041, "hphfpdID": "007144.e56_156", "pdbset": null, "lrpepxh": -1.0, "finallr": 338.0243, "lrpepelmh": -1.0, "template": "3buw:DB(0.49,0.11,1/77,2,1)", "viralprotein_id": 17119, "lrsm": 1.8315, "id": 63765107, "lrpepxv": 3.51, "lrredundpairs": -1.0, "humanprotein_id": 6385, "vphfpdID": "004131.g404_460@1xr7_A.1"}, {"lrredund": 21.3884, "lrpepelmv": -1.0, "hphfpdID": "000172.e343_463", "pdbset": null, "lrpepxh": -1.0, "finallr": 219.339, "lrpepelmh": -1.0, "template": "2kik:AB(0.55,0.39,120/144,43,49)", "viralprotein_id": 17119, "lrsm": 10.255, "id": 63765363, "lrpepxv": -1.0, "lrredundpairs": -1.0, "humanprotein_id": 2981, "vphfpdID": "004131.g404_460@4k50_A.2"}, {"lrredund": 21.3884, "lrpepelmv": -1.0, "hphfpdID": "016730", "pdbset": null, "lrpepxh": -1.0, "finallr": 116.3786, "lrpepelmh": -1.0, "template": "1wrd:AB(0.56,0.22,66/130,42,58)", "viralprotein_id": 17119, "lrsm": 5.4412, "id": 63766296, "lrpepxv": -1.0, "lrredundpairs": -1.0, "humanprotein_id": 6290, "vphfpdID": "004131.g404_460@1xr7_A.1"}, {"lrredund": 3.5815, "lrpepelmv": -1.0, "hphfpdID": "007362", "pdbset": null, "lrpepxh": -1.0, "finallr": 108.6776, "lrpepelmh": -1.0, "template": "1p3o:DB(0.14,0.01,19/38,17,19)", "viralprotein_id": 17119, "lrsm": 30.3442, "id": 63766769, "lrpepxv": -1.0, "lrredundpairs": -1.0, "humanprotein_id": 6354, "vphfpdID": "004131.g1_140@1xr6_A.1"}, {"lrredund": 21.3884, "lrpepelmv": -1.0, "hphfpdID": "012444", "pdbset": null, "lrpepxh": -1.0, "finallr": 282.9685, "lrpepelmh": -1.0, "template": "2nlb:AB(0.60,0.57,1/1,0,0)", "viralprotein_id": 17119, "lrsm": 1.2704, "id": 63769126, "lrpepxv": 13.23, "lrredundpairs": -1.0, "humanprotein_id": 2955, "vphfpdID": "004131.d167_373@4k50_A.3"}, {"lrredund": 21.3884, "lrpepelmv": 65.3909, "hphfpdID": "000007", "pdbset": null, "lrpepxh": -1.0, "finallr": 1398.606, "lrpepelmh": -1.0, "template": "", "viralprotein_id": 17119, "lrsm": -1.0, "id": 63769202, "lrpepxv": -1.0, "lrredundpairs": -1.0, "humanprotein_id": 6393, "vphfpdID": "004131@4k50_A.3"}, {"lrredund": 21.3884, "lrpepelmv": -1.0, "hphfpdID": "018500", "pdbset": null, "lrpepxh": -1.0, "finallr": 128.3451, "lrpepelmh": -1.0, "template": "2bwe:RS(0.33,0.06,21/22,4,0)", "viralprotein_id": 17119, "lrsm": 6.0007, "id": 63769387, "lrpepxv": -1.0, "lrredundpairs": -1.0, "humanprotein_id": 3463, "vphfpdID": "004131.g1_140@1xr7_A.3"}, {"lrredund": -1.0, "lrpepelmv": 137.2032, "hphfpdID": "000004", "pdbset": null, "lrpepxh": -1.0, "finallr": 137.2032, "lrpepelmh": -1.0, "template": "", "viralprotein_id": 17115, "lrsm": -1.0, "id": 37137692, "lrpepxv": -1.0, "lrredundpairs": -1.0, "humanprotein_id": 6298, "vphfpdID": "004127"}, {"lrredund": -1.0, "lrpepelmv": 137.2032, "hphfpdID": "000002", "pdbset": null, "lrpepxh": -1.0, "finallr": 137.2032, "lrpepelmh": -1.0, "template": "", "viralprotein_id": 17115, "lrsm": -1.0, "id": 37137716, "lrpepxv": -1.0, "lrredundpairs": -1.0, "humanprotein_id": 6315, "vphfpdID": "004127"}, {"lrredund": -1.0, "lrpepelmv": 137.2032, "hphfpdID": "000005", "pdbset": null, "lrpepxh": -1.0, "finallr": 137.2032, "lrpepelmh": -1.0, "template": "", "viralprotein_id": 17115, "lrsm": -1.0, "id": 37137796, "lrpepxv": -1.0, "lrredundpairs": -1.0, "humanprotein_id": 4794, "vphfpdID": "004127"}, {"lrredund": -1.0, "lrpepelmv": 137.2032, "hphfpdID": "000007", "pdbset": null, "lrpepxh": -1.0, "finallr": 137.2032, "lrpepelmh": -1.0, "template": "", "viralprotein_id": 17115, "lrsm": -1.0, "id": 37137974, "lrpepxv": -1.0, "lrredundpairs": -1.0, "humanprotein_id": 6393, "vphfpdID": "004127"}, {"lrredund": -1.0, "lrpepelmv": 137.2032, "hphfpdID": "000003", "pdbset": null, "lrpepxh": -1.0, "finallr": 137.2032, "lrpepelmh": -1.0, "template": "", "viralprotein_id": 17115, "lrsm": -1.0, "id": 37137983, "lrpepxv": -1.0, "lrredundpairs": -1.0, "humanprotein_id": 6857, "vphfpdID": "004127"}, {"lrredund": -1.0, "lrpepelmv": 137.2032, "hphfpdID": "000001", "pdbset": null, "lrpepxh": -1.0, "finallr": 137.2032, "lrpepelmh": -1.0, "template": "", "viralprotein_id": 17115, "lrsm": -1.0, "id": 37138123, "lrpepxv": -1.0, "lrredundpairs": -1.0, "humanprotein_id": 4793, "vphfpdID": "004127"}, {"lrredund": -1.0, "lrpepelmv": 137.2032, "hphfpdID": "000006", "pdbset": null, "lrpepxh": -1.0, "finallr": 137.2032, "lrpepelmh": -1.0, "template": "", "viralprotein_id": 17115, "lrsm": -1.0, "id": 37138242, "lrpepxv": -1.0, "lrredundpairs": -1.0, "humanprotein_id": 4514, "vphfpdID": "004127"}, {"lrredund": 20.9141, "lrpepelmv": 14.0438, "hphfpdID": "007144", "pdbset": null, "lrpepxh": -1.0, "finallr": 293.7134, "lrpepelmh": -1.0, "template": "4ag2:BD(0.43,0.06,57/103,23,19)", "viralprotein_id": 17116, "lrsm": 3.1219, "id": 63490814, "lrpepxv": -1.0, "lrredundpairs": 0.7707, "humanprotein_id": 6385, "vphfpdID": "004128"}, {"lrredund": 15.8699, "lrpepelmv": 14.0438, "hphfpdID": "016615", "pdbset": null, "lrpepxh": -1.0, "finallr": 222.8737, "lrpepelmh": -1.0, "template": "2r0k:AH(0.47,0.58,36/107,21,24)", "viralprotein_id": 17116, "lrsm": 1.4777, "id": 63494335, "lrpepxv": -1.0, "lrredundpairs": -1.0, "humanprotein_id": 5095, "vphfpdID": "004128"}, {"lrredund": 15.8699, "lrpepelmv": 20.1497, "hphfpdID": "008378.g106_302", "pdbset": null, "lrpepxh": -1.0, "finallr": 319.7744, "lrpepelmh": -1.0, "template": "1l1c:BA(0.45,0.27,98/127,3,0)", "viralprotein_id": 17116, "lrsm": 1.8563, "id": 63495245, "lrpepxv": -1.0, "lrredundpairs": -1.0, "humanprotein_id": 3758, "vphfpdID": "004128"}, {"lrredund": 19.2898, "lrpepelmv": -1.0, "hphfpdID": "005354.e1664_1728", "pdbset": null, "lrpepxh": -1.0, "finallr": 106.0689, "lrpepelmh": -1.0, "template": "1l1n:BA(0.04,0.35,37/58,16,21)", "viralprotein_id": 17116, "lrsm": 5.4987, "id": 63496305, "lrpepxv": -1.0, "lrredundpairs": -1.0, "humanprotein_id": 7033, "vphfpdID": "004128"}, {"lrredund": 19.2898, "lrpepelmv": 14.0438, "hphfpdID": "016613.e316_567", "pdbset": null, "lrpepxh": -1.0, "finallr": 270.902, "lrpepelmh": -1.0, "template": "2r0k:AH(0.47,0.43,45/107,24,30)", "viralprotein_id": 17116, "lrsm": 1.7387, "id": 63499628, "lrpepxv": -1.0, "lrredundpairs": -1.0, "humanprotein_id": 5161, "vphfpdID": "004128"}, {"lrredund": 15.8699, "lrpepelmv": 14.0438, "hphfpdID": "016466", "pdbset": null, "lrpepxh": -1.0, "finallr": 222.8737, "lrpepelmh": -1.0, "template": "4ag2:BD(0.43,0.12,59/103,25,27)", "viralprotein_id": 17116, "lrsm": 3.1219, "id": 63500146, "lrpepxv": -1.0, "lrredundpairs": 0.7707, "humanprotein_id": 3727, "vphfpdID": "004128"}, {"lrredund": 4.2492, "lrpepelmv": 65.3909, "hphfpdID": "000004", "pdbset": null, "lrpepxh": -1.0, "finallr": 277.8589, "lrpepelmh": -1.0, "template": "", "viralprotein_id": 17117, "lrsm": -1.0, "id": 16812904, "lrpepxv": -1.0, "lrredundpairs": -1.0, "humanprotein_id": 6298, "vphfpdID": "004129"}, {"lrredund": 21.3884, "lrpepelmv": 8.2623, "hphfpdID": "001060.e180_274", "pdbset": null, "lrpepxh": -1.0, "finallr": 176.718, "lrpepelmh": -1.0, "template": "4afq:BD(0.51,0.09,47/104,29,31)", "viralprotein_id": 17117, "lrsm": 3.1219, "id": 16813674, "lrpepxv": -1.0, "lrredundpairs": -1.0, "humanprotein_id": 17652, "vphfpdID": "004129"}, {"lrredund": 2.3254, "lrpepelmv": 65.3909, "hphfpdID": "000003", "pdbset": null, "lrpepxh": -1.0, "finallr": 152.0599, "lrpepelmh": -1.0, "template": "1gn2:CA(0.55,0.60,42/216,22,27)", "viralprotein_id": 17117, "lrsm": 1.4777, "id": 16814289, "lrpepxv": -1.0, "lrredundpairs": 0.7707, "humanprotein_id": 6857, "vphfpdID": "004129"}, {"lrredund": 15.8699, "lrpepelmv": 65.3909, "hphfpdID": "000006", "pdbset": null, "lrpepxh": -1.0, "finallr": 1037.746, "lrpepelmh": -1.0, "template": "", "viralprotein_id": 17117, "lrsm": -1.0, "id": 16815084, "lrpepxv": -1.0, "lrredundpairs": 0.7707, "humanprotein_id": 4514, "vphfpdID": "004129"}, {"lrredund": 15.8699, "lrpepelmv": 15.8041, "hphfpdID": "016466.e85_146", "pdbset": null, "lrpepxh": -1.0, "finallr": 250.8094, "lrpepelmh": -1.0, "template": "4afq:BD(0.51,0.03,47/104,29,31)", "viralprotein_id": 17117, "lrsm": 3.1219, "id": 16815404, "lrpepxv": -1.0, "lrredundpairs": 0.7707, "humanprotein_id": 3727, "vphfpdID": "004129"}, {"lrredund": 15.8699, "lrpepelmv": 15.8041, "hphfpdID": "016615.d554_715", "pdbset": null, "lrpepxh": -1.0, "finallr": 250.8094, "lrpepelmh": -1.0, "template": "", "viralprotein_id": 17117, "lrsm": -1.0, "id": 16816102, "lrpepxv": -1.0, "lrredundpairs": -1.0, "humanprotein_id": 5095, "vphfpdID": "004129"}, {"lrredund": 20.9141, "lrpepelmv": 15.8041, "hphfpdID": "007144", "pdbset": null, "lrpepxh": -1.0, "finallr": 330.5284, "lrpepelmh": -1.0, "template": "4ag2:BD(0.51,0.06,45/103,22,18)", "viralprotein_id": 17117, "lrsm": 3.1219, "id": 16818912, "lrpepxv": -1.0, "lrredundpairs": -1.0, "humanprotein_id": 6385, "vphfpdID": "004129"}, {"lrredund": 15.8699, "lrpepelmv": 15.8041, "hphfpdID": "016613.e122_316", "pdbset": null, "lrpepxh": -1.0, "finallr": 250.8094, "lrpepelmh": -1.0, "template": "1ids:AC(0.51,0.51,46/213,23,28)", "viralprotein_id": 17117, "lrsm": 1.4777, "id": 16819383, "lrpepxv": -1.0, "lrredundpairs": -1.0, "humanprotein_id": 5161, "vphfpdID": "004129"}, {"lrredund": 4.2492, "lrpepelmv": 65.3909, "hphfpdID": "000001", "pdbset": null, "lrpepxh": -1.0, "finallr": 277.8589, "lrpepelmh": -1.0, "template": "1ids:AC(0.51,0.60,47/213,27,31)", "viralprotein_id": 17117, "lrsm": 1.4777, "id": 16819813, "lrpepxv": -1.0, "lrredundpairs": 0.7707, "humanprotein_id": 4793, "vphfpdID": "004129"}, {"lrredund": 15.8699, "lrpepelmv": 65.3909, "hphfpdID": "000007", "pdbset": null, "lrpepxh": -1.0, "finallr": 1037.746, "lrpepelmh": -1.0, "template": "1ids:AC(0.51,0.60,47/213,25,30)", "viralprotein_id": 17117, "lrsm": 1.4777, "id": 16820968, "lrpepxv": -1.0, "lrredundpairs": 0.7707, "humanprotein_id": 6393, "vphfpdID": "004129"}, {"lrredund": 2.3254, "lrpepelmv": 65.3909, "hphfpdID": "000005", "pdbset": null, "lrpepxh": -1.0, "finallr": 152.0599, "lrpepelmh": -1.0, "template": "1gn3:BA(0.55,0.60,47/238,25,32)", "viralprotein_id": 17117, "lrsm": 1.4777, "id": 16821138, "lrpepxv": -1.0, "lrredundpairs": 0.7707, "humanprotein_id": 4794, "vphfpdID": "004129"}, {"lrredund": 15.8699, "lrpepelmv": 65.3909, "hphfpdID": "000002", "pdbset": null, "lrpepxh": -1.0, "finallr": 1037.746, "lrpepelmh": -1.0, "template": "", "viralprotein_id": 17117, "lrsm": -1.0, "id": 16822402, "lrpepxv": -1.0, "lrredundpairs": 0.7707, "humanprotein_id": 6315, "vphfpdID": "004129"}, {"lrredund": 15.8699, "lrpepelmv": 72.805, "hphfpdID": "000007", "pdbset": null, "lrpepxh": -1.0, "finallr": 1155.407, "lrpepelmh": -1.0, "template": "", "viralprotein_id": 17118, "lrsm": -1.0, "id": 83486015, "lrpepxv": -1.0, "lrredundpairs": -1.0, "humanprotein_id": 6393, "vphfpdID": "004130@1r1a_2.2"}, {"lrredund": 21.3884, "lrpepelmv": -1.0, "hphfpdID": "005209", "pdbset": null, "lrpepxh": -1.0, "finallr": 102.103, "lrpepelmh": -1.0, "template": "2lk6:BA(0.60,0.59,132/154,20,14)", "viralprotein_id": 17118, "lrsm": 4.7738, "id": 83486820, "lrpepxv": -1.0, "lrredundpairs": -1.0, "humanprotein_id": 8007, "vphfpdID": "004130@1qjy_2.1"}, {"lrredund": -1.0, "lrpepelmv": -1.0, "hphfpdID": "003972.d3109_3228", "pdbset": null, "lrpepxh": -1.0, "finallr": 240.91, "lrpepelmh": -1.0, "template": "1upn:BE(0.07,0.03,80/97,25,25)", "viralprotein_id": 17118, "lrsm": 240.91, "id": 83487519, "lrpepxv": -1.0, "lrredundpairs": -1.0, "humanprotein_id": 10967, "vphfpdID": "004130.e56_262@1qjy_2.2"}, {"lrredund": 15.8699, "lrpepelmv": 14.0867, "hphfpdID": "007144.d1_56", "pdbset": null, "lrpepxh": -1.0, "finallr": 223.5545, "lrpepelmh": -1.0, "template": "1na1:CB(0.38,0.50,272/1559,51,108)", "viralprotein_id": 17118, "lrsm": 7.644, "id": 83488561, "lrpepxv": -1.0, "lrredundpairs": -1.0, "humanprotein_id": 6385, "vphfpdID": "004130.e56_262@1r1a_2.1"}, {"lrredund": 21.3884, "lrpepelmv": 4.5877, "hphfpdID": "003962.d92_178", "pdbset": null, "lrpepxh": -1.0, "finallr": 100.9952, "lrpepelmh": -1.0, "template": "4c10:BC(0.05,0.52,210/1497,25,150)", "viralprotein_id": 17118, "lrsm": 4.722, "id": 83489500, "lrpepxv": -1.0, "lrredundpairs": -1.0, "humanprotein_id": 6447, "vphfpdID": "004130.e56_262@1qjy_2.2"}, {"lrredund": 15.8699, "lrpepelmv": -1.0, "hphfpdID": "011519", "pdbset": null, "lrpepxh": -1.0, "finallr": 292.2154, "lrpepelmh": -1.0, "template": "1nlq:EC(0.54,0.05,83/101,42,52)", "viralprotein_id": 17118, "lrsm": 18.4132, "id": 83489715, "lrpepxv": -1.0, "lrredundpairs": -1.0, "humanprotein_id": 3074, "vphfpdID": "004130.e56_262@1qjy_2.2"}, {"lrredund": 21.3884, "lrpepelmv": -1.0, "hphfpdID": "000172.d132_188", "pdbset": null, "lrpepxh": -1.0, "finallr": 163.4924, "lrpepelmh": -1.0, "template": "4cdw:CB(0.37,0.56,262/1864,41,170)", "viralprotein_id": 17118, "lrsm": 7.644, "id": 83490421, "lrpepxv": -1.0, "lrredundpairs": -1.0, "humanprotein_id": 2981, "vphfpdID": "004130.e56_262@1qjy_2.2"}, {"lrredund": 21.3884, "lrpepelmv": 14.0867, "hphfpdID": "016466.e85_146", "pdbset": null, "lrpepxh": -1.0, "finallr": 301.2919, "lrpepelmh": -1.0, "template": "2lk6:BA(0.60,0.51,123/154,32,37)", "viralprotein_id": 17118, "lrsm": 2.5372, "id": 83491090, "lrpepxv": -1.0, "lrredundpairs": -1.0, "humanprotein_id": 3727, "vphfpdID": "004130@1qjy_2.1"}, {"lrredund": 21.3884, "lrpepelmv": 14.0867, "hphfpdID": "016613", "pdbset": null, "lrpepxh": -1.0, "finallr": 301.2919, "lrpepelmh": -1.0, "template": "", "viralprotein_id": 17118, "lrsm": -1.0, "id": 83491356, "lrpepxv": -1.0, "lrredundpairs": -1.0, "humanprotein_id": 5161, "vphfpdID": "004130@1qjy_2.1"}, {"lrredund": -1.0, "lrpepelmv": -1.0, "hphfpdID": "010149.d99_158", "pdbset": null, "lrpepxh": -1.0, "finallr": 240.91, "lrpepelmh": -1.0, "template": "1upn:BE(0.07,0.03,80/97,25,23)", "viralprotein_id": 17118, "lrsm": 240.91, "id": 83491479, "lrpepxv": -1.0, "lrredundpairs": -1.0, "humanprotein_id": 3891, "vphfpdID": "004130.e56_262@1qjy_2.2"}, {"lrredund": 4.2492, "lrpepelmv": 72.805, "hphfpdID": "000001", "pdbset": null, "lrpepxh": -1.0, "finallr": 309.3629, "lrpepelmh": -1.0, "template": "", "viralprotein_id": 17118, "lrsm": -1.0, "id": 83491592, "lrpepxv": -1.0, "lrredundpairs": -1.0, "humanprotein_id": 4793, "vphfpdID": "004130@1r1a_2.2"}, {"lrredund": -1.0, "lrpepelmv": -1.0, "hphfpdID": "004306", "pdbset": null, "lrpepxh": -1.0, "finallr": 826.1879, "lrpepelmh": -1.0, "template": "3iyp:CF(0.06,0.00,128/156,43,57)", "viralprotein_id": 17118, "lrsm": 826.1879, "id": 83491712, "lrpepxv": -1.0, "lrredundpairs": -1.0, "humanprotein_id": 3167, "vphfpdID": "004130.e56_262@1qjy_2.2"}, {"lrredund": 21.3884, "lrpepelmv": 14.0867, "hphfpdID": "016615", "pdbset": null, "lrpepxh": -1.0, "finallr": 301.2919, "lrpepelmh": -1.0, "template": "1z7z:2I(0.16,0.43,21/25,7,0)", "viralprotein_id": 17118, "lrsm": 2.4032, "id": 83492113, "lrpepxv": -1.0, "lrredundpairs": -1.0, "humanprotein_id": 5095, "vphfpdID": "004130.e56_262@1qjy_2.2"}, {"lrredund": 15.8699, "lrpepelmv": 72.805, "hphfpdID": "000002", "pdbset": null, "lrpepxh": -1.0, "finallr": 1155.407, "lrpepelmh": -1.0, "template": "", "viralprotein_id": 17118, "lrsm": -1.0, "id": 83492942, "lrpepxv": -1.0, "lrredundpairs": -1.0, "humanprotein_id": 6315, "vphfpdID": "004130@1r1a_2.2"}, {"lrredund": 2.0764, "lrpepelmv": 72.805, "hphfpdID": "000005", "pdbset": null, "lrpepxh": -1.0, "finallr": 151.1722, "lrpepelmh": -1.0, "template": "", "viralprotein_id": 17118, "lrsm": -1.0, "id": 83492965, "lrpepxv": -1.0, "lrredundpairs": -1.0, "humanprotein_id": 4794, "vphfpdID": "004130@1r1a_2.2"}, {"lrredund": 21.3884, "lrpepelmv": 72.805, "hphfpdID": "000006", "pdbset": null, "lrpepxh": -1.0, "finallr": 1557.181, "lrpepelmh": -1.0, "template": "", "viralprotein_id": 17118, "lrsm": -1.0, "id": 83493576, "lrpepxv": -1.0, "lrredundpairs": -1.0, "humanprotein_id": 4514, "vphfpdID": "004130@1qjy_2.1"}, {"lrredund": 15.8699, "lrpepelmv": 14.2424, "hphfpdID": "001751.e1725_1863", "pdbset": null, "lrpepxh": -1.0, "finallr": 226.0262, "lrpepelmh": -1.0, "template": "", "viralprotein_id": 17118, "lrsm": -1.0, "id": 83493615, "lrpepxv": -1.0, "lrredundpairs": -1.0, "humanprotein_id": 5041, "vphfpdID": "004130@1r1a_2.2"}, {"lrredund": 15.8699, "lrpepelmv": 20.1497, "hphfpdID": "008378.d463_902", "pdbset": null, "lrpepxh": -1.0, "finallr": 319.7744, "lrpepelmh": -1.0, "template": "1z7z:2I(0.12,0.40,4/25,4,3)", "viralprotein_id": 17118, "lrsm": 1.8315, "id": 83494118, "lrpepxv": -1.0, "lrredundpairs": -1.0, "humanprotein_id": 3758, "vphfpdID": "004130.e56_262@1r1a_2.1"}, {"lrredund": 4.2492, "lrpepelmv": 72.805, "hphfpdID": "000004", "pdbset": null, "lrpepxh": -1.0, "finallr": 309.3629, "lrpepelmh": -1.0, "template": "", "viralprotein_id": 17118, "lrsm": -1.0, "id": 83494770, "lrpepxv": -1.0, "lrredundpairs": -1.0, "humanprotein_id": 6298, "vphfpdID": "004130@1r1a_2.2"}, {"lrredund": 2.0764, "lrpepelmv": 72.805, "hphfpdID": "000003", "pdbset": null, "lrpepxh": -1.0, "finallr": 151.1722, "lrpepelmh": -1.0, "template": "", "viralprotein_id": 17118, "lrsm": -1.0, "id": 83495355, "lrpepxv": -1.0, "lrredundpairs": -1.0, "humanprotein_id": 6857, "vphfpdID": "004130@1r1a_2.2"}, {"lrredund": 15.8699, "lrpepelmv": -1.0, "hphfpdID": "006178.e689_810", "pdbset": null, "lrpepxh": -1.0, "finallr": 264.7404, "lrpepelmh": -1.0, "template": "1na1:BC(0.04,0.49,631/1560,52,37)", "viralprotein_id": 17118, "lrsm": 16.6819, "id": 83496597, "lrpepxv": -1.0, "lrredundpairs": -1.0, "humanprotein_id": 2856, "vphfpdID": "004130@1r1a_2.2"}, {"lrredund": -1.0, "lrpepelmv": -1.0, "hphfpdID": "003970.e2857_2920", "pdbset": null, "lrpepxh": -1.0, "finallr": 130.17, "lrpepelmh": -1.0, "template": "1upn:CE(0.04,0.06,14/14,10,13)", "viralprotein_id": 17120, "lrsm": 130.17, "id": 58064990, "lrpepxv": -1.0, "lrredundpairs": -1.0, "humanprotein_id": 15290, "vphfpdID": "004132.e1_193@1r1a_3.3"}, {"lrredund": -1.0, "lrpepelmv": -1.0, "hphfpdID": "002889.d1109_1163", "pdbset": null, "lrpepxh": -1.0, "finallr": 130.17, "lrpepelmh": -1.0, "template": "1upn:CE(0.03,0.06,14/14,8,8)", "viralprotein_id": 17120, "lrsm": 130.17, "id": 58066213, "lrpepxv": -1.0, "lrredundpairs": -1.0, "humanprotein_id": 3204, "vphfpdID": "004132.e1_193@1qjy_3.1"}, {"lrredund": -1.0, "lrpepelmv": -1.0, "hphfpdID": "005984.e81_136", "pdbset": null, "lrpepxh": -1.0, "finallr": 130.17, "lrpepelmh": -1.0, "template": "1upn:CE(0.04,0.05,14/14,11,14)", "viralprotein_id": 17120, "lrsm": 130.17, "id": 58066981, "lrpepxv": -1.0, "lrredundpairs": -1.0, "humanprotein_id": 8771, "vphfpdID": "004132.e1_193@1r1a_3.3"}, {"lrredund": -1.0, "lrpepelmv": -1.0, "hphfpdID": "016757.e2495_2551", "pdbset": null, "lrpepxh": -1.0, "finallr": 130.17, "lrpepelmh": -1.0, "template": "1upn:CE(0.03,0.06,14/14,11,14)", "viralprotein_id": 17120, "lrsm": 130.17, "id": 58067084, "lrpepxv": -1.0, "lrredundpairs": -1.0, "humanprotein_id": 8661, "vphfpdID": "004132.e1_193@1qjy_3.1"}, {"lrredund": -1.0, "lrpepelmv": -1.0, "hphfpdID": "018942.e1_130", "pdbset": null, "lrpepxh": -1.0, "finallr": 100.322, "lrpepelmh": -1.0, "template": "1rvf:3H(0.04,0.05,7/7,6,4)", "viralprotein_id": 17120, "lrsm": 130.17, "id": 58067428, "lrpepxv": -1.0, "lrredundpairs": 0.7707, "humanprotein_id": 447, "vphfpdID": "004132.e43_238@1qjy_3.1"}, {"lrredund": -1.0, "lrpepelmv": -1.0, "hphfpdID": "006159.d208_262", "pdbset": null, "lrpepxh": -1.0, "finallr": 130.17, "lrpepelmh": -1.0, "template": "1upn:CE(0.03,0.06,14/14,8,8)", "viralprotein_id": 17120, "lrsm": 130.17, "id": 58068187, "lrpepxv": -1.0, "lrredundpairs": -1.0, "humanprotein_id": 6819, "vphfpdID": "004132.e1_193@1qjy_3.1"}, {"lrredund": 19.2898, "lrpepelmv": -1.0, "hphfpdID": "018800.e503_596", "pdbset": null, "lrpepxh": -1.0, "finallr": 115.7521, "lrpepelmh": -1.0, "template": "1z7z:3I(0.04,0.19,19/20,12,13)", "viralprotein_id": 17120, "lrsm": 6.0007, "id": 58068422, "lrpepxv": -1.0, "lrredundpairs": 0.7707, "humanprotein_id": 4109, "vphfpdID": "004132.e43_238@1r1a_3.3"}, {"lrredund": -1.0, "lrpepelmv": -1.0, "hphfpdID": "016491", "pdbset": null, "lrpepxh": -1.0, "finallr": 130.17, "lrpepelmh": -1.0, "template": "1upn:CE(0.05,0.05,14/14,7,3)", "viralprotein_id": 17120, "lrsm": 130.17, "id": 58068895, "lrpepxv": -1.0, "lrredundpairs": -1.0, "humanprotein_id": 6512, "vphfpdID": "004132.e43_238@1qjy_3.1"}, {"lrredund": 15.8699, "lrpepelmv": 8.8544, "hphfpdID": "016466.e85_146", "pdbset": null, "lrpepxh": -1.0, "finallr": 140.519, "lrpepelmh": -1.0, "template": "2wzr:31(0.21,0.49,105/522,49,69)", "viralprotein_id": 17120, "lrsm": 4.5353, "id": 58068941, "lrpepxv": -1.0, "lrredundpairs": -1.0, "humanprotein_id": 3727, "vphfpdID": "004132@1v9u_3.2"}, {"lrredund": -1.0, "lrpepelmv": -1.0, "hphfpdID": "009823.d642_700", "pdbset": null, "lrpepxh": -1.0, "finallr": 130.17, "lrpepelmh": -1.0, "template": "1upn:CE(0.04,0.06,14/14,11,14)", "viralprotein_id": 17120, "lrsm": 130.17, "id": 58068950, "lrpepxv": -1.0, "lrredundpairs": -1.0, "humanprotein_id": 3922, "vphfpdID": "004132.e1_193@1r1a_3.3"}, {"lrredund": -1.0, "lrpepelmv": -1.0, "hphfpdID": "004306", "pdbset": null, "lrpepxh": -1.0, "finallr": 260.2086, "lrpepelmh": -1.0, "template": "3iyp:BF(0.06,0.00,58/59,34,29)", "viralprotein_id": 17120, "lrsm": 260.2086, "id": 58069025, "lrpepxv": -1.0, "lrredundpairs": -1.0, "humanprotein_id": 3167, "vphfpdID": "004132.e43_238@1r1a_3.3"}, {"lrredund": 15.8699, "lrpepelmv": 3.2644, "hphfpdID": "003962.d92_178", "pdbset": null, "lrpepxh": -1.0, "finallr": 119.5961, "lrpepelmh": -1.0, "template": "1v9u:32(0.02,0.37,80/414,35,31)", "viralprotein_id": 17120, "lrsm": 7.536, "id": 58069215, "lrpepxv": -1.0, "lrredundpairs": -1.0, "humanprotein_id": 6447, "vphfpdID": "004132.e43_238@1qjy_3.1"}, {"lrredund": -1.0, "lrpepelmv": -1.0, "hphfpdID": "006162.d458_513", "pdbset": null, "lrpepxh": -1.0, "finallr": 130.17, "lrpepelmh": -1.0, "template": "1upn:CE(0.05,0.05,14/14,9,7)", "viralprotein_id": 17120, "lrsm": 130.17, "id": 58069287, "lrpepxv": -1.0, "lrredundpairs": -1.0, "humanprotein_id": 13968, "vphfpdID": "004132.e43_238@1qjy_3.1"}, {"lrredund": -1.0, "lrpepelmv": -1.0, "hphfpdID": "001910.e47_252", "pdbset": null, "lrpepxh": -1.0, "finallr": 130.17, "lrpepelmh": -1.0, "template": "1upn:CE(0.03,0.07,14/14,7,3)", "viralprotein_id": 17120, "lrsm": 130.17, "id": 58069290, "lrpepxv": -1.0, "lrredundpairs": -1.0, "humanprotein_id": 4210, "vphfpdID": "004132.e1_193@1qjy_3.1"}, {"lrredund": 21.3884, "lrpepelmv": -1.0, "hphfpdID": "005354.e1664_1728", "pdbset": null, "lrpepxh": -1.0, "finallr": 194.6095, "lrpepelmh": -1.0, "template": "4cey:CA(0.06,0.57,462/3570,41,330)", "viralprotein_id": 17120, "lrsm": 9.0988, "id": 58070216, "lrpepxv": -1.0, "lrredundpairs": -1.0, "humanprotein_id": 7033, "vphfpdID": "004132@1r1a_3.3"}, {"lrredund": -1.0, "lrpepelmv": -1.0, "hphfpdID": "003971.e2947_3189", "pdbset": null, "lrpepxh": -1.0, "finallr": 130.17, "lrpepelmh": -1.0, "template": "1upn:CE(0.05,0.04,14/14,7,3)", "viralprotein_id": 17120, "lrsm": 130.17, "id": 58070345, "lrpepxv": -1.0, "lrredundpairs": -1.0, "humanprotein_id": 10968, "vphfpdID": "004132.e43_238@1qjy_3.1"}, {"lrredund": 21.3884, "lrpepelmv": -1.0, "hphfpdID": "002626.e1_127", "pdbset": null, "lrpepxh": -1.0, "finallr": 708.2626, "lrpepelmh": -1.0, "template": "1rvf:3H(0.04,0.15,6/7,5,3)", "viralprotein_id": 17120, "lrsm": 33.1143, "id": 58072847, "lrpepxv": -1.0, "lrredundpairs": -1.0, "humanprotein_id": 2804, "vphfpdID": "004132.e43_238@1qjy_3.1"}, {"lrredund": 21.3884, "lrpepelmv": -1.0, "hphfpdID": "016730", "pdbset": null, "lrpepxh": -1.0, "finallr": 172.4606, "lrpepelmh": -1.0, "template": "2lk6:AB(0.59,0.55,136/154,41,74)", "viralprotein_id": 17120, "lrsm": 8.0633, "id": 58073029, "lrpepxv": -1.0, "lrredundpairs": -1.0, "humanprotein_id": 6290, "vphfpdID": "004132.e1_193@1r1a_3.3"}, {"lrredund": 19.2898, "lrpepelmv": -1.0, "hphfpdID": "000172.d132_188", "pdbset": null, "lrpepxh": -1.0, "finallr": 175.5147, "lrpepelmh": -1.0, "template": "4cdw:CB(0.06,0.56,292/1864,42,178)", "viralprotein_id": 17120, "lrsm": 9.0988, "id": 58073054, "lrpepxv": -1.0, "lrredundpairs": -1.0, "humanprotein_id": 2981, "vphfpdID": "004132.e43_238@1r1a_3.3"}, {"lrredund": -1.0, "lrpepelmv": -1.0, "hphfpdID": "006163.d208_263", "pdbset": null, "lrpepxh": -1.0, "finallr": 130.17, "lrpepelmh": -1.0, "template": "1upn:CE(0.03,0.06,14/14,10,12)", "viralprotein_id": 17120, "lrsm": 130.17, "id": 58073099, "lrpepxv": -1.0, "lrredundpairs": -1.0, "humanprotein_id": 16194, "vphfpdID": "004132.e1_193@1qjy_3.1"}, {"lrredund": 21.3884, "lrpepelmv": 8.8544, "hphfpdID": "016615", "pdbset": null, "lrpepxh": -1.0, "finallr": 189.3823, "lrpepelmh": -1.0, "template": "1z7z:3I(0.07,0.43,19/20,12,8)", "viralprotein_id": 17120, "lrsm": 2.4032, "id": 58073318, "lrpepxv": -1.0, "lrredundpairs": -1.0, "humanprotein_id": 5095, "vphfpdID": "004132.e43_238@1v9u_3.2"}, {"lrredund": -1.0, "lrpepelmv": -1.0, "hphfpdID": "006160.d149_203", "pdbset": null, "lrpepxh": -1.0, "finallr": 130.17, "lrpepelmh": -1.0, "template": "1upn:CE(0.06,0.04,14/14,6,1)", "viralprotein_id": 17120, "lrsm": 130.17, "id": 58073902, "lrpepxv": -1.0, "lrredundpairs": -1.0, "humanprotein_id": 5022, "vphfpdID": "004132.e1_193@1v9u_3.2"}, {"lrredund": 19.2898, "lrpepelmv": 8.8544, "hphfpdID": "007144.d1_56", "pdbset": null, "lrpepxh": -1.0, "finallr": 264.7514, "lrpepelmh": -1.0, "template": "1na1:CB(0.04,0.50,277/1559,50,103)", "viralprotein_id": 17120, "lrsm": 13.7249, "id": 58074312, "lrpepxv": -1.0, "lrredundpairs": -1.0, "humanprotein_id": 6385, "vphfpdID": "004132.e43_238@1qjy_3.1"}, {"lrredund": -1.0, "lrpepelmv": -1.0, "hphfpdID": "006161.e107_330", "pdbset": null, "lrpepxh": -1.0, "finallr": 130.17, "lrpepelmh": -1.0, "template": "1upn:CE(0.03,0.07,14/14,5,0)", "viralprotein_id": 17120, "lrsm": 130.17, "id": 58074876, "lrpepxv": -1.0, "lrredundpairs": -1.0, "humanprotein_id": 6793, "vphfpdID": "004132.e1_193@1qjy_3.1"}, {"lrredund": 2.3254, "lrpepelmv": -1.0, "hphfpdID": "007927", "pdbset": null, "lrpepxh": -1.0, "finallr": 302.6975, "lrpepelmh": -1.0, "template": "1z7z:3I(0.04,0.00,19/20,14,17)", "viralprotein_id": 17120, "lrsm": 130.17, "id": 58075623, "lrpepxv": -1.0, "lrredundpairs": 0.7707, "humanprotein_id": 3016, "vphfpdID": "004132.e43_238@1r1a_3.3"}, {"lrredund": 21.3884, "lrpepelmv": 2.8446, "hphfpdID": "001509.e1_53", "pdbset": null, "lrpepxh": -1.0, "finallr": 146.3215, "lrpepelmh": -1.0, "template": "2rs3:31(0.05,0.38,71/557,41,66)", "viralprotein_id": 17120, "lrsm": 6.8412, "id": 58075835, "lrpepxv": -1.0, "lrredundpairs": -1.0, "humanprotein_id": 2598, "vphfpdID": "004132@1r1a_3.3"}, {"lrredund": 19.2898, "lrpepelmv": -1.0, "hphfpdID": "006178.e2120_2203", "pdbset": null, "lrpepxh": -1.0, "finallr": 373.848, "lrpepelmh": -1.0, "template": "1fpn:32(0.01,0.49,58/414,42,26)", "viralprotein_id": 17120, "lrsm": 19.3806, "id": 58076044, "lrpepxv": -1.0, "lrredundpairs": -1.0, "humanprotein_id": 2856, "vphfpdID": "004132.e1_193@1v9u_3.2"}, {"lrredund": 21.3884, "lrpepelmv": 9.677, "hphfpdID": "001751.e1_73", "pdbset": null, "lrpepxh": -1.0, "finallr": 206.9754, "lrpepelmh": -1.0, "template": "2hwb:31(0.05,0.56,52/563,26,13)", "viralprotein_id": 17120, "lrsm": 1.8531, "id": 58076501, "lrpepxv": -1.0, "lrredundpairs": -1.0, "humanprotein_id": 5041, "vphfpdID": "004132@1r1a_3.3"}, {"lrredund": 19.2898, "lrpepelmv": 7.4157, "hphfpdID": "005478.d350_517", "pdbset": null, "lrpepxh": -1.0, "finallr": 143.0465, "lrpepelmh": -1.0, "template": "4ji4:FO(0.57,0.54,2/2,2,1)", "viralprotein_id": 17120, "lrsm": 1.2704, "id": 58076515, "lrpepxv": -1.0, "lrredundpairs": -1.0, "humanprotein_id": 2880, "vphfpdID": "004132.e1_193@1qjy_3.1"}, {"lrredund": 19.2898, "lrpepelmv": -1.0, "hphfpdID": "011519.e1_119", "pdbset": null, "lrpepxh": -1.0, "finallr": 355.1866, "lrpepelmh": -1.0, "template": "2p1b:DC(0.57,0.01,106/130,48,76)", "viralprotein_id": 17120, "lrsm": 18.4132, "id": 58077288, "lrpepxv": -1.0, "lrredundpairs": -1.0, "humanprotein_id": 3074, "vphfpdID": "004132.e1_193@1v9u_3.2"}, {"lrredund": 21.3884, "lrpepelmv": 8.8544, "hphfpdID": "016613.e316_567", "pdbset": null, "lrpepxh": -1.0, "finallr": 189.3823, "lrpepelmh": -1.0, "template": "3pe9:CB(0.60,0.47,42/44,22,13)", "viralprotein_id": 17120, "lrsm": 2.5395, "id": 58078206, "lrpepxv": -1.0, "lrredundpairs": -1.0, "humanprotein_id": 5161, "vphfpdID": "004132.e1_193@1v9u_3.2"}, {"lrredund": 1.2535, "lrpepelmv": -1.0, "hphfpdID": "013693", "pdbset": null, "lrpepxh": -1.0, "finallr": 106.5129, "lrpepelmh": -1.0, "template": "1s3s:BD(0.25,0.13,59/136,41,43)", "viralprotein_id": 17122, "lrsm": 84.9724, "id": 79588478, "lrpepxv": -1.0, "lrredundpairs": 1.1877, "humanprotein_id": 6333, "vphfpdID": "004134.d113_239@2ce7_A.6"}, {"lrredund": 21.3884, "lrpepelmv": 137.2032, "hphfpdID": "000002", "pdbset": null, "lrpepxh": -1.0, "finallr": 2934.559, "lrpepelmh": -1.0, "template": "1mab:AG(0.59,0.57,5/157,4,3)", "viralprotein_id": 17122, "lrsm": 0.9682, "id": 79588508, "lrpepxv": -1.0, "lrredundpairs": 15.8699, "humanprotein_id": 6315, "vphfpdID": "004134.d113_239@5gjq_L.19"}, {"lrredund": 21.3884, "lrpepelmv": 6.3442, "hphfpdID": "001349.d2679_3055", "pdbset": null, "lrpepxh": -1.0, "finallr": 135.6925, "lrpepelmh": -1.0, "template": "", "viralprotein_id": 17122, "lrsm": -1.0, "id": 79588879, "lrpepxv": -1.0, "lrredundpairs": -1.0, "humanprotein_id": 7312, "vphfpdID": "004134@2ce7_A.4"}, {"lrredund": 20.9141, "lrpepelmv": 137.2032, "hphfpdID": "000007", "pdbset": null, "lrpepxh": -1.0, "finallr": 2869.483, "lrpepelmh": -1.0, "template": "4jpo:DA(0.33,0.60,3/53,1,0)", "viralprotein_id": 17122, "lrsm": 1.02, "id": 79590003, "lrpepxv": -1.0, "lrredundpairs": 0.7707, "humanprotein_id": 6393, "vphfpdID": "004134@2ce7_A.4"}, {"lrredund": 19.2898, "lrpepelmv": 9.677, "hphfpdID": "001751.e1_73", "pdbset": null, "lrpepxh": -1.0, "finallr": 186.6672, "lrpepelmh": -1.0, "template": "2orv:BA(0.41,0.12,32/214,23,23)", "viralprotein_id": 17122, "lrsm": 2.7953, "id": 79591867, "lrpepxv": -1.0, "lrredundpairs": -1.0, "humanprotein_id": 5041, "vphfpdID": "004134.d113_239@5gjq_L.19"}, {"lrredund": -1.0, "lrpepelmv": -1.0, "hphfpdID": "016328.d306_553", "pdbset": null, "lrpepxh": -1.0, "finallr": 116.6671, "lrpepelmh": -1.0, "template": "4kod:EA(0.23,0.16,57/142,41,50)", "viralprotein_id": 17122, "lrsm": 84.9724, "id": 79592542, "lrpepxv": -1.0, "lrredundpairs": 1.373, "humanprotein_id": 19281, "vphfpdID": "004134.d113_239@5gjq_H.4"}, {"lrredund": 2.3254, "lrpepelmv": -1.0, "hphfpdID": "013715.d159_407", "pdbset": null, "lrpepxh": -1.0, "finallr": 197.5948, "lrpepelmh": -1.0, "template": "4kod:HJ(0.22,0.16,60/145,41,49)", "viralprotein_id": 17122, "lrsm": 84.9724, "id": 79592567, "lrpepxv": -1.0, "lrredundpairs": 2.0764, "humanprotein_id": 5262, "vphfpdID": "004134.d113_239@5e7p_A.14"}, {"lrredund": 2.3254, "lrpepelmv": -1.0, "hphfpdID": "013707.d217_286", "pdbset": null, "lrpepxh": -1.0, "finallr": 197.5948, "lrpepelmh": -1.0, "template": "1tue:MF(0.02,0.31,58/115,42,38)", "viralprotein_id": 17122, "lrsm": 84.9724, "id": 79593685, "lrpepxv": -1.0, "lrredundpairs": 2.0764, "humanprotein_id": 6308, "vphfpdID": "004134.d113_239@1tue_A.15"}, {"lrredund": 19.2898, "lrpepelmv": -1.0, "hphfpdID": "017281.d200_434", "pdbset": null, "lrpepxh": -1.0, "finallr": 9045.245, "lrpepelmh": -1.0, "template": "4kod:EB(0.15,0.03,60/145,44,47)", "viralprotein_id": 17122, "lrsm": 468.9134, "id": 79593934, "lrpepxv": -1.0, "lrredundpairs": 0.7707, "humanprotein_id": 5906, "vphfpdID": "004134.d113_239@5ftj_A.9"}, {"lrredund": 4.2492, "lrpepelmv": 32.9939, "hphfpdID": "017283", "pdbset": null, "lrpepxh": -1.0, "finallr": 140.1976, "lrpepelmh": -1.0, "template": "", "viralprotein_id": 17122, "lrsm": -1.0, "id": 79595094, "lrpepxv": -1.0, "lrredundpairs": -1.0, "humanprotein_id": 5846, "vphfpdID": "004134@2ce7_A.4"}, {"lrredund": 21.3884, "lrpepelmv": -1.0, "hphfpdID": "017046.e457_686", "pdbset": null, "lrpepxh": -1.0, "finallr": 274.8026, "lrpepelmh": -1.0, "template": "4ko8:BA(0.20,0.58,48/368,41,40)", "viralprotein_id": 17122, "lrsm": 12.8482, "id": 79595281, "lrpepxv": -1.0, "lrredundpairs": 0.7707, "humanprotein_id": 6818, "vphfpdID": "004134.d113_239@5gjq_H.4"}, {"lrredund": 3.5815, "lrpepelmv": -1.0, "hphfpdID": "008899", "pdbset": null, "lrpepxh": -1.0, "finallr": 125.9497, "lrpepelmh": -1.0, "template": "2qqe:BA(0.41,0.10,193/241,75,95)", "viralprotein_id": 17122, "lrsm": 35.1668, "id": 79595535, "lrpepxv": -1.0, "lrredundpairs": 0.7707, "humanprotein_id": 2925, "vphfpdID": "004134@5gjq_H.1"}, {"lrredund": 21.3884, "lrpepelmv": 14.0845, "hphfpdID": "016615.d554_715", "pdbset": null, "lrpepxh": -1.0, "finallr": 301.2446, "lrpepelmh": -1.0, "template": "", "viralprotein_id": 17122, "lrsm": -1.0, "id": 79595554, "lrpepxv": -1.0, "lrredundpairs": -1.0, "humanprotein_id": 5095, "vphfpdID": "004134@5gjq_L.3"}, {"lrredund": 4.2492, "lrpepelmv": 137.2032, "hphfpdID": "000001", "pdbset": null, "lrpepxh": -1.0, "finallr": 583.0042, "lrpepelmh": -1.0, "template": "", "viralprotein_id": 17122, "lrsm": -1.0, "id": 79595616, "lrpepxv": -1.0, "lrredundpairs": 0.7707, "humanprotein_id": 4793, "vphfpdID": "004134@2ce7_A.4"}, {"lrredund": 19.2898, "lrpepelmv": 137.2032, "hphfpdID": "000006", "pdbset": null, "lrpepxh": -1.0, "finallr": 2646.624, "lrpepelmh": -1.0, "template": "", "viralprotein_id": 17122, "lrsm": -1.0, "id": 79596127, "lrpepxv": -1.0, "lrredundpairs": 0.7707, "humanprotein_id": 4514, "vphfpdID": "004134@2ce7_A.4"}, {"lrredund": 2.0764, "lrpepelmv": 137.2032, "hphfpdID": "000003", "pdbset": null, "lrpepxh": -1.0, "finallr": 284.8889, "lrpepelmh": -1.0, "template": "", "viralprotein_id": 17122, "lrsm": -1.0, "id": 79596674, "lrpepxv": -1.0, "lrredundpairs": 1.1877, "humanprotein_id": 6857, "vphfpdID": "004134@5gjq_I.2"}, {"lrredund": 21.3884, "lrpepelmv": -1.0, "hphfpdID": "013900", "pdbset": null, "lrpepxh": -1.0, "finallr": 116.3786, "lrpepelmh": -1.0, "template": "3rgg:DA(0.59,0.04,81/173,42,39)", "viralprotein_id": 17122, "lrsm": 5.4412, "id": 79596943, "lrpepxv": -1.0, "lrredundpairs": -1.0, "humanprotein_id": 4285, "vphfpdID": "004134.d113_239@2ce7_A.6"}, {"lrredund": 4.2492, "lrpepelmv": 137.2032, "hphfpdID": "000004", "pdbset": null, "lrpepxh": -1.0, "finallr": 583.0042, "lrpepelmh": -1.0, "template": "", "viralprotein_id": 17122, "lrsm": -1.0, "id": 79596954, "lrpepxv": -1.0, "lrredundpairs": 1.1877, "humanprotein_id": 6298, "vphfpdID": "004134@5gjq_H.1"}, {"lrredund": 21.3884, "lrpepelmv": 14.0845, "hphfpdID": "016613.e122_316", "pdbset": null, "lrpepxh": -1.0, "finallr": 301.2446, "lrpepelmh": -1.0, "template": "1ohh:DG(0.53,0.45,3/54,3,2)", "viralprotein_id": 17122, "lrsm": 1.02, "id": 79597086, "lrpepxv": -1.0, "lrredundpairs": -1.0, "humanprotein_id": 5161, "vphfpdID": "004134@5gjq_I.2"}, {"lrredund": 19.2898, "lrpepelmv": 14.9984, "hphfpdID": "007144.e151_217", "pdbset": null, "lrpepxh": -1.0, "finallr": 289.3153, "lrpepelmh": -1.0, "template": "1n61:CA(0.60,0.57,52/127,23,26)", "viralprotein_id": 17122, "lrsm": 1.6503, "id": 79598130, "lrpepxv": -1.0, "lrredundpairs": 1.373, "humanprotein_id": 6385, "vphfpdID": "004134.d113_239@5gjq_L.19"}, {"lrredund": 21.3884, "lrpepelmv": 14.9984, "hphfpdID": "016466.e85_146", "pdbset": null, "lrpepxh": -1.0, "finallr": 320.7909, "lrpepelmh": -1.0, "template": "1t0j:BA(0.60,0.24,23/177,21,16)", "viralprotein_id": 17122, "lrsm": 1.5568, "id": 79600187, "lrpepxv": -1.0, "lrredundpairs": 15.8699, "humanprotein_id": 3727, "vphfpdID": "004134.d113_239@2ce7_A.6"}, {"lrredund": 2.3254, "lrpepelmv": -1.0, "hphfpdID": "013716.d92_417", "pdbset": null, "lrpepxh": -1.0, "finallr": 112.5303, "lrpepelmh": -1.0, "template": "3hu1:FE(0.18,0.21,58/179,41,43)", "viralprotein_id": 17122, "lrsm": 48.3918, "id": 79600483, "lrpepxv": -1.0, "lrredundpairs": -1.0, "humanprotein_id": 4985, "vphfpdID": "004134.d113_239@5g4f_A.7"}, {"lrredund": 4.2492, "lrpepelmv": 32.9939, "hphfpdID": "017284", "pdbset": null, "lrpepxh": -1.0, "finallr": 140.1976, "lrpepelmh": -1.0, "template": "", "viralprotein_id": 17122, "lrsm": -1.0, "id": 79600538, "lrpepxv": -1.0, "lrredundpairs": -1.0, "humanprotein_id": 7960, "vphfpdID": "004134@2ce7_A.4"}, {"lrredund": 21.3884, "lrpepelmv": -1.0, "hphfpdID": "015361", "pdbset": null, "lrpepxh": -1.0, "finallr": 108.061, "lrpepelmh": -1.0, "template": "1pl6:BA(0.58,0.57,125/193,46,38)", "viralprotein_id": 17122, "lrsm": 5.0523, "id": 79601373, "lrpepxv": -1.0, "lrredundpairs": -1.0, "humanprotein_id": 4370, "vphfpdID": "004134@2ce7_A.4"}, {"lrredund": -1.0, "lrpepelmv": 137.2032, "hphfpdID": "000005", "pdbset": null, "lrpepxh": -1.0, "finallr": 162.9563, "lrpepelmh": -1.0, "template": "", "viralprotein_id": 17122, "lrsm": -1.0, "id": 79601506, "lrpepxv": -1.0, "lrredundpairs": 1.1877, "humanprotein_id": 4794, "vphfpdID": "004134@5gjq_I.2"}, {"lrredund": 15.8699, "lrpepelmv": 6.3869, "hphfpdID": "001509.e1_53", "pdbset": null, "lrpepxh": -1.0, "finallr": 101.3588, "lrpepelmh": -1.0, "template": "4n53:AB(0.20,0.45,203/2681,24,182)", "viralprotein_id": 17112, "lrsm": 3.1304, "id": 4480473, "lrpepxv": 5.43, "lrredundpairs": -1.0, "humanprotein_id": 2598, "vphfpdID": "004125.e67_289@1r1a_1.1"}, {"lrredund": 15.8699, "lrpepelmv": 15.8041, "hphfpdID": "016615", "pdbset": null, "lrpepxh": -1.0, "finallr": 250.8094, "lrpepelmh": -1.0, "template": "1z7z:1I(0.10,0.43,43/65,21,22)", "viralprotein_id": 17112, "lrsm": 3.1219, "id": 4481039, "lrpepxv": -1.0, "lrredundpairs": -1.0, "humanprotein_id": 5095, "vphfpdID": "004125.e67_289@1r1a_1.1"}, {"lrredund": 21.3884, "lrpepelmv": 6.3442, "hphfpdID": "001349.d2715_2964", "pdbset": null, "lrpepxh": -1.0, "finallr": 135.6925, "lrpepelmh": -1.0, "template": "2idh:CF(0.50,0.42,14/32,4,0)", "viralprotein_id": 17112, "lrsm": 1.2265, "id": 4481484, "lrpepxv": 2.59, "lrredundpairs": -1.0, "humanprotein_id": 7312, "vphfpdID": "004125.e67_289@1r1a_1.1"}, {"lrredund": 21.3884, "lrpepelmv": -1.0, "hphfpdID": "016869.d56_203", "pdbset": null, "lrpepxh": -1.0, "finallr": 116.139, "lrpepelmh": -1.0, "template": "3dnj:BA(0.57,0.31,31/69,11,5)", "viralprotein_id": 17112, "lrsm": 1.2265, "id": 4483567, "lrpepxv": 5.43, "lrredundpairs": -1.0, "humanprotein_id": 4495, "vphfpdID": "004125.e67_289@1r1a_1.1"}, {"lrredund": 4.2492, "lrpepelmv": 72.805, "hphfpdID": "000001", "pdbset": null, "lrpepxh": -1.0, "finallr": 309.3629, "lrpepelmh": -1.0, "template": "", "viralprotein_id": 17112, "lrsm": -1.0, "id": 4484714, "lrpepxv": -1.0, "lrredundpairs": -1.0, "humanprotein_id": 4793, "vphfpdID": "004125@1qjy_1.2"}, {"lrredund": 20.9141, "lrpepelmv": 15.8041, "hphfpdID": "007144.d1_56", "pdbset": null, "lrpepxh": -1.0, "finallr": 330.5284, "lrpepelmh": -1.0, "template": "1na1:AB(0.09,0.50,125/596,44,116)", "viralprotein_id": 17112, "lrsm": 8.8265, "id": 4484883, "lrpepxv": -1.0, "lrredundpairs": -1.0, "humanprotein_id": 6385, "vphfpdID": "004125.e1_199@1v9u_1.2"}, {"lrredund": 2.3254, "lrpepelmv": -1.0, "hphfpdID": "007927", "pdbset": null, "lrpepxh": -1.0, "finallr": 393.2198, "lrpepelmh": -1.0, "template": "1z7z:1I(0.10,0.00,49/65,25,27)", "viralprotein_id": 17112, "lrsm": 169.0977, "id": 4485619, "lrpepxv": -1.0, "lrredundpairs": 0.7707, "humanprotein_id": 3016, "vphfpdID": "004125.e67_289@1v9u_1.3"}, {"lrredund": 19.2898, "lrpepelmv": 72.805, "hphfpdID": "000006", "pdbset": null, "lrpepxh": -1.0, "finallr": 1404.393, "lrpepelmh": -1.0, "template": "", "viralprotein_id": 17112, "lrsm": -1.0, "id": 4486248, "lrpepxv": -1.0, "lrredundpairs": -1.0, "humanprotein_id": 4514, "vphfpdID": "004125@1r1a_1.1"}, {"lrredund": 19.2898, "lrpepelmv": 72.805, "hphfpdID": "000007", "pdbset": null, "lrpepxh": -1.0, "finallr": 1404.393, "lrpepelmh": -1.0, "template": "", "viralprotein_id": 17112, "lrsm": -1.0, "id": 4487004, "lrpepxv": -1.0, "lrredundpairs": -1.0, "humanprotein_id": 6393, "vphfpdID": "004125@1r1a_1.1"}, {"lrredund": 20.9141, "lrpepelmv": -1.0, "hphfpdID": "018800.e503_596", "pdbset": null, "lrpepxh": -1.0, "finallr": 163.0298, "lrpepelmh": -1.0, "template": "1z7z:1I(0.10,0.19,48/65,22,22)", "viralprotein_id": 17112, "lrsm": 7.7952, "id": 4487238, "lrpepxv": -1.0, "lrredundpairs": 0.7707, "humanprotein_id": 4109, "vphfpdID": "004125.e67_289@1v9u_1.3"}, {"lrredund": 19.2898, "lrpepelmv": 15.8041, "hphfpdID": "016466.e85_146", "pdbset": null, "lrpepxh": -1.0, "finallr": 304.8578, "lrpepelmh": -1.0, "template": "2lk5:BA(0.49,0.39,112/132,37,69)", "viralprotein_id": 17112, "lrsm": 2.4771, "id": 4487959, "lrpepxv": 2.59, "lrredundpairs": 0.7707, "humanprotein_id": 3727, "vphfpdID": "004125.e1_199@1r1a_1.1"}, {"lrredund": 2.3254, "lrpepelmv": 4.1021, "hphfpdID": "016486.d81_222", "pdbset": null, "lrpepxh": -1.0, "finallr": 144.8956, "lrpepelmh": -1.0, "template": "4cdw:AD(0.18,0.58,175/1151,19,168)", "viralprotein_id": 17112, "lrsm": 3.7424, "id": 4488746, "lrpepxv": 62.31, "lrredundpairs": 0.7707, "humanprotein_id": 6479, "vphfpdID": "004125.e67_289@1qjy_1.2"}, {"lrredund": 15.8699, "lrpepelmv": 15.8041, "hphfpdID": "016613.e557_714", "pdbset": null, "lrpepxh": -1.0, "finallr": 250.8094, "lrpepelmh": -1.0, "template": "", "viralprotein_id": 17112, "lrsm": -1.0, "id": 4489208, "lrpepxv": -1.0, "lrredundpairs": -1.0, "humanprotein_id": 5161, "vphfpdID": "004125@1r1a_1.1"}, {"lrredund": 19.2898, "lrpepelmv": -1.0, "hphfpdID": "016730", "pdbset": null, "lrpepxh": -1.0, "finallr": 187.7603, "lrpepelmh": -1.0, "template": "2lk5:AB(0.57,0.60,120/132,41,90)", "viralprotein_id": 17112, "lrsm": 9.7337, "id": 4489861, "lrpepxv": -1.0, "lrredundpairs": 0.7707, "humanprotein_id": 6290, "vphfpdID": "004125.e1_199@1v9u_1.2"}, {"lrredund": 15.8699, "lrpepelmv": 72.805, "hphfpdID": "000002", "pdbset": null, "lrpepxh": -1.0, "finallr": 1155.407, "lrpepelmh": -1.0, "template": "", "viralprotein_id": 17112, "lrsm": -1.0, "id": 4490251, "lrpepxv": -1.0, "lrredundpairs": -1.0, "humanprotein_id": 6315, "vphfpdID": "004125@1qjy_1.2"}, {"lrredund": 2.3254, "lrpepelmv": 72.805, "hphfpdID": "000005", "pdbset": null, "lrpepxh": -1.0, "finallr": 169.3006, "lrpepelmh": -1.0, "template": "", "viralprotein_id": 17112, "lrsm": -1.0, "id": 4491037, "lrpepxv": -1.0, "lrredundpairs": -1.0, "humanprotein_id": 4794, "vphfpdID": "004125@1r1a_1.1"}, {"lrredund": 20.9141, "lrpepelmv": -1.0, "hphfpdID": "018500.d533_608", "pdbset": null, "lrpepxh": -1.0, "finallr": 100.4723, "lrpepelmh": -1.0, "template": "3m3j:BD(0.52,0.02,34/41,21,21)", "viralprotein_id": 17112, "lrsm": 4.804, "id": 4491262, "lrpepxv": -1.0, "lrredundpairs": -1.0, "humanprotein_id": 3463, "vphfpdID": "004125.e1_199@1v9u_1.2"}, {"lrredund": 20.9141, "lrpepelmv": -1.0, "hphfpdID": "006178.e603_726", "pdbset": null, "lrpepxh": -1.0, "finallr": 268.7087, "lrpepelmh": -1.0, "template": "3b83:HC(0.59,0.17,55/149,42,38)", "viralprotein_id": 17112, "lrsm": 12.8482, "id": 4492277, "lrpepxv": 3.84, "lrredundpairs": -1.0, "humanprotein_id": 2856, "vphfpdID": "004125.e1_199@1r1a_1.1"}, {"lrredund": 19.2898, "lrpepelmv": 4.1021, "hphfpdID": "003962.d92_178", "pdbset": null, "lrpepxh": -1.0, "finallr": 247.8394, "lrpepelmh": -1.0, "template": "1h8t:AC(0.09,0.57,59/627,42,59)", "viralprotein_id": 17112, "lrsm": 12.8482, "id": 4492559, "lrpepxv": -1.0, "lrredundpairs": 0.7707, "humanprotein_id": 6447, "vphfpdID": "004125.e1_199@1v9u_1.2"}, {"lrredund": 19.2898, "lrpepelmv": -1.0, "hphfpdID": "005354.e1664_1728", "pdbset": null, "lrpepxh": -1.0, "finallr": 131.9646, "lrpepelmh": -1.0, "template": "1z7s:13(0.09,0.49,81/621,50,72)", "viralprotein_id": 17112, "lrsm": 6.8412, "id": 4493358, "lrpepxv": -1.0, "lrredundpairs": -1.0, "humanprotein_id": 7033, "vphfpdID": "004125.e1_199@1v9u_1.2"}, {"lrredund": 19.2898, "lrpepelmv": -1.0, "hphfpdID": "011519.e1_119", "pdbset": null, "lrpepxh": -1.0, "finallr": 355.1866, "lrpepelmh": -1.0, "template": "2p1b:FJ(0.58,0.01,105/119,45,64)", "viralprotein_id": 17112, "lrsm": 18.4132, "id": 4493405, "lrpepxv": -1.0, "lrredundpairs": -1.0, "humanprotein_id": 3074, "vphfpdID": "004125@1r1a_1.1"}, {"lrredund": 21.3884, "lrpepelmv": -1.0, "hphfpdID": "013899.g1_173", "pdbset": null, "lrpepxh": -1.0, "finallr": 116.139, "lrpepelmh": -1.0, "template": "2lk5:AB(0.52,0.38,121/132,31,46)", "viralprotein_id": 17112, "lrsm": 3.4243, "id": 4493771, "lrpepxv": 5.43, "lrredundpairs": -1.0, "humanprotein_id": 1240, "vphfpdID": "004125.e1_199@1r1a_1.1"}, {"lrredund": 4.2492, "lrpepelmv": 72.805, "hphfpdID": "000004", "pdbset": null, "lrpepxh": -1.0, "finallr": 309.3629, "lrpepelmh": -1.0, "template": "1wrd:BA(0.50,0.51,41/130,21,25)", "viralprotein_id": 17112, "lrsm": 1.4777, "id": 4493843, "lrpepxv": -1.0, "lrredundpairs": -1.0, "humanprotein_id": 6298, "vphfpdID": "004125.e1_199@1v9u_1.2"}, {"lrredund": 21.3884, "lrpepelmv": -1.0, "hphfpdID": "002626", "pdbset": null, "lrpepxh": -1.0, "finallr": 117.6084, "lrpepelmh": -1.0, "template": "1z7z:1I(0.10,0.18,33/65,18,9)", "viralprotein_id": 17112, "lrsm": 5.4987, "id": 4493888, "lrpepxv": 5.43, "lrredundpairs": -1.0, "humanprotein_id": 2804, "vphfpdID": "004125.e67_289@1qjy_1.2"}, {"lrredund": 21.3884, "lrpepelmv": -1.0, "hphfpdID": "005567.d338_586", "pdbset": null, "lrpepxh": -1.0, "finallr": 116.139, "lrpepelmh": -1.0, "template": "2dwv:BA(0.52,0.52,90/102,34,54)", "viralprotein_id": 17112, "lrsm": 2.3512, "id": 4494269, "lrpepxv": 5.43, "lrredundpairs": -1.0, "humanprotein_id": 3874, "vphfpdID": "004125.e1_199@1qjy_1.3"}, {"lrredund": 2.3254, "lrpepelmv": 72.805, "hphfpdID": "000003", "pdbset": null, "lrpepxh": -1.0, "finallr": 169.3006, "lrpepelmh": -1.0, "template": "", "viralprotein_id": 17112, "lrsm": -1.0, "id": 4494669, "lrpepxv": -1.0, "lrredundpairs": -1.0, "humanprotein_id": 6857, "vphfpdID": "004125@1qjy_1.2"}, {"lrredund": 21.3884, "lrpepelmv": 9.677, "hphfpdID": "001751.e1_73", "pdbset": null, "lrpepxh": -1.0, "finallr": 206.9754, "lrpepelmh": -1.0, "template": "1d4m:14(0.11,0.55,41/168,23,20)", "viralprotein_id": 17112, "lrsm": 1.8531, "id": 4494687, "lrpepxv": -1.0, "lrredundpairs": -1.0, "humanprotein_id": 5041, "vphfpdID": "004125.e1_199@1qjy_1.3"}]