[{"lrredund": 15.8699, "lrpepelmv": -1.0, "hphfpdID": "004138.d421_563", "pdbset": null, "lrpepxh": -1.0, "finallr": 134.8178, "lrpepelmh": -1.0, "template": "4g3k:AB(0.46,0.38,128/156,46,54)", "viralprotein_id": 17233, "lrsm": 8.4952, "id": 11893785, "lrpepxv": -1.0, "lrredundpairs": -1.0, "humanprotein_id": 7446, "vphfpdID": "004228.g404_460@1xr6_A.3"}, {"lrredund": 21.3884, "lrpepelmv": -1.0, "hphfpdID": "000172.e343_463", "pdbset": null, "lrpepxh": -1.0, "finallr": 219.339, "lrpepelmh": -1.0, "template": "2kik:AB(0.52,0.39,116/144,43,46)", "viralprotein_id": 17233, "lrsm": 10.255, "id": 11895276, "lrpepxv": -1.0, "lrredundpairs": -1.0, "humanprotein_id": 2981, "vphfpdID": "004228.g404_460@1xr6_A.3"}, {"lrredund": 21.3884, "lrpepelmv": 16.7751, "hphfpdID": "007144.d1_56", "pdbset": null, "lrpepxh": -1.0, "finallr": 358.7932, "lrpepelmh": -1.0, "template": "3k7r:AB(0.43,0.56,16/19,5,1)", "viralprotein_id": 17233, "lrsm": 1.3385, "id": 11895515, "lrpepxv": 3.51, "lrredundpairs": -1.0, "humanprotein_id": 6385, "vphfpdID": "004228.d141_403@1xr6_A.1"}, {"lrredund": 21.3884, "lrpepelmv": -1.0, "hphfpdID": "012444", "pdbset": null, "lrpepxh": -1.0, "finallr": 282.9685, "lrpepelmh": -1.0, "template": "3zzy:BA(0.60,0.59,7/49,2,1)", "viralprotein_id": 17233, "lrsm": 0.9682, "id": 11895858, "lrpepxv": 13.23, "lrredundpairs": -1.0, "humanprotein_id": 2955, "vphfpdID": "004228.d141_403@1xr6_A.1"}, {"lrredund": 21.3884, "lrpepelmv": 65.3909, "hphfpdID": "000007", "pdbset": null, "lrpepxh": -1.0, "finallr": 1398.606, "lrpepelmh": -1.0, "template": "", "viralprotein_id": 17233, "lrsm": -1.0, "id": 11895925, "lrpepxv": -1.0, "lrredundpairs": -1.0, "humanprotein_id": 6393, "vphfpdID": "004228@4k50_A.3"}, {"lrredund": 21.3884, "lrpepelmv": -1.0, "hphfpdID": "018500", "pdbset": null, "lrpepxh": -1.0, "finallr": 128.3451, "lrpepelmh": -1.0, "template": "2bwe:RS(0.33,0.06,21/22,8,9)", "viralprotein_id": 17233, "lrsm": 6.0007, "id": 11899022, "lrpepxv": -1.0, "lrredundpairs": -1.0, "humanprotein_id": 3463, "vphfpdID": "004228.g1_140@1xr7_A.2"}, {"lrredund": 3.5815, "lrpepelmv": -1.0, "hphfpdID": "007362", "pdbset": null, "lrpepxh": -1.0, "finallr": 108.6776, "lrpepelmh": -1.0, "template": "1p3o:DB(0.14,0.01,19/38,17,19)", "viralprotein_id": 17233, "lrsm": 30.3442, "id": 11901148, "lrpepxv": -1.0, "lrredundpairs": -1.0, "humanprotein_id": 6354, "vphfpdID": "004228.g1_140@1xr6_A.3"}, {"lrredund": 21.3884, "lrpepelmv": -1.0, "hphfpdID": "016730", "pdbset": null, "lrpepxh": -1.0, "finallr": 116.3786, "lrpepelmh": -1.0, "template": "1wrd:AB(0.56,0.22,66/130,42,58)", "viralprotein_id": 17233, "lrsm": 5.4412, "id": 11901176, "lrpepxv": -1.0, "lrredundpairs": -1.0, "humanprotein_id": 6290, "vphfpdID": "004228.g404_460@1xr7_A.2"}, {"lrredund": 21.3884, "lrpepelmv": 3.8765, "hphfpdID": "002673.d6_152", "pdbset": null, "lrpepxh": -1.0, "finallr": 106.0864, "lrpepelmh": -1.0, "template": "1f5q:BC(0.58,0.10,41/49,21,25)", "viralprotein_id": 17233, "lrsm": 3.1848, "id": 11904987, "lrpepxv": 4.96, "lrredundpairs": -1.0, "humanprotein_id": 4427, "vphfpdID": "004228.g404_460@1xr7_A.2"}, {"lrredund": 21.3884, "lrpepelmv": -1.0, "hphfpdID": "011519.e1_119", "pdbset": null, "lrpepxh": -1.0, "finallr": 107.5723, "lrpepelmh": -1.0, "template": "2voy:AF(0.40,0.57,149/152,19,0)", "viralprotein_id": 17233, "lrsm": 5.0295, "id": 11905026, "lrpepxv": -1.0, "lrredundpairs": -1.0, "humanprotein_id": 3074, "vphfpdID": "004228.d141_403@4k50_A.3"}, {"lrredund": 21.3884, "lrpepelmv": -1.0, "hphfpdID": "004136.e672_776", "pdbset": null, "lrpepxh": -1.0, "finallr": 106.0864, "lrpepelmh": -1.0, "template": "1mkm:AB(0.43,0.34,65/271,43,57)", "viralprotein_id": 17233, "lrsm": 4.5353, "id": 11906288, "lrpepxv": 4.96, "lrredundpairs": -1.0, "humanprotein_id": 7444, "vphfpdID": "004228.g404_460@1xr6_A.3"}, {"lrredund": 21.3884, "lrpepelmv": 16.7751, "hphfpdID": "016615.d83_292", "pdbset": null, "lrpepxh": -1.0, "finallr": 358.7932, "lrpepelmh": -1.0, "template": "4g3k:AB(0.48,0.59,130/156,51,60)", "viralprotein_id": 17233, "lrsm": 8.0633, "id": 11906523, "lrpepxv": -1.0, "lrredundpairs": -1.0, "humanprotein_id": 5095, "vphfpdID": "004228.g404_460@1xr7_A.2"}, {"lrredund": 21.3884, "lrpepelmv": 14.0867, "hphfpdID": "016613.e557_714", "pdbset": null, "lrpepxh": -1.0, "finallr": 301.2919, "lrpepelmh": -1.0, "template": "", "viralprotein_id": 17234, "lrsm": -1.0, "id": 2978000, "lrpepxv": -1.0, "lrredundpairs": -1.0, "humanprotein_id": 5161, "vphfpdID": "004229@1qjy_2.1"}, {"lrredund": 21.3884, "lrpepelmv": 72.805, "hphfpdID": "000006", "pdbset": null, "lrpepxh": -1.0, "finallr": 1557.181, "lrpepelmh": -1.0, "template": "", "viralprotein_id": 17234, "lrsm": -1.0, "id": 2978149, "lrpepxv": -1.0, "lrredundpairs": -1.0, "humanprotein_id": 4514, "vphfpdID": "004229@1qjy_2.1"}, {"lrredund": -1.0, "lrpepelmv": -1.0, "hphfpdID": "010149.d99_158", "pdbset": null, "lrpepxh": -1.0, "finallr": 210.1762, "lrpepelmh": -1.0, "template": "3iyp:CF(0.07,0.06,127/156,44,73)", "viralprotein_id": 17234, "lrsm": 210.1762, "id": 2978151, "lrpepxv": -1.0, "lrredundpairs": -1.0, "humanprotein_id": 3891, "vphfpdID": "004229.e56_262@1qjy_2.2"}, {"lrredund": -1.0, "lrpepelmv": -1.0, "hphfpdID": "009823.e386_447", "pdbset": null, "lrpepxh": -1.0, "finallr": 210.1762, "lrpepelmh": -1.0, "template": "3iyp:CF(0.07,0.08,127/156,44,77)", "viralprotein_id": 17234, "lrsm": 210.1762, "id": 2979249, "lrpepxv": -1.0, "lrredundpairs": -1.0, "humanprotein_id": 3922, "vphfpdID": "004229.e56_262@1qjy_2.2"}, {"lrredund": 4.2492, "lrpepelmv": 72.805, "hphfpdID": "000001", "pdbset": null, "lrpepxh": -1.0, "finallr": 309.3629, "lrpepelmh": -1.0, "template": "", "viralprotein_id": 17234, "lrsm": -1.0, "id": 2979444, "lrpepxv": -1.0, "lrredundpairs": -1.0, "humanprotein_id": 4793, "vphfpdID": "004229@1r1a_2.2"}, {"lrredund": 4.2492, "lrpepelmv": 72.805, "hphfpdID": "000004", "pdbset": null, "lrpepxh": -1.0, "finallr": 309.3629, "lrpepelmh": -1.0, "template": "", "viralprotein_id": 17234, "lrsm": -1.0, "id": 2979478, "lrpepxv": -1.0, "lrredundpairs": -1.0, "humanprotein_id": 6298, "vphfpdID": "004229@1r1a_2.2"}, {"lrredund": 15.8699, "lrpepelmv": 20.2096, "hphfpdID": "007144.d1_56", "pdbset": null, "lrpepxh": -1.0, "finallr": 320.7239, "lrpepelmh": -1.0, "template": "1na1:CB(0.36,0.50,273/1559,51,105)", "viralprotein_id": 17234, "lrsm": 7.644, "id": 2980657, "lrpepxv": -1.0, "lrredundpairs": -1.0, "humanprotein_id": 6385, "vphfpdID": "004229.e56_262@1qjy_2.2"}, {"lrredund": 21.3884, "lrpepelmv": -1.0, "hphfpdID": "000172.d132_188", "pdbset": null, "lrpepxh": -1.0, "finallr": 163.4924, "lrpepelmh": -1.0, "template": "4cdw:CB(0.38,0.56,274/1864,43,180)", "viralprotein_id": 17234, "lrsm": 7.644, "id": 2980828, "lrpepxv": -1.0, "lrredundpairs": -1.0, "humanprotein_id": 2981, "vphfpdID": "004229.e56_262@1qjy_2.2"}, {"lrredund": 21.3884, "lrpepelmv": 4.5877, "hphfpdID": "003962.d92_178", "pdbset": null, "lrpepxh": -1.0, "finallr": 100.9952, "lrpepelmh": -1.0, "template": "4c10:BC(0.07,0.52,210/1497,28,170)", "viralprotein_id": 17234, "lrsm": 4.722, "id": 2980946, "lrpepxv": -1.0, "lrredundpairs": -1.0, "humanprotein_id": 6447, "vphfpdID": "004229.e56_262@1r1a_2.1"}, {"lrredund": -1.0, "lrpepelmv": -1.0, "hphfpdID": "004306.e95_280", "pdbset": null, "lrpepxh": -1.0, "finallr": 826.1879, "lrpepelmh": -1.0, "template": "3iyp:CF(0.09,0.00,135/156,41,46)", "viralprotein_id": 17234, "lrsm": 826.1879, "id": 2981090, "lrpepxv": -1.0, "lrredundpairs": -1.0, "humanprotein_id": 3167, "vphfpdID": "004229@1r1a_2.2"}, {"lrredund": 21.3884, "lrpepelmv": -1.0, "hphfpdID": "005209", "pdbset": null, "lrpepxh": -1.0, "finallr": 102.103, "lrpepelmh": -1.0, "template": "2lk6:BA(0.60,0.59,132/154,20,14)", "viralprotein_id": 17234, "lrsm": 4.7738, "id": 2981092, "lrpepxv": -1.0, "lrredundpairs": -1.0, "humanprotein_id": 8007, "vphfpdID": "004229@1qjy_2.1"}, {"lrredund": 2.0764, "lrpepelmv": 72.805, "hphfpdID": "000003", "pdbset": null, "lrpepxh": -1.0, "finallr": 151.1722, "lrpepelmh": -1.0, "template": "", "viralprotein_id": 17234, "lrsm": -1.0, "id": 2981660, "lrpepxv": -1.0, "lrredundpairs": -1.0, "humanprotein_id": 6857, "vphfpdID": "004229@1r1a_2.2"}, {"lrredund": 21.3884, "lrpepelmv": 14.0867, "hphfpdID": "016615", "pdbset": null, "lrpepxh": -1.0, "finallr": 301.2919, "lrpepelmh": -1.0, "template": "1z7z:2I(0.12,0.43,10/25,4,0)", "viralprotein_id": 17234, "lrsm": 1.8315, "id": 2982291, "lrpepxv": -1.0, "lrredundpairs": -1.0, "humanprotein_id": 5095, "vphfpdID": "004229.e56_262@1qjy_2.2"}, {"lrredund": 15.8699, "lrpepelmv": 72.805, "hphfpdID": "000002", "pdbset": null, "lrpepxh": -1.0, "finallr": 1155.407, "lrpepelmh": -1.0, "template": "", "viralprotein_id": 17234, "lrsm": -1.0, "id": 2983220, "lrpepxv": -1.0, "lrredundpairs": -1.0, "humanprotein_id": 6315, "vphfpdID": "004229@1r1a_2.2"}, {"lrredund": 15.8699, "lrpepelmv": 72.805, "hphfpdID": "000007", "pdbset": null, "lrpepxh": -1.0, "finallr": 1155.407, "lrpepelmh": -1.0, "template": "", "viralprotein_id": 17234, "lrsm": -1.0, "id": 2984588, "lrpepxv": -1.0, "lrredundpairs": -1.0, "humanprotein_id": 6393, "vphfpdID": "004229@1r1a_2.2"}, {"lrredund": 2.0764, "lrpepelmv": 72.805, "hphfpdID": "000005", "pdbset": null, "lrpepxh": -1.0, "finallr": 151.1722, "lrpepelmh": -1.0, "template": "", "viralprotein_id": 17234, "lrsm": -1.0, "id": 2985539, "lrpepxv": -1.0, "lrredundpairs": -1.0, "humanprotein_id": 4794, "vphfpdID": "004229@1r1a_2.2"}, {"lrredund": -1.0, "lrpepelmv": -1.0, "hphfpdID": "016757.d1905_1958", "pdbset": null, "lrpepxh": -1.0, "finallr": 113.0937, "lrpepelmh": -1.0, "template": "3iyp:CF(0.07,0.11,116/156,45,74)", "viralprotein_id": 17234, "lrsm": 113.0937, "id": 2985697, "lrpepxv": -1.0, "lrredundpairs": -1.0, "humanprotein_id": 8661, "vphfpdID": "004229.e56_262@1qjy_2.2"}, {"lrredund": 15.8699, "lrpepelmv": 15.0122, "hphfpdID": "008378.d463_902", "pdbset": null, "lrpepxh": -1.0, "finallr": 238.2415, "lrpepelmh": -1.0, "template": "1z7z:2I(0.12,0.40,6/25,6,5)", "viralprotein_id": 17234, "lrsm": 1.8315, "id": 2986410, "lrpepxv": -1.0, "lrredundpairs": -1.0, "humanprotein_id": 3758, "vphfpdID": "004229.e56_262@1qjy_2.2"}, {"lrredund": 15.8699, "lrpepelmv": 14.2424, "hphfpdID": "001751", "pdbset": null, "lrpepxh": -1.0, "finallr": 226.0262, "lrpepelmh": -1.0, "template": "", "viralprotein_id": 17234, "lrsm": -1.0, "id": 2986482, "lrpepxv": -1.0, "lrredundpairs": -1.0, "humanprotein_id": 5041, "vphfpdID": "004229@1r1a_2.2"}, {"lrredund": 15.8699, "lrpepelmv": -1.0, "hphfpdID": "011519", "pdbset": null, "lrpepxh": -1.0, "finallr": 292.2154, "lrpepelmh": -1.0, "template": "1nlq:BA(0.55,0.03,80/92,42,51)", "viralprotein_id": 17234, "lrsm": 18.4132, "id": 2987152, "lrpepxv": -1.0, "lrredundpairs": -1.0, "humanprotein_id": 3074, "vphfpdID": "004229.e56_262@1r1a_2.1"}, {"lrredund": 21.3884, "lrpepelmv": 20.2096, "hphfpdID": "016466.e85_146", "pdbset": null, "lrpepxh": -1.0, "finallr": 432.2505, "lrpepelmh": -1.0, "template": "2lk6:BA(0.60,0.51,123/154,32,37)", "viralprotein_id": 17234, "lrsm": 2.5372, "id": 2987727, "lrpepxv": -1.0, "lrredundpairs": -1.0, "humanprotein_id": 3727, "vphfpdID": "004229@1qjy_2.1"}, {"lrredund": 15.8699, "lrpepelmv": -1.0, "hphfpdID": "006178.e689_810", "pdbset": null, "lrpepxh": -1.0, "finallr": 264.7404, "lrpepelmh": -1.0, "template": "1na1:BC(0.04,0.49,631/1560,42,29)", "viralprotein_id": 17234, "lrsm": 16.6819, "id": 2988346, "lrpepxv": -1.0, "lrredundpairs": -1.0, "humanprotein_id": 2856, "vphfpdID": "004229@1r1a_2.2"}, {"lrredund": 21.3884, "lrpepelmv": 6.3869, "hphfpdID": "001509.e1_53", "pdbset": null, "lrpepxh": -1.0, "finallr": 261.0853, "lrpepelmh": -1.0, "template": "2dwv:BA(0.52,0.22,84/102,44,74)", "viralprotein_id": 17235, "lrsm": 12.2069, "id": 18915870, "lrpepxv": 5.43, "lrredundpairs": 0.7707, "humanprotein_id": 2598, "vphfpdID": "004230.e1_199@1qjy_1.3"}, {"lrredund": 15.8699, "lrpepelmv": -1.0, "hphfpdID": "005567.d338_586", "pdbset": null, "lrpepxh": -1.0, "finallr": 154.4721, "lrpepelmh": -1.0, "template": "2dwv:AB(0.54,0.51,94/102,41,73)", "viralprotein_id": 17235, "lrsm": 9.7337, "id": 18916451, "lrpepxv": 5.43, "lrredundpairs": -1.0, "humanprotein_id": 3874, "vphfpdID": "004230.e1_199@1qjy_1.3"}, {"lrredund": 20.9141, "lrpepelmv": -1.0, "hphfpdID": "006178.e603_726", "pdbset": null, "lrpepxh": -1.0, "finallr": 268.7087, "lrpepelmh": -1.0, "template": "3b83:HC(0.59,0.17,55/149,42,42)", "viralprotein_id": 17235, "lrsm": 12.8482, "id": 18917045, "lrpepxv": 3.84, "lrredundpairs": -1.0, "humanprotein_id": 2856, "vphfpdID": "004230.e1_199@1r1a_1.2"}, {"lrredund": 2.3254, "lrpepelmv": -1.0, "hphfpdID": "007927", "pdbset": null, "lrpepxh": -1.0, "finallr": 393.2198, "lrpepelmh": -1.0, "template": "1z7z:1I(0.09,0.00,35/65,26,31)", "viralprotein_id": 17235, "lrsm": 169.0977, "id": 18917125, "lrpepxv": -1.0, "lrredundpairs": 0.7707, "humanprotein_id": 3016, "vphfpdID": "004230@1qjy_1.3"}, {"lrredund": -1.0, "lrpepelmv": -1.0, "hphfpdID": "004306", "pdbset": null, "lrpepxh": -1.0, "finallr": 119.2807, "lrpepelmh": -1.0, "template": "3iyp:AF(0.10,0.00,8/13,12,8)", "viralprotein_id": 17235, "lrsm": 119.2807, "id": 18917203, "lrpepxv": -1.0, "lrredundpairs": -1.0, "humanprotein_id": 3167, "vphfpdID": "004230@1v9u_1.1"}, {"lrredund": 21.3884, "lrpepelmv": -1.0, "hphfpdID": "013899.e526_1338", "pdbset": null, "lrpepxh": -1.0, "finallr": 116.139, "lrpepelmh": -1.0, "template": "3ern:FD(0.53,0.57,66/126,41,63)", "viralprotein_id": 17235, "lrsm": 4.3388, "id": 18917333, "lrpepxv": 5.43, "lrredundpairs": -1.0, "humanprotein_id": 1240, "vphfpdID": "004230.e1_199@1r1a_1.2"}, {"lrredund": 21.3884, "lrpepelmv": -1.0, "hphfpdID": "002626.e1_127", "pdbset": null, "lrpepxh": -1.0, "finallr": 175.5488, "lrpepelmh": -1.0, "template": "3epd:1R(0.12,0.36,82/130,41,61)", "viralprotein_id": 17235, "lrsm": 8.2077, "id": 18917858, "lrpepxv": 5.43, "lrredundpairs": -1.0, "humanprotein_id": 2804, "vphfpdID": "004230@1qjy_1.3"}, {"lrredund": 15.8699, "lrpepelmv": 15.8041, "hphfpdID": "016615.d584_674", "pdbset": null, "lrpepxh": -1.0, "finallr": 250.8094, "lrpepelmh": -1.0, "template": "2zdi:BA(0.43,0.31,43/50,26,31)", "viralprotein_id": 17235, "lrsm": 3.1848, "id": 18917871, "lrpepxv": -1.0, "lrredundpairs": -1.0, "humanprotein_id": 5095, "vphfpdID": "004230.e1_199@1qjy_1.3"}, {"lrredund": 19.2898, "lrpepelmv": 72.805, "hphfpdID": "000007", "pdbset": null, "lrpepxh": -1.0, "finallr": 1404.393, "lrpepelmh": -1.0, "template": "", "viralprotein_id": 17235, "lrsm": -1.0, "id": 18918817, "lrpepxv": -1.0, "lrredundpairs": 0.7707, "humanprotein_id": 6393, "vphfpdID": "004230@1qjy_1.3"}, {"lrredund": 21.3884, "lrpepelmv": 72.805, "hphfpdID": "000002", "pdbset": null, "lrpepxh": -1.0, "finallr": 1557.181, "lrpepelmh": -1.0, "template": "", "viralprotein_id": 17235, "lrsm": -1.0, "id": 18919653, "lrpepxv": -1.0, "lrredundpairs": -1.0, "humanprotein_id": 6315, "vphfpdID": "004230@1qjy_1.3"}, {"lrredund": 21.3884, "lrpepelmv": 6.3442, "hphfpdID": "001349.d2715_2964", "pdbset": null, "lrpepxh": -1.0, "finallr": 135.6925, "lrpepelmh": -1.0, "template": "2idh:CF(0.50,0.42,14/32,5,0)", "viralprotein_id": 17235, "lrsm": 1.2265, "id": 18919873, "lrpepxv": 2.59, "lrredundpairs": -1.0, "humanprotein_id": 7312, "vphfpdID": "004230.e67_289@1r1a_1.1"}, {"lrredund": 2.3254, "lrpepelmv": 72.805, "hphfpdID": "000005", "pdbset": null, "lrpepxh": -1.0, "finallr": 169.3006, "lrpepelmh": -1.0, "template": "", "viralprotein_id": 17235, "lrsm": -1.0, "id": 18919896, "lrpepxv": -1.0, "lrredundpairs": -1.0, "humanprotein_id": 4794, "vphfpdID": "004230@1r1a_1.2"}, {"lrredund": 19.2898, "lrpepelmv": -1.0, "hphfpdID": "016730", "pdbset": null, "lrpepxh": -1.0, "finallr": 187.7603, "lrpepelmh": -1.0, "template": "2lk5:AB(0.57,0.60,120/132,43,92)", "viralprotein_id": 17235, "lrsm": 9.7337, "id": 18920865, "lrpepxv": -1.0, "lrredundpairs": -1.0, "humanprotein_id": 6290, "vphfpdID": "004230.e1_199@1v9u_1.1"}, {"lrredund": 20.9141, "lrpepelmv": 5.3702, "hphfpdID": "002673.d6_152", "pdbset": null, "lrpepxh": -1.0, "finallr": 112.3118, "lrpepelmh": -1.0, "template": "1rh7:DF(0.57,0.58,52/86,22,22)", "viralprotein_id": 17235, "lrsm": 1.6503, "id": 18921420, "lrpepxv": -1.0, "lrredundpairs": -1.0, "humanprotein_id": 4427, "vphfpdID": "004230@1r1a_1.2"}, {"lrredund": 19.2898, "lrpepelmv": 5.3702, "hphfpdID": "003962.d92_178", "pdbset": null, "lrpepxh": -1.0, "finallr": 247.8394, "lrpepelmh": -1.0, "template": "1h8t:AC(0.11,0.57,59/627,42,59)", "viralprotein_id": 17235, "lrsm": 12.8482, "id": 18921586, "lrpepxv": -1.0, "lrredundpairs": 0.7707, "humanprotein_id": 6447, "vphfpdID": "004230.e1_199@1r1a_1.2"}, {"lrredund": 19.2898, "lrpepelmv": -1.0, "hphfpdID": "011519", "pdbset": null, "lrpepxh": -1.0, "finallr": 355.1866, "lrpepelmh": -1.0, "template": "3t30:FJ(0.53,0.07,79/95,43,58)", "viralprotein_id": 17235, "lrsm": 18.4132, "id": 18921647, "lrpepxv": -1.0, "lrredundpairs": -1.0, "humanprotein_id": 3074, "vphfpdID": "004230@1qjy_1.3"}, {"lrredund": 2.3254, "lrpepelmv": 72.805, "hphfpdID": "000003", "pdbset": null, "lrpepxh": -1.0, "finallr": 169.3006, "lrpepelmh": -1.0, "template": "", "viralprotein_id": 17235, "lrsm": -1.0, "id": 18922080, "lrpepxv": -1.0, "lrredundpairs": 0.7707, "humanprotein_id": 6857, "vphfpdID": "004230@1qjy_1.3"}, {"lrredund": 15.8699, "lrpepelmv": -1.0, "hphfpdID": "005354.e1664_1728", "pdbset": null, "lrpepxh": -1.0, "finallr": 108.5685, "lrpepelmh": -1.0, "template": "1z7s:13(0.09,0.49,83/621,53,74)", "viralprotein_id": 17235, "lrsm": 6.8412, "id": 18922367, "lrpepxv": 3.84, "lrredundpairs": -1.0, "humanprotein_id": 7033, "vphfpdID": "004230@1qjy_1.3"}, {"lrredund": 19.2898, "lrpepelmv": 15.8041, "hphfpdID": "016466.e85_146", "pdbset": null, "lrpepxh": -1.0, "finallr": 304.8578, "lrpepelmh": -1.0, "template": "2lk5:BA(0.55,0.39,112/132,40,81)", "viralprotein_id": 17235, "lrsm": 2.4771, "id": 18923530, "lrpepxv": -1.0, "lrredundpairs": 0.7707, "humanprotein_id": 3727, "vphfpdID": "004230.e1_199@1v9u_1.1"}, {"lrredund": 21.3884, "lrpepelmv": 5.3702, "hphfpdID": "018111", "pdbset": null, "lrpepxh": -1.0, "finallr": 114.8589, "lrpepelmh": -1.0, "template": "2rl0:FA(0.37,0.57,27/33,9,6)", "viralprotein_id": 17235, "lrsm": 1.3385, "id": 18925247, "lrpepxv": 3.84, "lrredundpairs": -1.0, "humanprotein_id": 15404, "vphfpdID": "004230.e1_199@1qjy_1.3"}, {"lrredund": 15.8699, "lrpepelmv": 15.8041, "hphfpdID": "016613.e557_714", "pdbset": null, "lrpepxh": -1.0, "finallr": 250.8094, "lrpepelmh": -1.0, "template": "2zdi:BA(0.43,0.47,41/50,21,18)", "viralprotein_id": 17235, "lrsm": 2.6756, "id": 18925577, "lrpepxv": -1.0, "lrredundpairs": -1.0, "humanprotein_id": 5161, "vphfpdID": "004230.e1_199@1qjy_1.3"}, {"lrredund": 19.2898, "lrpepelmv": 72.805, "hphfpdID": "000006", "pdbset": null, "lrpepxh": -1.0, "finallr": 1404.393, "lrpepelmh": -1.0, "template": "", "viralprotein_id": 17235, "lrsm": -1.0, "id": 18925862, "lrpepxv": -1.0, "lrredundpairs": -1.0, "humanprotein_id": 4514, "vphfpdID": "004230@1r1a_1.2"}, {"lrredund": 15.8699, "lrpepelmv": 9.677, "hphfpdID": "001751.e1_73", "pdbset": null, "lrpepxh": -1.0, "finallr": 153.5729, "lrpepelmh": -1.0, "template": "1d4m:14(0.12,0.55,39/168,23,20)", "viralprotein_id": 17235, "lrsm": 1.8531, "id": 18926721, "lrpepxv": -1.0, "lrredundpairs": -1.0, "humanprotein_id": 5041, "vphfpdID": "004230.e1_199@1r1a_1.2"}, {"lrredund": 20.9141, "lrpepelmv": -1.0, "hphfpdID": "018500.d533_608", "pdbset": null, "lrpepxh": -1.0, "finallr": 100.4723, "lrpepelmh": -1.0, "template": "3m3j:BD(0.52,0.02,34/41,21,23)", "viralprotein_id": 17235, "lrsm": 4.804, "id": 18927430, "lrpepxv": -1.0, "lrredundpairs": -1.0, "humanprotein_id": 3463, "vphfpdID": "004230.e1_199@1v9u_1.1"}, {"lrredund": 20.9141, "lrpepelmv": -1.0, "hphfpdID": "018800.e503_596", "pdbset": null, "lrpepxh": -1.0, "finallr": 163.0298, "lrpepelmh": -1.0, "template": "1z7z:1I(0.11,0.19,43/65,23,25)", "viralprotein_id": 17235, "lrsm": 7.7952, "id": 18927491, "lrpepxv": -1.0, "lrredundpairs": 0.7707, "humanprotein_id": 4109, "vphfpdID": "004230.e67_289@1v9u_1.2"}, {"lrredund": 4.2492, "lrpepelmv": 72.805, "hphfpdID": "000001", "pdbset": null, "lrpepxh": -1.0, "finallr": 309.3629, "lrpepelmh": -1.0, "template": "", "viralprotein_id": 17235, "lrsm": -1.0, "id": 18927766, "lrpepxv": -1.0, "lrredundpairs": -1.0, "humanprotein_id": 4793, "vphfpdID": "004230@1qjy_1.3"}, {"lrredund": 20.9141, "lrpepelmv": 15.8041, "hphfpdID": "007144.d1_56", "pdbset": null, "lrpepxh": -1.0, "finallr": 330.5284, "lrpepelmh": -1.0, "template": "1na1:CB(0.45,0.50,264/1559,53,132)", "viralprotein_id": 17235, "lrsm": 7.644, "id": 18928901, "lrpepxv": -1.0, "lrredundpairs": -1.0, "humanprotein_id": 6385, "vphfpdID": "004230.e67_289@1qjy_1.3"}, {"lrredund": 4.2492, "lrpepelmv": 72.805, "hphfpdID": "000004", "pdbset": null, "lrpepxh": -1.0, "finallr": 309.3629, "lrpepelmh": -1.0, "template": "", "viralprotein_id": 17235, "lrsm": -1.0, "id": 18928986, "lrpepxv": -1.0, "lrredundpairs": -1.0, "humanprotein_id": 6298, "vphfpdID": "004230@1qjy_1.3"}, {"lrredund": 21.3884, "lrpepelmv": -1.0, "hphfpdID": "016869.d56_203", "pdbset": null, "lrpepxh": -1.0, "finallr": 116.139, "lrpepelmh": -1.0, "template": "3dnj:BA(0.50,0.31,30/69,9,1)", "viralprotein_id": 17235, "lrsm": 1.2265, "id": 18929111, "lrpepxv": 5.43, "lrredundpairs": -1.0, "humanprotein_id": 4495, "vphfpdID": "004230.e67_289@1qjy_1.3"}, {"lrredund": 2.3254, "lrpepelmv": 5.3702, "hphfpdID": "016486.d81_222", "pdbset": null, "lrpepxh": -1.0, "finallr": 144.8956, "lrpepelmh": -1.0, "template": "4cdw:AD(0.17,0.58,175/1151,19,168)", "viralprotein_id": 17235, "lrsm": 3.7424, "id": 18929401, "lrpepxv": 62.31, "lrredundpairs": 0.7707, "humanprotein_id": 6479, "vphfpdID": "004230.e67_289@1qjy_1.3"}, {"lrredund": 19.2898, "lrpepelmv": 5.3702, "hphfpdID": "007227.d88_247", "pdbset": null, "lrpepxh": -1.0, "finallr": 103.5891, "lrpepelmh": -1.0, "template": "1rvf:1L(0.11,0.47,7/17,4,2)", "viralprotein_id": 17235, "lrsm": 2.2022, "id": 18930482, "lrpepxv": -1.0, "lrredundpairs": -1.0, "humanprotein_id": 5539, "vphfpdID": "004230.e67_289@1r1a_1.1"}, {"lrredund": 20.9141, "lrpepelmv": -1.0, "hphfpdID": "000172.e1_188", "pdbset": null, "lrpepxh": -1.0, "finallr": 203.5706, "lrpepelmh": -1.0, "template": "2lk5:AB(0.57,0.53,118/132,42,72)", "viralprotein_id": 17235, "lrsm": 9.7337, "id": 18931088, "lrpepxv": -1.0, "lrredundpairs": 0.7707, "humanprotein_id": 2981, "vphfpdID": "004230.e1_199@1v9u_1.1"}, {"lrredund": 19.2898, "lrpepelmv": -1.0, "hphfpdID": "011519.e1_119", "pdbset": null, "lrpepxh": -1.0, "finallr": 321.7909, "lrpepelmh": -1.0, "template": "1mqt:CB(0.05,0.55,187/434,66,90)", "viralprotein_id": 17236, "lrsm": 16.6819, "id": 51210874, "lrpepxv": -1.0, "lrredundpairs": -1.0, "humanprotein_id": 3074, "vphfpdID": "004231.e43_238@1v9u_3.3"}, {"lrredund": -1.0, "lrpepelmv": -1.0, "hphfpdID": "018942.e1_130", "pdbset": null, "lrpepxh": -1.0, "finallr": 100.322, "lrpepelmh": -1.0, "template": "1rvf:3H(0.04,0.05,7/7,6,4)", "viralprotein_id": 17236, "lrsm": 130.17, "id": 51211065, "lrpepxv": -1.0, "lrredundpairs": 0.7707, "humanprotein_id": 447, "vphfpdID": "004231.e43_238@1qjy_3.1"}, {"lrredund": -1.0, "lrpepelmv": -1.0, "hphfpdID": "006159.d208_262", "pdbset": null, "lrpepxh": -1.0, "finallr": 130.17, "lrpepelmh": -1.0, "template": "1upn:CE(0.03,0.06,14/14,7,7)", "viralprotein_id": 17236, "lrsm": 130.17, "id": 51211751, "lrpepxv": -1.0, "lrredundpairs": -1.0, "humanprotein_id": 6819, "vphfpdID": "004231.e1_193@1qjy_3.1"}, {"lrredund": -1.0, "lrpepelmv": -1.0, "hphfpdID": "004306", "pdbset": null, "lrpepxh": -1.0, "finallr": 260.2086, "lrpepelmh": -1.0, "template": "3iyp:BF(0.06,0.00,56/59,33,30)", "viralprotein_id": 17236, "lrsm": 260.2086, "id": 51211794, "lrpepxv": -1.0, "lrredundpairs": -1.0, "humanprotein_id": 3167, "vphfpdID": "004231.e43_238@1v9u_3.3"}, {"lrredund": -1.0, "lrpepelmv": -1.0, "hphfpdID": "006160.d149_203", "pdbset": null, "lrpepxh": -1.0, "finallr": 130.17, "lrpepelmh": -1.0, "template": "1upn:CE(0.04,0.04,14/14,5,1)", "viralprotein_id": 17236, "lrsm": 130.17, "id": 51212403, "lrpepxv": -1.0, "lrredundpairs": -1.0, "humanprotein_id": 5022, "vphfpdID": "004231.e1_193@1r1a_3.3"}, {"lrredund": -1.0, "lrpepelmv": -1.0, "hphfpdID": "003971.e2947_3189", "pdbset": null, "lrpepxh": -1.0, "finallr": 130.17, "lrpepelmh": -1.0, "template": "1upn:CE(0.04,0.04,14/14,6,3)", "viralprotein_id": 17236, "lrsm": 130.17, "id": 51212737, "lrpepxv": -1.0, "lrredundpairs": -1.0, "humanprotein_id": 10968, "vphfpdID": "004231.e1_193@1r1a_3.3"}, {"lrredund": 19.2898, "lrpepelmv": 14.0845, "hphfpdID": "007144.d1_56", "pdbset": null, "lrpepxh": -1.0, "finallr": 271.6869, "lrpepelmh": -1.0, "template": "1na1:CB(0.05,0.50,277/1559,56,119)", "viralprotein_id": 17236, "lrsm": 13.7249, "id": 51213353, "lrpepxv": -1.0, "lrredundpairs": -1.0, "humanprotein_id": 6385, "vphfpdID": "004231.e43_238@1r1a_3.2"}, {"lrredund": -1.0, "lrpepelmv": -1.0, "hphfpdID": "001910.e47_252", "pdbset": null, "lrpepxh": -1.0, "finallr": 130.17, "lrpepelmh": -1.0, "template": "1upn:CE(0.03,0.07,14/14,6,3)", "viralprotein_id": 17236, "lrsm": 130.17, "id": 51213362, "lrpepxv": -1.0, "lrredundpairs": -1.0, "humanprotein_id": 4210, "vphfpdID": "004231.e1_193@1qjy_3.1"}, {"lrredund": 21.3884, "lrpepelmv": -1.0, "hphfpdID": "016730", "pdbset": null, "lrpepxh": -1.0, "finallr": 172.4606, "lrpepelmh": -1.0, "template": "2lk6:BA(0.56,0.53,143/154,44,89)", "viralprotein_id": 17236, "lrsm": 8.0633, "id": 51213497, "lrpepxv": -1.0, "lrredundpairs": -1.0, "humanprotein_id": 6290, "vphfpdID": "004231.e1_193@1qjy_3.1"}, {"lrredund": 19.2898, "lrpepelmv": -1.0, "hphfpdID": "018800.e503_596", "pdbset": null, "lrpepxh": -1.0, "finallr": 115.7521, "lrpepelmh": -1.0, "template": "1z7z:3I(0.07,0.19,19/20,8,1)", "viralprotein_id": 17236, "lrsm": 6.0007, "id": 51214151, "lrpepxv": -1.0, "lrredundpairs": 0.7707, "humanprotein_id": 4109, "vphfpdID": "004231.e43_238@1v9u_3.3"}, {"lrredund": 15.8699, "lrpepelmv": 14.0845, "hphfpdID": "016466.e85_146", "pdbset": null, "lrpepxh": -1.0, "finallr": 223.5194, "lrpepelmh": -1.0, "template": "2wzr:31(0.20,0.49,105/522,49,69)", "viralprotein_id": 17236, "lrsm": 4.5353, "id": 51215187, "lrpepxv": -1.0, "lrredundpairs": -1.0, "humanprotein_id": 3727, "vphfpdID": "004231@1r1a_3.2"}, {"lrredund": -1.0, "lrpepelmv": -1.0, "hphfpdID": "006163.d208_263", "pdbset": null, "lrpepxh": -1.0, "finallr": 130.17, "lrpepelmh": -1.0, "template": "1upn:CE(0.03,0.06,14/14,9,11)", "viralprotein_id": 17236, "lrsm": 130.17, "id": 51216457, "lrpepxv": -1.0, "lrredundpairs": -1.0, "humanprotein_id": 16194, "vphfpdID": "004231.e1_193@1qjy_3.1"}, {"lrredund": 21.3884, "lrpepelmv": 14.0845, "hphfpdID": "016613.e316_567", "pdbset": null, "lrpepxh": -1.0, "finallr": 301.2446, "lrpepelmh": -1.0, "template": "3pe9:CB(0.60,0.47,42/44,22,13)", "viralprotein_id": 17236, "lrsm": 2.5395, "id": 51216708, "lrpepxv": -1.0, "lrredundpairs": -1.0, "humanprotein_id": 5161, "vphfpdID": "004231.e1_193@1v9u_3.2"}, {"lrredund": -1.0, "lrpepelmv": -1.0, "hphfpdID": "016491", "pdbset": null, "lrpepxh": -1.0, "finallr": 130.17, "lrpepelmh": -1.0, "template": "1upn:CE(0.04,0.05,14/14,6,3)", "viralprotein_id": 17236, "lrsm": 130.17, "id": 51217071, "lrpepxv": -1.0, "lrredundpairs": -1.0, "humanprotein_id": 6512, "vphfpdID": "004231.e1_193@1r1a_3.3"}, {"lrredund": 19.2898, "lrpepelmv": 7.4157, "hphfpdID": "005478.d350_517", "pdbset": null, "lrpepxh": -1.0, "finallr": 143.0465, "lrpepelmh": -1.0, "template": "4dv2:FO(0.48,0.58,1/1,1,0)", "viralprotein_id": 17236, "lrsm": 1.2704, "id": 51217216, "lrpepxv": -1.0, "lrredundpairs": -1.0, "humanprotein_id": 2880, "vphfpdID": "004231.e1_193@1r1a_3.3"}, {"lrredund": -1.0, "lrpepelmv": -1.0, "hphfpdID": "006161.e107_330", "pdbset": null, "lrpepxh": -1.0, "finallr": 130.17, "lrpepelmh": -1.0, "template": "1upn:CE(0.03,0.07,14/14,4,0)", "viralprotein_id": 17236, "lrsm": 130.17, "id": 51217311, "lrpepxv": -1.0, "lrredundpairs": -1.0, "humanprotein_id": 6793, "vphfpdID": "004231.e1_193@1qjy_3.1"}, {"lrredund": 21.3884, "lrpepelmv": -1.0, "hphfpdID": "002626.e1_127", "pdbset": null, "lrpepxh": -1.0, "finallr": 708.2626, "lrpepelmh": -1.0, "template": "1rvf:3H(0.04,0.15,6/7,5,3)", "viralprotein_id": 17236, "lrsm": 33.1143, "id": 51217376, "lrpepxv": -1.0, "lrredundpairs": -1.0, "humanprotein_id": 2804, "vphfpdID": "004231.e43_238@1qjy_3.1"}, {"lrredund": 21.3884, "lrpepelmv": 2.8446, "hphfpdID": "001509.e1_53", "pdbset": null, "lrpepxh": -1.0, "finallr": 146.3215, "lrpepelmh": -1.0, "template": "2r07:31(0.05,0.43,72/564,41,66)", "viralprotein_id": 17236, "lrsm": 6.8412, "id": 51219272, "lrpepxv": -1.0, "lrredundpairs": -1.0, "humanprotein_id": 2598, "vphfpdID": "004231@1r1a_3.2"}, {"lrredund": 19.2898, "lrpepelmv": -1.0, "hphfpdID": "006178.e2120_2203", "pdbset": null, "lrpepxh": -1.0, "finallr": 373.848, "lrpepelmh": -1.0, "template": "1rvf:32(0.05,0.49,60/404,41,20)", "viralprotein_id": 17236, "lrsm": 19.3806, "id": 51219968, "lrpepxv": -1.0, "lrredundpairs": -1.0, "humanprotein_id": 2856, "vphfpdID": "004231.e1_193@1r1a_3.3"}, {"lrredund": 21.3884, "lrpepelmv": 14.0845, "hphfpdID": "016615", "pdbset": null, "lrpepxh": -1.0, "finallr": 301.2446, "lrpepelmh": -1.0, "template": "1z7z:3I(0.04,0.43,19/20,9,1)", "viralprotein_id": 17236, "lrsm": 2.4032, "id": 51220288, "lrpepxv": -1.0, "lrredundpairs": -1.0, "humanprotein_id": 5095, "vphfpdID": "004231.e43_238@1qjy_3.1"}, {"lrredund": -1.0, "lrpepelmv": -1.0, "hphfpdID": "016757.e2495_2551", "pdbset": null, "lrpepxh": -1.0, "finallr": 130.17, "lrpepelmh": -1.0, "template": "1upn:CE(0.04,0.06,14/14,10,13)", "viralprotein_id": 17236, "lrsm": 130.17, "id": 51220497, "lrpepxv": -1.0, "lrredundpairs": -1.0, "humanprotein_id": 8661, "vphfpdID": "004231.e1_193@1r1a_3.3"}, {"lrredund": -1.0, "lrpepelmv": -1.0, "hphfpdID": "002889.d1109_1163", "pdbset": null, "lrpepxh": -1.0, "finallr": 130.17, "lrpepelmh": -1.0, "template": "1upn:CE(0.04,0.06,14/14,7,7)", "viralprotein_id": 17236, "lrsm": 130.17, "id": 51220914, "lrpepxv": -1.0, "lrredundpairs": -1.0, "humanprotein_id": 3204, "vphfpdID": "004231.e1_193@1r1a_3.3"}, {"lrredund": 15.8699, "lrpepelmv": 4.1021, "hphfpdID": "003962.d92_178", "pdbset": null, "lrpepxh": -1.0, "finallr": 119.5961, "lrpepelmh": -1.0, "template": "1v9u:32(0.00,0.37,80/414,36,34)", "viralprotein_id": 17236, "lrsm": 7.536, "id": 51222113, "lrpepxv": -1.0, "lrredundpairs": -1.0, "humanprotein_id": 6447, "vphfpdID": "004231.e43_238@1v9u_3.3"}, {"lrredund": -1.0, "lrpepelmv": -1.0, "hphfpdID": "005984.e81_136", "pdbset": null, "lrpepxh": -1.0, "finallr": 130.17, "lrpepelmh": -1.0, "template": "1upn:CE(0.05,0.05,14/14,11,14)", "viralprotein_id": 17236, "lrsm": 130.17, "id": 51222540, "lrpepxv": -1.0, "lrredundpairs": -1.0, "humanprotein_id": 8771, "vphfpdID": "004231.e1_193@1v9u_3.2"}, {"lrredund": 2.3254, "lrpepelmv": -1.0, "hphfpdID": "007927", "pdbset": null, "lrpepxh": -1.0, "finallr": 302.6975, "lrpepelmh": -1.0, "template": "1z7z:3I(0.07,0.00,19/20,10,2)", "viralprotein_id": 17236, "lrsm": 130.17, "id": 51222701, "lrpepxv": -1.0, "lrredundpairs": 0.7707, "humanprotein_id": 3016, "vphfpdID": "004231.e43_238@1v9u_3.3"}, {"lrredund": -1.0, "lrpepelmv": -1.0, "hphfpdID": "003970.e2857_2920", "pdbset": null, "lrpepxh": -1.0, "finallr": 130.17, "lrpepelmh": -1.0, "template": "1upn:CE(0.03,0.06,14/14,9,12)", "viralprotein_id": 17236, "lrsm": 130.17, "id": 51222907, "lrpepxv": -1.0, "lrredundpairs": -1.0, "humanprotein_id": 15290, "vphfpdID": "004231.e1_193@1qjy_3.1"}, {"lrredund": 21.3884, "lrpepelmv": -1.0, "hphfpdID": "005354.e1664_1728", "pdbset": null, "lrpepxh": -1.0, "finallr": 194.6095, "lrpepelmh": -1.0, "template": "4cey:CA(0.06,0.57,462/3570,41,330)", "viralprotein_id": 17236, "lrsm": 9.0988, "id": 51222959, "lrpepxv": -1.0, "lrredundpairs": -1.0, "humanprotein_id": 7033, "vphfpdID": "004231@1r1a_3.2"}, {"lrredund": 21.3884, "lrpepelmv": 9.677, "hphfpdID": "001751.e1_73", "pdbset": null, "lrpepxh": -1.0, "finallr": 206.9754, "lrpepelmh": -1.0, "template": "2hwb:31(0.05,0.56,52/563,26,13)", "viralprotein_id": 17236, "lrsm": 1.8531, "id": 51222985, "lrpepxv": -1.0, "lrredundpairs": -1.0, "humanprotein_id": 5041, "vphfpdID": "004231@1r1a_3.2"}, {"lrredund": -1.0, "lrpepelmv": -1.0, "hphfpdID": "006162.d458_513", "pdbset": null, "lrpepxh": -1.0, "finallr": 130.17, "lrpepelmh": -1.0, "template": "1upn:CE(0.05,0.05,14/14,9,7)", "viralprotein_id": 17236, "lrsm": 130.17, "id": 51223398, "lrpepxv": -1.0, "lrredundpairs": -1.0, "humanprotein_id": 13968, "vphfpdID": "004231.e43_238@1qjy_3.1"}, {"lrredund": -1.0, "lrpepelmv": -1.0, "hphfpdID": "009823.d642_700", "pdbset": null, "lrpepxh": -1.0, "finallr": 130.17, "lrpepelmh": -1.0, "template": "1upn:CE(0.04,0.06,14/14,10,13)", "viralprotein_id": 17236, "lrsm": 130.17, "id": 51223967, "lrpepxv": -1.0, "lrredundpairs": -1.0, "humanprotein_id": 3922, "vphfpdID": "004231.e1_193@1r1a_3.3"}, {"lrredund": 15.8699, "lrpepelmv": 65.3909, "hphfpdID": "000002", "pdbset": null, "lrpepxh": -1.0, "finallr": 1037.746, "lrpepelmh": -1.0, "template": "", "viralprotein_id": 17237, "lrsm": -1.0, "id": 81035861, "lrpepxv": -1.0, "lrredundpairs": 0.7707, "humanprotein_id": 6315, "vphfpdID": "004232"}, {"lrredund": 2.3254, "lrpepelmv": 65.3909, "hphfpdID": "000005", "pdbset": null, "lrpepxh": -1.0, "finallr": 152.0599, "lrpepelmh": -1.0, "template": "1gn3:BA(0.55,0.60,47/238,25,32)", "viralprotein_id": 17237, "lrsm": 1.4777, "id": 81035878, "lrpepxv": -1.0, "lrredundpairs": 0.7707, "humanprotein_id": 4794, "vphfpdID": "004232"}, {"lrredund": 4.2492, "lrpepelmv": 65.3909, "hphfpdID": "000001", "pdbset": null, "lrpepxh": -1.0, "finallr": 277.8589, "lrpepelmh": -1.0, "template": "1ids:AC(0.51,0.60,47/213,27,31)", "viralprotein_id": 17237, "lrsm": 1.4777, "id": 81037129, "lrpepxv": -1.0, "lrredundpairs": 0.7707, "humanprotein_id": 4793, "vphfpdID": "004232"}, {"lrredund": 15.8699, "lrpepelmv": 65.3909, "hphfpdID": "000007", "pdbset": null, "lrpepxh": -1.0, "finallr": 1037.746, "lrpepelmh": -1.0, "template": "1ids:AC(0.51,0.60,47/213,25,30)", "viralprotein_id": 17237, "lrsm": 1.4777, "id": 81038826, "lrpepxv": -1.0, "lrredundpairs": 0.7707, "humanprotein_id": 6393, "vphfpdID": "004232"}, {"lrredund": 21.3884, "lrpepelmv": 8.2623, "hphfpdID": "001060.e180_274", "pdbset": null, "lrpepxh": -1.0, "finallr": 176.718, "lrpepelmh": -1.0, "template": "4afq:BD(0.51,0.09,47/104,28,28)", "viralprotein_id": 17237, "lrsm": 3.1219, "id": 81039857, "lrpepxv": -1.0, "lrredundpairs": -1.0, "humanprotein_id": 17652, "vphfpdID": "004232"}, {"lrredund": 15.8699, "lrpepelmv": 15.8041, "hphfpdID": "016615.d586_639", "pdbset": null, "lrpepxh": -1.0, "finallr": 250.8094, "lrpepelmh": -1.0, "template": "", "viralprotein_id": 17237, "lrsm": -1.0, "id": 81042151, "lrpepxv": -1.0, "lrredundpairs": -1.0, "humanprotein_id": 5095, "vphfpdID": "004232"}, {"lrredund": 15.8699, "lrpepelmv": 15.8041, "hphfpdID": "016613.e122_316", "pdbset": null, "lrpepxh": -1.0, "finallr": 250.8094, "lrpepelmh": -1.0, "template": "1ids:AC(0.51,0.51,46/213,23,28)", "viralprotein_id": 17237, "lrsm": 1.4777, "id": 81044386, "lrpepxv": -1.0, "lrredundpairs": -1.0, "humanprotein_id": 5161, "vphfpdID": "004232"}, {"lrredund": 4.2492, "lrpepelmv": 65.3909, "hphfpdID": "000004", "pdbset": null, "lrpepxh": -1.0, "finallr": 277.8589, "lrpepelmh": -1.0, "template": "", "viralprotein_id": 17237, "lrsm": -1.0, "id": 81045432, "lrpepxv": -1.0, "lrredundpairs": -1.0, "humanprotein_id": 6298, "vphfpdID": "004232"}, {"lrredund": 20.9141, "lrpepelmv": 15.8041, "hphfpdID": "007144", "pdbset": null, "lrpepxh": -1.0, "finallr": 330.5284, "lrpepelmh": -1.0, "template": "4ag2:BD(0.51,0.06,45/103,21,15)", "viralprotein_id": 17237, "lrsm": 3.1219, "id": 81047093, "lrpepxv": -1.0, "lrredundpairs": -1.0, "humanprotein_id": 6385, "vphfpdID": "004232"}, {"lrredund": 15.8699, "lrpepelmv": 65.3909, "hphfpdID": "000006", "pdbset": null, "lrpepxh": -1.0, "finallr": 1037.746, "lrpepelmh": -1.0, "template": "", "viralprotein_id": 17237, "lrsm": -1.0, "id": 81047795, "lrpepxv": -1.0, "lrredundpairs": 0.7707, "humanprotein_id": 4514, "vphfpdID": "004232"}, {"lrredund": 2.3254, "lrpepelmv": 65.3909, "hphfpdID": "000003", "pdbset": null, "lrpepxh": -1.0, "finallr": 152.0599, "lrpepelmh": -1.0, "template": "1gn2:CA(0.55,0.60,42/216,22,27)", "viralprotein_id": 17237, "lrsm": 1.4777, "id": 81047872, "lrpepxv": -1.0, "lrredundpairs": 0.7707, "humanprotein_id": 6857, "vphfpdID": "004232"}, {"lrredund": 15.8699, "lrpepelmv": 15.8041, "hphfpdID": "016466.e85_146", "pdbset": null, "lrpepxh": -1.0, "finallr": 250.8094, "lrpepelmh": -1.0, "template": "4afq:BD(0.51,0.03,47/104,28,28)", "viralprotein_id": 17237, "lrsm": 3.1219, "id": 81048198, "lrpepxv": -1.0, "lrredundpairs": 0.7707, "humanprotein_id": 3727, "vphfpdID": "004232"}, {"lrredund": 2.3254, "lrpepelmv": -1.0, "hphfpdID": "013707.d188_355", "pdbset": null, "lrpepxh": -1.0, "finallr": 112.5303, "lrpepelmh": -1.0, "template": "4ko8:BA(0.19,0.20,59/368,48,47)", "viralprotein_id": 17240, "lrsm": 48.3918, "id": 71885427, "lrpepxv": -1.0, "lrredundpairs": 2.3254, "humanprotein_id": 6308, "vphfpdID": "004233.d113_239@5e7p_A.1"}, {"lrredund": 4.2492, "lrpepelmv": -1.0, "hphfpdID": "008899", "pdbset": null, "lrpepxh": -1.0, "finallr": 101.404, "lrpepelmh": -1.0, "template": "2qqe:AB(0.33,0.04,168/241,80,115)", "viralprotein_id": 17240, "lrsm": 23.8643, "id": 71885634, "lrpepxv": -1.0, "lrredundpairs": 0.7707, "humanprotein_id": 2925, "vphfpdID": "004233.d113_239@5ftj_A.3"}, {"lrredund": 20.9141, "lrpepelmv": -1.0, "hphfpdID": "018501.e80_165", "pdbset": null, "lrpepxh": -1.0, "finallr": 100.4723, "lrpepelmh": -1.0, "template": "2qho:BA(0.54,0.06,49/51,22,18)", "viralprotein_id": 17240, "lrsm": 4.804, "id": 71885737, "lrpepxv": -1.0, "lrredundpairs": 1.5513, "humanprotein_id": 1286, "vphfpdID": "004233@5gjq_L.3"}, {"lrredund": 4.2492, "lrpepelmv": 32.9939, "hphfpdID": "017284.e489_542", "pdbset": null, "lrpepxh": -1.0, "finallr": 140.1976, "lrpepelmh": -1.0, "template": "2hcb:BC(0.33,0.26,17/161,6,3)", "viralprotein_id": 17240, "lrsm": 1.8315, "id": 71886218, "lrpepxv": -1.0, "lrredundpairs": -1.0, "humanprotein_id": 7960, "vphfpdID": "004233@5gjq_I.2"}, {"lrredund": 19.2898, "lrpepelmv": 137.2032, "hphfpdID": "000006", "pdbset": null, "lrpepxh": -1.0, "finallr": 2646.624, "lrpepelmh": -1.0, "template": "", "viralprotein_id": 17240, "lrsm": -1.0, "id": 71886538, "lrpepxv": -1.0, "lrredundpairs": 1.1877, "humanprotein_id": 4514, "vphfpdID": "004233@5gjq_I.2"}, {"lrredund": 15.8699, "lrpepelmv": -1.0, "hphfpdID": "014262.e165_274", "pdbset": null, "lrpepxh": -1.0, "finallr": 154.4721, "lrpepelmh": -1.0, "template": "2d9s:BA(0.57,0.50,90/97,44,71)", "viralprotein_id": 17240, "lrsm": 9.7337, "id": 71887195, "lrpepxv": -1.0, "lrredundpairs": -1.0, "humanprotein_id": 5865, "vphfpdID": "004233@5g4f_A.5"}, {"lrredund": 21.3884, "lrpepelmv": 14.9984, "hphfpdID": "016466.e142_262", "pdbset": null, "lrpepxh": -1.0, "finallr": 320.7909, "lrpepelmh": -1.0, "template": "2orv:BA(0.44,0.59,33/214,22,16)", "viralprotein_id": 17240, "lrsm": 1.4777, "id": 71888497, "lrpepxv": -1.0, "lrredundpairs": 1.5513, "humanprotein_id": 3727, "vphfpdID": "004233@5gjq_K.7"}, {"lrredund": 20.9141, "lrpepelmv": -1.0, "hphfpdID": "018500.d533_608", "pdbset": null, "lrpepxh": -1.0, "finallr": 100.4723, "lrpepelmh": -1.0, "template": "2qho:BA(0.54,0.02,49/51,21,18)", "viralprotein_id": 17240, "lrsm": 4.804, "id": 71888712, "lrpepxv": -1.0, "lrredundpairs": 1.774, "humanprotein_id": 3463, "vphfpdID": "004233@5gjq_L.3"}, {"lrredund": 4.2492, "lrpepelmv": 32.9939, "hphfpdID": "017283.e380_439", "pdbset": null, "lrpepxh": -1.0, "finallr": 140.1976, "lrpepelmh": -1.0, "template": "1w1w:AE(0.43,0.36,55/110,21,12)", "viralprotein_id": 17240, "lrsm": 2.0697, "id": 71889106, "lrpepxv": -1.0, "lrredundpairs": 0.7707, "humanprotein_id": 5846, "vphfpdID": "004233@5gjq_L.3"}, {"lrredund": 2.0764, "lrpepelmv": 137.2032, "hphfpdID": "000005", "pdbset": null, "lrpepxh": -1.0, "finallr": 284.8889, "lrpepelmh": -1.0, "template": "", "viralprotein_id": 17240, "lrsm": -1.0, "id": 71889402, "lrpepxv": -1.0, "lrredundpairs": 1.1877, "humanprotein_id": 4794, "vphfpdID": "004233@5gjq_H.1"}, {"lrredund": -1.0, "lrpepelmv": -1.0, "hphfpdID": "008628.d257_422", "pdbset": null, "lrpepxh": -1.0, "finallr": 116.6671, "lrpepelmh": -1.0, "template": "4kod:FA(0.23,0.16,60/146,41,47)", "viralprotein_id": 17240, "lrsm": 84.9724, "id": 71889498, "lrpepxv": -1.0, "lrredundpairs": 1.373, "humanprotein_id": 11890, "vphfpdID": "004233@5g4f_A.5"}, {"lrredund": -1.0, "lrpepelmv": -1.0, "hphfpdID": "006177.d398_636", "pdbset": null, "lrpepxh": -1.0, "finallr": 116.6671, "lrpepelmh": -1.0, "template": "4kod:FA(0.23,0.16,59/146,41,49)", "viralprotein_id": 17240, "lrsm": 84.9724, "id": 71889969, "lrpepxv": -1.0, "lrredundpairs": 1.373, "humanprotein_id": 10115, "vphfpdID": "004233@5g4f_A.5"}, {"lrredund": 4.2492, "lrpepelmv": 137.2032, "hphfpdID": "000004", "pdbset": null, "lrpepxh": -1.0, "finallr": 583.0042, "lrpepelmh": -1.0, "template": "", "viralprotein_id": 17240, "lrsm": -1.0, "id": 71890345, "lrpepxv": -1.0, "lrredundpairs": 1.1877, "humanprotein_id": 6298, "vphfpdID": "004233@5gjq_K.7"}, {"lrredund": 19.2898, "lrpepelmv": 137.2032, "hphfpdID": "000007", "pdbset": null, "lrpepxh": -1.0, "finallr": 2646.624, "lrpepelmh": -1.0, "template": "4jpo:DA(0.30,0.60,2/53,0,0)", "viralprotein_id": 17240, "lrsm": 1.02, "id": 71890541, "lrpepxv": -1.0, "lrredundpairs": 1.1877, "humanprotein_id": 6393, "vphfpdID": "004233@5gjq_K.7"}, {"lrredund": -1.0, "lrpepelmv": -1.0, "hphfpdID": "008627.d199_434", "pdbset": null, "lrpepxh": -1.0, "finallr": 116.6671, "lrpepelmh": -1.0, "template": "1s3s:BD(0.23,0.16,58/136,43,52)", "viralprotein_id": 17240, "lrsm": 84.9724, "id": 71891410, "lrpepxv": -1.0, "lrredundpairs": 1.373, "humanprotein_id": 16078, "vphfpdID": "004233.d113_239@5e7p_A.1"}, {"lrredund": 15.8699, "lrpepelmv": 6.3442, "hphfpdID": "001349.d2679_3055", "pdbset": null, "lrpepxh": -1.0, "finallr": 100.682, "lrpepelmh": -1.0, "template": "1thn:BA(0.59,0.53,10/94,6,5)", "viralprotein_id": 17240, "lrsm": 0.9682, "id": 71892654, "lrpepxv": -1.0, "lrredundpairs": -1.0, "humanprotein_id": 7312, "vphfpdID": "004233@5gjq_H.1"}, {"lrredund": 21.3884, "lrpepelmv": 14.0845, "hphfpdID": "016613.e557_714", "pdbset": null, "lrpepxh": -1.0, "finallr": 301.2446, "lrpepelmh": -1.0, "template": "", "viralprotein_id": 17240, "lrsm": -1.0, "id": 71893112, "lrpepxv": -1.0, "lrredundpairs": -1.0, "humanprotein_id": 5161, "vphfpdID": "004233@5gjq_L.3"}, {"lrredund": 4.2492, "lrpepelmv": 137.2032, "hphfpdID": "000001", "pdbset": null, "lrpepxh": -1.0, "finallr": 583.0042, "lrpepelmh": -1.0, "template": "", "viralprotein_id": 17240, "lrsm": -1.0, "id": 71893892, "lrpepxv": -1.0, "lrredundpairs": 1.1877, "humanprotein_id": 4793, "vphfpdID": "004233@5gjq_L.3"}, {"lrredund": 19.2898, "lrpepelmv": 14.9984, "hphfpdID": "007144.e56_156", "pdbset": null, "lrpepxh": -1.0, "finallr": 289.3153, "lrpepelmh": -1.0, "template": "", "viralprotein_id": 17240, "lrsm": -1.0, "id": 71893957, "lrpepxv": -1.0, "lrredundpairs": 1.373, "humanprotein_id": 6385, "vphfpdID": "004233@5gjq_K.7"}, {"lrredund": 2.3254, "lrpepelmv": 137.2032, "hphfpdID": "000003", "pdbset": null, "lrpepxh": -1.0, "finallr": 319.0525, "lrpepelmh": -1.0, "template": "", "viralprotein_id": 17240, "lrsm": -1.0, "id": 71894193, "lrpepxv": -1.0, "lrredundpairs": 1.1877, "humanprotein_id": 6857, "vphfpdID": "004233@5gjq_H.1"}, {"lrredund": 21.3884, "lrpepelmv": 137.2032, "hphfpdID": "000002", "pdbset": null, "lrpepxh": -1.0, "finallr": 2934.559, "lrpepelmh": -1.0, "template": "1mab:AG(0.54,0.57,5/157,5,3)", "viralprotein_id": 17240, "lrsm": 0.9682, "id": 71894483, "lrpepxv": -1.0, "lrredundpairs": 1.1877, "humanprotein_id": 6315, "vphfpdID": "004233@5gjq_K.7"}, {"lrredund": 21.3884, "lrpepelmv": -1.0, "hphfpdID": "001154.e1_193", "pdbset": null, "lrpepxh": -1.0, "finallr": 140.3079, "lrpepelmh": -1.0, "template": "1x1y:EC(0.56,0.44,3/3,2,0)", "viralprotein_id": 17240, "lrsm": 1.3385, "id": 71894830, "lrpepxv": 6.56, "lrredundpairs": -1.0, "humanprotein_id": 4803, "vphfpdID": "004233.d113_239@4ypn_A.2"}, {"lrredund": 21.3884, "lrpepelmv": -1.0, "hphfpdID": "017046.e457_686", "pdbset": null, "lrpepxh": -1.0, "finallr": 230.863, "lrpepelmh": -1.0, "template": "3hu3:AB(0.28,0.59,56/361,41,37)", "viralprotein_id": 17240, "lrsm": 10.7938, "id": 71894938, "lrpepxv": -1.0, "lrredundpairs": 0.7707, "humanprotein_id": 6818, "vphfpdID": "004233@5gjq_K.7"}, {"lrredund": 2.0764, "lrpepelmv": -1.0, "hphfpdID": "001311.d377_523", "pdbset": null, "lrpepxh": -1.0, "finallr": 100.4807, "lrpepelmh": -1.0, "template": "3hu3:BA(0.19,0.16,59/362,43,48)", "viralprotein_id": 17240, "lrsm": 48.3918, "id": 71895252, "lrpepxv": 2.59, "lrredundpairs": -1.0, "humanprotein_id": 17917, "vphfpdID": "004233.d113_239@5e7p_A.1"}, {"lrredund": -1.0, "lrpepelmv": -1.0, "hphfpdID": "016328.d306_553", "pdbset": null, "lrpepxh": -1.0, "finallr": 116.6671, "lrpepelmh": -1.0, "template": "4kod:FE(0.22,0.16,59/147,41,52)", "viralprotein_id": 17240, "lrsm": 84.9724, "id": 71895331, "lrpepxv": 2.59, "lrredundpairs": 1.373, "humanprotein_id": 19281, "vphfpdID": "004233.d113_239@5e7p_A.1"}, {"lrredund": 4.2492, "lrpepelmv": 50.5585, "hphfpdID": "014240.d115_228", "pdbset": null, "lrpepxh": -1.0, "finallr": 214.8332, "lrpepelmh": -1.0, "template": "2dzn:FB(0.27,0.27,1/1,0,0)", "viralprotein_id": 17240, "lrsm": 2.4032, "id": 71895338, "lrpepxv": -1.0, "lrredundpairs": -1.0, "humanprotein_id": 3056, "vphfpdID": "004233@5gjq_K.7"}, {"lrredund": 21.3884, "lrpepelmv": 14.0845, "hphfpdID": "016615", "pdbset": null, "lrpepxh": -1.0, "finallr": 301.2446, "lrpepelmh": -1.0, "template": "", "viralprotein_id": 17240, "lrsm": -1.0, "id": 71895454, "lrpepxv": -1.0, "lrredundpairs": -1.0, "humanprotein_id": 5095, "vphfpdID": "004233@5gjq_J.4"}, {"lrredund": 19.2898, "lrpepelmv": 9.677, "hphfpdID": "001751.e1_73", "pdbset": null, "lrpepxh": -1.0, "finallr": 186.6672, "lrpepelmh": -1.0, "template": "1xbt:BD(0.44,0.12,32/145,21,25)", "viralprotein_id": 17240, "lrsm": 2.7953, "id": 71895838, "lrpepxv": -1.0, "lrredundpairs": -1.0, "humanprotein_id": 5041, "vphfpdID": "004233@5gjq_K.7"}, {"lrredund": 21.3884, "lrpepelmv": -1.0, "hphfpdID": "013900.e252_425", "pdbset": null, "lrpepxh": -1.0, "finallr": 116.3786, "lrpepelmh": -1.0, "template": "4ay3:AC(0.59,0.12,82/156,43,53)", "viralprotein_id": 17240, "lrsm": 5.4412, "id": 71896505, "lrpepxv": -1.0, "lrredundpairs": -1.0, "humanprotein_id": 4285, "vphfpdID": "004233.d113_239@5ftj_A.3"}, {"lrredund": 2.3254, "lrpepelmv": -1.0, "hphfpdID": "013715", "pdbset": null, "lrpepxh": -1.0, "finallr": 197.5948, "lrpepelmh": -1.0, "template": "1s3s:BD(0.20,0.14,60/136,41,49)", "viralprotein_id": 17240, "lrsm": 84.9724, "id": 71896983, "lrpepxv": -1.0, "lrredundpairs": 1.373, "humanprotein_id": 5262, "vphfpdID": "004233.d113_239@5ftj_A.3"}, {"lrredund": 20.9141, "lrpepelmv": -1.0, "hphfpdID": "017281", "pdbset": null, "lrpepxh": -1.0, "finallr": 2365.255, "lrpepelmh": -1.0, "template": "1s3s:AF(0.14,0.03,75/163,44,56)", "viralprotein_id": 17240, "lrsm": 113.0937, "id": 71897986, "lrpepxv": -1.0, "lrredundpairs": 0.7707, "humanprotein_id": 5906, "vphfpdID": "004233.d113_239@5ftj_A.3"}, {"lrredund": 2.3254, "lrpepelmv": -1.0, "hphfpdID": "013716.d208_347", "pdbset": null, "lrpepxh": -1.0, "finallr": 112.5303, "lrpepelmh": -1.0, "template": "3hu3:BA(0.19,0.20,59/362,42,41)", "viralprotein_id": 17240, "lrsm": 48.3918, "id": 71898551, "lrpepxv": -1.0, "lrredundpairs": 2.3254, "humanprotein_id": 4985, "vphfpdID": "004233.d113_239@5e7p_A.1"}, {"lrredund": 20.9141, "lrpepelmv": -1.0, "hphfpdID": "006178.e2120_2203", "pdbset": null, "lrpepxh": -1.0, "finallr": 113.5635, "lrpepelmh": -1.0, "template": "4hyy:CA(0.52,0.37,6/10,4,0)", "viralprotein_id": 17240, "lrsm": 1.2265, "id": 71898761, "lrpepxv": 5.43, "lrredundpairs": 0.7707, "humanprotein_id": 2856, "vphfpdID": "004233@5gjq_I.2"}, {"lrredund": 2.3254, "lrpepelmv": -1.0, "hphfpdID": "013714.d185_416", "pdbset": null, "lrpepxh": -1.0, "finallr": 197.5948, "lrpepelmh": -1.0, "template": "4kod:EB(0.17,0.22,59/145,41,45)", "viralprotein_id": 17240, "lrsm": 84.9724, "id": 71898961, "lrpepxv": -1.0, "lrredundpairs": 1.1877, "humanprotein_id": 4049, "vphfpdID": "004233.d113_239@5ftj_A.3"}, {"lrredund": -1.0, "lrpepelmv": -1.0, "hphfpdID": "019333.d324_578", "pdbset": null, "lrpepxh": -1.0, "finallr": 100.9217, "lrpepelmh": -1.0, "template": "4kod:EB(0.22,0.15,60/145,42,50)", "viralprotein_id": 17240, "lrsm": 84.9724, "id": 71898974, "lrpepxv": 2.59, "lrredundpairs": 1.1877, "humanprotein_id": 15493, "vphfpdID": "004233.d113_239@5e7p_A.1"}, {"lrredund": 2.0764, "lrpepelmv": 50.5585, "hphfpdID": "014176.d85_210", "pdbset": null, "lrpepxh": -1.0, "finallr": 104.9797, "lrpepelmh": -1.0, "template": "2d9s:AB(0.56,0.42,83/97,41,62)", "viralprotein_id": 17240, "lrsm": 10.255, "id": 71899346, "lrpepxv": -1.0, "lrredundpairs": -1.0, "humanprotein_id": 4582, "vphfpdID": "004233@5g4f_A.5"}, {"lrredund": 19.2898, "lrpepelmv": -1.0, "hphfpdID": "005354.e1664_1728", "pdbset": null, "lrpepxh": -1.0, "finallr": 106.0689, "lrpepelmh": -1.0, "template": "1l1n:BA(0.04,0.35,37/58,16,21)", "viralprotein_id": 17241, "lrsm": 5.4987, "id": 72014802, "lrpepxv": -1.0, "lrredundpairs": -1.0, "humanprotein_id": 7033, "vphfpdID": "004234"}, {"lrredund": 15.8699, "lrpepelmv": 14.0438, "hphfpdID": "016615.e139_320", "pdbset": null, "lrpepxh": -1.0, "finallr": 222.8737, "lrpepelmh": -1.0, "template": "3i55:SV(0.60,0.29,19/34,4,0)", "viralprotein_id": 17241, "lrsm": 1.2265, "id": 72016971, "lrpepxv": -1.0, "lrredundpairs": -1.0, "humanprotein_id": 5095, "vphfpdID": "004234"}, {"lrredund": 19.2898, "lrpepelmv": 14.0438, "hphfpdID": "016613.e316_567", "pdbset": null, "lrpepxh": -1.0, "finallr": 270.902, "lrpepelmh": -1.0, "template": "2r0k:AH(0.48,0.43,45/107,21,24)", "viralprotein_id": 17241, "lrsm": 1.7387, "id": 72017103, "lrpepxv": -1.0, "lrredundpairs": -1.0, "humanprotein_id": 5161, "vphfpdID": "004234"}, {"lrredund": 15.8699, "lrpepelmv": 20.1497, "hphfpdID": "008378.g106_302", "pdbset": null, "lrpepxh": -1.0, "finallr": 319.7744, "lrpepelmh": -1.0, "template": "1l1c:BA(0.45,0.27,98/127,3,0)", "viralprotein_id": 17241, "lrsm": 1.8563, "id": 72018359, "lrpepxv": -1.0, "lrredundpairs": -1.0, "humanprotein_id": 3758, "vphfpdID": "004234"}, {"lrredund": 20.9141, "lrpepelmv": 14.0438, "hphfpdID": "007144.e151_217", "pdbset": null, "lrpepxh": -1.0, "finallr": 293.7134, "lrpepelmh": -1.0, "template": "4ag2:BD(0.42,0.03,57/103,24,24)", "viralprotein_id": 17241, "lrsm": 3.1219, "id": 72020143, "lrpepxv": -1.0, "lrredundpairs": 0.7707, "humanprotein_id": 6385, "vphfpdID": "004234"}, {"lrredund": 15.8699, "lrpepelmv": 14.0438, "hphfpdID": "016466", "pdbset": null, "lrpepxh": -1.0, "finallr": 222.8737, "lrpepelmh": -1.0, "template": "4ag2:BD(0.42,0.12,59/103,22,19)", "viralprotein_id": 17241, "lrsm": 3.1219, "id": 72023630, "lrpepxv": -1.0, "lrredundpairs": 0.7707, "humanprotein_id": 3727, "vphfpdID": "004234"}, {"lrredund": -1.0, "lrpepelmv": 137.2032, "hphfpdID": "000007", "pdbset": null, "lrpepxh": -1.0, "finallr": 137.2032, "lrpepelmh": -1.0, "template": "", "viralprotein_id": 17243, "lrsm": -1.0, "id": 63326056, "lrpepxv": -1.0, "lrredundpairs": -1.0, "humanprotein_id": 6393, "vphfpdID": "004236"}, {"lrredund": -1.0, "lrpepelmv": 137.2032, "hphfpdID": "000006", "pdbset": null, "lrpepxh": -1.0, "finallr": 137.2032, "lrpepelmh": -1.0, "template": "", "viralprotein_id": 17243, "lrsm": -1.0, "id": 63326076, "lrpepxv": -1.0, "lrredundpairs": -1.0, "humanprotein_id": 4514, "vphfpdID": "004236"}, {"lrredund": -1.0, "lrpepelmv": 137.2032, "hphfpdID": "000002", "pdbset": null, "lrpepxh": -1.0, "finallr": 137.2032, "lrpepelmh": -1.0, "template": "", "viralprotein_id": 17243, "lrsm": -1.0, "id": 63326309, "lrpepxv": -1.0, "lrredundpairs": -1.0, "humanprotein_id": 6315, "vphfpdID": "004236"}, {"lrredund": -1.0, "lrpepelmv": 137.2032, "hphfpdID": "000005", "pdbset": null, "lrpepxh": -1.0, "finallr": 137.2032, "lrpepelmh": -1.0, "template": "", "viralprotein_id": 17243, "lrsm": -1.0, "id": 63326363, "lrpepxv": -1.0, "lrredundpairs": -1.0, "humanprotein_id": 4794, "vphfpdID": "004236"}, {"lrredund": -1.0, "lrpepelmv": 137.2032, "hphfpdID": "000003", "pdbset": null, "lrpepxh": -1.0, "finallr": 137.2032, "lrpepelmh": -1.0, "template": "", "viralprotein_id": 17243, "lrsm": -1.0, "id": 63326544, "lrpepxv": -1.0, "lrredundpairs": -1.0, "humanprotein_id": 6857, "vphfpdID": "004236"}, {"lrredund": -1.0, "lrpepelmv": 137.2032, "hphfpdID": "000001", "pdbset": null, "lrpepxh": -1.0, "finallr": 137.2032, "lrpepelmh": -1.0, "template": "", "viralprotein_id": 17243, "lrsm": -1.0, "id": 63326584, "lrpepxv": -1.0, "lrredundpairs": -1.0, "humanprotein_id": 4793, "vphfpdID": "004236"}, {"lrredund": -1.0, "lrpepelmv": 137.2032, "hphfpdID": "000004", "pdbset": null, "lrpepxh": -1.0, "finallr": 137.2032, "lrpepelmh": -1.0, "template": "", "viralprotein_id": 17243, "lrsm": -1.0, "id": 63326618, "lrpepxv": -1.0, "lrredundpairs": -1.0, "humanprotein_id": 6298, "vphfpdID": "004236"}]