[{"lrredund": -1.0, "lrpepelmv": 137.2032, "hphfpdID": "000003", "pdbset": null, "lrpepxh": -1.0, "finallr": 137.2032, "lrpepelmh": -1.0, "template": "", "viralprotein_id": 17277, "lrsm": -1.0, "id": 6519777, "lrpepxv": -1.0, "lrredundpairs": -1.0, "humanprotein_id": 6857, "vphfpdID": "004260"}, {"lrredund": -1.0, "lrpepelmv": 137.2032, "hphfpdID": "000002", "pdbset": null, "lrpepxh": -1.0, "finallr": 137.2032, "lrpepelmh": -1.0, "template": "", "viralprotein_id": 17277, "lrsm": -1.0, "id": 6519909, "lrpepxv": -1.0, "lrredundpairs": -1.0, "humanprotein_id": 6315, "vphfpdID": "004260"}, {"lrredund": -1.0, "lrpepelmv": 137.2032, "hphfpdID": "000005", "pdbset": null, "lrpepxh": -1.0, "finallr": 137.2032, "lrpepelmh": -1.0, "template": "", "viralprotein_id": 17277, "lrsm": -1.0, "id": 6520041, "lrpepxv": -1.0, "lrredundpairs": -1.0, "humanprotein_id": 4794, "vphfpdID": "004260"}, {"lrredund": -1.0, "lrpepelmv": 137.2032, "hphfpdID": "000001", "pdbset": null, "lrpepxh": -1.0, "finallr": 137.2032, "lrpepelmh": -1.0, "template": "", "viralprotein_id": 17277, "lrsm": -1.0, "id": 6520048, "lrpepxv": -1.0, "lrredundpairs": -1.0, "humanprotein_id": 4793, "vphfpdID": "004260"}, {"lrredund": -1.0, "lrpepelmv": 137.2032, "hphfpdID": "000006", "pdbset": null, "lrpepxh": -1.0, "finallr": 137.2032, "lrpepelmh": -1.0, "template": "", "viralprotein_id": 17277, "lrsm": -1.0, "id": 6520163, "lrpepxv": -1.0, "lrredundpairs": -1.0, "humanprotein_id": 4514, "vphfpdID": "004260"}, {"lrredund": -1.0, "lrpepelmv": 137.2032, "hphfpdID": "000007", "pdbset": null, "lrpepxh": -1.0, "finallr": 137.2032, "lrpepelmh": -1.0, "template": "", "viralprotein_id": 17277, "lrsm": -1.0, "id": 6520233, "lrpepxv": -1.0, "lrredundpairs": -1.0, "humanprotein_id": 6393, "vphfpdID": "004260"}, {"lrredund": -1.0, "lrpepelmv": 137.2032, "hphfpdID": "000004", "pdbset": null, "lrpepxh": -1.0, "finallr": 137.2032, "lrpepelmh": -1.0, "template": "", "viralprotein_id": 17277, "lrsm": -1.0, "id": 6520323, "lrpepxv": -1.0, "lrredundpairs": -1.0, "humanprotein_id": 6298, "vphfpdID": "004260"}, {"lrredund": 21.3884, "lrpepelmv": 3.8765, "hphfpdID": "002673", "pdbset": null, "lrpepxh": -1.0, "finallr": 106.0864, "lrpepelmh": -1.0, "template": "2iw6:DC(0.52,0.03,62/153,38,40)", "viralprotein_id": 17278, "lrsm": 3.109, "id": 63451344, "lrpepxv": 4.96, "lrredundpairs": -1.0, "humanprotein_id": 4427, "vphfpdID": "004261.g404_460@4k50_A.2"}, {"lrredund": 21.3884, "lrpepelmv": 72.805, "hphfpdID": "000007", "pdbset": null, "lrpepxh": -1.0, "finallr": 1557.181, "lrpepelmh": -1.0, "template": "3kx9:FL(0.60,0.53,2/2,2,0)", "viralprotein_id": 17278, "lrsm": 1.2704, "id": 63451475, "lrpepxv": -1.0, "lrredundpairs": -1.0, "humanprotein_id": 6393, "vphfpdID": "004261.g1_150@1xr6_A.1"}, {"lrredund": 21.3884, "lrpepelmv": -1.0, "hphfpdID": "018500.d533_608", "pdbset": null, "lrpepxh": -1.0, "finallr": 116.3786, "lrpepelmh": -1.0, "template": "1wrd:AB(0.56,0.05,74/130,41,57)", "viralprotein_id": 17278, "lrsm": 5.4412, "id": 63452081, "lrpepxv": -1.0, "lrredundpairs": -1.0, "humanprotein_id": 3463, "vphfpdID": "004261.g404_460@1xr7_A.1"}, {"lrredund": 21.3884, "lrpepelmv": -1.0, "hphfpdID": "004136.e672_776", "pdbset": null, "lrpepxh": -1.0, "finallr": 106.0864, "lrpepelmh": -1.0, "template": "1mkm:BA(0.42,0.33,76/271,45,62)", "viralprotein_id": 17278, "lrsm": 4.5353, "id": 63453259, "lrpepxv": 4.96, "lrredundpairs": -1.0, "humanprotein_id": 7444, "vphfpdID": "004261.g404_460@4k50_A.2"}, {"lrredund": 15.8699, "lrpepelmv": -1.0, "hphfpdID": "004138.d421_563", "pdbset": null, "lrpepxh": -1.0, "finallr": 134.8178, "lrpepelmh": -1.0, "template": "4g3k:AB(0.48,0.38,128/156,46,53)", "viralprotein_id": 17278, "lrsm": 8.4952, "id": 63455967, "lrpepxv": 2.59, "lrredundpairs": -1.0, "humanprotein_id": 7446, "vphfpdID": "004261.g404_460@1xr7_A.1"}, {"lrredund": 21.3884, "lrpepelmv": -1.0, "hphfpdID": "012444", "pdbset": null, "lrpepxh": -1.0, "finallr": 282.9685, "lrpepelmh": -1.0, "template": "", "viralprotein_id": 17278, "lrsm": -1.0, "id": 63456084, "lrpepxv": 13.23, "lrredundpairs": -1.0, "humanprotein_id": 2955, "vphfpdID": "004261@4k50_A.3"}, {"lrredund": 21.3884, "lrpepelmv": -1.0, "hphfpdID": "011519.e1_119", "pdbset": null, "lrpepxh": -1.0, "finallr": 107.5723, "lrpepelmh": -1.0, "template": "2voy:AF(0.40,0.57,149/152,19,0)", "viralprotein_id": 17278, "lrsm": 5.0295, "id": 63456150, "lrpepxv": -1.0, "lrredundpairs": -1.0, "humanprotein_id": 3074, "vphfpdID": "004261.d151_403@4k50_A.2"}, {"lrredund": 21.3884, "lrpepelmv": 15.8041, "hphfpdID": "016615.d83_292", "pdbset": null, "lrpepxh": -1.0, "finallr": 338.0243, "lrpepelmh": -1.0, "template": "4g3k:AB(0.48,0.59,130/156,52,61)", "viralprotein_id": 17278, "lrsm": 8.0633, "id": 63456527, "lrpepxv": -1.0, "lrredundpairs": -1.0, "humanprotein_id": 5095, "vphfpdID": "004261.g404_460@1xr7_A.1"}, {"lrredund": 21.3884, "lrpepelmv": -1.0, "hphfpdID": "016730", "pdbset": null, "lrpepxh": -1.0, "finallr": 116.3786, "lrpepelmh": -1.0, "template": "1wrd:AB(0.56,0.22,66/130,42,58)", "viralprotein_id": 17278, "lrsm": 5.4412, "id": 63459613, "lrpepxv": -1.0, "lrredundpairs": -1.0, "humanprotein_id": 6290, "vphfpdID": "004261.g404_460@1xr7_A.1"}, {"lrredund": 21.3884, "lrpepelmv": -1.0, "hphfpdID": "000172.e343_463", "pdbset": null, "lrpepxh": -1.0, "finallr": 219.339, "lrpepelmh": -1.0, "template": "2kik:AB(0.52,0.39,116/144,43,46)", "viralprotein_id": 17278, "lrsm": 10.255, "id": 63460304, "lrpepxv": -1.0, "lrredundpairs": -1.0, "humanprotein_id": 2981, "vphfpdID": "004261.g404_460@1xr6_A.3"}, {"lrredund": 21.3884, "lrpepelmv": 15.8041, "hphfpdID": "007144.e56_156", "pdbset": null, "lrpepxh": -1.0, "finallr": 338.0243, "lrpepelmh": -1.0, "template": "3buw:DB(0.49,0.11,1/77,2,1)", "viralprotein_id": 17278, "lrsm": 1.8315, "id": 63466134, "lrpepxv": 3.51, "lrredundpairs": -1.0, "humanprotein_id": 6385, "vphfpdID": "004261.g404_460@1xr7_A.1"}, {"lrredund": 20.9141, "lrpepelmv": 15.8041, "hphfpdID": "007144", "pdbset": null, "lrpepxh": -1.0, "finallr": 330.5284, "lrpepelmh": -1.0, "template": "4ag2:BD(0.51,0.06,45/103,23,19)", "viralprotein_id": 17279, "lrsm": 3.1219, "id": 46705367, "lrpepxv": -1.0, "lrredundpairs": -1.0, "humanprotein_id": 6385, "vphfpdID": "004262"}, {"lrredund": 15.8699, "lrpepelmv": 15.8041, "hphfpdID": "016615.d584_674", "pdbset": null, "lrpepxh": -1.0, "finallr": 250.8094, "lrpepelmh": -1.0, "template": "", "viralprotein_id": 17279, "lrsm": -1.0, "id": 46713732, "lrpepxv": -1.0, "lrredundpairs": -1.0, "humanprotein_id": 5095, "vphfpdID": "004262"}, {"lrredund": 15.8699, "lrpepelmv": 15.8041, "hphfpdID": "016613.e122_316", "pdbset": null, "lrpepxh": -1.0, "finallr": 250.8094, "lrpepelmh": -1.0, "template": "1ids:AC(0.51,0.51,46/213,23,28)", "viralprotein_id": 17279, "lrsm": 1.4777, "id": 46713965, "lrpepxv": -1.0, "lrredundpairs": -1.0, "humanprotein_id": 5161, "vphfpdID": "004262"}, {"lrredund": 21.3884, "lrpepelmv": 8.2623, "hphfpdID": "001060.e180_274", "pdbset": null, "lrpepxh": -1.0, "finallr": 176.718, "lrpepelmh": -1.0, "template": "4afq:BD(0.51,0.09,47/104,30,36)", "viralprotein_id": 17279, "lrsm": 3.1219, "id": 46715949, "lrpepxv": -1.0, "lrredundpairs": -1.0, "humanprotein_id": 17652, "vphfpdID": "004262"}, {"lrredund": 15.8699, "lrpepelmv": 15.8041, "hphfpdID": "016466.e85_146", "pdbset": null, "lrpepxh": -1.0, "finallr": 250.8094, "lrpepelmh": -1.0, "template": "4afq:BD(0.51,0.03,47/104,30,36)", "viralprotein_id": 17279, "lrsm": 3.1219, "id": 46716934, "lrpepxv": -1.0, "lrredundpairs": 0.7707, "humanprotein_id": 3727, "vphfpdID": "004262"}, {"lrredund": 15.8699, "lrpepelmv": 6.3442, "hphfpdID": "001349.d2679_3055", "pdbset": null, "lrpepxh": -1.0, "finallr": 100.682, "lrpepelmh": -1.0, "template": "2lmc:AB(0.56,0.55,81/115,19,10)", "viralprotein_id": 17279, "lrsm": 1.4802, "id": 46717399, "lrpepxv": -1.0, "lrredundpairs": -1.0, "humanprotein_id": 7312, "vphfpdID": "004262"}, {"lrredund": -1.0, "lrpepelmv": -1.0, "hphfpdID": "006160.d149_203", "pdbset": null, "lrpepxh": -1.0, "finallr": 130.17, "lrpepelmh": -1.0, "template": "1upn:CE(0.03,0.04,14/14,6,1)", "viralprotein_id": 17280, "lrsm": 130.17, "id": 93079327, "lrpepxv": -1.0, "lrredundpairs": -1.0, "humanprotein_id": 5022, "vphfpdID": "004263.e1_193@1qjy_3.1"}, {"lrredund": 19.2898, "lrpepelmv": -1.0, "hphfpdID": "006178.e2120_2203", "pdbset": null, "lrpepxh": -1.0, "finallr": 373.848, "lrpepelmh": -1.0, "template": "1bev:32(0.06,0.43,56/409,41,26)", "viralprotein_id": 17280, "lrsm": 19.3806, "id": 93079394, "lrpepxv": -1.0, "lrredundpairs": -1.0, "humanprotein_id": 2856, "vphfpdID": "004263.e1_193@1v9u_3.3"}, {"lrredund": -1.0, "lrpepelmv": -1.0, "hphfpdID": "001910.e47_252", "pdbset": null, "lrpepxh": -1.0, "finallr": 130.17, "lrpepelmh": -1.0, "template": "1upn:CE(0.03,0.07,14/14,7,3)", "viralprotein_id": 17280, "lrsm": 130.17, "id": 93079519, "lrpepxv": -1.0, "lrredundpairs": -1.0, "humanprotein_id": 4210, "vphfpdID": "004263.e1_193@1qjy_3.1"}, {"lrredund": 19.2898, "lrpepelmv": -1.0, "hphfpdID": "018800.e503_596", "pdbset": null, "lrpepxh": -1.0, "finallr": 115.7521, "lrpepelmh": -1.0, "template": "1z7z:3I(0.08,0.19,19/20,12,10)", "viralprotein_id": 17280, "lrsm": 6.0007, "id": 93079790, "lrpepxv": -1.0, "lrredundpairs": 0.7707, "humanprotein_id": 4109, "vphfpdID": "004263.e69_238@1v9u_3.3"}, {"lrredund": 21.3884, "lrpepelmv": -1.0, "hphfpdID": "005354.e1664_1728", "pdbset": null, "lrpepxh": -1.0, "finallr": 194.6095, "lrpepelmh": -1.0, "template": "4cey:CA(0.06,0.57,462/3570,41,330)", "viralprotein_id": 17280, "lrsm": 9.0988, "id": 93079948, "lrpepxv": -1.0, "lrredundpairs": -1.0, "humanprotein_id": 7033, "vphfpdID": "004263@1r1a_3.2"}, {"lrredund": -1.0, "lrpepelmv": -1.0, "hphfpdID": "018942.e1_130", "pdbset": null, "lrpepxh": -1.0, "finallr": 100.322, "lrpepelmh": -1.0, "template": "1rvf:3H(0.04,0.05,7/7,6,4)", "viralprotein_id": 17280, "lrsm": 130.17, "id": 93080090, "lrpepxv": -1.0, "lrredundpairs": 0.7707, "humanprotein_id": 447, "vphfpdID": "004263.e69_238@1qjy_3.1"}, {"lrredund": -1.0, "lrpepelmv": -1.0, "hphfpdID": "006162.d458_513", "pdbset": null, "lrpepxh": -1.0, "finallr": 130.17, "lrpepelmh": -1.0, "template": "1upn:CE(0.03,0.05,14/14,9,7)", "viralprotein_id": 17280, "lrsm": 130.17, "id": 93081155, "lrpepxv": -1.0, "lrredundpairs": -1.0, "humanprotein_id": 13968, "vphfpdID": "004263.e1_193@1qjy_3.1"}, {"lrredund": -1.0, "lrpepelmv": -1.0, "hphfpdID": "005984.e81_136", "pdbset": null, "lrpepxh": -1.0, "finallr": 130.17, "lrpepelmh": -1.0, "template": "1upn:CE(0.03,0.05,14/14,11,14)", "viralprotein_id": 17280, "lrsm": 130.17, "id": 93082531, "lrpepxv": -1.0, "lrredundpairs": -1.0, "humanprotein_id": 8771, "vphfpdID": "004263.e1_193@1qjy_3.1"}, {"lrredund": 21.3884, "lrpepelmv": 9.677, "hphfpdID": "001751.e1_73", "pdbset": null, "lrpepxh": -1.0, "finallr": 206.9754, "lrpepelmh": -1.0, "template": "2hwb:31(0.04,0.56,52/563,25,13)", "viralprotein_id": 17280, "lrsm": 2.7953, "id": 93082624, "lrpepxv": -1.0, "lrredundpairs": -1.0, "humanprotein_id": 5041, "vphfpdID": "004263@1qjy_3.1"}, {"lrredund": 19.2898, "lrpepelmv": -1.0, "hphfpdID": "011519.e1_119", "pdbset": null, "lrpepxh": -1.0, "finallr": 355.1866, "lrpepelmh": -1.0, "template": "2p1b:DC(0.57,0.01,106/130,47,71)", "viralprotein_id": 17280, "lrsm": 18.4132, "id": 93083572, "lrpepxv": -1.0, "lrredundpairs": -1.0, "humanprotein_id": 3074, "vphfpdID": "004263.e1_193@1v9u_3.3"}, {"lrredund": -1.0, "lrpepelmv": -1.0, "hphfpdID": "006161.e107_330", "pdbset": null, "lrpepxh": -1.0, "finallr": 130.17, "lrpepelmh": -1.0, "template": "1upn:CE(0.03,0.07,14/14,5,0)", "viralprotein_id": 17280, "lrsm": 130.17, "id": 93083890, "lrpepxv": -1.0, "lrredundpairs": -1.0, "humanprotein_id": 6793, "vphfpdID": "004263.e1_193@1qjy_3.1"}, {"lrredund": 21.3884, "lrpepelmv": -1.0, "hphfpdID": "002626.e1_127", "pdbset": null, "lrpepxh": -1.0, "finallr": 708.2626, "lrpepelmh": -1.0, "template": "1rvf:3H(0.04,0.15,6/7,5,3)", "viralprotein_id": 17280, "lrsm": 33.1143, "id": 93083912, "lrpepxv": -1.0, "lrredundpairs": -1.0, "humanprotein_id": 2804, "vphfpdID": "004263.e69_238@1qjy_3.1"}, {"lrredund": -1.0, "lrpepelmv": -1.0, "hphfpdID": "016757.e2495_2551", "pdbset": null, "lrpepxh": -1.0, "finallr": 130.17, "lrpepelmh": -1.0, "template": "1upn:CE(0.04,0.06,14/14,11,14)", "viralprotein_id": 17280, "lrsm": 130.17, "id": 93084051, "lrpepxv": -1.0, "lrredundpairs": -1.0, "humanprotein_id": 8661, "vphfpdID": "004263.e1_193@1r1a_3.2"}, {"lrredund": 21.3884, "lrpepelmv": 14.0845, "hphfpdID": "016615", "pdbset": null, "lrpepxh": -1.0, "finallr": 301.2446, "lrpepelmh": -1.0, "template": "1z7z:3I(0.04,0.43,19/20,12,9)", "viralprotein_id": 17280, "lrsm": 2.4032, "id": 93084885, "lrpepxv": -1.0, "lrredundpairs": -1.0, "humanprotein_id": 5095, "vphfpdID": "004263.e69_238@1qjy_3.1"}, {"lrredund": 15.8699, "lrpepelmv": 3.2644, "hphfpdID": "003962.d92_178", "pdbset": null, "lrpepxh": -1.0, "finallr": 119.5961, "lrpepelmh": -1.0, "template": "1v9u:32(0.00,0.37,80/414,36,40)", "viralprotein_id": 17280, "lrsm": 7.536, "id": 93085607, "lrpepxv": -1.0, "lrredundpairs": -1.0, "humanprotein_id": 6447, "vphfpdID": "004263.e69_238@1v9u_3.3"}, {"lrredund": -1.0, "lrpepelmv": -1.0, "hphfpdID": "006159.d208_262", "pdbset": null, "lrpepxh": -1.0, "finallr": 130.17, "lrpepelmh": -1.0, "template": "1upn:CE(0.04,0.06,14/14,8,8)", "viralprotein_id": 17280, "lrsm": 130.17, "id": 93086226, "lrpepxv": -1.0, "lrredundpairs": -1.0, "humanprotein_id": 6819, "vphfpdID": "004263.e1_193@1r1a_3.2"}, {"lrredund": 19.2898, "lrpepelmv": 14.0845, "hphfpdID": "007144.d1_56", "pdbset": null, "lrpepxh": -1.0, "finallr": 271.6869, "lrpepelmh": -1.0, "template": "1na1:CB(0.03,0.50,273/1559,53,125)", "viralprotein_id": 17280, "lrsm": 13.7249, "id": 93086314, "lrpepxv": -1.0, "lrredundpairs": -1.0, "humanprotein_id": 6385, "vphfpdID": "004263.e69_238@1qjy_3.1"}, {"lrredund": 15.8699, "lrpepelmv": 14.0845, "hphfpdID": "016466.e85_146", "pdbset": null, "lrpepxh": -1.0, "finallr": 223.5194, "lrpepelmh": -1.0, "template": "2wzr:31(0.21,0.49,105/522,49,69)", "viralprotein_id": 17280, "lrsm": 4.5353, "id": 93086352, "lrpepxv": -1.0, "lrredundpairs": -1.0, "humanprotein_id": 3727, "vphfpdID": "004263@1qjy_3.1"}, {"lrredund": -1.0, "lrpepelmv": -1.0, "hphfpdID": "004306", "pdbset": null, "lrpepxh": -1.0, "finallr": 260.2086, "lrpepelmh": -1.0, "template": "3iyp:BF(0.05,0.00,56/59,33,30)", "viralprotein_id": 17280, "lrsm": 260.2086, "id": 93087848, "lrpepxv": -1.0, "lrredundpairs": -1.0, "humanprotein_id": 3167, "vphfpdID": "004263.e1_193@1v9u_3.3"}, {"lrredund": -1.0, "lrpepelmv": -1.0, "hphfpdID": "003970.e2857_2920", "pdbset": null, "lrpepxh": -1.0, "finallr": 130.17, "lrpepelmh": -1.0, "template": "1upn:CE(0.03,0.06,14/14,10,13)", "viralprotein_id": 17280, "lrsm": 130.17, "id": 93088229, "lrpepxv": -1.0, "lrredundpairs": -1.0, "humanprotein_id": 15290, "vphfpdID": "004263.e1_193@1qjy_3.1"}, {"lrredund": -1.0, "lrpepelmv": -1.0, "hphfpdID": "016491", "pdbset": null, "lrpepxh": -1.0, "finallr": 130.17, "lrpepelmh": -1.0, "template": "1upn:CE(0.04,0.05,14/14,7,3)", "viralprotein_id": 17280, "lrsm": 130.17, "id": 93088289, "lrpepxv": -1.0, "lrredundpairs": -1.0, "humanprotein_id": 6512, "vphfpdID": "004263.e1_193@1r1a_3.2"}, {"lrredund": -1.0, "lrpepelmv": -1.0, "hphfpdID": "003971.e2947_3189", "pdbset": null, "lrpepxh": -1.0, "finallr": 130.17, "lrpepelmh": -1.0, "template": "1upn:CE(0.03,0.04,14/14,7,3)", "viralprotein_id": 17280, "lrsm": 130.17, "id": 93089399, "lrpepxv": -1.0, "lrredundpairs": -1.0, "humanprotein_id": 10968, "vphfpdID": "004263.e1_193@1qjy_3.1"}, {"lrredund": -1.0, "lrpepelmv": -1.0, "hphfpdID": "002889.d1109_1163", "pdbset": null, "lrpepxh": -1.0, "finallr": 130.17, "lrpepelmh": -1.0, "template": "1upn:CE(0.04,0.06,14/14,8,8)", "viralprotein_id": 17280, "lrsm": 130.17, "id": 93089696, "lrpepxv": -1.0, "lrredundpairs": -1.0, "humanprotein_id": 3204, "vphfpdID": "004263.e1_193@1r1a_3.2"}, {"lrredund": 21.3884, "lrpepelmv": -1.0, "hphfpdID": "016730", "pdbset": null, "lrpepxh": -1.0, "finallr": 172.4606, "lrpepelmh": -1.0, "template": "2lk6:BA(0.56,0.53,143/154,42,83)", "viralprotein_id": 17280, "lrsm": 8.0633, "id": 93090496, "lrpepxv": -1.0, "lrredundpairs": -1.0, "humanprotein_id": 6290, "vphfpdID": "004263.e1_193@1qjy_3.1"}, {"lrredund": -1.0, "lrpepelmv": -1.0, "hphfpdID": "006163.d208_263", "pdbset": null, "lrpepxh": -1.0, "finallr": 130.17, "lrpepelmh": -1.0, "template": "1upn:CE(0.03,0.06,14/14,10,12)", "viralprotein_id": 17280, "lrsm": 130.17, "id": 93090565, "lrpepxv": -1.0, "lrredundpairs": -1.0, "humanprotein_id": 16194, "vphfpdID": "004263.e1_193@1qjy_3.1"}, {"lrredund": 21.3884, "lrpepelmv": 14.0845, "hphfpdID": "016613.e316_567", "pdbset": null, "lrpepxh": -1.0, "finallr": 301.2446, "lrpepelmh": -1.0, "template": "3pe9:BC(0.51,0.49,40/44,21,10)", "viralprotein_id": 17280, "lrsm": 2.6756, "id": 93091014, "lrpepxv": -1.0, "lrredundpairs": -1.0, "humanprotein_id": 5161, "vphfpdID": "004263.e1_193@1r1a_3.2"}, {"lrredund": 2.409, "lrpepelmv": -1.0, "hphfpdID": "006208.e2514_2647", "pdbset": null, "lrpepxh": -1.0, "finallr": 110.7567, "lrpepelmh": -1.0, "template": "3cnk:BA(0.37,0.00,95/100,43,48)", "viralprotein_id": 17280, "lrsm": 45.9762, "id": 93091040, "lrpepxv": -1.0, "lrredundpairs": -1.0, "humanprotein_id": 4231, "vphfpdID": "004263.e69_238@1v9u_3.3"}, {"lrredund": 2.3254, "lrpepelmv": -1.0, "hphfpdID": "007927", "pdbset": null, "lrpepxh": -1.0, "finallr": 302.6975, "lrpepelmh": -1.0, "template": "1z7z:3I(0.04,0.00,19/20,12,9)", "viralprotein_id": 17280, "lrsm": 130.17, "id": 93092207, "lrpepxv": -1.0, "lrredundpairs": 0.7707, "humanprotein_id": 3016, "vphfpdID": "004263.e69_238@1qjy_3.1"}, {"lrredund": -1.0, "lrpepelmv": -1.0, "hphfpdID": "009823.d642_700", "pdbset": null, "lrpepxh": -1.0, "finallr": 130.17, "lrpepelmh": -1.0, "template": "1upn:CE(0.04,0.06,14/14,11,14)", "viralprotein_id": 17280, "lrsm": 130.17, "id": 93092500, "lrpepxv": -1.0, "lrredundpairs": -1.0, "humanprotein_id": 3922, "vphfpdID": "004263.e1_193@1r1a_3.2"}, {"lrredund": 21.3884, "lrpepelmv": 2.8446, "hphfpdID": "001509.e1_53", "pdbset": null, "lrpepxh": -1.0, "finallr": 146.3215, "lrpepelmh": -1.0, "template": "2rs3:31(0.05,0.38,71/557,41,66)", "viralprotein_id": 17280, "lrsm": 6.8412, "id": 93092693, "lrpepxv": -1.0, "lrredundpairs": -1.0, "humanprotein_id": 2598, "vphfpdID": "004263@1r1a_3.2"}, {"lrredund": 20.9141, "lrpepelmv": 14.0845, "hphfpdID": "007144", "pdbset": null, "lrpepxh": -1.0, "finallr": 294.5643, "lrpepelmh": -1.0, "template": "4ag2:BD(0.40,0.06,57/103,24,19)", "viralprotein_id": 17283, "lrsm": 3.1219, "id": 36165864, "lrpepxv": -1.0, "lrredundpairs": 0.7707, "humanprotein_id": 6385, "vphfpdID": "004264"}, {"lrredund": 15.8699, "lrpepelmv": 14.0845, "hphfpdID": "016615", "pdbset": null, "lrpepxh": -1.0, "finallr": 223.5194, "lrpepelmh": -1.0, "template": "2r0k:AH(0.48,0.58,36/107,21,24)", "viralprotein_id": 17283, "lrsm": 1.4777, "id": 36166137, "lrpepxv": -1.0, "lrredundpairs": -1.0, "humanprotein_id": 5095, "vphfpdID": "004264"}, {"lrredund": 15.8699, "lrpepelmv": 6.3442, "hphfpdID": "001349.d2679_3055", "pdbset": null, "lrpepxh": -1.0, "finallr": 100.682, "lrpepelmh": -1.0, "template": "1l1c:BA(0.45,0.44,99/127,11,5)", "viralprotein_id": 17283, "lrsm": 1.5595, "id": 36166768, "lrpepxv": -1.0, "lrredundpairs": -1.0, "humanprotein_id": 7312, "vphfpdID": "004264"}, {"lrredund": 15.8699, "lrpepelmv": 14.0845, "hphfpdID": "016466", "pdbset": null, "lrpepxh": -1.0, "finallr": 223.5194, "lrpepelmh": -1.0, "template": "4ag2:BD(0.40,0.12,59/103,26,26)", "viralprotein_id": 17283, "lrsm": 3.1219, "id": 36169772, "lrpepxv": -1.0, "lrredundpairs": 0.7707, "humanprotein_id": 3727, "vphfpdID": "004264"}, {"lrredund": 19.2898, "lrpepelmv": -1.0, "hphfpdID": "005354.e1664_1728", "pdbset": null, "lrpepxh": -1.0, "finallr": 106.0689, "lrpepelmh": -1.0, "template": "1l1n:BA(0.04,0.35,37/58,16,21)", "viralprotein_id": 17283, "lrsm": 5.4987, "id": 36170344, "lrpepxv": -1.0, "lrredundpairs": -1.0, "humanprotein_id": 7033, "vphfpdID": "004264"}, {"lrredund": 15.8699, "lrpepelmv": 20.1497, "hphfpdID": "008378.g106_302", "pdbset": null, "lrpepxh": -1.0, "finallr": 319.7744, "lrpepelmh": -1.0, "template": "1l1c:BA(0.45,0.27,98/127,4,0)", "viralprotein_id": 17283, "lrsm": 1.8563, "id": 36174970, "lrpepxv": -1.0, "lrredundpairs": -1.0, "humanprotein_id": 3758, "vphfpdID": "004264"}, {"lrredund": 19.2898, "lrpepelmv": 14.0845, "hphfpdID": "016613.e316_567", "pdbset": null, "lrpepxh": -1.0, "finallr": 271.6869, "lrpepelmh": -1.0, "template": "2r0k:AH(0.48,0.43,45/107,24,30)", "viralprotein_id": 17283, "lrsm": 1.7387, "id": 36174981, "lrpepxv": -1.0, "lrredundpairs": -1.0, "humanprotein_id": 5161, "vphfpdID": "004264"}, {"lrredund": 15.8699, "lrpepelmv": 15.0122, "hphfpdID": "008378.d463_902", "pdbset": null, "lrpepxh": -1.0, "finallr": 238.2415, "lrpepelmh": -1.0, "template": "1z7z:2I(0.11,0.40,4/25,4,3)", "viralprotein_id": 17285, "lrsm": 1.8315, "id": 45753475, "lrpepxv": -1.0, "lrredundpairs": -1.0, "humanprotein_id": 3758, "vphfpdID": "004266.e56_261@1r1a_2.2"}, {"lrredund": 15.8699, "lrpepelmv": -1.0, "hphfpdID": "011519", "pdbset": null, "lrpepxh": -1.0, "finallr": 292.2154, "lrpepelmh": -1.0, "template": "1nlq:BA(0.55,0.03,80/92,43,54)", "viralprotein_id": 17285, "lrsm": 18.4132, "id": 45753919, "lrpepxv": -1.0, "lrredundpairs": -1.0, "humanprotein_id": 3074, "vphfpdID": "004266.e56_261@1r1a_2.2"}, {"lrredund": 21.3884, "lrpepelmv": 14.0867, "hphfpdID": "016613", "pdbset": null, "lrpepxh": -1.0, "finallr": 301.2919, "lrpepelmh": -1.0, "template": "", "viralprotein_id": 17285, "lrsm": -1.0, "id": 45754179, "lrpepxv": -1.0, "lrredundpairs": -1.0, "humanprotein_id": 5161, "vphfpdID": "004266@1qjy_2.1"}, {"lrredund": 15.8699, "lrpepelmv": 72.805, "hphfpdID": "000002", "pdbset": null, "lrpepxh": -1.0, "finallr": 1155.407, "lrpepelmh": -1.0, "template": "", "viralprotein_id": 17285, "lrsm": -1.0, "id": 45754470, "lrpepxv": -1.0, "lrredundpairs": -1.0, "humanprotein_id": 6315, "vphfpdID": "004266@1r1a_2.2"}, {"lrredund": 21.3884, "lrpepelmv": -1.0, "hphfpdID": "005209", "pdbset": null, "lrpepxh": -1.0, "finallr": 102.103, "lrpepelmh": -1.0, "template": "2lk6:BA(0.60,0.59,132/154,17,10)", "viralprotein_id": 17285, "lrsm": 4.7738, "id": 45754999, "lrpepxv": -1.0, "lrredundpairs": -1.0, "humanprotein_id": 8007, "vphfpdID": "004266@1qjy_2.1"}, {"lrredund": -1.0, "lrpepelmv": -1.0, "hphfpdID": "003972.d3109_3228", "pdbset": null, "lrpepxh": -1.0, "finallr": 240.91, "lrpepelmh": -1.0, "template": "1upn:BE(0.07,0.03,80/97,28,40)", "viralprotein_id": 17285, "lrsm": 240.91, "id": 45756496, "lrpepxv": -1.0, "lrredundpairs": -1.0, "humanprotein_id": 10967, "vphfpdID": "004266.e56_261@1qjy_2.1"}, {"lrredund": 2.0764, "lrpepelmv": 72.805, "hphfpdID": "000003", "pdbset": null, "lrpepxh": -1.0, "finallr": 151.1722, "lrpepelmh": -1.0, "template": "", "viralprotein_id": 17285, "lrsm": -1.0, "id": 45756561, "lrpepxv": -1.0, "lrredundpairs": -1.0, "humanprotein_id": 6857, "vphfpdID": "004266@1r1a_2.2"}, {"lrredund": -1.0, "lrpepelmv": -1.0, "hphfpdID": "009823.e386_447", "pdbset": null, "lrpepxh": -1.0, "finallr": 131.693, "lrpepelmh": -1.0, "template": "3iyp:CF(0.06,0.08,121/156,44,64)", "viralprotein_id": 17285, "lrsm": 131.693, "id": 45756664, "lrpepxv": -1.0, "lrredundpairs": -1.0, "humanprotein_id": 3922, "vphfpdID": "004266.e56_261@1qjy_2.1"}, {"lrredund": 15.8699, "lrpepelmv": 14.0867, "hphfpdID": "007144.d1_56", "pdbset": null, "lrpepxh": -1.0, "finallr": 223.5545, "lrpepelmh": -1.0, "template": "1na1:CB(0.34,0.50,273/1559,52,106)", "viralprotein_id": 17285, "lrsm": 7.644, "id": 45757637, "lrpepxv": -1.0, "lrredundpairs": -1.0, "humanprotein_id": 6385, "vphfpdID": "004266.e56_261@1qjy_2.1"}, {"lrredund": -1.0, "lrpepelmv": -1.0, "hphfpdID": "003970.d2496_2554", "pdbset": null, "lrpepxh": -1.0, "finallr": 113.0937, "lrpepelmh": -1.0, "template": "3iyp:CF(0.05,0.14,110/156,42,54)", "viralprotein_id": 17285, "lrsm": 113.0937, "id": 45757951, "lrpepxv": -1.0, "lrredundpairs": -1.0, "humanprotein_id": 15290, "vphfpdID": "004266@1qjy_2.1"}, {"lrredund": 21.3884, "lrpepelmv": 14.0867, "hphfpdID": "016466.e85_146", "pdbset": null, "lrpepxh": -1.0, "finallr": 301.2919, "lrpepelmh": -1.0, "template": "2lk6:BA(0.60,0.51,123/154,29,26)", "viralprotein_id": 17285, "lrsm": 2.5372, "id": 45758061, "lrpepxv": -1.0, "lrredundpairs": -1.0, "humanprotein_id": 3727, "vphfpdID": "004266@1qjy_2.1"}, {"lrredund": 15.8699, "lrpepelmv": -1.0, "hphfpdID": "006178.e689_810", "pdbset": null, "lrpepxh": -1.0, "finallr": 264.7404, "lrpepelmh": -1.0, "template": "1na1:BC(0.05,0.49,631/1560,52,36)", "viralprotein_id": 17285, "lrsm": 16.6819, "id": 45758238, "lrpepxv": -1.0, "lrredundpairs": -1.0, "humanprotein_id": 2856, "vphfpdID": "004266@1r1a_2.2"}, {"lrredund": 2.0764, "lrpepelmv": 72.805, "hphfpdID": "000005", "pdbset": null, "lrpepxh": -1.0, "finallr": 151.1722, "lrpepelmh": -1.0, "template": "", "viralprotein_id": 17285, "lrsm": -1.0, "id": 45759086, "lrpepxv": -1.0, "lrredundpairs": -1.0, "humanprotein_id": 4794, "vphfpdID": "004266@1r1a_2.2"}, {"lrredund": 4.2492, "lrpepelmv": 72.805, "hphfpdID": "000001", "pdbset": null, "lrpepxh": -1.0, "finallr": 309.3629, "lrpepelmh": -1.0, "template": "", "viralprotein_id": 17285, "lrsm": -1.0, "id": 45759161, "lrpepxv": -1.0, "lrredundpairs": -1.0, "humanprotein_id": 4793, "vphfpdID": "004266@1r1a_2.2"}, {"lrredund": -1.0, "lrpepelmv": -1.0, "hphfpdID": "004306", "pdbset": null, "lrpepxh": -1.0, "finallr": 826.1879, "lrpepelmh": -1.0, "template": "3iyp:CF(0.06,0.00,125/156,43,66)", "viralprotein_id": 17285, "lrsm": 826.1879, "id": 45759601, "lrpepxv": -1.0, "lrredundpairs": -1.0, "humanprotein_id": 3167, "vphfpdID": "004266.e56_261@1qjy_2.1"}, {"lrredund": 21.3884, "lrpepelmv": 4.5877, "hphfpdID": "003962.d92_178", "pdbset": null, "lrpepxh": -1.0, "finallr": 100.9952, "lrpepelmh": -1.0, "template": "4c10:BC(0.08,0.52,210/1497,29,175)", "viralprotein_id": 17285, "lrsm": 4.722, "id": 45760150, "lrpepxv": -1.0, "lrredundpairs": -1.0, "humanprotein_id": 6447, "vphfpdID": "004266.e56_261@1r1a_2.2"}, {"lrredund": 21.3884, "lrpepelmv": 14.0867, "hphfpdID": "016615", "pdbset": null, "lrpepxh": -1.0, "finallr": 301.2919, "lrpepelmh": -1.0, "template": "1z7z:2I(0.13,0.43,10/25,4,0)", "viralprotein_id": 17285, "lrsm": 1.8315, "id": 45760458, "lrpepxv": -1.0, "lrredundpairs": -1.0, "humanprotein_id": 5095, "vphfpdID": "004266.e56_261@1qjy_2.1"}, {"lrredund": 15.8699, "lrpepelmv": 72.805, "hphfpdID": "000007", "pdbset": null, "lrpepxh": -1.0, "finallr": 1155.407, "lrpepelmh": -1.0, "template": "", "viralprotein_id": 17285, "lrsm": -1.0, "id": 45761170, "lrpepxv": -1.0, "lrredundpairs": -1.0, "humanprotein_id": 6393, "vphfpdID": "004266@1r1a_2.2"}, {"lrredund": 4.2492, "lrpepelmv": 72.805, "hphfpdID": "000004", "pdbset": null, "lrpepxh": -1.0, "finallr": 309.3629, "lrpepelmh": -1.0, "template": "", "viralprotein_id": 17285, "lrsm": -1.0, "id": 45762978, "lrpepxv": -1.0, "lrredundpairs": -1.0, "humanprotein_id": 6298, "vphfpdID": "004266@1r1a_2.2"}, {"lrredund": -1.0, "lrpepelmv": -1.0, "hphfpdID": "016757.d1905_1958", "pdbset": null, "lrpepxh": -1.0, "finallr": 113.0937, "lrpepelmh": -1.0, "template": "3iyp:CF(0.06,0.11,110/156,45,58)", "viralprotein_id": 17285, "lrsm": 113.0937, "id": 45763048, "lrpepxv": -1.0, "lrredundpairs": -1.0, "humanprotein_id": 8661, "vphfpdID": "004266.e56_261@1qjy_2.1"}, {"lrredund": 21.3884, "lrpepelmv": 72.805, "hphfpdID": "000006", "pdbset": null, "lrpepxh": -1.0, "finallr": 1557.181, "lrpepelmh": -1.0, "template": "", "viralprotein_id": 17285, "lrsm": -1.0, "id": 45763114, "lrpepxv": -1.0, "lrredundpairs": -1.0, "humanprotein_id": 4514, "vphfpdID": "004266@1qjy_2.1"}, {"lrredund": 15.8699, "lrpepelmv": 14.2424, "hphfpdID": "001751", "pdbset": null, "lrpepxh": -1.0, "finallr": 226.0262, "lrpepelmh": -1.0, "template": "", "viralprotein_id": 17285, "lrsm": -1.0, "id": 45763276, "lrpepxv": -1.0, "lrredundpairs": -1.0, "humanprotein_id": 5041, "vphfpdID": "004266@1r1a_2.2"}, {"lrredund": 21.3884, "lrpepelmv": -1.0, "hphfpdID": "000172.d132_188", "pdbset": null, "lrpepxh": -1.0, "finallr": 163.4924, "lrpepelmh": -1.0, "template": "4cdw:CB(0.35,0.56,262/1864,42,180)", "viralprotein_id": 17285, "lrsm": 7.644, "id": 45763403, "lrpepxv": -1.0, "lrredundpairs": -1.0, "humanprotein_id": 2981, "vphfpdID": "004266.e56_261@1qjy_2.1"}, {"lrredund": -1.0, "lrpepelmv": -1.0, "hphfpdID": "010149.d99_158", "pdbset": null, "lrpepxh": -1.0, "finallr": 240.91, "lrpepelmh": -1.0, "template": "1upn:BE(0.07,0.03,80/97,28,36)", "viralprotein_id": 17285, "lrsm": 240.91, "id": 45763846, "lrpepxv": -1.0, "lrredundpairs": -1.0, "humanprotein_id": 3891, "vphfpdID": "004266.e56_261@1qjy_2.1"}, {"lrredund": 4.2492, "lrpepelmv": 65.3909, "hphfpdID": "000004", "pdbset": null, "lrpepxh": -1.0, "finallr": 277.8589, "lrpepelmh": -1.0, "template": "", "viralprotein_id": 17286, "lrsm": -1.0, "id": 20424012, "lrpepxv": -1.0, "lrredundpairs": 1.1877, "humanprotein_id": 6298, "vphfpdID": "004267@5e7p_A.2"}, {"lrredund": 20.9141, "lrpepelmv": 65.3909, "hphfpdID": "000007", "pdbset": null, "lrpepxh": -1.0, "finallr": 1367.591, "lrpepelmh": -1.0, "template": "", "viralprotein_id": 17286, "lrsm": -1.0, "id": 20424447, "lrpepxv": -1.0, "lrredundpairs": 1.373, "humanprotein_id": 6393, "vphfpdID": "004267@5ftj_A.7"}, {"lrredund": 4.2492, "lrpepelmv": 65.3909, "hphfpdID": "000001", "pdbset": null, "lrpepxh": -1.0, "finallr": 277.8589, "lrpepelmh": -1.0, "template": "", "viralprotein_id": 17286, "lrsm": -1.0, "id": 20425010, "lrpepxv": -1.0, "lrredundpairs": 1.1877, "humanprotein_id": 4793, "vphfpdID": "004267@5gjq_H.1"}, {"lrredund": -1.0, "lrpepelmv": -1.0, "hphfpdID": "001595.d185_350", "pdbset": null, "lrpepxh": -1.0, "finallr": 100.9217, "lrpepelmh": -1.0, "template": "4kod:EC(0.24,0.14,60/140,42,46)", "viralprotein_id": 17286, "lrsm": 84.9724, "id": 20426347, "lrpepxv": -1.0, "lrredundpairs": 1.1877, "humanprotein_id": 19354, "vphfpdID": "004267@5ftj_A.7"}, {"lrredund": 19.2898, "lrpepelmv": 14.9984, "hphfpdID": "007144.e151_217", "pdbset": null, "lrpepxh": -1.0, "finallr": 289.3153, "lrpepelmh": -1.0, "template": "", "viralprotein_id": 17286, "lrsm": -1.0, "id": 20427104, "lrpepxv": -1.0, "lrredundpairs": 1.1877, "humanprotein_id": 6385, "vphfpdID": "004267@5gjq_H.1"}, {"lrredund": 21.3884, "lrpepelmv": -1.0, "hphfpdID": "013779", "pdbset": null, "lrpepxh": -1.0, "finallr": 219.339, "lrpepelmh": -1.0, "template": "3q7r:AB(0.51,0.46,83/103,43,46)", "viralprotein_id": 17286, "lrsm": 10.255, "id": 20427738, "lrpepxv": -1.0, "lrredundpairs": -1.0, "humanprotein_id": 5896, "vphfpdID": "004267.d120_217@1svm_A.2"}, {"lrredund": 20.9141, "lrpepelmv": -1.0, "hphfpdID": "006178.e1265_1358", "pdbset": null, "lrpepxh": -1.0, "finallr": 113.5635, "lrpepelmh": -1.0, "template": "4dc9:BD(0.48,0.39,25/55,8,0)", "viralprotein_id": 17286, "lrsm": 1.2265, "id": 20428374, "lrpepxv": 5.43, "lrredundpairs": 0.7707, "humanprotein_id": 2856, "vphfpdID": "004267@5gjq_H.1"}, {"lrredund": 21.3884, "lrpepelmv": 65.3909, "hphfpdID": "000002", "pdbset": null, "lrpepxh": -1.0, "finallr": 1398.606, "lrpepelmh": -1.0, "template": "", "viralprotein_id": 17286, "lrsm": -1.0, "id": 20429016, "lrpepxv": -1.0, "lrredundpairs": 0.7707, "humanprotein_id": 6315, "vphfpdID": "004267@5gjq_I.4"}, {"lrredund": 2.3254, "lrpepelmv": 65.3909, "hphfpdID": "000003", "pdbset": null, "lrpepxh": -1.0, "finallr": 152.0599, "lrpepelmh": -1.0, "template": "", "viralprotein_id": 17286, "lrsm": -1.0, "id": 20430514, "lrpepxv": -1.0, "lrredundpairs": 1.1877, "humanprotein_id": 6857, "vphfpdID": "004267@5gjq_H.1"}, {"lrredund": 2.0764, "lrpepelmv": -1.0, "hphfpdID": "013715.d168_335", "pdbset": null, "lrpepxh": -1.0, "finallr": 100.4807, "lrpepelmh": -1.0, "template": "3kds:GF(0.29,0.10,55/402,42,43)", "viralprotein_id": 17286, "lrsm": 48.3918, "id": 20431629, "lrpepxv": -1.0, "lrredundpairs": 1.373, "humanprotein_id": 5262, "vphfpdID": "004267@5g4f_A.5"}, {"lrredund": 19.2898, "lrpepelmv": 9.677, "hphfpdID": "001751.e1_73", "pdbset": null, "lrpepxh": -1.0, "finallr": 186.6672, "lrpepelmh": -1.0, "template": "2orv:BA(0.38,0.12,49/214,27,34)", "viralprotein_id": 17286, "lrsm": 2.7953, "id": 20432184, "lrpepxv": -1.0, "lrredundpairs": -1.0, "humanprotein_id": 5041, "vphfpdID": "004267@5gjq_I.4"}, {"lrredund": 21.3884, "lrpepelmv": 14.0845, "hphfpdID": "016615.d586_639", "pdbset": null, "lrpepxh": -1.0, "finallr": 301.2446, "lrpepelmh": -1.0, "template": "", "viralprotein_id": 17286, "lrsm": -1.0, "id": 20433189, "lrpepxv": -1.0, "lrredundpairs": -1.0, "humanprotein_id": 5095, "vphfpdID": "004267@5e7p_A.2"}, {"lrredund": 4.2492, "lrpepelmv": -1.0, "hphfpdID": "008899", "pdbset": null, "lrpepxh": -1.0, "finallr": 149.4305, "lrpepelmh": -1.0, "template": "2qqe:AB(0.53,0.04,199/241,75,89)", "viralprotein_id": 17286, "lrsm": 35.1668, "id": 20433432, "lrpepxv": -1.0, "lrredundpairs": 0.7707, "humanprotein_id": 2925, "vphfpdID": "004267@5gjq_I.4"}, {"lrredund": 2.3254, "lrpepelmv": 65.3909, "hphfpdID": "000005", "pdbset": null, "lrpepxh": -1.0, "finallr": 152.0599, "lrpepelmh": -1.0, "template": "", "viralprotein_id": 17286, "lrsm": -1.0, "id": 20434034, "lrpepxv": -1.0, "lrredundpairs": 1.1877, "humanprotein_id": 4794, "vphfpdID": "004267@5g4f_A.5"}, {"lrredund": 21.3884, "lrpepelmv": -1.0, "hphfpdID": "017046.e457_686", "pdbset": null, "lrpepxh": -1.0, "finallr": 230.863, "lrpepelmh": -1.0, "template": "3hu3:BA(0.40,0.57,59/362,41,39)", "viralprotein_id": 17286, "lrsm": 10.7938, "id": 20434039, "lrpepxv": -1.0, "lrredundpairs": -1.0, "humanprotein_id": 6818, "vphfpdID": "004267@5gjq_I.4"}, {"lrredund": 20.9141, "lrpepelmv": 65.3909, "hphfpdID": "000006", "pdbset": null, "lrpepxh": -1.0, "finallr": 1367.591, "lrpepelmh": -1.0, "template": "", "viralprotein_id": 17286, "lrsm": -1.0, "id": 20434182, "lrpepxv": -1.0, "lrredundpairs": 1.1877, "humanprotein_id": 4514, "vphfpdID": "004267@5ftj_A.7"}, {"lrredund": 4.2492, "lrpepelmv": 32.9939, "hphfpdID": "017284.e489_542", "pdbset": null, "lrpepxh": -1.0, "finallr": 140.1976, "lrpepelmh": -1.0, "template": "1w1w:CG(0.54,0.44,60/109,23,19)", "viralprotein_id": 17286, "lrsm": 1.7387, "id": 20434618, "lrpepxv": -1.0, "lrredundpairs": -1.0, "humanprotein_id": 7960, "vphfpdID": "004267@5gjq_K.8"}, {"lrredund": 4.2492, "lrpepelmv": 32.9939, "hphfpdID": "017283.d76_264", "pdbset": null, "lrpepxh": -1.0, "finallr": 140.1976, "lrpepelmh": -1.0, "template": "", "viralprotein_id": 17286, "lrsm": -1.0, "id": 20434956, "lrpepxv": -1.0, "lrredundpairs": 0.7707, "humanprotein_id": 5846, "vphfpdID": "004267@5ftj_A.7"}, {"lrredund": 21.3884, "lrpepelmv": -1.0, "hphfpdID": "013900.e252_425", "pdbset": null, "lrpepxh": -1.0, "finallr": 219.339, "lrpepelmh": -1.0, "template": "3q7r:AB(0.51,0.49,84/103,47,55)", "viralprotein_id": 17286, "lrsm": 10.255, "id": 20436107, "lrpepxv": -1.0, "lrredundpairs": -1.0, "humanprotein_id": 4285, "vphfpdID": "004267.d120_217@1svm_A.2"}, {"lrredund": 21.3884, "lrpepelmv": 14.0845, "hphfpdID": "016613.e557_714", "pdbset": null, "lrpepxh": -1.0, "finallr": 301.2446, "lrpepelmh": -1.0, "template": "", "viralprotein_id": 17286, "lrsm": -1.0, "id": 20436197, "lrpepxv": -1.0, "lrredundpairs": -1.0, "humanprotein_id": 5161, "vphfpdID": "004267@5gjq_H.1"}, {"lrredund": 21.3884, "lrpepelmv": 14.9984, "hphfpdID": "016466", "pdbset": null, "lrpepxh": -1.0, "finallr": 320.7909, "lrpepelmh": -1.0, "template": "", "viralprotein_id": 17286, "lrsm": -1.0, "id": 20436673, "lrpepxv": -1.0, "lrredundpairs": 0.7707, "humanprotein_id": 3727, "vphfpdID": "004267@5gjq_I.4"}, {"lrredund": 19.2898, "lrpepelmv": -1.0, "hphfpdID": "017281", "pdbset": null, "lrpepxh": -1.0, "finallr": 1639.1, "lrpepelmh": -1.0, "template": "1s3s:DB(0.35,0.02,59/136,41,47)", "viralprotein_id": 17286, "lrsm": 84.9724, "id": 20438323, "lrpepxv": -1.0, "lrredundpairs": 0.7707, "humanprotein_id": 5906, "vphfpdID": "004267@5gjq_I.4"}, {"lrredund": 21.3884, "lrpepelmv": 6.3442, "hphfpdID": "001349.d2683_2962", "pdbset": null, "lrpepxh": -1.0, "finallr": 135.6925, "lrpepelmh": -1.0, "template": "", "viralprotein_id": 17286, "lrsm": -1.0, "id": 20438419, "lrpepxv": -1.0, "lrredundpairs": -1.0, "humanprotein_id": 7312, "vphfpdID": "004267@5gjq_K.8"}, {"lrredund": 20.9141, "lrpepelmv": 5.3702, "hphfpdID": "002673.d115_219", "pdbset": null, "lrpepxh": -1.0, "finallr": 112.3118, "lrpepelmh": -1.0, "template": "2h0i:AB(0.12,0.27,18/169,10,3)", "viralprotein_id": 17287, "lrsm": 4.5731, "id": 90382919, "lrpepxv": -1.0, "lrredundpairs": -1.0, "humanprotein_id": 4427, "vphfpdID": "004268.e1_199@1v9u_1.1"}, {"lrredund": 15.8699, "lrpepelmv": 6.3869, "hphfpdID": "001509.e1_53", "pdbset": null, "lrpepxh": -1.0, "finallr": 101.3588, "lrpepelmh": -1.0, "template": "4n53:AB(0.22,0.45,189/2681,24,182)", "viralprotein_id": 17287, "lrsm": 3.1304, "id": 90382952, "lrpepxv": 5.43, "lrredundpairs": -1.0, "humanprotein_id": 2598, "vphfpdID": "004268.e67_289@1qjy_1.1"}, {"lrredund": 20.9141, "lrpepelmv": -1.0, "hphfpdID": "000172.e1_188", "pdbset": null, "lrpepxh": -1.0, "finallr": 203.5706, "lrpepelmh": -1.0, "template": "2lk5:AB(0.57,0.53,118/132,42,71)", "viralprotein_id": 17287, "lrsm": 9.7337, "id": 90383115, "lrpepxv": -1.0, "lrredundpairs": -1.0, "humanprotein_id": 2981, "vphfpdID": "004268.e1_199@1v9u_1.1"}, {"lrredund": 21.3884, "lrpepelmv": 15.8041, "hphfpdID": "016615", "pdbset": null, "lrpepxh": -1.0, "finallr": 338.0243, "lrpepelmh": -1.0, "template": "1z7z:1I(0.10,0.43,43/65,21,20)", "viralprotein_id": 17287, "lrsm": 3.1219, "id": 90383738, "lrpepxv": -1.0, "lrredundpairs": -1.0, "humanprotein_id": 5095, "vphfpdID": "004268.e67_289@1r1a_1.2"}, {"lrredund": 19.2898, "lrpepelmv": 5.3702, "hphfpdID": "003962.d92_178", "pdbset": null, "lrpepxh": -1.0, "finallr": 247.8394, "lrpepelmh": -1.0, "template": "1h8t:AC(0.10,0.57,59/627,42,59)", "viralprotein_id": 17287, "lrsm": 12.8482, "id": 90383754, "lrpepxv": -1.0, "lrredundpairs": -1.0, "humanprotein_id": 6447, "vphfpdID": "004268.e1_199@1v9u_1.1"}, {"lrredund": 19.2898, "lrpepelmv": -1.0, "hphfpdID": "016730", "pdbset": null, "lrpepxh": -1.0, "finallr": 187.7603, "lrpepelmh": -1.0, "template": "2lk5:AB(0.57,0.60,120/132,43,93)", "viralprotein_id": 17287, "lrsm": 9.7337, "id": 90384135, "lrpepxv": -1.0, "lrredundpairs": -1.0, "humanprotein_id": 6290, "vphfpdID": "004268.e1_199@1v9u_1.1"}, {"lrredund": 21.3884, "lrpepelmv": 72.805, "hphfpdID": "000002", "pdbset": null, "lrpepxh": -1.0, "finallr": 1557.181, "lrpepelmh": -1.0, "template": "", "viralprotein_id": 17287, "lrsm": -1.0, "id": 90384906, "lrpepxv": -1.0, "lrredundpairs": -1.0, "humanprotein_id": 6315, "vphfpdID": "004268@1qjy_1.1"}, {"lrredund": 19.2898, "lrpepelmv": -1.0, "hphfpdID": "011519", "pdbset": null, "lrpepxh": -1.0, "finallr": 355.1866, "lrpepelmh": -1.0, "template": "3t30:FJ(0.53,0.07,82/95,42,55)", "viralprotein_id": 17287, "lrsm": 18.4132, "id": 90384923, "lrpepxv": -1.0, "lrredundpairs": -1.0, "humanprotein_id": 3074, "vphfpdID": "004268.e67_289@1v9u_1.3"}, {"lrredund": 2.3254, "lrpepelmv": -1.0, "hphfpdID": "007927", "pdbset": null, "lrpepxh": -1.0, "finallr": 393.2198, "lrpepelmh": -1.0, "template": "1z7z:1I(0.09,0.00,49/65,28,34)", "viralprotein_id": 17287, "lrsm": 169.0977, "id": 90384967, "lrpepxv": -1.0, "lrredundpairs": 0.7707, "humanprotein_id": 3016, "vphfpdID": "004268@1v9u_1.3"}, {"lrredund": 21.3884, "lrpepelmv": -1.0, "hphfpdID": "016869.d56_203", "pdbset": null, "lrpepxh": -1.0, "finallr": 116.139, "lrpepelmh": -1.0, "template": "3dnj:BA(0.57,0.31,31/69,11,5)", "viralprotein_id": 17287, "lrsm": 1.2265, "id": 90385011, "lrpepxv": 5.43, "lrredundpairs": -1.0, "humanprotein_id": 4495, "vphfpdID": "004268.e67_289@1r1a_1.2"}, {"lrredund": 2.3254, "lrpepelmv": 72.805, "hphfpdID": "000003", "pdbset": null, "lrpepxh": -1.0, "finallr": 169.3006, "lrpepelmh": -1.0, "template": "", "viralprotein_id": 17287, "lrsm": -1.0, "id": 90386769, "lrpepxv": -1.0, "lrredundpairs": -1.0, "humanprotein_id": 6857, "vphfpdID": "004268@1r1a_1.2"}, {"lrredund": 20.9141, "lrpepelmv": -1.0, "hphfpdID": "018800.e503_596", "pdbset": null, "lrpepxh": -1.0, "finallr": 163.0298, "lrpepelmh": -1.0, "template": "1z7z:1I(0.10,0.19,38/65,24,24)", "viralprotein_id": 17287, "lrsm": 7.7952, "id": 90387006, "lrpepxv": -1.0, "lrredundpairs": 0.7707, "humanprotein_id": 4109, "vphfpdID": "004268.e67_289@1qjy_1.1"}, {"lrredund": 21.3884, "lrpepelmv": -1.0, "hphfpdID": "002626.e1_127", "pdbset": null, "lrpepxh": -1.0, "finallr": 166.727, "lrpepelmh": -1.0, "template": "1z7z:1I(0.09,0.19,41/65,22,20)", "viralprotein_id": 17287, "lrsm": 7.7952, "id": 90387560, "lrpepxv": -1.0, "lrredundpairs": -1.0, "humanprotein_id": 2804, "vphfpdID": "004268@1v9u_1.3"}, {"lrredund": 19.2898, "lrpepelmv": 72.805, "hphfpdID": "000007", "pdbset": null, "lrpepxh": -1.0, "finallr": 1404.393, "lrpepelmh": -1.0, "template": "", "viralprotein_id": 17287, "lrsm": -1.0, "id": 90388032, "lrpepxv": -1.0, "lrredundpairs": -1.0, "humanprotein_id": 6393, "vphfpdID": "004268@1r1a_1.2"}, {"lrredund": 2.3254, "lrpepelmv": 72.805, "hphfpdID": "000005", "pdbset": null, "lrpepxh": -1.0, "finallr": 169.3006, "lrpepelmh": -1.0, "template": "", "viralprotein_id": 17287, "lrsm": -1.0, "id": 90388788, "lrpepxv": -1.0, "lrredundpairs": -1.0, "humanprotein_id": 4794, "vphfpdID": "004268@1qjy_1.1"}, {"lrredund": 15.8699, "lrpepelmv": -1.0, "hphfpdID": "005354.e1664_1728", "pdbset": null, "lrpepxh": -1.0, "finallr": 108.5685, "lrpepelmh": -1.0, "template": "1z7s:13(0.10,0.49,83/621,53,74)", "viralprotein_id": 17287, "lrsm": 6.8412, "id": 90389155, "lrpepxv": 3.84, "lrredundpairs": -1.0, "humanprotein_id": 7033, "vphfpdID": "004268@1r1a_1.2"}, {"lrredund": 15.8699, "lrpepelmv": 9.677, "hphfpdID": "001751.e1_73", "pdbset": null, "lrpepxh": -1.0, "finallr": 153.5729, "lrpepelmh": -1.0, "template": "1d4m:14(0.10,0.55,41/168,23,20)", "viralprotein_id": 17287, "lrsm": 1.8531, "id": 90389927, "lrpepxv": -1.0, "lrredundpairs": -1.0, "humanprotein_id": 5041, "vphfpdID": "004268.e1_199@1qjy_1.3"}, {"lrredund": 21.3884, "lrpepelmv": 6.3442, "hphfpdID": "001349.d2715_2964", "pdbset": null, "lrpepxh": -1.0, "finallr": 135.6925, "lrpepelmh": -1.0, "template": "2idh:CF(0.54,0.42,16/32,4,0)", "viralprotein_id": 17287, "lrsm": 1.2265, "id": 90389944, "lrpepxv": -1.0, "lrredundpairs": -1.0, "humanprotein_id": 7312, "vphfpdID": "004268.e67_289@1v9u_1.3"}, {"lrredund": 19.2898, "lrpepelmv": 15.8041, "hphfpdID": "016466.e85_146", "pdbset": null, "lrpepxh": -1.0, "finallr": 304.8578, "lrpepelmh": -1.0, "template": "2lk5:BA(0.55,0.39,112/132,39,75)", "viralprotein_id": 17287, "lrsm": 2.4771, "id": 90391074, "lrpepxv": -1.0, "lrredundpairs": -1.0, "humanprotein_id": 3727, "vphfpdID": "004268.e1_199@1v9u_1.1"}, {"lrredund": 19.2898, "lrpepelmv": 72.805, "hphfpdID": "000006", "pdbset": null, "lrpepxh": -1.0, "finallr": 1404.393, "lrpepelmh": -1.0, "template": "1wrd:BA(0.50,0.59,47/130,22,29)", "viralprotein_id": 17287, "lrsm": 1.4777, "id": 90392981, "lrpepxv": -1.0, "lrredundpairs": -1.0, "humanprotein_id": 4514, "vphfpdID": "004268.e1_199@1v9u_1.1"}, {"lrredund": 21.3884, "lrpepelmv": 5.3702, "hphfpdID": "007227.d88_247", "pdbset": null, "lrpepxh": -1.0, "finallr": 114.8589, "lrpepelmh": -1.0, "template": "1rvf:1L(0.11,0.47,4/17,3,1)", "viralprotein_id": 17287, "lrsm": 1.8315, "id": 90393965, "lrpepxv": -1.0, "lrredundpairs": -1.0, "humanprotein_id": 5539, "vphfpdID": "004268.e67_289@1v9u_1.3"}, {"lrredund": 4.2492, "lrpepelmv": 72.805, "hphfpdID": "000004", "pdbset": null, "lrpepxh": -1.0, "finallr": 309.3629, "lrpepelmh": -1.0, "template": "", "viralprotein_id": 17287, "lrsm": -1.0, "id": 90394189, "lrpepxv": -1.0, "lrredundpairs": -1.0, "humanprotein_id": 6298, "vphfpdID": "004268@1qjy_1.1"}, {"lrredund": 20.9141, "lrpepelmv": 15.8041, "hphfpdID": "007144.d1_56", "pdbset": null, "lrpepxh": -1.0, "finallr": 330.5284, "lrpepelmh": -1.0, "template": "1na1:AB(0.10,0.50,125/596,44,116)", "viralprotein_id": 17287, "lrsm": 8.8265, "id": 90394602, "lrpepxv": -1.0, "lrredundpairs": -1.0, "humanprotein_id": 6385, "vphfpdID": "004268.e1_199@1v9u_1.1"}, {"lrredund": 21.3884, "lrpepelmv": 5.3702, "hphfpdID": "018111", "pdbset": null, "lrpepxh": -1.0, "finallr": 114.8589, "lrpepelmh": -1.0, "template": "2uzb:AC(0.50,0.27,1/2,1,0)", "viralprotein_id": 17287, "lrsm": 1.4599, "id": 90395159, "lrpepxv": -1.0, "lrredundpairs": -1.0, "humanprotein_id": 15404, "vphfpdID": "004268.e1_199@1v9u_1.1"}, {"lrredund": 2.3254, "lrpepelmv": 5.3702, "hphfpdID": "016486.d81_222", "pdbset": null, "lrpepxh": -1.0, "finallr": 144.8956, "lrpepelmh": -1.0, "template": "4cdw:AD(0.18,0.58,175/1151,19,168)", "viralprotein_id": 17287, "lrsm": 3.7424, "id": 90395934, "lrpepxv": 62.31, "lrredundpairs": -1.0, "humanprotein_id": 6479, "vphfpdID": "004268.e67_289@1r1a_1.2"}, {"lrredund": 21.3884, "lrpepelmv": -1.0, "hphfpdID": "013899.e526_1338", "pdbset": null, "lrpepxh": -1.0, "finallr": 116.139, "lrpepelmh": -1.0, "template": "4evu:BA(0.58,0.51,75/121,44,60)", "viralprotein_id": 17287, "lrsm": 4.3388, "id": 90396772, "lrpepxv": 5.43, "lrredundpairs": -1.0, "humanprotein_id": 1240, "vphfpdID": "004268.e1_199@1qjy_1.3"}, {"lrredund": 20.9141, "lrpepelmv": -1.0, "hphfpdID": "006178.e603_726", "pdbset": null, "lrpepxh": -1.0, "finallr": 268.7087, "lrpepelmh": -1.0, "template": "3b83:HC(0.59,0.17,55/149,42,42)", "viralprotein_id": 17287, "lrsm": 12.8482, "id": 90397960, "lrpepxv": 3.84, "lrredundpairs": -1.0, "humanprotein_id": 2856, "vphfpdID": "004268.e1_199@1r1a_1.2"}, {"lrredund": 15.8699, "lrpepelmv": 15.8041, "hphfpdID": "016613.e557_714", "pdbset": null, "lrpepxh": -1.0, "finallr": 250.8094, "lrpepelmh": -1.0, "template": "", "viralprotein_id": 17287, "lrsm": -1.0, "id": 90398011, "lrpepxv": -1.0, "lrredundpairs": -1.0, "humanprotein_id": 5161, "vphfpdID": "004268@1v9u_1.3"}, {"lrredund": 4.2492, "lrpepelmv": 72.805, "hphfpdID": "000001", "pdbset": null, "lrpepxh": -1.0, "finallr": 309.3629, "lrpepelmh": -1.0, "template": "1f6f:BA(0.60,0.59,3/100,2,0)", "viralprotein_id": 17287, "lrsm": 0.9682, "id": 90398067, "lrpepxv": -1.0, "lrredundpairs": -1.0, "humanprotein_id": 4793, "vphfpdID": "004268.e67_289@1r1a_1.2"}]