[{"lrredund": 15.8699, "lrpepelmv": 3.8765, "hphfpdID": "007227.d56_251", "pdbset": null, "lrpepxh": -1.0, "finallr": 358.0329, "lrpepelmh": -1.0, "template": "1ung:EB(0.59,0.15,57/135,41,50)", "viralprotein_id": 17450, "lrsm": 22.5605, "id": 61310564, "lrpepxv": 5.22, "lrredundpairs": -1.0, "humanprotein_id": 5539, "vphfpdID": "004419.g404_460@4zpa_A.14"}, {"lrredund": 3.5815, "lrpepelmv": -1.0, "hphfpdID": "000404.d145_249", "pdbset": null, "lrpepxh": -1.0, "finallr": 355.2943, "lrpepelmh": -1.0, "template": "1dxx:BA(0.04,0.06,8/265,9,7)", "viralprotein_id": 17450, "lrsm": 99.2027, "id": 61311137, "lrpepxv": -1.0, "lrredundpairs": -1.0, "humanprotein_id": 3719, "vphfpdID": "004419.g404_460@4ika_A.37"}, {"lrredund": -1.0, "lrpepelmv": -1.0, "hphfpdID": "008787.e277_852", "pdbset": null, "lrpepxh": -1.0, "finallr": 151.4063, "lrpepelmh": -1.0, "template": "2x0l:BA(0.09,0.01,28/202,22,28)", "viralprotein_id": 17450, "lrsm": 151.4063, "id": 61311313, "lrpepxv": -1.0, "lrredundpairs": -1.0, "humanprotein_id": 1729, "vphfpdID": "004419.g1_148"}, {"lrredund": 21.3884, "lrpepelmv": -1.0, "hphfpdID": "011519.g120_294", "pdbset": null, "lrpepxh": -1.0, "finallr": 539.7672, "lrpepelmh": -1.0, "template": "3ter:AB(0.09,0.05,1/95,2,1)", "viralprotein_id": 17450, "lrsm": 25.2364, "id": 61311751, "lrpepxv": -1.0, "lrredundpairs": -1.0, "humanprotein_id": 3074, "vphfpdID": "004419.g404_460@4wfx_A.9"}, {"lrredund": 21.3884, "lrpepelmv": -1.0, "hphfpdID": "014262.e226_317", "pdbset": null, "lrpepxh": -1.0, "finallr": 172.4606, "lrpepelmh": -1.0, "template": "2b87:BA(0.59,0.54,136/159,45,55)", "viralprotein_id": 17450, "lrsm": 8.0633, "id": 61313620, "lrpepxv": -1.0, "lrredundpairs": -1.0, "humanprotein_id": 5865, "vphfpdID": "004419.g404_460@4nlq_A.23"}, {"lrredund": 21.3884, "lrpepelmv": -1.0, "hphfpdID": "003962.d133_182", "pdbset": null, "lrpepxh": -1.0, "finallr": 181.6986, "lrpepelmh": -1.0, "template": "1ev0:BA(0.43,0.42,165/202,44,58)", "viralprotein_id": 17450, "lrsm": 8.4952, "id": 61314114, "lrpepxv": -1.0, "lrredundpairs": -1.0, "humanprotein_id": 6447, "vphfpdID": "004419.d244_373"}, {"lrredund": 21.3884, "lrpepelmv": -1.0, "hphfpdID": "004136.d455_590", "pdbset": null, "lrpepxh": -1.0, "finallr": 208.1873, "lrpepelmh": -1.0, "template": "4icg:AB(0.58,0.57,105/127,46,41)", "viralprotein_id": 17450, "lrsm": 9.7337, "id": 61314447, "lrpepxv": 4.96, "lrredundpairs": -1.0, "humanprotein_id": 7444, "vphfpdID": "004419.g404_460@4zpa_A.14"}, {"lrredund": 21.3884, "lrpepelmv": 3.8765, "hphfpdID": "002673", "pdbset": null, "lrpepxh": -1.0, "finallr": 414.5201, "lrpepelmh": -1.0, "template": "2cci:DC(0.54,0.02,57/152,41,53)", "viralprotein_id": 17450, "lrsm": 19.3806, "id": 61314478, "lrpepxv": 4.96, "lrredundpairs": -1.0, "humanprotein_id": 4427, "vphfpdID": "004419.g404_460@4zp9_A.8"}, {"lrredund": 21.3884, "lrpepelmv": -1.0, "hphfpdID": "013262", "pdbset": null, "lrpepxh": -1.0, "finallr": 117.6084, "lrpepelmh": -1.0, "template": "4edn:GE(0.10,0.22,7/15,5,1)", "viralprotein_id": 17450, "lrsm": 5.4987, "id": 61314960, "lrpepxv": 3.66, "lrredundpairs": -1.0, "humanprotein_id": 3784, "vphfpdID": "004419.g404_460@1xr5_A.1"}, {"lrredund": 1.0145, "lrpepelmv": -1.0, "hphfpdID": "013321.e355_438", "pdbset": null, "lrpepxh": -1.0, "finallr": 100.6411, "lrpepelmh": -1.0, "template": "3u2y:MN(0.06,0.02,13/181,7,1)", "viralprotein_id": 17450, "lrsm": 99.2027, "id": 61315470, "lrpepxv": 7.37, "lrredundpairs": -1.0, "humanprotein_id": 3843, "vphfpdID": "004419.g404_460@1xr5_A.1"}, {"lrredund": 21.3884, "lrpepelmv": 2.8446, "hphfpdID": "001509", "pdbset": null, "lrpepxh": -1.0, "finallr": 326.2441, "lrpepelmh": -1.0, "template": "1u7j:AB(0.47,0.13,123/147,42,38)", "viralprotein_id": 17450, "lrsm": 15.2533, "id": 61317141, "lrpepxv": 5.22, "lrredundpairs": -1.0, "humanprotein_id": 2598, "vphfpdID": "004419.g404_460@4k4z_A.16"}, {"lrredund": 21.3884, "lrpepelmv": -1.0, "hphfpdID": "005158.d818_927", "pdbset": null, "lrpepxh": -1.0, "finallr": 113.8494, "lrpepelmh": -1.0, "template": "1ev0:BA(0.43,0.57,144/202,42,55)", "viralprotein_id": 17450, "lrsm": 5.323, "id": 61317226, "lrpepxv": 4.96, "lrredundpairs": -1.0, "humanprotein_id": 2711, "vphfpdID": "004419.d244_373"}, {"lrredund": 4.2492, "lrpepelmv": 32.9939, "hphfpdID": "017284.e489_542", "pdbset": null, "lrpepxh": -1.0, "finallr": 140.1976, "lrpepelmh": -1.0, "template": "1mkm:AB(0.42,0.40,60/271,42,53)", "viralprotein_id": 17450, "lrsm": 10.7938, "id": 61317233, "lrpepxv": 5.22, "lrredundpairs": -1.0, "humanprotein_id": 7960, "vphfpdID": "004419.g404_460@4zpb_A.18"}, {"lrredund": 21.3884, "lrpepelmv": -1.0, "hphfpdID": "013775.g545_601", "pdbset": null, "lrpepxh": -1.0, "finallr": 113.8494, "lrpepelmh": -1.0, "template": "1y74:DA(0.59,0.41,138/209,44,47)", "viralprotein_id": 17450, "lrsm": 5.323, "id": 61317390, "lrpepxv": -1.0, "lrredundpairs": -1.0, "humanprotein_id": 15519, "vphfpdID": "004419.g404_460@1raj_A.19"}, {"lrredund": 21.3884, "lrpepelmv": -1.0, "hphfpdID": "002626", "pdbset": null, "lrpepxh": -1.0, "finallr": 111.6474, "lrpepelmh": -1.0, "template": "1orq:CA(0.51,0.05,4/6,5,4)", "viralprotein_id": 17450, "lrsm": 2.2022, "id": 61318490, "lrpepxv": 5.22, "lrredundpairs": -1.0, "humanprotein_id": 2804, "vphfpdID": "004419.g404_460@4zp8_A.10"}, {"lrredund": 21.3884, "lrpepelmv": -1.0, "hphfpdID": "005478.e262_551", "pdbset": null, "lrpepxh": -1.0, "finallr": 727.8665, "lrpepelmh": -1.0, "template": "1s9p:AB(0.40,0.16,60/107,41,51)", "viralprotein_id": 17450, "lrsm": 34.0309, "id": 61319077, "lrpepxv": -1.0, "lrredundpairs": -1.0, "humanprotein_id": 2880, "vphfpdID": "004419.g404_460@4wfx_A.9"}, {"lrredund": 15.8699, "lrpepelmv": -1.0, "hphfpdID": "004076.d108_222", "pdbset": null, "lrpepxh": -1.0, "finallr": 154.4721, "lrpepelmh": -1.0, "template": "3rq9:BA(0.51,0.56,75/84,41,57)", "viralprotein_id": 17450, "lrsm": 9.7337, "id": 61320203, "lrpepxv": -1.0, "lrredundpairs": -1.0, "humanprotein_id": 4894, "vphfpdID": "004419.g404_460@4wfx_A.9"}, {"lrredund": 2.0764, "lrpepelmv": -1.0, "hphfpdID": "015927", "pdbset": null, "lrpepxh": -1.0, "finallr": 248.9926, "lrpepelmh": -1.0, "template": "1fs1:AB(0.46,0.08,60/70,42,56)", "viralprotein_id": 17450, "lrsm": 119.9155, "id": 61320511, "lrpepxv": -1.0, "lrredundpairs": -1.0, "humanprotein_id": 6419, "vphfpdID": "004419.g404_460@4zp9_A.8"}, {"lrredund": 21.3884, "lrpepelmv": -1.0, "hphfpdID": "000172.e343_463", "pdbset": null, "lrpepxh": -1.0, "finallr": 219.339, "lrpepelmh": -1.0, "template": "2kik:AB(0.53,0.39,120/144,41,37)", "viralprotein_id": 17450, "lrsm": 10.255, "id": 61320632, "lrpepxv": -1.0, "lrredundpairs": -1.0, "humanprotein_id": 2981, "vphfpdID": "004419.g404_460@4y34_A.17"}, {"lrredund": 21.3884, "lrpepelmv": -1.0, "hphfpdID": "010507.d93_206", "pdbset": null, "lrpepxh": -1.0, "finallr": 181.6986, "lrpepelmh": -1.0, "template": "2b87:AB(0.36,0.49,152/159,42,86)", "viralprotein_id": 17450, "lrsm": 8.4952, "id": 61321445, "lrpepxv": -1.0, "lrredundpairs": -1.0, "humanprotein_id": 4475, "vphfpdID": "004419.g404_460@4zpb_A.18"}, {"lrredund": 21.3884, "lrpepelmv": 15.8041, "hphfpdID": "007144.d1_56", "pdbset": null, "lrpepxh": -1.0, "finallr": 338.0243, "lrpepelmh": -1.0, "template": "4c0g:BE(0.42,0.18,1/79,2,1)", "viralprotein_id": 17450, "lrsm": 1.8315, "id": 61321467, "lrpepxv": 3.51, "lrredundpairs": -1.0, "humanprotein_id": 6385, "vphfpdID": "004419.g404_460@4zpd_A.11"}, {"lrredund": 19.2898, "lrpepelmv": -1.0, "hphfpdID": "000006", "pdbset": null, "lrpepxh": -1.0, "finallr": 187.7603, "lrpepelmh": -1.0, "template": "1u7j:AB(0.47,0.57,119/147,45,55)", "viralprotein_id": 17450, "lrsm": 9.7337, "id": 61321483, "lrpepxv": -1.0, "lrredundpairs": -1.0, "humanprotein_id": 4514, "vphfpdID": "004419.g404_460@4k4z_A.16"}, {"lrredund": -1.0, "lrpepelmv": -1.0, "hphfpdID": "007410", "pdbset": null, "lrpepxh": -1.0, "finallr": 151.4063, "lrpepelmh": -1.0, "template": "3dht:BA(0.08,0.02,33/114,24,26)", "viralprotein_id": 17450, "lrsm": 151.4063, "id": 61322429, "lrpepxv": -1.0, "lrredundpairs": -1.0, "humanprotein_id": 9695, "vphfpdID": "004419.g404_460@1raj_A.19"}, {"lrredund": 3.5815, "lrpepelmv": -1.0, "hphfpdID": "000665.e205_403", "pdbset": null, "lrpepxh": -1.0, "finallr": 108.6776, "lrpepelmh": -1.0, "template": "1tf0:BA(0.17,0.02,59/100,20,24)", "viralprotein_id": 17450, "lrsm": 30.3442, "id": 61322577, "lrpepxv": -1.0, "lrredundpairs": -1.0, "humanprotein_id": 2862, "vphfpdID": "004419.g404_460@4ika_A.37"}, {"lrredund": 15.8699, "lrpepelmv": -1.0, "hphfpdID": "007744.d499_701", "pdbset": null, "lrpepxh": -1.0, "finallr": 162.7466, "lrpepelmh": -1.0, "template": "1lp1:BA(0.51,0.39,85/102,41,51)", "viralprotein_id": 17450, "lrsm": 10.255, "id": 61323168, "lrpepxv": -1.0, "lrredundpairs": -1.0, "humanprotein_id": 4876, "vphfpdID": "004419.g404_460@4y34_A.17"}, {"lrredund": 21.3884, "lrpepelmv": -1.0, "hphfpdID": "012444", "pdbset": null, "lrpepxh": -1.0, "finallr": 282.9685, "lrpepelmh": -1.0, "template": "", "viralprotein_id": 17450, "lrsm": -1.0, "id": 61323540, "lrpepxv": 13.23, "lrredundpairs": -1.0, "humanprotein_id": 2955, "vphfpdID": "004419@3cdu_A.6"}, {"lrredund": 21.3884, "lrpepelmv": -1.0, "hphfpdID": "018500.d533_608", "pdbset": null, "lrpepxh": -1.0, "finallr": 175.5488, "lrpepelmh": -1.0, "template": "1wrd:AB(0.54,0.05,73/130,42,55)", "viralprotein_id": 17450, "lrsm": 8.2077, "id": 61323718, "lrpepxv": -1.0, "lrredundpairs": -1.0, "humanprotein_id": 3463, "vphfpdID": "004419.g404_460@4wfx_A.9"}, {"lrredund": 2.0764, "lrpepelmv": -1.0, "hphfpdID": "000407.d164_268", "pdbset": null, "lrpepxh": -1.0, "finallr": 205.9844, "lrpepelmh": -1.0, "template": "1dxx:BA(0.04,0.06,8/265,8,6)", "viralprotein_id": 17450, "lrsm": 99.2027, "id": 61323973, "lrpepxv": 2.59, "lrredundpairs": -1.0, "humanprotein_id": 1594, "vphfpdID": "004419.g404_460@4ika_A.37"}, {"lrredund": 21.3884, "lrpepelmv": -1.0, "hphfpdID": "016730", "pdbset": null, "lrpepxh": -1.0, "finallr": 482.533, "lrpepelmh": -1.0, "template": "1wrd:AB(0.57,0.22,54/130,42,52)", "viralprotein_id": 17450, "lrsm": 22.5605, "id": 61324268, "lrpepxv": -1.0, "lrredundpairs": -1.0, "humanprotein_id": 6290, "vphfpdID": "004419.g404_460@4zpa_A.14"}, {"lrredund": 4.2492, "lrpepelmv": -1.0, "hphfpdID": "002111.d434_522", "pdbset": null, "lrpepxh": -1.0, "finallr": 269.358, "lrpepelmh": -1.0, "template": "1fs1:AB(0.46,0.57,60/70,41,54)", "viralprotein_id": 17450, "lrsm": 63.3903, "id": 61324405, "lrpepxv": -1.0, "lrredundpairs": -1.0, "humanprotein_id": 11330, "vphfpdID": "004419.g404_460@4zp9_A.8"}, {"lrredund": 21.3884, "lrpepelmv": -1.0, "hphfpdID": "004138.d421_563", "pdbset": null, "lrpepxh": -1.0, "finallr": 219.339, "lrpepelmh": -1.0, "template": "4icg:AB(0.58,0.40,108/127,42,26)", "viralprotein_id": 17450, "lrsm": 10.255, "id": 61324662, "lrpepxv": -1.0, "lrredundpairs": -1.0, "humanprotein_id": 7446, "vphfpdID": "004419.g404_460@4zpa_A.14"}, {"lrredund": 21.3884, "lrpepelmv": -1.0, "hphfpdID": "005209.d243_326", "pdbset": null, "lrpepxh": -1.0, "finallr": 175.5488, "lrpepelmh": -1.0, "template": "3n4w:BA(0.32,0.27,85/134,43,43)", "viralprotein_id": 17450, "lrsm": 8.2077, "id": 61324688, "lrpepxv": 3.51, "lrredundpairs": -1.0, "humanprotein_id": 8007, "vphfpdID": "004419.d244_373"}, {"lrredund": 15.8699, "lrpepelmv": 15.8041, "hphfpdID": "016615.e1_120", "pdbset": null, "lrpepxh": -1.0, "finallr": 285.4925, "lrpepelmh": -1.0, "template": "1gvn:CA(0.48,0.53,60/114,41,36)", "viralprotein_id": 17450, "lrsm": 17.9896, "id": 61325532, "lrpepxv": -1.0, "lrredundpairs": -1.0, "humanprotein_id": 5095, "vphfpdID": "004419.g404_460@4wfx_A.9"}, {"lrredund": 21.3884, "lrpepelmv": 17.9524, "hphfpdID": "001751.e1_73", "pdbset": null, "lrpepxh": -1.0, "finallr": 383.9742, "lrpepelmh": -1.0, "template": "4b86:CL(0.52,0.27,12/13,6,0)", "viralprotein_id": 17450, "lrsm": 1.5932, "id": 61326473, "lrpepxv": 5.22, "lrredundpairs": -1.0, "humanprotein_id": 5041, "vphfpdID": "004419.g404_460@3ol9_A.5"}, {"lrredund": 21.3884, "lrpepelmv": 6.3442, "hphfpdID": "001349.d2715_2964", "pdbset": null, "lrpepxh": -1.0, "finallr": 135.6925, "lrpepelmh": -1.0, "template": "4ng2:FK(0.51,0.42,3/31,3,1)", "viralprotein_id": 17450, "lrsm": 1.02, "id": 61326629, "lrpepxv": 2.59, "lrredundpairs": -1.0, "humanprotein_id": 7312, "vphfpdID": "004419.g404_460@4zp6_A.7"}, {"lrredund": 21.3884, "lrpepelmv": -1.0, "hphfpdID": "017046", "pdbset": null, "lrpepxh": -1.0, "finallr": 128.3451, "lrpepelmh": -1.0, "template": "4hzu:SB(0.11,0.19,4/4,7,4)", "viralprotein_id": 17450, "lrsm": 6.0007, "id": 61326729, "lrpepxv": -1.0, "lrredundpairs": -1.0, "humanprotein_id": 6818, "vphfpdID": "004419.g1_148"}, {"lrredund": 21.3884, "lrpepelmv": -1.0, "hphfpdID": "005567.d93_206", "pdbset": null, "lrpepxh": -1.0, "finallr": 181.6986, "lrpepelmh": -1.0, "template": "2b87:AB(0.36,0.56,152/159,43,87)", "viralprotein_id": 17450, "lrsm": 8.4952, "id": 61326833, "lrpepxv": -1.0, "lrredundpairs": -1.0, "humanprotein_id": 3874, "vphfpdID": "004419.g404_460@4zpd_A.11"}, {"lrredund": 4.2492, "lrpepelmv": 72.805, "hphfpdID": "000004", "pdbset": null, "lrpepxh": -1.0, "finallr": 309.3629, "lrpepelmh": -1.0, "template": "", "viralprotein_id": 17442, "lrsm": -1.0, "id": 53452380, "lrpepxv": -1.0, "lrredundpairs": 1.1877, "humanprotein_id": 6298, "vphfpdID": "004411@2ce7_A.6"}, {"lrredund": 21.3884, "lrpepelmv": 14.0845, "hphfpdID": "016613.e557_714", "pdbset": null, "lrpepxh": -1.0, "finallr": 301.2446, "lrpepelmh": -1.0, "template": "3n3f:BA(0.52,0.46,5/5,4,1)", "viralprotein_id": 17442, "lrsm": 1.3385, "id": 53453157, "lrpepxv": -1.0, "lrredundpairs": -1.0, "humanprotein_id": 5161, "vphfpdID": "004411@2ce7_A.6"}, {"lrredund": 3.5815, "lrpepelmv": -1.0, "hphfpdID": "008899", "pdbset": null, "lrpepxh": -1.0, "finallr": 125.9497, "lrpepelmh": -1.0, "template": "2qqe:AB(0.53,0.04,199/241,73,71)", "viralprotein_id": 17442, "lrsm": 35.1668, "id": 53454217, "lrpepxv": -1.0, "lrredundpairs": 0.7707, "humanprotein_id": 2925, "vphfpdID": "004411@5gjq_K.7"}, {"lrredund": 19.2898, "lrpepelmv": 72.805, "hphfpdID": "000007", "pdbset": null, "lrpepxh": -1.0, "finallr": 1404.393, "lrpepelmh": -1.0, "template": "4jpo:DA(0.27,0.60,2/53,1,0)", "viralprotein_id": 17442, "lrsm": 1.02, "id": 53454589, "lrpepxv": -1.0, "lrredundpairs": 1.373, "humanprotein_id": 6393, "vphfpdID": "004411@5e7p_A.4"}, {"lrredund": 2.3254, "lrpepelmv": -1.0, "hphfpdID": "013707", "pdbset": null, "lrpepxh": -1.0, "finallr": 197.5948, "lrpepelmh": -1.0, "template": "4kod:EB(0.20,0.17,59/145,45,54)", "viralprotein_id": 17442, "lrsm": 84.9724, "id": 53454792, "lrpepxv": -1.0, "lrredundpairs": 1.373, "humanprotein_id": 6308, "vphfpdID": "004411.d119_249@5g4f_A.11"}, {"lrredund": 4.2492, "lrpepelmv": 72.805, "hphfpdID": "000001", "pdbset": null, "lrpepxh": -1.0, "finallr": 309.3629, "lrpepelmh": -1.0, "template": "", "viralprotein_id": 17442, "lrsm": -1.0, "id": 53454837, "lrpepxv": -1.0, "lrredundpairs": 1.1877, "humanprotein_id": 4793, "vphfpdID": "004411@5gjq_I.2"}, {"lrredund": 19.2898, "lrpepelmv": -1.0, "hphfpdID": "017281", "pdbset": null, "lrpepxh": -1.0, "finallr": 2181.556, "lrpepelmh": -1.0, "template": "1s3s:AF(0.15,0.03,74/163,47,62)", "viralprotein_id": 17442, "lrsm": 113.0937, "id": 53454904, "lrpepxv": -1.0, "lrredundpairs": 0.7707, "humanprotein_id": 5906, "vphfpdID": "004411.d119_249@5g4f_A.11"}, {"lrredund": 19.2898, "lrpepelmv": 14.9984, "hphfpdID": "007144.e151_217", "pdbset": null, "lrpepxh": -1.0, "finallr": 289.3153, "lrpepelmh": -1.0, "template": "1t0j:BA(0.47,0.27,37/177,33,28)", "viralprotein_id": 17442, "lrsm": 1.8531, "id": 53455386, "lrpepxv": -1.0, "lrredundpairs": 1.373, "humanprotein_id": 6385, "vphfpdID": "004411.d119_249@5e7p_A.9"}, {"lrredund": -1.0, "lrpepelmv": -1.0, "hphfpdID": "006177.d398_636", "pdbset": null, "lrpepxh": -1.0, "finallr": 100.9217, "lrpepelmh": -1.0, "template": "1s3s:BD(0.21,0.14,57/136,44,51)", "viralprotein_id": 17442, "lrsm": 84.9724, "id": 53455537, "lrpepxv": -1.0, "lrredundpairs": 1.1877, "humanprotein_id": 10115, "vphfpdID": "004411@2ce7_A.6"}, {"lrredund": 2.3254, "lrpepelmv": -1.0, "hphfpdID": "013714", "pdbset": null, "lrpepxh": -1.0, "finallr": 197.5948, "lrpepelmh": -1.0, "template": "1s3s:BD(0.21,0.16,59/136,41,50)", "viralprotein_id": 17442, "lrsm": 84.9724, "id": 53455589, "lrpepxv": -1.0, "lrredundpairs": 1.1877, "humanprotein_id": 4049, "vphfpdID": "004411@2ce7_A.6"}, {"lrredund": 21.3884, "lrpepelmv": -1.0, "hphfpdID": "017046.e457_686", "pdbset": null, "lrpepxh": -1.0, "finallr": 230.863, "lrpepelmh": -1.0, "template": "3hu3:BA(0.23,0.57,59/362,42,40)", "viralprotein_id": 17442, "lrsm": 10.7938, "id": 53456132, "lrpepxv": -1.0, "lrredundpairs": 0.7707, "humanprotein_id": 6818, "vphfpdID": "004411@5gjq_H.1"}, {"lrredund": 1.2535, "lrpepelmv": -1.0, "hphfpdID": "013693", "pdbset": null, "lrpepxh": -1.0, "finallr": 106.5129, "lrpepelmh": -1.0, "template": "4kod:EB(0.20,0.13,59/145,45,52)", "viralprotein_id": 17442, "lrsm": 84.9724, "id": 53456248, "lrpepxv": -1.0, "lrredundpairs": 1.2535, "humanprotein_id": 6333, "vphfpdID": "004411.d119_249@5g4f_A.11"}, {"lrredund": 2.3254, "lrpepelmv": -1.0, "hphfpdID": "013715", "pdbset": null, "lrpepxh": -1.0, "finallr": 197.5948, "lrpepelmh": -1.0, "template": "4kod:EB(0.20,0.18,59/145,45,52)", "viralprotein_id": 17442, "lrsm": 84.9724, "id": 53456286, "lrpepxv": -1.0, "lrredundpairs": 2.3254, "humanprotein_id": 5262, "vphfpdID": "004411.d119_249@5g4f_A.11"}, {"lrredund": 2.3254, "lrpepelmv": 72.805, "hphfpdID": "000003", "pdbset": null, "lrpepxh": -1.0, "finallr": 169.3006, "lrpepelmh": -1.0, "template": "", "viralprotein_id": 17442, "lrsm": -1.0, "id": 53456344, "lrpepxv": -1.0, "lrredundpairs": 1.1877, "humanprotein_id": 6857, "vphfpdID": "004411@5e7p_A.4"}, {"lrredund": 21.3884, "lrpepelmv": 72.805, "hphfpdID": "000002", "pdbset": null, "lrpepxh": -1.0, "finallr": 1557.181, "lrpepelmh": -1.0, "template": "", "viralprotein_id": 17442, "lrsm": -1.0, "id": 53456695, "lrpepxv": -1.0, "lrredundpairs": 1.1877, "humanprotein_id": 6315, "vphfpdID": "004411@5gjq_K.7"}, {"lrredund": 19.2898, "lrpepelmv": 72.805, "hphfpdID": "000006", "pdbset": null, "lrpepxh": -1.0, "finallr": 1404.393, "lrpepelmh": -1.0, "template": "", "viralprotein_id": 17442, "lrsm": -1.0, "id": 53457709, "lrpepxv": -1.0, "lrredundpairs": 1.1877, "humanprotein_id": 4514, "vphfpdID": "004411@5gjq_L.3"}, {"lrredund": 21.3884, "lrpepelmv": 9.677, "hphfpdID": "001751.e1_73", "pdbset": null, "lrpepxh": -1.0, "finallr": 206.9754, "lrpepelmh": -1.0, "template": "2orv:AB(0.34,0.24,41/214,24,27)", "viralprotein_id": 17442, "lrsm": 2.7953, "id": 53457985, "lrpepxv": -1.0, "lrredundpairs": -1.0, "humanprotein_id": 5041, "vphfpdID": "004411.d119_249@5gjq_H.4"}, {"lrredund": -1.0, "lrpepelmv": -1.0, "hphfpdID": "001306", "pdbset": null, "lrpepxh": -1.0, "finallr": 142.4237, "lrpepelmh": -1.0, "template": "2r65:CD(0.34,0.23,60/75,42,56)", "viralprotein_id": 17442, "lrsm": 119.9155, "id": 53460567, "lrpepxv": -1.0, "lrredundpairs": 1.1877, "humanprotein_id": 10140, "vphfpdID": "004411@5ftj_A.8"}, {"lrredund": 4.2492, "lrpepelmv": 32.9939, "hphfpdID": "017283.e380_439", "pdbset": null, "lrpepxh": -1.0, "finallr": 140.1976, "lrpepelmh": -1.0, "template": "2hcb:BC(0.43,0.32,16/161,10,7)", "viralprotein_id": 17442, "lrsm": 1.2142, "id": 53460980, "lrpepxv": -1.0, "lrredundpairs": 0.7707, "humanprotein_id": 5846, "vphfpdID": "004411@5ftj_A.8"}, {"lrredund": 20.9141, "lrpepelmv": -1.0, "hphfpdID": "018500.d533_608", "pdbset": null, "lrpepxh": -1.0, "finallr": 100.4723, "lrpepelmh": -1.0, "template": "2qho:HG(0.57,0.02,54/56,23,23)", "viralprotein_id": 17442, "lrsm": 4.804, "id": 53461721, "lrpepxv": -1.0, "lrredundpairs": 1.774, "humanprotein_id": 3463, "vphfpdID": "004411@5e7p_A.4"}, {"lrredund": 19.2898, "lrpepelmv": -1.0, "hphfpdID": "014262.e165_274", "pdbset": null, "lrpepxh": -1.0, "finallr": 187.7603, "lrpepelmh": -1.0, "template": "2d9s:AB(0.57,0.59,87/97,42,61)", "viralprotein_id": 17442, "lrsm": 9.7337, "id": 53462170, "lrpepxv": 5.43, "lrredundpairs": -1.0, "humanprotein_id": 5865, "vphfpdID": "004411@5e7p_A.4"}, {"lrredund": -1.0, "lrpepelmv": -1.0, "hphfpdID": "019333.d324_578", "pdbset": null, "lrpepxh": -1.0, "finallr": 100.9217, "lrpepelmh": -1.0, "template": "1s3s:BD(0.26,0.13,59/136,42,52)", "viralprotein_id": 17442, "lrsm": 84.9724, "id": 53462515, "lrpepxv": -1.0, "lrredundpairs": 1.1877, "humanprotein_id": 15493, "vphfpdID": "004411@2ce7_A.6"}, {"lrredund": -1.0, "lrpepelmv": -1.0, "hphfpdID": "016328.d306_553", "pdbset": null, "lrpepxh": -1.0, "finallr": 116.6671, "lrpepelmh": -1.0, "template": "4kod:CE(0.23,0.16,59/140,42,51)", "viralprotein_id": 17442, "lrsm": 84.9724, "id": 53462585, "lrpepxv": -1.0, "lrredundpairs": 1.373, "humanprotein_id": 19281, "vphfpdID": "004411@5gjq_I.2"}, {"lrredund": 21.3884, "lrpepelmv": 6.3442, "hphfpdID": "001349.d2715_2964", "pdbset": null, "lrpepxh": -1.0, "finallr": 135.6925, "lrpepelmh": -1.0, "template": "", "viralprotein_id": 17442, "lrsm": -1.0, "id": 53462598, "lrpepxv": -1.0, "lrredundpairs": -1.0, "humanprotein_id": 7312, "vphfpdID": "004411@5gjq_J.5"}, {"lrredund": 2.0764, "lrpepelmv": 72.805, "hphfpdID": "000005", "pdbset": null, "lrpepxh": -1.0, "finallr": 151.1722, "lrpepelmh": -1.0, "template": "2p5t:HG(0.54,0.34,9/137,4,0)", "viralprotein_id": 17442, "lrsm": 1.02, "id": 53463574, "lrpepxv": -1.0, "lrredundpairs": 1.1877, "humanprotein_id": 4794, "vphfpdID": "004411.d119_249@5e7p_A.9"}, {"lrredund": 4.2492, "lrpepelmv": 32.9939, "hphfpdID": "017284.e87_316", "pdbset": null, "lrpepxh": -1.0, "finallr": 140.1976, "lrpepelmh": -1.0, "template": "", "viralprotein_id": 17442, "lrsm": -1.0, "id": 53464014, "lrpepxv": -1.0, "lrredundpairs": -1.0, "humanprotein_id": 7960, "vphfpdID": "004411@5gjq_L.3"}, {"lrredund": 2.0764, "lrpepelmv": -1.0, "hphfpdID": "001311.d377_523", "pdbset": null, "lrpepxh": -1.0, "finallr": 100.4807, "lrpepelmh": -1.0, "template": "4kln:DE(0.17,0.16,60/183,41,43)", "viralprotein_id": 17442, "lrsm": 48.3918, "id": 53465109, "lrpepxv": -1.0, "lrredundpairs": -1.0, "humanprotein_id": 17917, "vphfpdID": "004411@5gjq_L.3"}, {"lrredund": 21.3884, "lrpepelmv": 14.9984, "hphfpdID": "016466.e142_262", "pdbset": null, "lrpepxh": -1.0, "finallr": 320.7909, "lrpepelmh": -1.0, "template": "1s0y:AD(0.59,0.58,54/106,8,2)", "viralprotein_id": 17442, "lrsm": 1.1641, "id": 53465588, "lrpepxv": -1.0, "lrredundpairs": -1.0, "humanprotein_id": 3727, "vphfpdID": "004411@5gjq_J.5"}, {"lrredund": -1.0, "lrpepelmv": -1.0, "hphfpdID": "008627.d199_434", "pdbset": null, "lrpepxh": -1.0, "finallr": 116.6671, "lrpepelmh": -1.0, "template": "4kod:FE(0.20,0.19,59/147,42,51)", "viralprotein_id": 17442, "lrsm": 84.9724, "id": 53465831, "lrpepxv": -1.0, "lrredundpairs": 1.373, "humanprotein_id": 16078, "vphfpdID": "004411.d119_249@5g4f_A.11"}, {"lrredund": 20.9141, "lrpepelmv": -1.0, "hphfpdID": "006178.e346_412", "pdbset": null, "lrpepxh": -1.0, "finallr": 113.5635, "lrpepelmh": -1.0, "template": "2qq0:BA(0.42,0.52,35/159,24,23)", "viralprotein_id": 17442, "lrsm": 1.5568, "id": 53466286, "lrpepxv": 5.43, "lrredundpairs": 0.7707, "humanprotein_id": 2856, "vphfpdID": "004411.d119_249@5e7p_A.9"}, {"lrredund": -1.0, "lrpepelmv": -1.0, "hphfpdID": "009172.d206_445", "pdbset": null, "lrpepxh": -1.0, "finallr": 116.6671, "lrpepelmh": -1.0, "template": "1s3s:BD(0.21,0.17,56/136,42,48)", "viralprotein_id": 17442, "lrsm": 84.9724, "id": 53466595, "lrpepxv": -1.0, "lrredundpairs": 1.373, "humanprotein_id": 2050, "vphfpdID": "004411@2ce7_A.6"}, {"lrredund": 4.2492, "lrpepelmv": -1.0, "hphfpdID": "008173.d52_107", "pdbset": null, "lrpepxh": -1.0, "finallr": 107.2347, "lrpepelmh": -1.0, "template": "2dwz:DC(0.17,0.02,31/140,11,1)", "viralprotein_id": 17442, "lrsm": 25.2364, "id": 53467083, "lrpepxv": -1.0, "lrredundpairs": 1.5513, "humanprotein_id": 7350, "vphfpdID": "004411@5gjq_H.1"}, {"lrredund": 15.8699, "lrpepelmv": -1.0, "hphfpdID": "016730", "pdbset": null, "lrpepxh": -1.0, "finallr": 127.9634, "lrpepelmh": -1.0, "template": "2lk6:BA(0.57,0.53,139/154,42,89)", "viralprotein_id": 17444, "lrsm": 8.0633, "id": 41766535, "lrpepxv": -1.0, "lrredundpairs": -1.0, "humanprotein_id": 6290, "vphfpdID": "004413.e1_191@2hwc_3.1"}, {"lrredund": 2.0764, "lrpepelmv": 72.805, "hphfpdID": "000005", "pdbset": null, "lrpepxh": -1.0, "finallr": 151.1722, "lrpepelmh": -1.0, "template": "", "viralprotein_id": 17444, "lrsm": -1.0, "id": 41766777, "lrpepxv": -1.0, "lrredundpairs": -1.0, "humanprotein_id": 4794, "vphfpdID": "004413@2hwc_3.1"}, {"lrredund": -1.0, "lrpepelmv": -1.0, "hphfpdID": "004306", "pdbset": null, "lrpepxh": -1.0, "finallr": 260.2086, "lrpepelmh": -1.0, "template": "3iyp:BF(0.03,0.00,51/59,29,20)", "viralprotein_id": 17444, "lrsm": 260.2086, "id": 41766925, "lrpepxv": -1.0, "lrredundpairs": -1.0, "humanprotein_id": 3167, "vphfpdID": "004413.e43_236@2hwc_3.1"}, {"lrredund": 2.3254, "lrpepelmv": -1.0, "hphfpdID": "007927", "pdbset": null, "lrpepxh": -1.0, "finallr": 302.6975, "lrpepelmh": -1.0, "template": "1z7z:3I(0.04,0.00,20/20,11,4)", "viralprotein_id": 17444, "lrsm": 130.17, "id": 41767247, "lrpepxv": -1.0, "lrredundpairs": 0.7707, "humanprotein_id": 3016, "vphfpdID": "004413.e43_236@2hwc_3.1"}, {"lrredund": 21.3884, "lrpepelmv": 4.3901, "hphfpdID": "003962.d92_178", "pdbset": null, "lrpepxh": -1.0, "finallr": 149.2837, "lrpepelmh": -1.0, "template": "1mqt:CD(0.04,0.26,27/101,24,27)", "viralprotein_id": 17444, "lrsm": 6.9797, "id": 41767381, "lrpepxv": -1.0, "lrredundpairs": -1.0, "humanprotein_id": 6447, "vphfpdID": "004413.e1_191@2hwc_3.1"}, {"lrredund": -1.0, "lrpepelmv": -1.0, "hphfpdID": "018942.e1_130", "pdbset": null, "lrpepxh": -1.0, "finallr": 100.322, "lrpepelmh": -1.0, "template": "1rvf:3H(0.02,0.05,7/7,6,4)", "viralprotein_id": 17444, "lrsm": 130.17, "id": 41767958, "lrpepxv": -1.0, "lrredundpairs": 0.7707, "humanprotein_id": 447, "vphfpdID": "004413.e43_236@1rhi_3.2"}, {"lrredund": -1.0, "lrpepelmv": -1.0, "hphfpdID": "016757.e2495_2551", "pdbset": null, "lrpepxh": -1.0, "finallr": 119.2807, "lrpepelmh": -1.0, "template": "1upn:CE(0.03,0.06,8/14,8,8)", "viralprotein_id": 17444, "lrsm": 119.2807, "id": 41768078, "lrpepxv": -1.0, "lrredundpairs": -1.0, "humanprotein_id": 8661, "vphfpdID": "004413.e1_191@1rhi_3.2"}, {"lrredund": 4.2492, "lrpepelmv": 72.805, "hphfpdID": "000001", "pdbset": null, "lrpepxh": -1.0, "finallr": 309.3629, "lrpepelmh": -1.0, "template": "", "viralprotein_id": 17444, "lrsm": -1.0, "id": 41768283, "lrpepxv": -1.0, "lrredundpairs": -1.0, "humanprotein_id": 4793, "vphfpdID": "004413@2hwc_3.1"}, {"lrredund": 19.2898, "lrpepelmv": -1.0, "hphfpdID": "018800.e400_510", "pdbset": null, "lrpepxh": -1.0, "finallr": 197.8178, "lrpepelmh": -1.0, "template": "2oxh:BA(0.60,0.27,107/132,41,59)", "viralprotein_id": 17444, "lrsm": 10.255, "id": 41768345, "lrpepxv": -1.0, "lrredundpairs": 0.7707, "humanprotein_id": 4109, "vphfpdID": "004413.e1_191@2hwc_3.1"}, {"lrredund": -1.0, "lrpepelmv": -1.0, "hphfpdID": "015500.e1_158", "pdbset": null, "lrpepxh": -1.0, "finallr": 100.322, "lrpepelmh": -1.0, "template": "1rvf:3H(0.01,0.08,7/7,6,4)", "viralprotein_id": 17444, "lrsm": 130.17, "id": 41768516, "lrpepxv": -1.0, "lrredundpairs": 0.7707, "humanprotein_id": 1893, "vphfpdID": "004413.e43_236@2hwc_3.1"}, {"lrredund": -1.0, "lrpepelmv": -1.0, "hphfpdID": "017482", "pdbset": null, "lrpepxh": -1.0, "finallr": 119.2807, "lrpepelmh": -1.0, "template": "1rvf:3H(0.01,0.08,5/7,5,4)", "viralprotein_id": 17444, "lrsm": 119.2807, "id": 41768574, "lrpepxv": -1.0, "lrredundpairs": -1.0, "humanprotein_id": 14734, "vphfpdID": "004413.e43_236@2hwc_3.1"}, {"lrredund": 15.8699, "lrpepelmv": 8.8544, "hphfpdID": "016615", "pdbset": null, "lrpepxh": -1.0, "finallr": 140.519, "lrpepelmh": -1.0, "template": "1z7z:3I(0.04,0.43,20/20,12,5)", "viralprotein_id": 17444, "lrsm": 2.4032, "id": 41768648, "lrpepxv": -1.0, "lrredundpairs": -1.0, "humanprotein_id": 5095, "vphfpdID": "004413.e43_236@1rhi_3.2"}, {"lrredund": -1.0, "lrpepelmv": -1.0, "hphfpdID": "003971.e2947_3189", "pdbset": null, "lrpepxh": -1.0, "finallr": 119.2807, "lrpepelmh": -1.0, "template": "1upn:CE(0.03,0.04,8/14,4,1)", "viralprotein_id": 17444, "lrsm": 119.2807, "id": 41768978, "lrpepxv": -1.0, "lrredundpairs": -1.0, "humanprotein_id": 10968, "vphfpdID": "004413.e43_236@2hwc_3.1"}, {"lrredund": -1.0, "lrpepelmv": -1.0, "hphfpdID": "006160.d149_203", "pdbset": null, "lrpepxh": -1.0, "finallr": 119.2807, "lrpepelmh": -1.0, "template": "1upn:CE(0.05,0.04,8/14,3,0)", "viralprotein_id": 17444, "lrsm": 119.2807, "id": 41769442, "lrpepxv": -1.0, "lrredundpairs": -1.0, "humanprotein_id": 5022, "vphfpdID": "004413.e43_236@1rhi_3.2"}, {"lrredund": 2.0764, "lrpepelmv": 125.1815, "hphfpdID": "005006", "pdbset": null, "lrpepxh": -1.0, "finallr": 259.9268, "lrpepelmh": -1.0, "template": "3zzs:AC(0.46,0.58,55/96,24,21)", "viralprotein_id": 17444, "lrsm": 1.6503, "id": 41769598, "lrpepxv": -1.0, "lrredundpairs": -1.0, "humanprotein_id": 6416, "vphfpdID": "004413.e43_236@1rhi_3.2"}, {"lrredund": -1.0, "lrpepelmv": -1.0, "hphfpdID": "005984.e81_136", "pdbset": null, "lrpepxh": -1.0, "finallr": 119.2807, "lrpepelmh": -1.0, "template": "1upn:CE(0.03,0.05,8/14,8,8)", "viralprotein_id": 17444, "lrsm": 119.2807, "id": 41769767, "lrpepxv": -1.0, "lrredundpairs": -1.0, "humanprotein_id": 8771, "vphfpdID": "004413.e43_236@2hwc_3.1"}, {"lrredund": 19.2898, "lrpepelmv": -1.0, "hphfpdID": "011519.e1_119", "pdbset": null, "lrpepxh": -1.0, "finallr": 355.1866, "lrpepelmh": -1.0, "template": "2p1b:CB(0.57,0.01,102/125,41,63)", "viralprotein_id": 17444, "lrsm": 18.4132, "id": 41769956, "lrpepxv": -1.0, "lrredundpairs": -1.0, "humanprotein_id": 3074, "vphfpdID": "004413.e1_191@2hwc_3.1"}, {"lrredund": -1.0, "lrpepelmv": 125.1815, "hphfpdID": "005007", "pdbset": null, "lrpepxh": -1.0, "finallr": 125.1815, "lrpepelmh": -1.0, "template": "2fz2:BA(0.43,0.35,33/160,22,26)", "viralprotein_id": 17444, "lrsm": 1.8531, "id": 41770208, "lrpepxv": -1.0, "lrredundpairs": -1.0, "humanprotein_id": 14649, "vphfpdID": "004413.e43_236@2hwc_3.1"}, {"lrredund": -1.0, "lrpepelmv": -1.0, "hphfpdID": "006159.d208_262", "pdbset": null, "lrpepxh": -1.0, "finallr": 119.2807, "lrpepelmh": -1.0, "template": "1upn:CE(0.03,0.06,8/14,5,5)", "viralprotein_id": 17444, "lrsm": 119.2807, "id": 41770274, "lrpepxv": -1.0, "lrredundpairs": -1.0, "humanprotein_id": 6819, "vphfpdID": "004413.e1_191@1rhi_3.2"}, {"lrredund": 21.3884, "lrpepelmv": -1.0, "hphfpdID": "002626.e1_127", "pdbset": null, "lrpepxh": -1.0, "finallr": 708.2626, "lrpepelmh": -1.0, "template": "1rvf:3H(0.02,0.15,6/7,5,3)", "viralprotein_id": 17444, "lrsm": 33.1143, "id": 41770384, "lrpepxv": -1.0, "lrredundpairs": -1.0, "humanprotein_id": 2804, "vphfpdID": "004413.e43_236@1rhi_3.2"}, {"lrredund": -1.0, "lrpepelmv": -1.0, "hphfpdID": "007679.d53_160", "pdbset": null, "lrpepxh": -1.0, "finallr": 100.322, "lrpepelmh": -1.0, "template": "1rvf:3H(0.02,0.08,7/7,8,6)", "viralprotein_id": 17444, "lrsm": 130.17, "id": 41770570, "lrpepxv": -1.0, "lrredundpairs": 0.7707, "humanprotein_id": 3616, "vphfpdID": "004413.e43_236@1rhi_3.2"}, {"lrredund": -1.0, "lrpepelmv": -1.0, "hphfpdID": "016491", "pdbset": null, "lrpepxh": -1.0, "finallr": 119.2807, "lrpepelmh": -1.0, "template": "1upn:CE(0.03,0.05,8/14,4,1)", "viralprotein_id": 17444, "lrsm": 119.2807, "id": 41770944, "lrpepxv": -1.0, "lrredundpairs": -1.0, "humanprotein_id": 6512, "vphfpdID": "004413.e43_236@2hwc_3.1"}, {"lrredund": -1.0, "lrpepelmv": -1.0, "hphfpdID": "010596", "pdbset": null, "lrpepxh": -1.0, "finallr": 100.322, "lrpepelmh": -1.0, "template": "1rvf:3H(0.01,0.09,7/7,6,4)", "viralprotein_id": 17444, "lrsm": 130.17, "id": 41771148, "lrpepxv": -1.0, "lrredundpairs": 0.7707, "humanprotein_id": 10269, "vphfpdID": "004413.e43_236@2hwc_3.1"}, {"lrredund": -1.0, "lrpepelmv": -1.0, "hphfpdID": "009823.d642_700", "pdbset": null, "lrpepxh": -1.0, "finallr": 119.2807, "lrpepelmh": -1.0, "template": "1upn:CE(0.03,0.06,8/14,8,8)", "viralprotein_id": 17444, "lrsm": 119.2807, "id": 41771157, "lrpepxv": -1.0, "lrredundpairs": -1.0, "humanprotein_id": 3922, "vphfpdID": "004413.e43_236@2hwc_3.1"}, {"lrredund": -1.0, "lrpepelmv": -1.0, "hphfpdID": "006161.e107_330", "pdbset": null, "lrpepxh": -1.0, "finallr": 119.2807, "lrpepelmh": -1.0, "template": "1upn:CE(0.03,0.07,8/14,3,0)", "viralprotein_id": 17444, "lrsm": 119.2807, "id": 41771697, "lrpepxv": -1.0, "lrredundpairs": -1.0, "humanprotein_id": 6793, "vphfpdID": "004413.e43_236@2hwc_3.1"}, {"lrredund": 21.3884, "lrpepelmv": 72.805, "hphfpdID": "000002", "pdbset": null, "lrpepxh": -1.0, "finallr": 1557.181, "lrpepelmh": -1.0, "template": "", "viralprotein_id": 17444, "lrsm": -1.0, "id": 41771913, "lrpepxv": -1.0, "lrredundpairs": -1.0, "humanprotein_id": 6315, "vphfpdID": "004413@1rhi_3.2"}, {"lrredund": 19.2898, "lrpepelmv": -1.0, "hphfpdID": "006178.e2120_2203", "pdbset": null, "lrpepxh": -1.0, "finallr": 373.848, "lrpepelmh": -1.0, "template": "1fpn:32(0.04,0.49,58/414,41,21)", "viralprotein_id": 17444, "lrsm": 19.3806, "id": 41772026, "lrpepxv": -1.0, "lrredundpairs": -1.0, "humanprotein_id": 2856, "vphfpdID": "004413.e1_191@1rhi_3.2"}, {"lrredund": 19.2898, "lrpepelmv": 8.8544, "hphfpdID": "016466.e85_146", "pdbset": null, "lrpepxh": -1.0, "finallr": 170.8003, "lrpepelmh": -1.0, "template": "2wzr:31(0.20,0.49,105/522,49,69)", "viralprotein_id": 17444, "lrsm": 4.5353, "id": 41772076, "lrpepxv": -1.0, "lrredundpairs": -1.0, "humanprotein_id": 3727, "vphfpdID": "004413@2hwc_3.1"}, {"lrredund": 21.3884, "lrpepelmv": -1.0, "hphfpdID": "005354.e1664_1728", "pdbset": null, "lrpepxh": -1.0, "finallr": 194.6095, "lrpepelmh": -1.0, "template": "4cey:CA(0.06,0.57,462/3570,41,330)", "viralprotein_id": 17444, "lrsm": 9.0988, "id": 41772493, "lrpepxv": -1.0, "lrredundpairs": -1.0, "humanprotein_id": 7033, "vphfpdID": "004413@1rhi_3.2"}, {"lrredund": 19.2898, "lrpepelmv": 72.805, "hphfpdID": "000007", "pdbset": null, "lrpepxh": -1.0, "finallr": 1404.393, "lrpepelmh": -1.0, "template": "2j9u:BA(0.48,0.49,24/53,7,1)", "viralprotein_id": 17444, "lrsm": 1.2265, "id": 41772599, "lrpepxv": -1.0, "lrredundpairs": -1.0, "humanprotein_id": 6393, "vphfpdID": "004413.e1_191@1rhi_3.2"}, {"lrredund": -1.0, "lrpepelmv": -1.0, "hphfpdID": "006162.d458_513", "pdbset": null, "lrpepxh": -1.0, "finallr": 119.2807, "lrpepelmh": -1.0, "template": "1upn:CE(0.03,0.05,8/14,6,3)", "viralprotein_id": 17444, "lrsm": 119.2807, "id": 41772789, "lrpepxv": -1.0, "lrredundpairs": -1.0, "humanprotein_id": 13968, "vphfpdID": "004413.e43_236@2hwc_3.1"}, {"lrredund": 2.3254, "lrpepelmv": 72.805, "hphfpdID": "000003", "pdbset": null, "lrpepxh": -1.0, "finallr": 169.3006, "lrpepelmh": -1.0, "template": "", "viralprotein_id": 17444, "lrsm": -1.0, "id": 41773109, "lrpepxv": -1.0, "lrredundpairs": -1.0, "humanprotein_id": 6857, "vphfpdID": "004413@2hwc_3.1"}, {"lrredund": -1.0, "lrpepelmv": -1.0, "hphfpdID": "001910.e47_252", "pdbset": null, "lrpepxh": -1.0, "finallr": 119.2807, "lrpepelmh": -1.0, "template": "1upn:CE(0.03,0.07,8/14,4,2)", "viralprotein_id": 17444, "lrsm": 119.2807, "id": 41773232, "lrpepxv": -1.0, "lrredundpairs": -1.0, "humanprotein_id": 4210, "vphfpdID": "004413.e43_236@2hwc_3.1"}, {"lrredund": -1.0, "lrpepelmv": -1.0, "hphfpdID": "006163.d208_263", "pdbset": null, "lrpepxh": -1.0, "finallr": 119.2807, "lrpepelmh": -1.0, "template": "1upn:CE(0.03,0.06,8/14,7,7)", "viralprotein_id": 17444, "lrsm": 119.2807, "id": 41773614, "lrpepxv": -1.0, "lrredundpairs": -1.0, "humanprotein_id": 16194, "vphfpdID": "004413.e43_236@2hwc_3.1"}, {"lrredund": -1.0, "lrpepelmv": -1.0, "hphfpdID": "003970.e2857_2920", "pdbset": null, "lrpepxh": -1.0, "finallr": 119.2807, "lrpepelmh": -1.0, "template": "1upn:CE(0.03,0.06,8/14,8,8)", "viralprotein_id": 17444, "lrsm": 119.2807, "id": 41773735, "lrpepxv": -1.0, "lrredundpairs": -1.0, "humanprotein_id": 15290, "vphfpdID": "004413.e43_236@2hwc_3.1"}, {"lrredund": -1.0, "lrpepelmv": 125.1815, "hphfpdID": "004727", "pdbset": null, "lrpepxh": -1.0, "finallr": 125.1815, "lrpepelmh": -1.0, "template": "3aqj:QA(0.47,0.50,16/18,9,4)", "viralprotein_id": 17444, "lrsm": 1.3385, "id": 41774228, "lrpepxv": -1.0, "lrredundpairs": -1.0, "humanprotein_id": 2679, "vphfpdID": "004413.e1_191@1rhi_3.2"}, {"lrredund": -1.0, "lrpepelmv": -1.0, "hphfpdID": "008445.e120_236", "pdbset": null, "lrpepxh": -1.0, "finallr": 100.322, "lrpepelmh": -1.0, "template": "1rvf:3H(0.01,0.09,7/7,8,6)", "viralprotein_id": 17444, "lrsm": 130.17, "id": 41774442, "lrpepxv": -1.0, "lrredundpairs": 0.7707, "humanprotein_id": 11525, "vphfpdID": "004413.e43_236@2hwc_3.1"}, {"lrredund": -1.0, "lrpepelmv": -1.0, "hphfpdID": "002889.d1109_1163", "pdbset": null, "lrpepxh": -1.0, "finallr": 119.2807, "lrpepelmh": -1.0, "template": "1upn:CE(0.03,0.06,8/14,5,5)", "viralprotein_id": 17444, "lrsm": 119.2807, "id": 41774769, "lrpepxv": -1.0, "lrredundpairs": -1.0, "humanprotein_id": 3204, "vphfpdID": "004413.e1_191@1rhi_3.2"}, {"lrredund": 15.8699, "lrpepelmv": 72.805, "hphfpdID": "000006", "pdbset": null, "lrpepxh": -1.0, "finallr": 1155.407, "lrpepelmh": -1.0, "template": "", "viralprotein_id": 17444, "lrsm": -1.0, "id": 41775261, "lrpepxv": -1.0, "lrredundpairs": -1.0, "humanprotein_id": 4514, "vphfpdID": "004413@1rhi_3.2"}, {"lrredund": -1.0, "lrpepelmv": -1.0, "hphfpdID": "002628.e1_134", "pdbset": null, "lrpepxh": -1.0, "finallr": 100.322, "lrpepelmh": -1.0, "template": "1rvf:3H(0.02,0.07,7/7,6,4)", "viralprotein_id": 17444, "lrsm": 130.17, "id": 41775262, "lrpepxv": -1.0, "lrredundpairs": 0.7707, "humanprotein_id": 3618, "vphfpdID": "004413.e43_236@1rhi_3.2"}, {"lrredund": -1.0, "lrpepelmv": -1.0, "hphfpdID": "008082.d824_911", "pdbset": null, "lrpepxh": -1.0, "finallr": 130.17, "lrpepelmh": -1.0, "template": "1rvf:3H(0.02,0.07,7/7,9,7)", "viralprotein_id": 17444, "lrsm": 130.17, "id": 41775565, "lrpepxv": -1.0, "lrredundpairs": -1.0, "humanprotein_id": 14184, "vphfpdID": "004413.e43_236@1rhi_3.2"}, {"lrredund": 21.3884, "lrpepelmv": 14.2424, "hphfpdID": "001751.e1_73", "pdbset": null, "lrpepxh": -1.0, "finallr": 304.6231, "lrpepelmh": -1.0, "template": "2hwb:31(0.00,0.56,52/563,26,13)", "viralprotein_id": 17444, "lrsm": 2.7953, "id": 41775730, "lrpepxv": -1.0, "lrredundpairs": -1.0, "humanprotein_id": 5041, "vphfpdID": "004413@1rhi_3.2"}, {"lrredund": 19.2898, "lrpepelmv": 8.8544, "hphfpdID": "007144.d1_56", "pdbset": null, "lrpepxh": -1.0, "finallr": 264.7514, "lrpepelmh": -1.0, "template": "1na1:CB(0.00,0.50,277/1559,54,112)", "viralprotein_id": 17444, "lrsm": 13.7249, "id": 41776161, "lrpepxv": -1.0, "lrredundpairs": -1.0, "humanprotein_id": 6385, "vphfpdID": "004413.e43_236@2hwc_3.1"}, {"lrredund": 21.3884, "lrpepelmv": 6.3442, "hphfpdID": "001349.d2715_2964", "pdbset": null, "lrpepxh": -1.0, "finallr": 135.6925, "lrpepelmh": -1.0, "template": "2idh:BD(0.50,0.44,12/29,6,0)", "viralprotein_id": 17444, "lrsm": 1.2265, "id": 41776650, "lrpepxv": -1.0, "lrredundpairs": -1.0, "humanprotein_id": 7312, "vphfpdID": "004413.e1_191@1rhi_3.2"}, {"lrredund": -1.0, "lrpepelmv": -1.0, "hphfpdID": "007937.e1_131", "pdbset": null, "lrpepxh": -1.0, "finallr": 100.322, "lrpepelmh": -1.0, "template": "1rvf:3H(0.02,0.08,6/7,5,4)", "viralprotein_id": 17444, "lrsm": 130.17, "id": 41776879, "lrpepxv": -1.0, "lrredundpairs": 0.7707, "humanprotein_id": 19954, "vphfpdID": "004413.e43_236@1rhi_3.2"}, {"lrredund": 4.2492, "lrpepelmv": 72.805, "hphfpdID": "000004", "pdbset": null, "lrpepxh": -1.0, "finallr": 309.3629, "lrpepelmh": -1.0, "template": "", "viralprotein_id": 17444, "lrsm": -1.0, "id": 41777113, "lrpepxv": -1.0, "lrredundpairs": -1.0, "humanprotein_id": 6298, "vphfpdID": "004413@2hwc_3.1"}, {"lrredund": -1.0, "lrpepelmv": -1.0, "hphfpdID": "008083.g922_1194", "pdbset": null, "lrpepxh": -1.0, "finallr": 130.17, "lrpepelmh": -1.0, "template": "1rvf:3H(0.01,0.09,7/7,6,4)", "viralprotein_id": 17444, "lrsm": 130.17, "id": 41777127, "lrpepxv": -1.0, "lrredundpairs": -1.0, "humanprotein_id": 1909, "vphfpdID": "004413.e43_236@2hwc_3.1"}, {"lrredund": 20.9141, "lrpepelmv": 14.0867, "hphfpdID": "007144.d1_56", "pdbset": null, "lrpepxh": -1.0, "finallr": 294.6106, "lrpepelmh": -1.0, "template": "4ag2:AC(0.49,0.04,60/102,24,21)", "viralprotein_id": 17445, "lrsm": 3.1219, "id": 5770302, "lrpepxv": -1.0, "lrredundpairs": -1.0, "humanprotein_id": 6385, "vphfpdID": "004414"}, {"lrredund": 19.2898, "lrpepelmv": 14.0867, "hphfpdID": "016466.e85_146", "pdbset": null, "lrpepxh": -1.0, "finallr": 271.7296, "lrpepelmh": -1.0, "template": "4afq:BD(0.51,0.03,74/104,31,23)", "viralprotein_id": 17445, "lrsm": 3.109, "id": 5771378, "lrpepxv": -1.0, "lrredundpairs": -1.0, "humanprotein_id": 3727, "vphfpdID": "004414"}, {"lrredund": 15.8699, "lrpepelmv": 14.0867, "hphfpdID": "016615.d554_715", "pdbset": null, "lrpepxh": -1.0, "finallr": 223.5545, "lrpepelmh": -1.0, "template": "3bid:GD(0.46,0.59,1/1,2,1)", "viralprotein_id": 17445, "lrsm": 1.2704, "id": 5771812, "lrpepxv": -1.0, "lrredundpairs": -1.0, "humanprotein_id": 5095, "vphfpdID": "004414"}, {"lrredund": 21.3884, "lrpepelmv": 6.3442, "hphfpdID": "001349.d2679_3055", "pdbset": null, "lrpepxh": -1.0, "finallr": 135.6925, "lrpepelmh": -1.0, "template": "1l1c:BA(0.36,0.44,95/127,11,7)", "viralprotein_id": 17445, "lrsm": 1.5595, "id": 5773757, "lrpepxv": -1.0, "lrredundpairs": -1.0, "humanprotein_id": 7312, "vphfpdID": "004414"}, {"lrredund": 19.2898, "lrpepelmv": 14.0867, "hphfpdID": "016613.e316_567", "pdbset": null, "lrpepxh": -1.0, "finallr": 271.7296, "lrpepelmh": -1.0, "template": "2r0k:AH(0.51,0.43,49/107,21,20)", "viralprotein_id": 17445, "lrsm": 1.7387, "id": 5774287, "lrpepxv": -1.0, "lrredundpairs": -1.0, "humanprotein_id": 5161, "vphfpdID": "004414"}, {"lrredund": 15.8699, "lrpepelmv": 9.677, "hphfpdID": "001751.e1725_1863", "pdbset": null, "lrpepxh": -1.0, "finallr": 153.5729, "lrpepelmh": -1.0, "template": "", "viralprotein_id": 17445, "lrsm": -1.0, "id": 5776602, "lrpepxv": -1.0, "lrredundpairs": -1.0, "humanprotein_id": 5041, "vphfpdID": "004414"}, {"lrredund": 15.8699, "lrpepelmv": 20.1497, "hphfpdID": "008378.g106_302", "pdbset": null, "lrpepxh": -1.0, "finallr": 319.7744, "lrpepelmh": -1.0, "template": "1l1c:AB(0.54,0.56,102/127,8,5)", "viralprotein_id": 17445, "lrsm": 1.9487, "id": 5779752, "lrpepxv": -1.0, "lrredundpairs": -1.0, "humanprotein_id": 3758, "vphfpdID": "004414"}, {"lrredund": 15.8699, "lrpepelmv": 14.0867, "hphfpdID": "016615", "pdbset": null, "lrpepxh": -1.0, "finallr": 223.5545, "lrpepelmh": -1.0, "template": "1rvf:2H(0.01,0.59,13/27,2,0)", "viralprotein_id": 17446, "lrsm": 2.2022, "id": 62031407, "lrpepxv": -1.0, "lrredundpairs": -1.0, "humanprotein_id": 5095, "vphfpdID": "004415.e1_228@1hrv_2.3"}, {"lrredund": -1.0, "lrpepelmv": -1.0, "hphfpdID": "009257.d806_863", "pdbset": null, "lrpepxh": -1.0, "finallr": 189.1166, "lrpepelmh": -1.0, "template": "1na1:BC(0.01,0.17,184/1560,41,101)", "viralprotein_id": 17446, "lrsm": 189.1166, "id": 62031580, "lrpepxv": -1.0, "lrredundpairs": -1.0, "humanprotein_id": 4393, "vphfpdID": "004415.e1_228@1rhi_2.4"}, {"lrredund": -1.0, "lrpepelmv": -1.0, "hphfpdID": "003970.d2496_2554", "pdbset": null, "lrpepxh": -1.0, "finallr": 113.0937, "lrpepelmh": -1.0, "template": "3iyp:CF(0.05,0.14,109/156,43,61)", "viralprotein_id": 17446, "lrsm": 113.0937, "id": 62031610, "lrpepxv": -1.0, "lrredundpairs": -1.0, "humanprotein_id": 15290, "vphfpdID": "004415.e1_228@1hrv_2.3"}, {"lrredund": -1.0, "lrpepelmv": -1.0, "hphfpdID": "003972.d3109_3228", "pdbset": null, "lrpepxh": -1.0, "finallr": 240.91, "lrpepelmh": -1.0, "template": "1upn:BE(0.07,0.03,80/97,30,50)", "viralprotein_id": 17446, "lrsm": 240.91, "id": 62032259, "lrpepxv": -1.0, "lrredundpairs": -1.0, "humanprotein_id": 10967, "vphfpdID": "004415.e56_262@2hwc_2.1"}, {"lrredund": -1.0, "lrpepelmv": -1.0, "hphfpdID": "006162.d92_281", "pdbset": null, "lrpepxh": -1.0, "finallr": 119.2807, "lrpepelmh": -1.0, "template": "1upn:BE(0.05,0.05,58/97,14,8)", "viralprotein_id": 17446, "lrsm": 119.2807, "id": 62032355, "lrpepxv": -1.0, "lrredundpairs": -1.0, "humanprotein_id": 13968, "vphfpdID": "004415.e1_228@1k5m_B.5"}, {"lrredund": 15.8699, "lrpepelmv": 14.0867, "hphfpdID": "007144.d1_56", "pdbset": null, "lrpepxh": -1.0, "finallr": 223.5545, "lrpepelmh": -1.0, "template": "1na1:CB(0.34,0.50,272/1559,46,78)", "viralprotein_id": 17446, "lrsm": 7.644, "id": 62032753, "lrpepxv": -1.0, "lrredundpairs": -1.0, "humanprotein_id": 6385, "vphfpdID": "004415.e56_262@4pdw_B.2"}, {"lrredund": 21.3884, "lrpepelmv": -1.0, "hphfpdID": "011519.e1_119", "pdbset": null, "lrpepxh": -1.0, "finallr": 393.8285, "lrpepelmh": -1.0, "template": "2p1b:JF(0.56,0.01,101/119,42,42)", "viralprotein_id": 17446, "lrsm": 18.4132, "id": 62034445, "lrpepxv": -1.0, "lrredundpairs": -1.0, "humanprotein_id": 3074, "vphfpdID": "004415.e56_262@1hrv_2.3"}, {"lrredund": 21.3884, "lrpepelmv": -1.0, "hphfpdID": "005209", "pdbset": null, "lrpepxh": -1.0, "finallr": 102.103, "lrpepelmh": -1.0, "template": "2lk6:BA(0.59,0.59,133/154,17,16)", "viralprotein_id": 17446, "lrsm": 4.7738, "id": 62035250, "lrpepxv": -1.0, "lrredundpairs": -1.0, "humanprotein_id": 8007, "vphfpdID": "004415.e1_228@1rhi_2.4"}, {"lrredund": 19.2898, "lrpepelmv": -1.0, "hphfpdID": "000172.d132_188", "pdbset": null, "lrpepxh": -1.0, "finallr": 147.4508, "lrpepelmh": -1.0, "template": "4cdw:CB(0.33,0.56,278/1864,42,184)", "viralprotein_id": 17446, "lrsm": 7.644, "id": 62035466, "lrpepxv": -1.0, "lrredundpairs": -1.0, "humanprotein_id": 2981, "vphfpdID": "004415.e56_262@4pdw_B.2"}, {"lrredund": 3.5815, "lrpepelmv": 72.805, "hphfpdID": "000001", "pdbset": null, "lrpepxh": -1.0, "finallr": 260.751, "lrpepelmh": -1.0, "template": "", "viralprotein_id": 17446, "lrsm": -1.0, "id": 62035541, "lrpepxv": -1.0, "lrredundpairs": -1.0, "humanprotein_id": 4793, "vphfpdID": "004415@4pdw_B.2"}, {"lrredund": 21.3884, "lrpepelmv": 6.3442, "hphfpdID": "001349.d2715_2964", "pdbset": null, "lrpepxh": -1.0, "finallr": 135.6925, "lrpepelmh": -1.0, "template": "2idh:CF(0.34,0.42,16/32,6,0)", "viralprotein_id": 17446, "lrsm": 1.4599, "id": 62035849, "lrpepxv": -1.0, "lrredundpairs": -1.0, "humanprotein_id": 7312, "vphfpdID": "004415.e1_228@1hrv_2.3"}, {"lrredund": 2.0764, "lrpepelmv": 72.805, "hphfpdID": "000005", "pdbset": null, "lrpepxh": -1.0, "finallr": 151.1722, "lrpepelmh": -1.0, "template": "2lrk:DA(0.50,0.47,8/54,1,0)", "viralprotein_id": 17446, "lrsm": 1.02, "id": 62036687, "lrpepxv": -1.0, "lrredundpairs": -1.0, "humanprotein_id": 4794, "vphfpdID": "004415.e1_228@1hrv_2.3"}, {"lrredund": 2.3254, "lrpepelmv": -1.0, "hphfpdID": "007927", "pdbset": null, "lrpepxh": -1.0, "finallr": 277.3754, "lrpepelmh": -1.0, "template": "1z7z:2I(0.09,0.00,13/25,10,12)", "viralprotein_id": 17446, "lrsm": 119.2807, "id": 62036854, "lrpepxv": -1.0, "lrredundpairs": 0.7707, "humanprotein_id": 3016, "vphfpdID": "004415.e56_262@4pdw_B.2"}, {"lrredund": -1.0, "lrpepelmv": -1.0, "hphfpdID": "004306", "pdbset": null, "lrpepxh": -1.0, "finallr": 826.1879, "lrpepelmh": -1.0, "template": "3iyp:CF(0.08,0.00,134/156,48,76)", "viralprotein_id": 17446, "lrsm": 826.1879, "id": 62036876, "lrpepxv": -1.0, "lrredundpairs": -1.0, "humanprotein_id": 3167, "vphfpdID": "004415.e56_262@1rhi_2.4"}, {"lrredund": -1.0, "lrpepelmv": -1.0, "hphfpdID": "010149.d99_158", "pdbset": null, "lrpepxh": -1.0, "finallr": 240.91, "lrpepelmh": -1.0, "template": "1upn:BE(0.07,0.03,80/97,30,44)", "viralprotein_id": 17446, "lrsm": 240.91, "id": 62037689, "lrpepxv": -1.0, "lrredundpairs": -1.0, "humanprotein_id": 3891, "vphfpdID": "004415.e56_262@2hwc_2.1"}, {"lrredund": 4.2492, "lrpepelmv": 72.805, "hphfpdID": "000004", "pdbset": null, "lrpepxh": -1.0, "finallr": 309.3629, "lrpepelmh": -1.0, "template": "", "viralprotein_id": 17446, "lrsm": -1.0, "id": 62037693, "lrpepxv": -1.0, "lrredundpairs": -1.0, "humanprotein_id": 6298, "vphfpdID": "004415@1k5m_B.5"}, {"lrredund": -1.0, "lrpepelmv": -1.0, "hphfpdID": "009823.e386_447", "pdbset": null, "lrpepxh": -1.0, "finallr": 113.0937, "lrpepelmh": -1.0, "template": "3iyp:CF(0.08,0.08,120/156,43,67)", "viralprotein_id": 17446, "lrsm": 113.0937, "id": 62037832, "lrpepxv": -1.0, "lrredundpairs": -1.0, "humanprotein_id": 3922, "vphfpdID": "004415.e56_262@1hrv_2.3"}, {"lrredund": 21.3884, "lrpepelmv": 72.805, "hphfpdID": "000002", "pdbset": null, "lrpepxh": -1.0, "finallr": 1557.181, "lrpepelmh": -1.0, "template": "", "viralprotein_id": 17446, "lrsm": -1.0, "id": 62038972, "lrpepxv": -1.0, "lrredundpairs": -1.0, "humanprotein_id": 6315, "vphfpdID": "004415@4pdw_B.2"}, {"lrredund": 21.3884, "lrpepelmv": 3.1171, "hphfpdID": "003962.d92_178", "pdbset": null, "lrpepxh": -1.0, "finallr": 100.9952, "lrpepelmh": -1.0, "template": "4c10:BC(0.07,0.52,210/1497,21,105)", "viralprotein_id": 17446, "lrsm": 4.722, "id": 62039009, "lrpepxv": -1.0, "lrredundpairs": -1.0, "humanprotein_id": 6447, "vphfpdID": "004415.e56_262@4pdw_B.2"}, {"lrredund": 21.3884, "lrpepelmv": 14.0867, "hphfpdID": "016613.e316_567", "pdbset": null, "lrpepxh": -1.0, "finallr": 301.2919, "lrpepelmh": -1.0, "template": "1xed:BD(0.51,0.49,76/87,16,10)", "viralprotein_id": 17446, "lrsm": 2.0531, "id": 62039333, "lrpepxv": -1.0, "lrredundpairs": -1.0, "humanprotein_id": 5161, "vphfpdID": "004415.e56_262@2hwc_2.1"}, {"lrredund": 19.2898, "lrpepelmv": -1.0, "hphfpdID": "006178.e689_810", "pdbset": null, "lrpepxh": -1.0, "finallr": 321.7909, "lrpepelmh": -1.0, "template": "1na1:BC(0.04,0.49,638/1560,49,35)", "viralprotein_id": 17446, "lrsm": 16.6819, "id": 62039883, "lrpepxv": -1.0, "lrredundpairs": -1.0, "humanprotein_id": 2856, "vphfpdID": "004415@1k5m_B.5"}, {"lrredund": 21.3884, "lrpepelmv": 14.0867, "hphfpdID": "016466.e142_262", "pdbset": null, "lrpepxh": -1.0, "finallr": 301.2919, "lrpepelmh": -1.0, "template": "3m7f:BA(0.31,0.07,54/93,23,29)", "viralprotein_id": 17446, "lrsm": 7.7952, "id": 62040051, "lrpepxv": -1.0, "lrredundpairs": -1.0, "humanprotein_id": 3727, "vphfpdID": "004415.e56_262@1k5m_B.5"}, {"lrredund": -1.0, "lrpepelmv": -1.0, "hphfpdID": "016757.d1905_1958", "pdbset": null, "lrpepxh": -1.0, "finallr": 113.0937, "lrpepelmh": -1.0, "template": "3iyp:CF(0.07,0.11,92/156,41,53)", "viralprotein_id": 17446, "lrsm": 113.0937, "id": 62040211, "lrpepxv": -1.0, "lrredundpairs": -1.0, "humanprotein_id": 8661, "vphfpdID": "004415.e56_262@1k5m_B.5"}, {"lrredund": -1.0, "lrpepelmv": -1.0, "hphfpdID": "003971.e1206_1270", "pdbset": null, "lrpepxh": -1.0, "finallr": 113.0937, "lrpepelmh": -1.0, "template": "3iyp:CF(0.05,0.14,119/156,41,66)", "viralprotein_id": 17446, "lrsm": 113.0937, "id": 62040342, "lrpepxv": -1.0, "lrredundpairs": -1.0, "humanprotein_id": 10968, "vphfpdID": "004415.e1_228@1hrv_2.3"}, {"lrredund": 19.2898, "lrpepelmv": 72.805, "hphfpdID": "000007", "pdbset": null, "lrpepxh": -1.0, "finallr": 1404.393, "lrpepelmh": -1.0, "template": "2lrk:DC(0.50,0.50,22/41,5,0)", "viralprotein_id": 17446, "lrsm": 1.2265, "id": 62040383, "lrpepxv": -1.0, "lrredundpairs": -1.0, "humanprotein_id": 6393, "vphfpdID": "004415.e1_228@2hwc_2.1"}, {"lrredund": -1.0, "lrpepelmv": -1.0, "hphfpdID": "008082.d824_911", "pdbset": null, "lrpepxh": -1.0, "finallr": 119.2807, "lrpepelmh": -1.0, "template": "1rvf:2H(0.02,0.07,17/27,13,10)", "viralprotein_id": 17446, "lrsm": 119.2807, "id": 62040473, "lrpepxv": -1.0, "lrredundpairs": -1.0, "humanprotein_id": 14184, "vphfpdID": "004415.e56_262@2hwc_2.1"}, {"lrredund": -1.0, "lrpepelmv": -1.0, "hphfpdID": "017482", "pdbset": null, "lrpepxh": -1.0, "finallr": 119.2807, "lrpepelmh": -1.0, "template": "1rvf:2H(0.02,0.08,17/27,9,3)", "viralprotein_id": 17446, "lrsm": 119.2807, "id": 62041131, "lrpepxv": -1.0, "lrredundpairs": -1.0, "humanprotein_id": 14734, "vphfpdID": "004415.e56_262@2hwc_2.1"}, {"lrredund": -1.0, "lrpepelmv": -1.0, "hphfpdID": "008083.g922_1194", "pdbset": null, "lrpepxh": -1.0, "finallr": 119.2807, "lrpepelmh": -1.0, "template": "1rvf:2H(0.01,0.09,17/27,3,0)", "viralprotein_id": 17446, "lrsm": 119.2807, "id": 62042744, "lrpepxv": -1.0, "lrredundpairs": -1.0, "humanprotein_id": 1909, "vphfpdID": "004415.e1_228@2hwc_2.1"}, {"lrredund": 21.3884, "lrpepelmv": -1.0, "hphfpdID": "001509.e1_53", "pdbset": null, "lrpepxh": -1.0, "finallr": 128.3451, "lrpepelmh": -1.0, "template": "2idh:EA(0.32,0.06,30/33,14,18)", "viralprotein_id": 17446, "lrsm": 6.0007, "id": 62042850, "lrpepxv": -1.0, "lrredundpairs": -1.0, "humanprotein_id": 2598, "vphfpdID": "004415.e1_228@1k5m_B.5"}, {"lrredund": 2.0764, "lrpepelmv": 72.805, "hphfpdID": "000003", "pdbset": null, "lrpepxh": -1.0, "finallr": 151.1722, "lrpepelmh": -1.0, "template": "", "viralprotein_id": 17446, "lrsm": -1.0, "id": 62042915, "lrpepxv": -1.0, "lrredundpairs": -1.0, "humanprotein_id": 6857, "vphfpdID": "004415@1k5m_B.5"}, {"lrredund": 15.8699, "lrpepelmv": 72.805, "hphfpdID": "000006", "pdbset": null, "lrpepxh": -1.0, "finallr": 1155.407, "lrpepelmh": -1.0, "template": "2lrl:DC(0.50,0.40,29/58,10,9)", "viralprotein_id": 17446, "lrsm": 1.2265, "id": 62043022, "lrpepxv": -1.0, "lrredundpairs": -1.0, "humanprotein_id": 4514, "vphfpdID": "004415.e1_228@2hwc_2.1"}, {"lrredund": -1.0, "lrpepelmv": -1.0, "hphfpdID": "001909.e65_297", "pdbset": null, "lrpepxh": -1.0, "finallr": 240.91, "lrpepelmh": -1.0, "template": "1upn:BE(0.06,0.04,80/97,30,48)", "viralprotein_id": 17446, "lrsm": 240.91, "id": 62044134, "lrpepxv": -1.0, "lrredundpairs": -1.0, "humanprotein_id": 2901, "vphfpdID": "004415@1hrv_2.3"}, {"lrredund": 21.3884, "lrpepelmv": -1.0, "hphfpdID": "005354.e1664_1728", "pdbset": null, "lrpepxh": -1.0, "finallr": 146.3215, "lrpepelmh": -1.0, "template": "1asj:23(0.03,0.57,79/423,42,44)", "viralprotein_id": 17446, "lrsm": 6.8412, "id": 62044156, "lrpepxv": -1.0, "lrredundpairs": -1.0, "humanprotein_id": 7033, "vphfpdID": "004415.e1_228@1k5m_B.5"}, {"lrredund": 21.3884, "lrpepelmv": -1.0, "hphfpdID": "002626.e1_127", "pdbset": null, "lrpepxh": -1.0, "finallr": 649.013, "lrpepelmh": -1.0, "template": "1rvf:2H(0.02,0.15,17/27,8,2)", "viralprotein_id": 17446, "lrsm": 30.3442, "id": 62044228, "lrpepxv": -1.0, "lrredundpairs": -1.0, "humanprotein_id": 2804, "vphfpdID": "004415.e56_262@1rhi_2.4"}, {"lrredund": 3.124, "lrpepelmv": 96.2413, "hphfpdID": "000005", "pdbset": null, "lrpepxh": -1.0, "finallr": 300.6577, "lrpepelmh": -1.0, "template": "", "viralprotein_id": 17448, "lrsm": -1.0, "id": 88268123, "lrpepxv": -1.0, "lrredundpairs": 1.1877, "humanprotein_id": 4794, "vphfpdID": "004417@4q4x_4.4"}, {"lrredund": 0.9127, "lrpepelmv": -1.0, "hphfpdID": "011228.e260_421", "pdbset": null, "lrpepxh": -1.0, "finallr": 103.2207, "lrpepelmh": -1.0, "template": "3ewi:BA(0.19,0.00,80/151,42,79)", "viralprotein_id": 17448, "lrsm": 113.0937, "id": 88268500, "lrpepxv": -1.0, "lrredundpairs": 0.7707, "humanprotein_id": 12943, "vphfpdID": "004417@4q4x_4.4"}, {"lrredund": 20.9141, "lrpepelmv": -1.0, "hphfpdID": "005158.d704_1019", "pdbset": null, "lrpepxh": -1.0, "finallr": 125.499, "lrpepelmh": -1.0, "template": "3zfx:AB(0.31,0.07,16/20,7,5)", "viralprotein_id": 17448, "lrsm": 6.0007, "id": 88270239, "lrpepxv": -1.0, "lrredundpairs": 1.373, "humanprotein_id": 2711, "vphfpdID": "004417@4q4x_4.4"}, {"lrredund": 20.9141, "lrpepelmv": 96.2413, "hphfpdID": "000002", "pdbset": null, "lrpepxh": -1.0, "finallr": 2012.799, "lrpepelmh": -1.0, "template": "", "viralprotein_id": 17448, "lrsm": -1.0, "id": 88270359, "lrpepxv": -1.0, "lrredundpairs": 0.7707, "humanprotein_id": 6315, "vphfpdID": "004417@4q4x_4.4"}, {"lrredund": 2.409, "lrpepelmv": 96.2413, "hphfpdID": "000003", "pdbset": null, "lrpepxh": -1.0, "finallr": 231.8452, "lrpepelmh": -1.0, "template": "", "viralprotein_id": 17448, "lrsm": -1.0, "id": 88273382, "lrpepxv": -1.0, "lrredundpairs": 1.1877, "humanprotein_id": 6857, "vphfpdID": "004417@4q4x_4.4"}, {"lrredund": 4.0064, "lrpepelmv": 96.2413, "hphfpdID": "000001", "pdbset": null, "lrpepxh": -1.0, "finallr": 385.581, "lrpepelmh": -1.0, "template": "", "viralprotein_id": 17448, "lrsm": -1.0, "id": 88273895, "lrpepxv": -1.0, "lrredundpairs": 1.1877, "humanprotein_id": 4793, "vphfpdID": "004417@4q4x_4.4"}, {"lrredund": 1.2535, "lrpepelmv": 88.0779, "hphfpdID": "011393.e308_496", "pdbset": null, "lrpepxh": -1.0, "finallr": 110.4056, "lrpepelmh": -1.0, "template": "", "viralprotein_id": 17448, "lrsm": -1.0, "id": 88274695, "lrpepxv": -1.0, "lrredundpairs": -1.0, "humanprotein_id": 4671, "vphfpdID": "004417@4q4x_4.4"}, {"lrredund": 20.9141, "lrpepelmv": 96.2413, "hphfpdID": "000007", "pdbset": null, "lrpepxh": -1.0, "finallr": 2012.799, "lrpepelmh": -1.0, "template": "", "viralprotein_id": 17448, "lrsm": -1.0, "id": 88275584, "lrpepxv": -1.0, "lrredundpairs": 0.7707, "humanprotein_id": 6393, "vphfpdID": "004417@4q4x_4.4"}, {"lrredund": 19.2898, "lrpepelmv": -1.0, "hphfpdID": "002626", "pdbset": null, "lrpepxh": -1.0, "finallr": 106.0689, "lrpepelmh": -1.0, "template": "1fsk:AB(0.35,0.04,15/33,10,15)", "viralprotein_id": 17448, "lrsm": 5.4987, "id": 88275723, "lrpepxv": -1.0, "lrredundpairs": 1.373, "humanprotein_id": 2804, "vphfpdID": "004417@4q4x_4.4"}, {"lrredund": 20.9141, "lrpepelmv": 9.3373, "hphfpdID": "001349.d2715_2964", "pdbset": null, "lrpepxh": -1.0, "finallr": 195.2815, "lrpepelmh": -1.0, "template": "", "viralprotein_id": 17448, "lrsm": -1.0, "id": 88277194, "lrpepxv": -1.0, "lrredundpairs": -1.0, "humanprotein_id": 7312, "vphfpdID": "004417@4q4x_4.4"}, {"lrredund": 20.9141, "lrpepelmv": 96.2413, "hphfpdID": "000006", "pdbset": null, "lrpepxh": -1.0, "finallr": 2012.799, "lrpepelmh": -1.0, "template": "", "viralprotein_id": 17448, "lrsm": -1.0, "id": 88278208, "lrpepxv": -1.0, "lrredundpairs": 1.1877, "humanprotein_id": 4514, "vphfpdID": "004417@4q4x_4.4"}, {"lrredund": 4.0064, "lrpepelmv": 96.2413, "hphfpdID": "000004", "pdbset": null, "lrpepxh": -1.0, "finallr": 385.581, "lrpepelmh": -1.0, "template": "", "viralprotein_id": 17448, "lrsm": -1.0, "id": 88278364, "lrpepxv": -1.0, "lrredundpairs": 0.7707, "humanprotein_id": 6298, "vphfpdID": "004417@4q4x_4.4"}, {"lrredund": 19.2898, "lrpepelmv": 65.3909, "hphfpdID": "000006", "pdbset": null, "lrpepxh": -1.0, "finallr": 1261.376, "lrpepelmh": -1.0, "template": "", "viralprotein_id": 17451, "lrsm": -1.0, "id": 94565050, "lrpepxv": -1.0, "lrredundpairs": 0.7707, "humanprotein_id": 4514, "vphfpdID": "004420@1z8r_A.4"}, {"lrredund": 21.3884, "lrpepelmv": 14.0845, "hphfpdID": "016466.e85_146", "pdbset": null, "lrpepxh": -1.0, "finallr": 301.2446, "lrpepelmh": -1.0, "template": "2lk6:BA(0.45,0.51,128/154,36,65)", "viralprotein_id": 17451, "lrsm": 3.4243, "id": 94566617, "lrpepxv": -1.0, "lrredundpairs": 0.7707, "humanprotein_id": 3727, "vphfpdID": "004420@3w95_A.3"}, {"lrredund": 20.9141, "lrpepelmv": 14.0845, "hphfpdID": "016613.e316_567", "pdbset": null, "lrpepxh": -1.0, "finallr": 294.5643, "lrpepelmh": -1.0, "template": "2idh:CA(0.31,0.56,27/27,6,1)", "viralprotein_id": 17451, "lrsm": 1.3385, "id": 94566869, "lrpepxv": -1.0, "lrredundpairs": -1.0, "humanprotein_id": 5161, "vphfpdID": "004420@4fvd_A.2"}, {"lrredund": 19.2898, "lrpepelmv": 65.3909, "hphfpdID": "000007", "pdbset": null, "lrpepxh": -1.0, "finallr": 1261.376, "lrpepelmh": -1.0, "template": "", "viralprotein_id": 17451, "lrsm": -1.0, "id": 94568981, "lrpepxv": -1.0, "lrredundpairs": -1.0, "humanprotein_id": 6393, "vphfpdID": "004420@4mg3_A.1"}, {"lrredund": 19.2898, "lrpepelmv": -1.0, "hphfpdID": "011519.e1_119", "pdbset": null, "lrpepxh": -1.0, "finallr": 163.8705, "lrpepelmh": -1.0, "template": "2lk6:BA(0.43,0.44,133/154,44,89)", "viralprotein_id": 17451, "lrsm": 8.4952, "id": 94569871, "lrpepxv": -1.0, "lrredundpairs": -1.0, "humanprotein_id": 3074, "vphfpdID": "004420@4fvd_A.2"}, {"lrredund": 21.3884, "lrpepelmv": 6.3442, "hphfpdID": "001349.d2715_2964", "pdbset": null, "lrpepxh": -1.0, "finallr": 135.6925, "lrpepelmh": -1.0, "template": "2idh:HF(0.50,0.42,26/29,6,0)", "viralprotein_id": 17451, "lrsm": 1.3385, "id": 94571478, "lrpepxv": -1.0, "lrredundpairs": -1.0, "humanprotein_id": 7312, "vphfpdID": "004420@1z8r_A.4"}, {"lrredund": 20.9141, "lrpepelmv": -1.0, "hphfpdID": "006178.e559_615", "pdbset": null, "lrpepxh": -1.0, "finallr": 105.6647, "lrpepelmh": -1.0, "template": "2lk6:BA(0.43,0.59,121/154,42,85)", "viralprotein_id": 17451, "lrsm": 5.0523, "id": 94571841, "lrpepxv": -1.0, "lrredundpairs": 0.7707, "humanprotein_id": 2856, "vphfpdID": "004420@4fvd_A.2"}, {"lrredund": 4.2492, "lrpepelmv": 65.3909, "hphfpdID": "000001", "pdbset": null, "lrpepxh": -1.0, "finallr": 277.8589, "lrpepelmh": -1.0, "template": "", "viralprotein_id": 17451, "lrsm": -1.0, "id": 94571984, "lrpepxv": -1.0, "lrredundpairs": 0.7707, "humanprotein_id": 4793, "vphfpdID": "004420@1z8r_A.4"}, {"lrredund": 20.9141, "lrpepelmv": 14.0845, "hphfpdID": "007144.d1_56", "pdbset": null, "lrpepxh": -1.0, "finallr": 294.5643, "lrpepelmh": -1.0, "template": "4afz:AC(0.53,0.03,39/92,21,19)", "viralprotein_id": 17451, "lrsm": 3.1219, "id": 94572612, "lrpepxv": -1.0, "lrredundpairs": 1.1877, "humanprotein_id": 6385, "vphfpdID": "004420@1z8r_A.4"}, {"lrredund": 3.8142, "lrpepelmv": 65.3909, "hphfpdID": "000004", "pdbset": null, "lrpepxh": -1.0, "finallr": 249.4138, "lrpepelmh": -1.0, "template": "", "viralprotein_id": 17451, "lrsm": -1.0, "id": 94572759, "lrpepxv": -1.0, "lrredundpairs": 1.373, "humanprotein_id": 6298, "vphfpdID": "004420@4fvd_A.2"}, {"lrredund": 19.2898, "lrpepelmv": 8.2623, "hphfpdID": "001060.e180_274", "pdbset": null, "lrpepxh": -1.0, "finallr": 195.0596, "lrpepelmh": -1.0, "template": "2lk6:BA(0.43,0.33,133/154,41,65)", "viralprotein_id": 17451, "lrsm": 10.1121, "id": 94573307, "lrpepxv": -1.0, "lrredundpairs": 0.7707, "humanprotein_id": 17652, "vphfpdID": "004420@4fvd_A.2"}, {"lrredund": 21.3884, "lrpepelmv": 14.0845, "hphfpdID": "016615.d586_639", "pdbset": null, "lrpepxh": -1.0, "finallr": 301.2446, "lrpepelmh": -1.0, "template": "", "viralprotein_id": 17451, "lrsm": -1.0, "id": 94573819, "lrpepxv": -1.0, "lrredundpairs": -1.0, "humanprotein_id": 5095, "vphfpdID": "004420@3w95_A.3"}, {"lrredund": 2.409, "lrpepelmv": 65.3909, "hphfpdID": "000005", "pdbset": null, "lrpepxh": -1.0, "finallr": 157.5266, "lrpepelmh": -1.0, "template": "", "viralprotein_id": 17451, "lrsm": -1.0, "id": 94574854, "lrpepxv": -1.0, "lrredundpairs": 0.7707, "humanprotein_id": 4794, "vphfpdID": "004420@1z8r_A.4"}, {"lrredund": 19.2898, "lrpepelmv": -1.0, "hphfpdID": "016730", "pdbset": null, "lrpepxh": -1.0, "finallr": 163.8705, "lrpepelmh": -1.0, "template": "2lk6:BA(0.43,0.53,134/154,45,90)", "viralprotein_id": 17451, "lrsm": 8.4952, "id": 94575764, "lrpepxv": -1.0, "lrredundpairs": 1.774, "humanprotein_id": 6290, "vphfpdID": "004420@4fvd_A.2"}, {"lrredund": 21.3884, "lrpepelmv": 65.3909, "hphfpdID": "000002", "pdbset": null, "lrpepxh": -1.0, "finallr": 1398.606, "lrpepelmh": -1.0, "template": "", "viralprotein_id": 17451, "lrsm": -1.0, "id": 94576819, "lrpepxv": -1.0, "lrredundpairs": 0.7707, "humanprotein_id": 6315, "vphfpdID": "004420@4mg3_A.1"}, {"lrredund": 2.3254, "lrpepelmv": 65.3909, "hphfpdID": "000003", "pdbset": null, "lrpepxh": -1.0, "finallr": 152.0599, "lrpepelmh": -1.0, "template": "1gn2:CA(0.49,0.60,42/216,21,22)", "viralprotein_id": 17451, "lrsm": 1.4777, "id": 94577079, "lrpepxv": -1.0, "lrredundpairs": -1.0, "humanprotein_id": 6857, "vphfpdID": "004420@3w95_A.3"}, {"lrredund": -1.0, "lrpepelmv": -1.0, "hphfpdID": "018942.e1_130", "pdbset": null, "lrpepxh": -1.0, "finallr": 163.7724, "lrpepelmh": -1.0, "template": "1rvf:1H(0.02,0.05,35/53,17,14)", "viralprotein_id": 17452, "lrsm": 119.2807, "id": 36147450, "lrpepxv": -1.0, "lrredundpairs": 1.373, "humanprotein_id": 447, "vphfpdID": "004421.e67_298@2hwc_1.2"}, {"lrredund": 20.9141, "lrpepelmv": 96.2413, "hphfpdID": "000007", "pdbset": null, "lrpepxh": -1.0, "finallr": 2012.799, "lrpepelmh": -1.0, "template": "4f7g:AB(0.53,0.30,6/67,5,4)", "viralprotein_id": 17452, "lrsm": 1.02, "id": 36147568, "lrpepxv": -1.0, "lrredundpairs": 1.1877, "humanprotein_id": 6393, "vphfpdID": "004421.e1_211@2hwc_1.4"}, {"lrredund": 2.409, "lrpepelmv": -1.0, "hphfpdID": "002604.e1_122", "pdbset": null, "lrpepxh": -1.0, "finallr": 313.5797, "lrpepelmh": -1.0, "template": "1rvf:1L(0.02,0.08,14/17,12,10)", "viralprotein_id": 17452, "lrsm": 130.17, "id": 36147662, "lrpepxv": -1.0, "lrredundpairs": 2.0764, "humanprotein_id": 2803, "vphfpdID": "004421.e67_298@2hwc_1.2"}, {"lrredund": 21.3884, "lrpepelmv": -1.0, "hphfpdID": "008850", "pdbset": null, "lrpepxh": -1.0, "finallr": 117.6084, "lrpepelmh": -1.0, "template": "1rvf:1H(0.03,0.27,25/53,11,12)", "viralprotein_id": 17452, "lrsm": 5.4987, "id": 36148115, "lrpepxv": -1.0, "lrredundpairs": 0.7707, "humanprotein_id": 7761, "vphfpdID": "004421.e67_298@1rug_1.5"}, {"lrredund": 19.2898, "lrpepelmv": 96.2413, "hphfpdID": "000002", "pdbset": null, "lrpepxh": -1.0, "finallr": 1856.474, "lrpepelmh": -1.0, "template": "", "viralprotein_id": 17452, "lrsm": -1.0, "id": 36149988, "lrpepxv": -1.0, "lrredundpairs": -1.0, "humanprotein_id": 6315, "vphfpdID": "004421@1rhi_1.1"}, {"lrredund": 20.9141, "lrpepelmv": 15.8041, "hphfpdID": "016466.e142_262", "pdbset": null, "lrpepxh": -1.0, "finallr": 330.5284, "lrpepelmh": -1.0, "template": "3m7f:BA(0.44,0.07,48/93,25,29)", "viralprotein_id": 17452, "lrsm": 3.1219, "id": 36150277, "lrpepxv": -1.0, "lrredundpairs": 19.2898, "humanprotein_id": 3727, "vphfpdID": "004421.e67_298@1ruf_1.7"}, {"lrredund": 19.2898, "lrpepelmv": 15.8041, "hphfpdID": "016615", "pdbset": null, "lrpepxh": -1.0, "finallr": 304.8578, "lrpepelmh": -1.0, "template": "1z7z:1I(0.10,0.43,50/65,23,27)", "viralprotein_id": 17452, "lrsm": 3.1219, "id": 36150611, "lrpepxv": -1.0, "lrredundpairs": -1.0, "humanprotein_id": 5095, "vphfpdID": "004421.e67_298@2hwc_1.2"}, {"lrredund": 21.3884, "lrpepelmv": 6.3869, "hphfpdID": "001509.e1_53", "pdbset": null, "lrpepxh": -1.0, "finallr": 136.6047, "lrpepelmh": -1.0, "template": "4n53:AB(0.21,0.45,189/2681,24,182)", "viralprotein_id": 17452, "lrsm": 3.1304, "id": 36151040, "lrpepxv": -1.0, "lrredundpairs": 21.3884, "humanprotein_id": 2598, "vphfpdID": "004421.e67_298@1rhi_1.1"}, {"lrredund": 3.8142, "lrpepelmv": 96.2413, "hphfpdID": "000001", "pdbset": null, "lrpepxh": -1.0, "finallr": 367.0834, "lrpepelmh": -1.0, "template": "", "viralprotein_id": 17452, "lrsm": -1.0, "id": 36151388, "lrpepxv": -1.0, "lrredundpairs": -1.0, "humanprotein_id": 4793, "vphfpdID": "004421@1rhi_1.1"}, {"lrredund": -1.0, "lrpepelmv": -1.0, "hphfpdID": "015500.e1_158", "pdbset": null, "lrpepxh": -1.0, "finallr": 200.8373, "lrpepelmh": -1.0, "template": "1rvf:1H(0.02,0.08,35/53,21,19)", "viralprotein_id": 17452, "lrsm": 169.0977, "id": 36151764, "lrpepxv": -1.0, "lrredundpairs": 1.1877, "humanprotein_id": 1893, "vphfpdID": "004421.e67_298@2hwc_1.2"}, {"lrredund": -1.0, "lrpepelmv": -1.0, "hphfpdID": "017482", "pdbset": null, "lrpepxh": -1.0, "finallr": 141.6697, "lrpepelmh": -1.0, "template": "1rvf:1H(0.02,0.08,37/53,19,18)", "viralprotein_id": 17452, "lrsm": 119.2807, "id": 36152282, "lrpepxv": -1.0, "lrredundpairs": 1.1877, "humanprotein_id": 14734, "vphfpdID": "004421.e67_298@2hwc_1.2"}, {"lrredund": 21.3884, "lrpepelmv": -1.0, "hphfpdID": "009491.e219_323", "pdbset": null, "lrpepxh": -1.0, "finallr": 128.3451, "lrpepelmh": -1.0, "template": "1rvf:1L(0.05,0.26,15/17,10,9)", "viralprotein_id": 17452, "lrsm": 6.0007, "id": 36152455, "lrpepxv": -1.0, "lrredundpairs": -1.0, "humanprotein_id": 12198, "vphfpdID": "004421.e67_298@1rmu_1.8"}, {"lrredund": 19.2898, "lrpepelmv": -1.0, "hphfpdID": "004076", "pdbset": null, "lrpepxh": -1.0, "finallr": 131.9646, "lrpepelmh": -1.0, "template": "1i7x:DC(0.47,0.08,89/230,50,51)", "viralprotein_id": 17452, "lrsm": 6.8412, "id": 36152898, "lrpepxv": -1.0, "lrredundpairs": 0.7707, "humanprotein_id": 4894, "vphfpdID": "004421.e1_211@2hwc_1.4"}, {"lrredund": -1.0, "lrpepelmv": -1.0, "hphfpdID": "007679.d53_160", "pdbset": null, "lrpepxh": -1.0, "finallr": 200.5428, "lrpepelmh": -1.0, "template": "1rvf:1H(0.02,0.08,46/53,24,23)", "viralprotein_id": 17452, "lrsm": 260.2086, "id": 36153038, "lrpepxv": -1.0, "lrredundpairs": 0.7707, "humanprotein_id": 3616, "vphfpdID": "004421@1rhi_1.1"}, {"lrredund": 21.3884, "lrpepelmv": 9.3373, "hphfpdID": "001349.d2679_3055", "pdbset": null, "lrpepxh": -1.0, "finallr": 199.7102, "lrpepelmh": -1.0, "template": "3kvp:FB(0.56,0.49,57/67,30,34)", "viralprotein_id": 17452, "lrsm": 2.5395, "id": 36153441, "lrpepxv": -1.0, "lrredundpairs": 0.7707, "humanprotein_id": 7312, "vphfpdID": "004421@2hwc_1.2"}, {"lrredund": 21.3884, "lrpepelmv": -1.0, "hphfpdID": "001452", "pdbset": null, "lrpepxh": -1.0, "finallr": 128.3451, "lrpepelmh": -1.0, "template": "1rvf:1L(0.03,0.36,16/17,7,5)", "viralprotein_id": 17452, "lrsm": 6.0007, "id": 36153915, "lrpepxv": -1.0, "lrredundpairs": 1.1877, "humanprotein_id": 6282, "vphfpdID": "004421.e67_298@1rui_1.4"}, {"lrredund": 20.9141, "lrpepelmv": -1.0, "hphfpdID": "006178.e603_726", "pdbset": null, "lrpepxh": -1.0, "finallr": 268.7087, "lrpepelmh": -1.0, "template": "3b83:HC(0.57,0.17,59/149,46,38)", "viralprotein_id": 17452, "lrsm": 12.8482, "id": 36154517, "lrpepxv": 3.84, "lrredundpairs": 1.1877, "humanprotein_id": 2856, "vphfpdID": "004421.e1_211@1rui_1.5"}, {"lrredund": 0.9127, "lrpepelmv": -1.0, "hphfpdID": "004071.e1_152", "pdbset": null, "lrpepxh": -1.0, "finallr": 118.8062, "lrpepelmh": -1.0, "template": "1rvf:1L(0.02,0.08,17/17,13,10)", "viralprotein_id": 17452, "lrsm": 130.17, "id": 36154634, "lrpepxv": -1.0, "lrredundpairs": 1.1877, "humanprotein_id": 3946, "vphfpdID": "004421.e67_298@2hwc_1.2"}, {"lrredund": 19.2898, "lrpepelmv": 9.677, "hphfpdID": "001751.e1_73", "pdbset": null, "lrpepxh": -1.0, "finallr": 186.6672, "lrpepelmh": -1.0, "template": "2cjs:AC(0.35,0.34,44/134,29,39)", "viralprotein_id": 17452, "lrsm": 1.8531, "id": 36155173, "lrpepxv": -1.0, "lrredundpairs": -1.0, "humanprotein_id": 5041, "vphfpdID": "004421.e67_298@2rmu_1.3"}, {"lrredund": 20.9141, "lrpepelmv": -1.0, "hphfpdID": "011519", "pdbset": null, "lrpepxh": -1.0, "finallr": 385.0952, "lrpepelmh": -1.0, "template": "1k5j:CB(0.49,0.10,82/95,41,50)", "viralprotein_id": 17452, "lrsm": 18.4132, "id": 36155435, "lrpepxv": -1.0, "lrredundpairs": -1.0, "humanprotein_id": 3074, "vphfpdID": "004421.e67_298@1rug_1.5"}, {"lrredund": 20.9141, "lrpepelmv": 15.8041, "hphfpdID": "016613.e557_714", "pdbset": null, "lrpepxh": -1.0, "finallr": 330.5284, "lrpepelmh": -1.0, "template": "3kvp:EC(0.34,0.48,55/68,24,26)", "viralprotein_id": 17452, "lrsm": 2.6756, "id": 36156293, "lrpepxv": -1.0, "lrredundpairs": 0.7707, "humanprotein_id": 5161, "vphfpdID": "004421@1rui_1.6"}, {"lrredund": 2.3254, "lrpepelmv": -1.0, "hphfpdID": "007927", "pdbset": null, "lrpepxh": -1.0, "finallr": 393.2198, "lrpepelmh": -1.0, "template": "1z7z:1I(0.09,0.00,50/65,28,36)", "viralprotein_id": 17452, "lrsm": 169.0977, "id": 36156335, "lrpepxv": -1.0, "lrredundpairs": 2.3254, "humanprotein_id": 3016, "vphfpdID": "004421.e67_298@1rui_1.4"}, {"lrredund": 2.3254, "lrpepelmv": 96.2413, "hphfpdID": "000005", "pdbset": null, "lrpepxh": -1.0, "finallr": 223.7994, "lrpepelmh": -1.0, "template": "", "viralprotein_id": 17452, "lrsm": -1.0, "id": 36156471, "lrpepxv": -1.0, "lrredundpairs": -1.0, "humanprotein_id": 4794, "vphfpdID": "004421@1rug_1.4"}, {"lrredund": 19.2898, "lrpepelmv": -1.0, "hphfpdID": "009492.e319_419", "pdbset": null, "lrpepxh": -1.0, "finallr": 115.7521, "lrpepelmh": -1.0, "template": "1rvf:1L(0.03,0.26,15/17,11,9)", "viralprotein_id": 17452, "lrsm": 6.0007, "id": 36156817, "lrpepxv": 3.84, "lrredundpairs": 15.8699, "humanprotein_id": 13229, "vphfpdID": "004421.e67_298@1ruc_1.6"}, {"lrredund": -1.0, "lrpepelmv": -1.0, "hphfpdID": "002628.e1_134", "pdbset": null, "lrpepxh": -1.0, "finallr": 309.0498, "lrpepelmh": -1.0, "template": "1rvf:1H(0.02,0.07,45/53,23,20)", "viralprotein_id": 17452, "lrsm": 260.2086, "id": 36157025, "lrpepxv": -1.0, "lrredundpairs": 1.1877, "humanprotein_id": 3618, "vphfpdID": "004421.e67_298@2hwc_1.2"}, {"lrredund": -1.0, "lrpepelmv": -1.0, "hphfpdID": "007937.e1_131", "pdbset": null, "lrpepxh": -1.0, "finallr": 163.7724, "lrpepelmh": -1.0, "template": "1rvf:1H(0.02,0.08,39/53,20,16)", "viralprotein_id": 17452, "lrsm": 119.2807, "id": 36157205, "lrpepxv": -1.0, "lrredundpairs": 1.373, "humanprotein_id": 19954, "vphfpdID": "004421.e67_298@2hwc_1.2"}, {"lrredund": 4.0064, "lrpepelmv": 96.2413, "hphfpdID": "000004", "pdbset": null, "lrpepxh": -1.0, "finallr": 385.581, "lrpepelmh": -1.0, "template": "2waq:HQ(0.60,0.51,4/56,5,2)", "viralprotein_id": 17452, "lrsm": 0.9682, "id": 36157729, "lrpepxv": -1.0, "lrredundpairs": 1.1877, "humanprotein_id": 6298, "vphfpdID": "004421.e1_211@1rmu_1.8"}, {"lrredund": -1.0, "lrpepelmv": -1.0, "hphfpdID": "008082.d824_911", "pdbset": null, "lrpepxh": -1.0, "finallr": 169.0977, "lrpepelmh": -1.0, "template": "1rvf:1H(0.03,0.07,34/53,24,24)", "viralprotein_id": 17452, "lrsm": 169.0977, "id": 36158647, "lrpepxv": -1.0, "lrredundpairs": -1.0, "humanprotein_id": 14184, "vphfpdID": "004421.e67_298@1rui_1.4"}, {"lrredund": 1.7092, "lrpepelmv": -1.0, "hphfpdID": "006230.e1_283", "pdbset": null, "lrpepxh": -1.0, "finallr": 106.5002, "lrpepelmh": -1.0, "template": "2jkr:SE(0.53,0.41,1/246,2,1)", "viralprotein_id": 17452, "lrsm": 1.02, "id": 36159286, "lrpepxv": 62.31, "lrredundpairs": 0.7707, "humanprotein_id": 2506, "vphfpdID": "004421.e1_211@1ruc_1.7"}, {"lrredund": 20.9141, "lrpepelmv": 15.8041, "hphfpdID": "007144.d1_56", "pdbset": null, "lrpepxh": -1.0, "finallr": 330.5284, "lrpepelmh": -1.0, "template": "1na1:AB(0.01,0.50,125/596,41,112)", "viralprotein_id": 17452, "lrsm": 8.8265, "id": 36159943, "lrpepxv": -1.0, "lrredundpairs": 20.9141, "humanprotein_id": 6385, "vphfpdID": "004421.e1_211@1rhi_1.1"}, {"lrredund": 20.9141, "lrpepelmv": -1.0, "hphfpdID": "018800.e503_596", "pdbset": null, "lrpepxh": -1.0, "finallr": 163.0298, "lrpepelmh": -1.0, "template": "1z7z:1I(0.08,0.19,49/65,25,31)", "viralprotein_id": 17452, "lrsm": 7.7952, "id": 36160740, "lrpepxv": -1.0, "lrredundpairs": 20.9141, "humanprotein_id": 4109, "vphfpdID": "004421.e67_298@1rug_1.5"}, {"lrredund": 20.9141, "lrpepelmv": -1.0, "hphfpdID": "016729", "pdbset": null, "lrpepxh": -1.0, "finallr": 115.0004, "lrpepelmh": -1.0, "template": "4kgr:DE(0.10,0.27,13/27,14,12)", "viralprotein_id": 17452, "lrsm": 5.4987, "id": 36160952, "lrpepxv": -1.0, "lrredundpairs": 20.9141, "humanprotein_id": 6415, "vphfpdID": "004421.e1_211@1rui_1.5"}, {"lrredund": 20.9141, "lrpepelmv": -1.0, "hphfpdID": "005354.d1306_1612", "pdbset": null, "lrpepxh": -1.0, "finallr": 100.4723, "lrpepelmh": -1.0, "template": "3kvp:FB(0.32,0.19,58/67,26,27)", "viralprotein_id": 17452, "lrsm": 4.804, "id": 36161615, "lrpepxv": 3.84, "lrredundpairs": -1.0, "humanprotein_id": 7033, "vphfpdID": "004421@1rui_1.6"}, {"lrredund": 2.409, "lrpepelmv": 4.3901, "hphfpdID": "016486.d81_222", "pdbset": null, "lrpepxh": -1.0, "finallr": 150.1047, "lrpepelmh": -1.0, "template": "4cdw:AD(0.20,0.58,175/1151,19,168)", "viralprotein_id": 17452, "lrsm": 3.7424, "id": 36161821, "lrpepxv": 62.31, "lrredundpairs": 2.409, "humanprotein_id": 6479, "vphfpdID": "004421.e67_298@1rug_1.5"}, {"lrredund": 20.9141, "lrpepelmv": 4.3901, "hphfpdID": "003962.d92_178", "pdbset": null, "lrpepxh": -1.0, "finallr": 268.7087, "lrpepelmh": -1.0, "template": "1h8t:AC(0.11,0.57,59/627,42,59)", "viralprotein_id": 17452, "lrsm": 12.8482, "id": 36162024, "lrpepxv": -1.0, "lrredundpairs": 19.2898, "humanprotein_id": 6447, "vphfpdID": "004421.e1_211@1rhi_1.1"}, {"lrredund": 21.3884, "lrpepelmv": 14.9984, "hphfpdID": "001060.d472_611", "pdbset": null, "lrpepxh": -1.0, "finallr": 320.7909, "lrpepelmh": -1.0, "template": "3kvp:EC(0.59,0.44,55/68,22,18)", "viralprotein_id": 17452, "lrsm": 2.5395, "id": 36162028, "lrpepxv": -1.0, "lrredundpairs": 0.7707, "humanprotein_id": 17652, "vphfpdID": "004421@2rmu_1.3"}, {"lrredund": 21.3884, "lrpepelmv": -1.0, "hphfpdID": "016869.d56_203", "pdbset": null, "lrpepxh": -1.0, "finallr": 116.139, "lrpepelmh": -1.0, "template": "2k7i:BA(0.59,0.34,67/324,25,41)", "viralprotein_id": 17452, "lrsm": 1.6809, "id": 36162682, "lrpepxv": 5.43, "lrredundpairs": -1.0, "humanprotein_id": 4495, "vphfpdID": "004421.e1_211@1rui_1.5"}, {"lrredund": 1.7951, "lrpepelmv": -1.0, "hphfpdID": "004626.d329_570", "pdbset": null, "lrpepxh": -1.0, "finallr": 111.8526, "lrpepelmh": -1.0, "template": "1dd3:BA(0.55,0.51,3/205,4,1)", "viralprotein_id": 17452, "lrsm": 0.9682, "id": 36162784, "lrpepxv": 62.31, "lrredundpairs": -1.0, "humanprotein_id": 1798, "vphfpdID": "004421.e67_298@1ruc_1.6"}, {"lrredund": 19.2898, "lrpepelmv": -1.0, "hphfpdID": "005567.d200_296", "pdbset": null, "lrpepxh": -1.0, "finallr": 104.7436, "lrpepelmh": -1.0, "template": "3kvp:FB(0.32,0.19,51/67,21,14)", "viralprotein_id": 17452, "lrsm": 3.1219, "id": 36163086, "lrpepxv": 5.43, "lrredundpairs": 0.7707, "humanprotein_id": 3874, "vphfpdID": "004421@1rui_1.6"}, {"lrredund": 2.3588, "lrpepelmv": -1.0, "hphfpdID": "017834", "pdbset": null, "lrpepxh": -1.0, "finallr": 146.9768, "lrpepelmh": -1.0, "template": "1i9r:BA(0.52,0.16,88/105,44,68)", "viralprotein_id": 17452, "lrsm": 12.2069, "id": 36163099, "lrpepxv": 62.31, "lrredundpairs": -1.0, "humanprotein_id": 5361, "vphfpdID": "004421.e67_298@1ruc_1.6"}, {"lrredund": 2.409, "lrpepelmv": 96.2413, "hphfpdID": "000003", "pdbset": null, "lrpepxh": -1.0, "finallr": 231.8452, "lrpepelmh": -1.0, "template": "4f7g:AB(0.53,0.54,6/67,5,4)", "viralprotein_id": 17452, "lrsm": 0.9682, "id": 36163137, "lrpepxv": -1.0, "lrredundpairs": 1.373, "humanprotein_id": 6857, "vphfpdID": "004421.e1_211@2hwc_1.4"}, {"lrredund": 21.3884, "lrpepelmv": -1.0, "hphfpdID": "002626.e1_127", "pdbset": null, "lrpepxh": -1.0, "finallr": 1415.809, "lrpepelmh": -1.0, "template": "1rvf:1H(0.03,0.15,45/53,21,20)", "viralprotein_id": 17452, "lrsm": 66.1952, "id": 36163168, "lrpepxv": 5.43, "lrredundpairs": 1.373, "humanprotein_id": 2804, "vphfpdID": "004421.e67_298@1rui_1.4"}, {"lrredund": 1.7951, "lrpepelmv": -1.0, "hphfpdID": "005521.d1_109", "pdbset": null, "lrpepxh": -1.0, "finallr": 111.8526, "lrpepelmh": -1.0, "template": "3kvp:BE(0.31,0.51,36/67,21,15)", "viralprotein_id": 17452, "lrsm": 1.7387, "id": 36163221, "lrpepxv": 62.31, "lrredundpairs": -1.0, "humanprotein_id": 18750, "vphfpdID": "004421@1ruc_1.5"}, {"lrredund": 20.9141, "lrpepelmv": 96.2413, "hphfpdID": "000006", "pdbset": null, "lrpepxh": -1.0, "finallr": 2012.799, "lrpepelmh": -1.0, "template": "", "viralprotein_id": 17452, "lrsm": -1.0, "id": 36163302, "lrpepxv": -1.0, "lrredundpairs": 1.1877, "humanprotein_id": 4514, "vphfpdID": "004421@1ruf_1.7"}]