[{"lrredund": -1.0, "lrpepelmv": 104.3713, "hphfpdID": "014176", "pdbset": null, "lrpepxh": -1.0, "finallr": 104.3713, "lrpepelmh": -1.0, "template": "", "viralprotein_id": 12946, "lrsm": -1.0, "id": 47365664, "lrpepxv": -1.0, "lrredundpairs": -1.0, "humanprotein_id": 4582, "vphfpdID": "000711"}, {"lrredund": -1.0, "lrpepelmv": 104.3713, "hphfpdID": "014178.d417_609", "pdbset": null, "lrpepxh": -1.0, "finallr": 104.3713, "lrpepelmh": -1.0, "template": "", "viralprotein_id": 12946, "lrsm": -1.0, "id": 47367210, "lrpepxv": -1.0, "lrredundpairs": -1.0, "humanprotein_id": 7007, "vphfpdID": "000711"}, {"lrredund": -1.0, "lrpepelmv": 578.4056, "hphfpdID": "012727.g1_126", "pdbset": null, "lrpepxh": -1.0, "finallr": 578.4056, "lrpepelmh": -1.0, "template": "3kvp:FB(0.45,0.20,61/67,9,6)", "viralprotein_id": 12946, "lrsm": 2.4439, "id": 47368734, "lrpepxv": -1.0, "lrredundpairs": -1.0, "humanprotein_id": 3684, "vphfpdID": "000711"}, {"lrredund": -1.0, "lrpepelmv": 104.3713, "hphfpdID": "014240.d373_573", "pdbset": null, "lrpepxh": -1.0, "finallr": 104.3713, "lrpepelmh": -1.0, "template": "", "viralprotein_id": 12946, "lrsm": -1.0, "id": 47369143, "lrpepxv": -1.0, "lrredundpairs": -1.0, "humanprotein_id": 3056, "vphfpdID": "000711"}, {"lrredund": 4.2492, "lrpepelmv": -1.0, "hphfpdID": "007527.d406_501", "pdbset": null, "lrpepxh": -1.0, "finallr": 107.2347, "lrpepelmh": -1.0, "template": "4afl:EB(0.08,0.04,4/13,4,2)", "viralprotein_id": 12947, "lrsm": 25.2364, "id": 52741444, "lrpepxv": -1.0, "lrredundpairs": 0.7707, "humanprotein_id": 1197, "vphfpdID": "000712.g1_87@5j1n_A.2"}, {"lrredund": 1.0145, "lrpepelmv": -1.0, "hphfpdID": "000405.e637_746", "pdbset": null, "lrpepxh": -1.0, "finallr": 100.6411, "lrpepelmh": -1.0, "template": "3zx6:AB(0.03,0.04,3/531,3,0)", "viralprotein_id": 12947, "lrsm": 99.2027, "id": 52741459, "lrpepxv": -1.0, "lrredundpairs": -1.0, "humanprotein_id": 4954, "vphfpdID": "000712.g1_87@4miw_A.1"}, {"lrredund": -1.0, "lrpepelmv": -1.0, "hphfpdID": "004744.e1_61", "pdbset": null, "lrpepxh": -1.0, "finallr": 117.823, "lrpepelmh": -1.0, "template": "3zx6:AB(0.03,0.07,1/531,2,1)", "viralprotein_id": 12947, "lrsm": 99.2027, "id": 52741620, "lrpepxv": -1.0, "lrredundpairs": 1.1877, "humanprotein_id": 11097, "vphfpdID": "000712.g1_87@4miw_A.1"}, {"lrredund": -1.0, "lrpepelmv": -1.0, "hphfpdID": "010396.d86_142", "pdbset": null, "lrpepxh": -1.0, "finallr": 136.2052, "lrpepelmh": -1.0, "template": "3zx6:AB(0.03,0.04,1/531,2,1)", "viralprotein_id": 12947, "lrsm": 99.2027, "id": 52741750, "lrpepxv": -1.0, "lrredundpairs": 1.373, "humanprotein_id": 16802, "vphfpdID": "000712.g1_87@5j1n_A.2"}, {"lrredund": 19.2898, "lrpepelmv": 9.677, "hphfpdID": "001751.e1_73", "pdbset": null, "lrpepxh": -1.0, "finallr": 186.6672, "lrpepelmh": -1.0, "template": "3s1k:BV(0.24,0.54,40/41,27,29)", "viralprotein_id": 12947, "lrsm": 3.1848, "id": 52741938, "lrpepxv": 5.43, "lrredundpairs": -1.0, "humanprotein_id": 5041, "vphfpdID": "000712.g1_87@4miw_A.1"}, {"lrredund": -1.0, "lrpepelmv": -1.0, "hphfpdID": "004701", "pdbset": null, "lrpepxh": -1.0, "finallr": 136.2052, "lrpepelmh": -1.0, "template": "3zx6:AB(0.03,0.07,3/531,4,2)", "viralprotein_id": 12947, "lrsm": 99.2027, "id": 52742055, "lrpepxv": 3.66, "lrredundpairs": 1.373, "humanprotein_id": 12942, "vphfpdID": "000712.g1_87@5j1n_A.2"}, {"lrredund": 1.0145, "lrpepelmv": -1.0, "hphfpdID": "017131.g394_451", "pdbset": null, "lrpepxh": -1.0, "finallr": 100.6411, "lrpepelmh": -1.0, "template": "3zx6:AB(0.03,0.04,1/531,2,1)", "viralprotein_id": 12947, "lrsm": 99.2027, "id": 52742299, "lrpepxv": 2.59, "lrredundpairs": -1.0, "humanprotein_id": 4341, "vphfpdID": "000712.g1_87@4miw_A.1"}, {"lrredund": 1.2535, "lrpepelmv": 10.4295, "hphfpdID": "017520.g760_840", "pdbset": null, "lrpepxh": -1.0, "finallr": 124.3505, "lrpepelmh": -1.0, "template": "3zx6:AB(0.03,0.06,3/531,4,1)", "viralprotein_id": 12947, "lrsm": 99.2027, "id": 52742338, "lrpepxv": 3.66, "lrredundpairs": 1.1877, "humanprotein_id": 19606, "vphfpdID": "000712.g1_87@4miw_A.1"}, {"lrredund": -1.0, "lrpepelmv": -1.0, "hphfpdID": "007337", "pdbset": null, "lrpepxh": -1.0, "finallr": 136.2052, "lrpepelmh": -1.0, "template": "3zx6:AB(0.03,0.07,3/531,4,2)", "viralprotein_id": 12947, "lrsm": 99.2027, "id": 52742550, "lrpepxv": -1.0, "lrredundpairs": 1.373, "humanprotein_id": 14295, "vphfpdID": "000712.g1_87@5j1n_A.2"}, {"lrredund": -1.0, "lrpepelmv": -1.0, "hphfpdID": "004974.e110_197", "pdbset": null, "lrpepxh": -1.0, "finallr": 117.823, "lrpepelmh": -1.0, "template": "3zx6:AB(0.03,0.04,1/531,2,1)", "viralprotein_id": 12947, "lrsm": 99.2027, "id": 52742653, "lrpepxv": -1.0, "lrredundpairs": 1.1877, "humanprotein_id": 15271, "vphfpdID": "000712.g1_87@4miw_A.1"}, {"lrredund": 21.3884, "lrpepelmv": 6.3442, "hphfpdID": "001349.d2683_2962", "pdbset": null, "lrpepxh": -1.0, "finallr": 135.6925, "lrpepelmh": -1.0, "template": "", "viralprotein_id": 12947, "lrsm": -1.0, "id": 52742711, "lrpepxv": 2.59, "lrredundpairs": 0.7707, "humanprotein_id": 7312, "vphfpdID": "000712@4miw_A.1"}, {"lrredund": 19.2898, "lrpepelmv": 96.2413, "hphfpdID": "000006", "pdbset": null, "lrpepxh": -1.0, "finallr": 1856.474, "lrpepelmh": -1.0, "template": "1u7j:AB(0.52,0.57,123/147,46,59)", "viralprotein_id": 12947, "lrsm": 8.0633, "id": 52742728, "lrpepxv": -1.0, "lrredundpairs": 0.7707, "humanprotein_id": 4514, "vphfpdID": "000712.g1_87@5j1n_A.2"}, {"lrredund": -1.0, "lrpepelmv": -1.0, "hphfpdID": "008343.d145_204", "pdbset": null, "lrpepxh": -1.0, "finallr": 117.823, "lrpepelmh": -1.0, "template": "3zx6:AB(0.03,0.03,1/531,2,1)", "viralprotein_id": 12947, "lrsm": 99.2027, "id": 52742763, "lrpepxv": -1.0, "lrredundpairs": 1.1877, "humanprotein_id": 6498, "vphfpdID": "000712.g1_87@4miw_A.1"}, {"lrredund": -1.0, "lrpepelmv": -1.0, "hphfpdID": "018300.d80_154", "pdbset": null, "lrpepxh": -1.0, "finallr": 117.823, "lrpepelmh": -1.0, "template": "3zx6:AB(0.03,0.04,1/531,2,1)", "viralprotein_id": 12947, "lrsm": 99.2027, "id": 52742875, "lrpepxv": -1.0, "lrredundpairs": 1.1877, "humanprotein_id": 445, "vphfpdID": "000712.g1_87@4miw_A.1"}, {"lrredund": 4.0064, "lrpepelmv": -1.0, "hphfpdID": "002111.d434_522", "pdbset": null, "lrpepxh": -1.0, "finallr": 101.1073, "lrpepelmh": -1.0, "template": "3zx6:AB(0.03,0.11,1/531,2,1)", "viralprotein_id": 12947, "lrsm": 25.2364, "id": 52743139, "lrpepxv": -1.0, "lrredundpairs": -1.0, "humanprotein_id": 11330, "vphfpdID": "000712.g1_87@5j1n_A.2"}, {"lrredund": 21.3884, "lrpepelmv": -1.0, "hphfpdID": "002082", "pdbset": null, "lrpepxh": -1.0, "finallr": 208.5369, "lrpepelmh": -1.0, "template": "", "viralprotein_id": 12947, "lrsm": -1.0, "id": 52743412, "lrpepxv": 9.75, "lrredundpairs": -1.0, "humanprotein_id": 6306, "vphfpdID": "000712@4miw_A.1"}, {"lrredund": 3.8142, "lrpepelmv": 16.112, "hphfpdID": "000278.d1006_1130", "pdbset": null, "lrpepxh": -1.0, "finallr": 378.3788, "lrpepelmh": -1.0, "template": "3zx6:AB(0.03,0.06,1/531,1,0)", "viralprotein_id": 12947, "lrsm": 99.2027, "id": 52743515, "lrpepxv": 3.66, "lrredundpairs": 1.5513, "humanprotein_id": 2710, "vphfpdID": "000712.g1_87@4miw_A.1"}, {"lrredund": 2.409, "lrpepelmv": -1.0, "hphfpdID": "012620.e527_591", "pdbset": null, "lrpepxh": -1.0, "finallr": 150.1047, "lrpepelmh": -1.0, "template": "2p1a:AB(0.27,0.09,16/119,13,15)", "viralprotein_id": 12947, "lrsm": 4.5731, "id": 52743671, "lrpepxv": 62.31, "lrredundpairs": -1.0, "humanprotein_id": 5442, "vphfpdID": "000712.g1_87@4miw_A.1"}, {"lrredund": 21.3884, "lrpepelmv": -1.0, "hphfpdID": "005567.d9_86", "pdbset": null, "lrpepxh": -1.0, "finallr": 438.3311, "lrpepelmh": -1.0, "template": "1wrd:AB(0.22,0.14,74/130,46,59)", "viralprotein_id": 12947, "lrsm": 20.4939, "id": 52743714, "lrpepxv": 5.43, "lrredundpairs": 0.7707, "humanprotein_id": 3874, "vphfpdID": "000712.g1_87@5j1n_A.2"}, {"lrredund": -1.0, "lrpepelmv": -1.0, "hphfpdID": "007838.e152_222", "pdbset": null, "lrpepxh": -1.0, "finallr": 117.823, "lrpepelmh": -1.0, "template": "3zx6:AB(0.03,0.07,3/531,4,2)", "viralprotein_id": 12947, "lrsm": 99.2027, "id": 52743765, "lrpepxv": 3.84, "lrredundpairs": 1.1877, "humanprotein_id": 6640, "vphfpdID": "000712.g1_87@5j1n_A.2"}, {"lrredund": 4.2492, "lrpepelmv": -1.0, "hphfpdID": "000404.d394_499", "pdbset": null, "lrpepxh": -1.0, "finallr": 107.2347, "lrpepelmh": -1.0, "template": "3zx6:AB(0.03,0.09,1/531,1,0)", "viralprotein_id": 12947, "lrsm": 25.2364, "id": 52743912, "lrpepxv": 3.66, "lrredundpairs": -1.0, "humanprotein_id": 3719, "vphfpdID": "000712.g1_87@4miw_A.1"}, {"lrredund": 15.8699, "lrpepelmv": 16.112, "hphfpdID": "016613.e122_316", "pdbset": null, "lrpepxh": -1.0, "finallr": 255.6961, "lrpepelmh": -1.0, "template": "1rso:BA(0.55,0.55,188/268,47,46)", "viralprotein_id": 12947, "lrsm": 8.8185, "id": 52743920, "lrpepxv": 2.59, "lrredundpairs": -1.0, "humanprotein_id": 5161, "vphfpdID": "000712.g1_87@4miw_A.1"}, {"lrredund": -1.0, "lrpepelmv": -1.0, "hphfpdID": "004937", "pdbset": null, "lrpepxh": -1.0, "finallr": 117.823, "lrpepelmh": -1.0, "template": "3zx6:AB(0.03,0.04,1/531,2,1)", "viralprotein_id": 12947, "lrsm": 99.2027, "id": 52743930, "lrpepxv": 2.59, "lrredundpairs": 1.1877, "humanprotein_id": 3485, "vphfpdID": "000712.g1_87@5j1n_A.2"}, {"lrredund": -1.0, "lrpepelmv": -1.0, "hphfpdID": "004935", "pdbset": null, "lrpepxh": -1.0, "finallr": 117.823, "lrpepelmh": -1.0, "template": "3zx6:AB(0.03,0.04,1/531,2,1)", "viralprotein_id": 12947, "lrsm": 99.2027, "id": 52744093, "lrpepxv": 2.59, "lrredundpairs": 1.1877, "humanprotein_id": 3482, "vphfpdID": "000712.g1_87@5j1n_A.2"}, {"lrredund": 19.2898, "lrpepelmv": 16.112, "hphfpdID": "016615.e139_320", "pdbset": null, "lrpepxh": -1.0, "finallr": 1913.599, "lrpepelmh": -1.0, "template": "3zx6:AB(0.03,0.07,3/531,4,2)", "viralprotein_id": 12947, "lrsm": 99.2027, "id": 52744137, "lrpepxv": 2.59, "lrredundpairs": -1.0, "humanprotein_id": 5095, "vphfpdID": "000712.g1_87@4miw_A.1"}, {"lrredund": -1.0, "lrpepelmv": -1.0, "hphfpdID": "011355.d110_217", "pdbset": null, "lrpepxh": -1.0, "finallr": 117.823, "lrpepelmh": -1.0, "template": "3zx6:AB(0.03,0.06,1/531,2,1)", "viralprotein_id": 12947, "lrsm": 99.2027, "id": 52744267, "lrpepxv": -1.0, "lrredundpairs": 1.1877, "humanprotein_id": 2374, "vphfpdID": "000712.g1_87@5j1n_A.2"}, {"lrredund": -1.0, "lrpepelmv": -1.0, "hphfpdID": "004938", "pdbset": null, "lrpepxh": -1.0, "finallr": 117.823, "lrpepelmh": -1.0, "template": "3zx6:AB(0.03,0.04,1/531,2,1)", "viralprotein_id": 12947, "lrsm": 99.2027, "id": 52744295, "lrpepxv": 2.59, "lrredundpairs": 1.1877, "humanprotein_id": 3484, "vphfpdID": "000712.g1_87@4miw_A.1"}, {"lrredund": 20.9141, "lrpepelmv": 7.4157, "hphfpdID": "005478.d350_517", "pdbset": null, "lrpepxh": -1.0, "finallr": 155.0917, "lrpepelmh": -1.0, "template": "1a52:BA(0.31,0.01,40/231,28,27)", "viralprotein_id": 12947, "lrsm": 6.9797, "id": 52744496, "lrpepxv": -1.0, "lrredundpairs": 0.7707, "humanprotein_id": 2880, "vphfpdID": "000712.g1_87@4miw_A.1"}, {"lrredund": -1.0, "lrpepelmv": -1.0, "hphfpdID": "011357.d145_197", "pdbset": null, "lrpepxh": -1.0, "finallr": 136.2052, "lrpepelmh": -1.0, "template": "3zx6:AB(0.03,0.06,1/531,2,1)", "viralprotein_id": 12947, "lrsm": 99.2027, "id": 52744526, "lrpepxv": 2.59, "lrredundpairs": 1.373, "humanprotein_id": 5787, "vphfpdID": "000712.g1_87@4miw_A.1"}, {"lrredund": 2.3254, "lrpepelmv": -1.0, "hphfpdID": "014502.e1_159", "pdbset": null, "lrpepxh": -1.0, "finallr": 230.6859, "lrpepelmh": -1.0, "template": "1xcg:EF(0.06,0.01,25/139,15,13)", "viralprotein_id": 12947, "lrsm": 99.2027, "id": 52744897, "lrpepxv": -1.0, "lrredundpairs": 0.7707, "humanprotein_id": 6272, "vphfpdID": "000712.g1_87@4miw_A.1"}, {"lrredund": 20.9141, "lrpepelmv": -1.0, "hphfpdID": "016729", "pdbset": null, "lrpepxh": -1.0, "finallr": 171.6559, "lrpepelmh": -1.0, "template": "1wrd:AB(0.22,0.23,72/130,43,56)", "viralprotein_id": 12947, "lrsm": 8.2077, "id": 52744911, "lrpepxv": -1.0, "lrredundpairs": 1.373, "humanprotein_id": 6415, "vphfpdID": "000712.g1_87@5j1n_A.2"}, {"lrredund": 4.2492, "lrpepelmv": -1.0, "hphfpdID": "007350", "pdbset": null, "lrpepxh": -1.0, "finallr": 107.2347, "lrpepelmh": -1.0, "template": "3zx6:AB(0.03,0.09,1/531,2,1)", "viralprotein_id": 12947, "lrsm": 25.2364, "id": 52745069, "lrpepxv": -1.0, "lrredundpairs": 1.373, "humanprotein_id": 8204, "vphfpdID": "000712.g1_87@4miw_A.1"}, {"lrredund": -1.0, "lrpepelmv": -1.0, "hphfpdID": "009432.d226_283", "pdbset": null, "lrpepxh": -1.0, "finallr": 117.823, "lrpepelmh": -1.0, "template": "3zx6:AB(0.03,0.07,1/531,2,1)", "viralprotein_id": 12947, "lrsm": 99.2027, "id": 52745185, "lrpepxv": 5.43, "lrredundpairs": 1.1877, "humanprotein_id": 9659, "vphfpdID": "000712.g1_87@5j1n_A.2"}, {"lrredund": -1.0, "lrpepelmv": -1.0, "hphfpdID": "014731.e118_186", "pdbset": null, "lrpepxh": -1.0, "finallr": 117.823, "lrpepelmh": -1.0, "template": "4afl:BE(0.07,0.03,2/13,2,0)", "viralprotein_id": 12947, "lrsm": 99.2027, "id": 52745274, "lrpepxv": -1.0, "lrredundpairs": 1.1877, "humanprotein_id": 10462, "vphfpdID": "000712.g1_87@4miw_A.1"}, {"lrredund": 19.2898, "lrpepelmv": -1.0, "hphfpdID": "007747", "pdbset": null, "lrpepxh": -1.0, "finallr": 150.368, "lrpepelmh": -1.0, "template": "3fzl:BA(0.30,0.02,44/76,26,22)", "viralprotein_id": 12947, "lrsm": 7.7952, "id": 52745319, "lrpepxv": -1.0, "lrredundpairs": 0.7707, "humanprotein_id": 3627, "vphfpdID": "000712.g1_87@5j1n_A.2"}, {"lrredund": -1.0, "lrpepelmv": -1.0, "hphfpdID": "004655", "pdbset": null, "lrpepxh": -1.0, "finallr": 136.2052, "lrpepelmh": -1.0, "template": "3zx6:AB(0.03,0.06,1/531,2,1)", "viralprotein_id": 12947, "lrsm": 99.2027, "id": 52745436, "lrpepxv": 3.66, "lrredundpairs": 1.373, "humanprotein_id": 19792, "vphfpdID": "000712.g1_87@5j1n_A.2"}, {"lrredund": 19.2898, "lrpepelmv": -1.0, "hphfpdID": "007197.g404_654", "pdbset": null, "lrpepxh": -1.0, "finallr": 145.3686, "lrpepelmh": -1.0, "template": "4e81:BA(0.26,0.09,62/247,28,34)", "viralprotein_id": 12947, "lrsm": 7.536, "id": 52745594, "lrpepxv": 2.59, "lrredundpairs": 0.7707, "humanprotein_id": 3620, "vphfpdID": "000712.g1_87@4miw_A.1"}, {"lrredund": 19.2898, "lrpepelmv": -1.0, "hphfpdID": "006178.e2120_2203", "pdbset": null, "lrpepxh": -1.0, "finallr": 104.7436, "lrpepelmh": -1.0, "template": "2ojl:AB(0.19,0.60,67/116,30,38)", "viralprotein_id": 12947, "lrsm": 2.0611, "id": 52745659, "lrpepxv": 5.43, "lrredundpairs": 0.7707, "humanprotein_id": 2856, "vphfpdID": "000712@5j1n_A.2"}, {"lrredund": 2.3254, "lrpepelmv": -1.0, "hphfpdID": "000407.d649_752", "pdbset": null, "lrpepxh": -1.0, "finallr": 230.6859, "lrpepelmh": -1.0, "template": "3zx6:AB(0.03,0.07,1/531,1,0)", "viralprotein_id": 12947, "lrsm": 99.2027, "id": 52745706, "lrpepxv": 2.59, "lrredundpairs": -1.0, "humanprotein_id": 1594, "vphfpdID": "000712.g1_87@4miw_A.1"}, {"lrredund": -1.0, "lrpepelmv": -1.0, "hphfpdID": "010231.e280_350", "pdbset": null, "lrpepxh": -1.0, "finallr": 117.823, "lrpepelmh": -1.0, "template": "3zx6:AB(0.03,0.03,1/531,2,1)", "viralprotein_id": 12947, "lrsm": 99.2027, "id": 52745843, "lrpepxv": 2.59, "lrredundpairs": 1.1877, "humanprotein_id": 1130, "vphfpdID": "000712.g1_87@4miw_A.1"}, {"lrredund": 2.3254, "lrpepelmv": 52.8828, "hphfpdID": "000906.e852_977", "pdbset": null, "lrpepxh": -1.0, "finallr": 122.9736, "lrpepelmh": -1.0, "template": "2gjh:AB(0.59,0.59,96/106,25,27)", "viralprotein_id": 12947, "lrsm": 2.3512, "id": 52745882, "lrpepxv": 2.59, "lrredundpairs": -1.0, "humanprotein_id": 2586, "vphfpdID": "000712@4miw_A.1"}, {"lrredund": 2.0764, "lrpepelmv": -1.0, "hphfpdID": "006199.d273_337", "pdbset": null, "lrpepxh": -1.0, "finallr": 205.9844, "lrpepelmh": -1.0, "template": "3zx6:AB(0.03,0.04,1/531,2,1)", "viralprotein_id": 12947, "lrsm": 99.2027, "id": 52745988, "lrpepxv": -1.0, "lrredundpairs": 0.7707, "humanprotein_id": 7611, "vphfpdID": "000712.g1_87@5j1n_A.2"}, {"lrredund": 15.8699, "lrpepelmv": -1.0, "hphfpdID": "007744.d499_743", "pdbset": null, "lrpepxh": -1.0, "finallr": 400.4998, "lrpepelmh": -1.0, "template": "3jsb:BA(0.11,0.06,3/66,4,3)", "viralprotein_id": 12947, "lrsm": 25.2364, "id": 52746036, "lrpepxv": -1.0, "lrredundpairs": 0.7707, "humanprotein_id": 4876, "vphfpdID": "000712@4miw_A.1"}, {"lrredund": 1.0145, "lrpepelmv": -1.0, "hphfpdID": "013321.e355_438", "pdbset": null, "lrpepxh": -1.0, "finallr": 100.6411, "lrpepelmh": -1.0, "template": "3zx6:AB(0.03,0.07,3/531,4,2)", "viralprotein_id": 12947, "lrsm": 99.2027, "id": 52746114, "lrpepxv": 3.84, "lrredundpairs": 0.7707, "humanprotein_id": 3843, "vphfpdID": "000712.g1_87@5j1n_A.2"}, {"lrredund": 1.0145, "lrpepelmv": 8.2623, "hphfpdID": "016419.e1_158", "pdbset": null, "lrpepxh": -1.0, "finallr": 100.6411, "lrpepelmh": -1.0, "template": "3zx6:AB(0.03,0.04,3/531,4,2)", "viralprotein_id": 12947, "lrsm": 99.2027, "id": 52746367, "lrpepxv": 2.59, "lrredundpairs": 0.7707, "humanprotein_id": 2832, "vphfpdID": "000712.g1_87@5j1n_A.2"}, {"lrredund": 4.2492, "lrpepelmv": -1.0, "hphfpdID": "016219", "pdbset": null, "lrpepxh": -1.0, "finallr": 107.2347, "lrpepelmh": -1.0, "template": "3zx6:AB(0.03,0.08,3/531,4,2)", "viralprotein_id": 12947, "lrsm": 25.2364, "id": 52746379, "lrpepxv": -1.0, "lrredundpairs": 1.1877, "humanprotein_id": 5393, "vphfpdID": "000712.g1_87@4miw_A.1"}, {"lrredund": -1.0, "lrpepelmv": -1.0, "hphfpdID": "007508", "pdbset": null, "lrpepxh": -1.0, "finallr": 136.2052, "lrpepelmh": -1.0, "template": "3zx6:AB(0.03,0.07,3/531,4,2)", "viralprotein_id": 12947, "lrsm": 99.2027, "id": 52746486, "lrpepxv": -1.0, "lrredundpairs": 1.373, "humanprotein_id": 18566, "vphfpdID": "000712.g1_87@5j1n_A.2"}, {"lrredund": 15.8699, "lrpepelmv": -1.0, "hphfpdID": "005354.d1990_2099", "pdbset": null, "lrpepxh": -1.0, "finallr": 1574.336, "lrpepelmh": -1.0, "template": "3zx6:AB(0.03,0.05,1/531,2,1)", "viralprotein_id": 12947, "lrsm": 99.2027, "id": 52746509, "lrpepxv": 3.66, "lrredundpairs": 0.7707, "humanprotein_id": 7033, "vphfpdID": "000712.g1_87@4miw_A.1"}, {"lrredund": -1.0, "lrpepelmv": -1.0, "hphfpdID": "000304", "pdbset": null, "lrpepxh": -1.0, "finallr": 136.2052, "lrpepelmh": -1.0, "template": "3zx6:AB(0.03,0.02,2/531,3,2)", "viralprotein_id": 12947, "lrsm": 99.2027, "id": 52746528, "lrpepxv": -1.0, "lrredundpairs": 1.373, "humanprotein_id": 12374, "vphfpdID": "000712.g1_87@4miw_A.1"}, {"lrredund": -1.0, "lrpepelmv": -1.0, "hphfpdID": "018934.e128_221", "pdbset": null, "lrpepxh": -1.0, "finallr": 117.823, "lrpepelmh": -1.0, "template": "3zx6:AB(0.03,0.03,1/531,1,0)", "viralprotein_id": 12947, "lrsm": 99.2027, "id": 52746583, "lrpepxv": -1.0, "lrredundpairs": 1.1877, "humanprotein_id": 18259, "vphfpdID": "000712.g1_87@5j1n_A.2"}, {"lrredund": -1.0, "lrpepelmv": -1.0, "hphfpdID": "017850", "pdbset": null, "lrpepxh": -1.0, "finallr": 136.2052, "lrpepelmh": -1.0, "template": "4afl:BE(0.07,0.02,2/13,2,0)", "viralprotein_id": 12947, "lrsm": 99.2027, "id": 52746852, "lrpepxv": 2.59, "lrredundpairs": 1.373, "humanprotein_id": 4107, "vphfpdID": "000712.g1_87@4miw_A.1"}, {"lrredund": 19.2898, "lrpepelmv": 16.112, "hphfpdID": "016466.e85_146", "pdbset": null, "lrpepxh": -1.0, "finallr": 310.7976, "lrpepelmh": -1.0, "template": "2ki7:BA(0.15,0.24,31/238,15,17)", "viralprotein_id": 12947, "lrsm": 4.5731, "id": 52746876, "lrpepxv": -1.0, "lrredundpairs": 1.5513, "humanprotein_id": 3727, "vphfpdID": "000712.g1_87@4miw_A.1"}, {"lrredund": -1.0, "lrpepelmv": -1.0, "hphfpdID": "007629.d213_285", "pdbset": null, "lrpepxh": -1.0, "finallr": 117.823, "lrpepelmh": -1.0, "template": "3zx6:AB(0.03,0.07,3/531,4,2)", "viralprotein_id": 12947, "lrsm": 99.2027, "id": 52747000, "lrpepxv": -1.0, "lrredundpairs": 1.1877, "humanprotein_id": 346, "vphfpdID": "000712.g1_87@5j1n_A.2"}, {"lrredund": 20.9141, "lrpepelmv": -1.0, "hphfpdID": "018500", "pdbset": null, "lrpepxh": -1.0, "finallr": 428.6109, "lrpepelmh": -1.0, "template": "1wrd:AB(0.20,0.04,74/130,43,57)", "viralprotein_id": 12947, "lrsm": 20.4939, "id": 52747095, "lrpepxv": 3.66, "lrredundpairs": 1.1877, "humanprotein_id": 3463, "vphfpdID": "000712.g1_87@4miw_A.1"}, {"lrredund": -1.0, "lrpepelmv": -1.0, "hphfpdID": "000500.e1043_1131", "pdbset": null, "lrpepxh": -1.0, "finallr": 117.823, "lrpepelmh": -1.0, "template": "3zx6:AB(0.03,0.06,3/531,4,2)", "viralprotein_id": 12947, "lrsm": 99.2027, "id": 52747364, "lrpepxv": -1.0, "lrredundpairs": 1.1877, "humanprotein_id": 9818, "vphfpdID": "000712.g1_87@5j1n_A.2"}, {"lrredund": 20.9141, "lrpepelmv": -1.0, "hphfpdID": "018501", "pdbset": null, "lrpepxh": -1.0, "finallr": 428.6109, "lrpepelmh": -1.0, "template": "1wrd:AB(0.22,0.11,89/130,44,62)", "viralprotein_id": 12947, "lrsm": 20.4939, "id": 52747503, "lrpepxv": -1.0, "lrredundpairs": 1.373, "humanprotein_id": 1286, "vphfpdID": "000712.g1_87@5j1n_A.2"}, {"lrredund": 15.8699, "lrpepelmv": -1.0, "hphfpdID": "013775.g545_601", "pdbset": null, "lrpepxh": -1.0, "finallr": 400.4998, "lrpepelmh": -1.0, "template": "3zx6:AB(0.03,0.13,1/531,2,1)", "viralprotein_id": 12947, "lrsm": 25.2364, "id": 52747624, "lrpepxv": 2.59, "lrredundpairs": -1.0, "humanprotein_id": 15519, "vphfpdID": "000712.g1_87@5j1n_A.2"}, {"lrredund": 20.9141, "lrpepelmv": 16.112, "hphfpdID": "007144.e151_217", "pdbset": null, "lrpepxh": -1.0, "finallr": 336.9684, "lrpepelmh": -1.0, "template": "2ki7:BA(0.21,0.34,62/238,26,33)", "viralprotein_id": 12947, "lrsm": 3.0181, "id": 52747675, "lrpepxv": -1.0, "lrredundpairs": 1.373, "humanprotein_id": 6385, "vphfpdID": "000712.g1_87@5j1n_A.2"}, {"lrredund": -1.0, "lrpepelmv": -1.0, "hphfpdID": "011358.d132_188", "pdbset": null, "lrpepxh": -1.0, "finallr": 117.823, "lrpepelmh": -1.0, "template": "3zx6:AB(0.03,0.06,1/531,2,1)", "viralprotein_id": 12947, "lrsm": 99.2027, "id": 52747883, "lrpepxv": -1.0, "lrredundpairs": 1.1877, "humanprotein_id": 202, "vphfpdID": "000712.g1_87@4miw_A.1"}, {"lrredund": 4.2492, "lrpepelmv": 5.8994, "hphfpdID": "000953.d134_259", "pdbset": null, "lrpepxh": -1.0, "finallr": 107.2347, "lrpepelmh": -1.0, "template": "3zx6:AB(0.03,0.09,3/531,5,3)", "viralprotein_id": 12947, "lrsm": 25.2364, "id": 52748206, "lrpepxv": 2.59, "lrredundpairs": -1.0, "humanprotein_id": 4431, "vphfpdID": "000712.g1_87@4miw_A.1"}, {"lrredund": -1.0, "lrpepelmv": -1.0, "hphfpdID": "006952", "pdbset": null, "lrpepxh": -1.0, "finallr": 136.2052, "lrpepelmh": -1.0, "template": "3zx6:AB(0.03,0.03,3/531,5,3)", "viralprotein_id": 12947, "lrsm": 99.2027, "id": 52748208, "lrpepxv": 3.84, "lrredundpairs": 1.373, "humanprotein_id": 7364, "vphfpdID": "000712.g1_87@4miw_A.1"}, {"lrredund": -1.0, "lrpepelmv": -1.0, "hphfpdID": "007851", "pdbset": null, "lrpepxh": -1.0, "finallr": 117.823, "lrpepelmh": -1.0, "template": "3zx6:AB(0.03,0.06,3/531,5,3)", "viralprotein_id": 12947, "lrsm": 99.2027, "id": 52748263, "lrpepxv": -1.0, "lrredundpairs": 1.1877, "humanprotein_id": 4752, "vphfpdID": "000712.g1_87@4miw_A.1"}, {"lrredund": 2.3254, "lrpepelmv": -1.0, "hphfpdID": "014599.d1_68", "pdbset": null, "lrpepxh": -1.0, "finallr": 230.6859, "lrpepelmh": -1.0, "template": "3zx6:AB(0.03,0.07,3/531,5,3)", "viralprotein_id": 12947, "lrsm": 99.2027, "id": 52748491, "lrpepxv": 2.59, "lrredundpairs": 1.1877, "humanprotein_id": 5193, "vphfpdID": "000712.g1_87@4miw_A.1"}, {"lrredund": -1.0, "lrpepelmv": -1.0, "hphfpdID": "011055", "pdbset": null, "lrpepxh": -1.0, "finallr": 136.2052, "lrpepelmh": -1.0, "template": "3zx6:AB(0.03,0.05,3/531,4,2)", "viralprotein_id": 12947, "lrsm": 99.2027, "id": 52748716, "lrpepxv": 2.59, "lrredundpairs": 1.373, "humanprotein_id": 6707, "vphfpdID": "000712.g1_87@4miw_A.1"}, {"lrredund": -1.0, "lrpepelmv": -1.0, "hphfpdID": "004979", "pdbset": null, "lrpepxh": -1.0, "finallr": 117.823, "lrpepelmh": -1.0, "template": "3zx6:AB(0.03,0.04,1/531,2,1)", "viralprotein_id": 12947, "lrsm": 99.2027, "id": 52748759, "lrpepxv": 2.59, "lrredundpairs": 1.1877, "humanprotein_id": 18568, "vphfpdID": "000712.g1_87@5j1n_A.2"}, {"lrredund": 19.2898, "lrpepelmv": 96.2413, "hphfpdID": "000002", "pdbset": null, "lrpepxh": -1.0, "finallr": 1856.474, "lrpepelmh": -1.0, "template": "2wh0:CA(0.34,0.04,26/64,16,16)", "viralprotein_id": 12947, "lrsm": 5.4987, "id": 52748892, "lrpepxv": -1.0, "lrredundpairs": 0.7707, "humanprotein_id": 6315, "vphfpdID": "000712.g1_87@5j1n_A.2"}, {"lrredund": 1.7951, "lrpepelmv": -1.0, "hphfpdID": "002988.d60_125", "pdbset": null, "lrpepxh": -1.0, "finallr": 178.0787, "lrpepelmh": -1.0, "template": "3zx6:AB(0.03,0.06,3/531,4,2)", "viralprotein_id": 12947, "lrsm": 99.2027, "id": 52749007, "lrpepxv": 2.59, "lrredundpairs": 0.7707, "humanprotein_id": 19170, "vphfpdID": "000712.g1_87@5j1n_A.2"}, {"lrredund": -1.0, "lrpepelmv": -1.0, "hphfpdID": "011353.d188_261", "pdbset": null, "lrpepxh": -1.0, "finallr": 117.823, "lrpepelmh": -1.0, "template": "3zx6:AB(0.03,0.03,1/531,1,0)", "viralprotein_id": 12947, "lrsm": 99.2027, "id": 52749216, "lrpepxv": -1.0, "lrredundpairs": 1.1877, "humanprotein_id": 16811, "vphfpdID": "000712.g1_87@4miw_A.1"}, {"lrredund": -1.0, "lrpepelmv": -1.0, "hphfpdID": "010686.d142_198", "pdbset": null, "lrpepxh": -1.0, "finallr": 117.823, "lrpepelmh": -1.0, "template": "3zx6:AB(0.03,0.03,1/531,2,1)", "viralprotein_id": 12947, "lrsm": 99.2027, "id": 52749282, "lrpepxv": -1.0, "lrredundpairs": 1.1877, "humanprotein_id": 4942, "vphfpdID": "000712.g1_87@4miw_A.1"}, {"lrredund": 4.2492, "lrpepelmv": -1.0, "hphfpdID": "011093.e627_691", "pdbset": null, "lrpepxh": -1.0, "finallr": 107.2347, "lrpepelmh": -1.0, "template": "3zx6:AB(0.03,0.10,3/531,5,3)", "viralprotein_id": 12947, "lrsm": 25.2364, "id": 52749340, "lrpepxv": 3.84, "lrredundpairs": -1.0, "humanprotein_id": 2016, "vphfpdID": "000712.g1_87@4miw_A.1"}, {"lrredund": -1.0, "lrpepelmv": -1.0, "hphfpdID": "013981", "pdbset": null, "lrpepxh": -1.0, "finallr": 117.823, "lrpepelmh": -1.0, "template": "3zx6:AB(0.03,0.04,3/531,5,3)", "viralprotein_id": 12947, "lrsm": 99.2027, "id": 52749641, "lrpepxv": -1.0, "lrredundpairs": 1.1877, "humanprotein_id": 9916, "vphfpdID": "000712.g1_87@4miw_A.1"}, {"lrredund": -1.0, "lrpepelmv": 10.4295, "hphfpdID": "017521.e2383_2542", "pdbset": null, "lrpepxh": -1.0, "finallr": 117.823, "lrpepelmh": -1.0, "template": "3zx6:AB(0.03,0.04,1/531,2,1)", "viralprotein_id": 12947, "lrsm": 99.2027, "id": 52749761, "lrpepxv": 2.59, "lrredundpairs": 1.1877, "humanprotein_id": 19636, "vphfpdID": "000712.g1_87@4miw_A.1"}, {"lrredund": 20.9141, "lrpepelmv": 96.2413, "hphfpdID": "000007", "pdbset": null, "lrpepxh": -1.0, "finallr": 2012.799, "lrpepelmh": -1.0, "template": "1yuz:BA(0.17,0.42,19/147,9,10)", "viralprotein_id": 12947, "lrsm": 1.8315, "id": 52749842, "lrpepxv": -1.0, "lrredundpairs": -1.0, "humanprotein_id": 6393, "vphfpdID": "000712@5j1n_A.2"}, {"lrredund": -1.0, "lrpepelmv": -1.0, "hphfpdID": "000787.d131_194", "pdbset": null, "lrpepxh": -1.0, "finallr": 117.823, "lrpepelmh": -1.0, "template": "3zx6:AB(0.03,0.03,1/531,2,1)", "viralprotein_id": 12947, "lrsm": 99.2027, "id": 52749905, "lrpepxv": -1.0, "lrredundpairs": 1.1877, "humanprotein_id": 800, "vphfpdID": "000712.g1_87@4miw_A.1"}, {"lrredund": 4.2492, "lrpepelmv": 32.9939, "hphfpdID": "017284.e489_542", "pdbset": null, "lrpepxh": -1.0, "finallr": 140.1976, "lrpepelmh": -1.0, "template": "2xf5:BE(0.58,0.54,35/42,21,24)", "viralprotein_id": 12947, "lrsm": 2.5395, "id": 52749919, "lrpepxv": -1.0, "lrredundpairs": -1.0, "humanprotein_id": 7960, "vphfpdID": "000712.g1_87@4miw_A.1"}, {"lrredund": 2.3254, "lrpepelmv": 9.677, "hphfpdID": "004757.e731_828", "pdbset": null, "lrpepxh": -1.0, "finallr": 230.6859, "lrpepelmh": -1.0, "template": "3zx6:AB(0.03,0.01,2/531,2,1)", "viralprotein_id": 12947, "lrsm": 99.2027, "id": 52750066, "lrpepxv": 2.59, "lrredundpairs": -1.0, "humanprotein_id": 5555, "vphfpdID": "000712.g1_87@5j1n_A.2"}, {"lrredund": 2.0764, "lrpepelmv": 50.5585, "hphfpdID": "014178.d112_237", "pdbset": null, "lrpepxh": -1.0, "finallr": 104.9797, "lrpepelmh": -1.0, "template": "2m5a:AB(0.29,0.57,139/148,46,69)", "viralprotein_id": 12947, "lrsm": 8.4952, "id": 52750070, "lrpepxv": 2.59, "lrredundpairs": -1.0, "humanprotein_id": 7007, "vphfpdID": "000712.g1_87@4miw_A.1"}, {"lrredund": 3.8142, "lrpepelmv": 96.2413, "hphfpdID": "000004", "pdbset": null, "lrpepxh": -1.0, "finallr": 367.0834, "lrpepelmh": -1.0, "template": "2wh0:CA(0.34,0.04,26/64,16,16)", "viralprotein_id": 12947, "lrsm": 5.4987, "id": 52750137, "lrpepxv": -1.0, "lrredundpairs": 0.7707, "humanprotein_id": 6298, "vphfpdID": "000712.g1_87@5j1n_A.2"}, {"lrredund": -1.0, "lrpepelmv": -1.0, "hphfpdID": "011356.d70_143", "pdbset": null, "lrpepxh": -1.0, "finallr": 117.823, "lrpepelmh": -1.0, "template": "3zx6:AB(0.03,0.06,3/531,5,3)", "viralprotein_id": 12947, "lrsm": 99.2027, "id": 52750647, "lrpepxv": -1.0, "lrredundpairs": 1.1877, "humanprotein_id": 1395, "vphfpdID": "000712.g1_87@4miw_A.1"}, {"lrredund": -1.0, "lrpepelmv": 4.1146, "hphfpdID": "008602.d311_410", "pdbset": null, "lrpepxh": -1.0, "finallr": 136.2052, "lrpepelmh": -1.0, "template": "3zx6:AB(0.03,0.06,3/531,5,3)", "viralprotein_id": 12947, "lrsm": 99.2027, "id": 52751069, "lrpepxv": 6.56, "lrredundpairs": 1.373, "humanprotein_id": 1675, "vphfpdID": "000712.g1_87@4miw_A.1"}, {"lrredund": -1.0, "lrpepelmv": -1.0, "hphfpdID": "015910.d228_282", "pdbset": null, "lrpepxh": -1.0, "finallr": 117.823, "lrpepelmh": -1.0, "template": "3zx6:AB(0.03,0.07,3/531,4,2)", "viralprotein_id": 12947, "lrsm": 99.2027, "id": 52751208, "lrpepxv": 3.66, "lrredundpairs": 1.1877, "humanprotein_id": 18805, "vphfpdID": "000712.g1_87@5j1n_A.2"}, {"lrredund": 1.0145, "lrpepelmv": -1.0, "hphfpdID": "014581.d152_255", "pdbset": null, "lrpepxh": -1.0, "finallr": 100.6411, "lrpepelmh": -1.0, "template": "3zx6:AB(0.03,0.05,3/531,5,3)", "viralprotein_id": 12947, "lrsm": 99.2027, "id": 52751235, "lrpepxv": -1.0, "lrredundpairs": -1.0, "humanprotein_id": 2233, "vphfpdID": "000712.g1_87@4miw_A.1"}, {"lrredund": -1.0, "lrpepelmv": -1.0, "hphfpdID": "004745.d3_58", "pdbset": null, "lrpepxh": -1.0, "finallr": 117.823, "lrpepelmh": -1.0, "template": "3zx6:AB(0.03,0.06,1/531,2,1)", "viralprotein_id": 12947, "lrsm": 99.2027, "id": 52751822, "lrpepxv": -1.0, "lrredundpairs": 1.1877, "humanprotein_id": 13241, "vphfpdID": "000712.g1_87@5j1n_A.2"}, {"lrredund": -1.0, "lrpepelmv": -1.0, "hphfpdID": "004975", "pdbset": null, "lrpepxh": -1.0, "finallr": 117.823, "lrpepelmh": -1.0, "template": "3zx6:AB(0.03,0.04,1/531,2,1)", "viralprotein_id": 12947, "lrsm": 99.2027, "id": 52751872, "lrpepxv": -1.0, "lrredundpairs": 1.1877, "humanprotein_id": 10169, "vphfpdID": "000712.g1_87@5j1n_A.2"}, {"lrredund": 20.9141, "lrpepelmv": -1.0, "hphfpdID": "016730", "pdbset": null, "lrpepxh": -1.0, "finallr": 171.6559, "lrpepelmh": -1.0, "template": "1wrd:AB(0.20,0.22,75/130,49,67)", "viralprotein_id": 12947, "lrsm": 8.2077, "id": 52751897, "lrpepxv": -1.0, "lrredundpairs": 1.373, "humanprotein_id": 6290, "vphfpdID": "000712.g1_87@4miw_A.1"}, {"lrredund": -1.0, "lrpepelmv": -1.0, "hphfpdID": "007819", "pdbset": null, "lrpepxh": -1.0, "finallr": 117.823, "lrpepelmh": -1.0, "template": "3zx6:AB(0.03,0.05,1/531,1,0)", "viralprotein_id": 12947, "lrsm": 99.2027, "id": 52751979, "lrpepxv": -1.0, "lrredundpairs": 1.1877, "humanprotein_id": 5489, "vphfpdID": "000712.g1_87@4miw_A.1"}, {"lrredund": -1.0, "lrpepelmv": -1.0, "hphfpdID": "016696", "pdbset": null, "lrpepxh": -1.0, "finallr": 136.2052, "lrpepelmh": -1.0, "template": "3zx6:AB(0.03,0.07,3/531,4,2)", "viralprotein_id": 12947, "lrsm": 99.2027, "id": 52751982, "lrpepxv": 3.84, "lrredundpairs": 1.373, "humanprotein_id": 6241, "vphfpdID": "000712.g1_87@4miw_A.1"}, {"lrredund": -1.0, "lrpepelmv": -1.0, "hphfpdID": "012352", "pdbset": null, "lrpepxh": -1.0, "finallr": 117.823, "lrpepelmh": -1.0, "template": "3zx6:AB(0.03,0.07,3/531,5,3)", "viralprotein_id": 12947, "lrsm": 99.2027, "id": 52752017, "lrpepxv": -1.0, "lrredundpairs": 1.1877, "humanprotein_id": 9557, "vphfpdID": "000712.g1_87@4miw_A.1"}, {"lrredund": -1.0, "lrpepelmv": -1.0, "hphfpdID": "004940", "pdbset": null, "lrpepxh": -1.0, "finallr": 117.823, "lrpepelmh": -1.0, "template": "3zx6:AB(0.03,0.04,1/531,2,1)", "viralprotein_id": 12947, "lrsm": 99.2027, "id": 52752286, "lrpepxv": 2.59, "lrredundpairs": 1.1877, "humanprotein_id": 3487, "vphfpdID": "000712.g1_87@5j1n_A.2"}, {"lrredund": -1.0, "lrpepelmv": -1.0, "hphfpdID": "007627.d206_261", "pdbset": null, "lrpepxh": -1.0, "finallr": 117.823, "lrpepelmh": -1.0, "template": "3zx6:AB(0.03,0.03,1/531,2,1)", "viralprotein_id": 12947, "lrsm": 99.2027, "id": 52752288, "lrpepxv": -1.0, "lrredundpairs": 1.1877, "humanprotein_id": 17440, "vphfpdID": "000712.g1_87@4miw_A.1"}, {"lrredund": 4.2492, "lrpepelmv": 32.9939, "hphfpdID": "017283.d76_264", "pdbset": null, "lrpepxh": -1.0, "finallr": 140.1976, "lrpepelmh": -1.0, "template": "4hwd:AD(0.38,0.39,38/44,21,15)", "viralprotein_id": 12947, "lrsm": 3.1848, "id": 52752307, "lrpepxv": 3.84, "lrredundpairs": -1.0, "humanprotein_id": 5846, "vphfpdID": "000712@5j1n_A.2"}, {"lrredund": 2.409, "lrpepelmv": 160.5487, "hphfpdID": "005933.d143_248", "pdbset": null, "lrpepxh": -1.0, "finallr": 386.7619, "lrpepelmh": -1.0, "template": "1h0t:AB(0.52,0.56,136/166,43,80)", "viralprotein_id": 12947, "lrsm": 8.0633, "id": 52752448, "lrpepxv": -1.0, "lrredundpairs": 1.1877, "humanprotein_id": 6869, "vphfpdID": "000712@5j1n_A.2"}, {"lrredund": 3.8142, "lrpepelmv": 50.5585, "hphfpdID": "014240.d655_725", "pdbset": null, "lrpepxh": -1.0, "finallr": 192.8402, "lrpepelmh": -1.0, "template": "1y76:DA(0.51,0.50,159/217,45,66)", "viralprotein_id": 12947, "lrsm": 5.0523, "id": 52752460, "lrpepxv": 2.59, "lrredundpairs": -1.0, "humanprotein_id": 3056, "vphfpdID": "000712.g1_87@5j1n_A.2"}, {"lrredund": -1.0, "lrpepelmv": -1.0, "hphfpdID": "017851", "pdbset": null, "lrpepxh": -1.0, "finallr": 136.2052, "lrpepelmh": -1.0, "template": "3zx6:BA(0.08,0.02,3/531,4,2)", "viralprotein_id": 12947, "lrsm": 99.2027, "id": 52752491, "lrpepxv": 2.59, "lrredundpairs": 1.373, "humanprotein_id": 5436, "vphfpdID": "000712.g1_87@4miw_A.1"}, {"lrredund": -1.0, "lrpepelmv": -1.0, "hphfpdID": "018297.d55_123", "pdbset": null, "lrpepxh": -1.0, "finallr": 117.823, "lrpepelmh": -1.0, "template": "3zx6:AB(0.03,0.04,3/531,4,2)", "viralprotein_id": 12947, "lrsm": 99.2027, "id": 52752512, "lrpepxv": -1.0, "lrredundpairs": 1.1877, "humanprotein_id": 8923, "vphfpdID": "000712.g1_87@5j1n_A.2"}, {"lrredund": -1.0, "lrpepelmv": -1.0, "hphfpdID": "012366.e1_94", "pdbset": null, "lrpepxh": -1.0, "finallr": 117.823, "lrpepelmh": -1.0, "template": "3zx6:AB(0.03,0.03,1/531,2,1)", "viralprotein_id": 12947, "lrsm": 99.2027, "id": 52752557, "lrpepxv": 2.59, "lrredundpairs": 1.1877, "humanprotein_id": 4809, "vphfpdID": "000712.g1_87@4miw_A.1"}, {"lrredund": -1.0, "lrpepelmv": -1.0, "hphfpdID": "016153.e164_400", "pdbset": null, "lrpepxh": -1.0, "finallr": 117.823, "lrpepelmh": -1.0, "template": "3zx6:AB(0.03,0.05,1/531,2,1)", "viralprotein_id": 12947, "lrsm": 99.2027, "id": 52752672, "lrpepxv": 2.59, "lrredundpairs": 1.1877, "humanprotein_id": 11431, "vphfpdID": "000712.g1_87@4miw_A.1"}, {"lrredund": 2.0764, "lrpepelmv": 50.5585, "hphfpdID": "014176.d85_210", "pdbset": null, "lrpepxh": -1.0, "finallr": 104.9797, "lrpepelmh": -1.0, "template": "1lp1:AB(0.28,0.58,95/102,43,58)", "viralprotein_id": 12947, "lrsm": 10.255, "id": 52752875, "lrpepxv": 2.59, "lrredundpairs": -1.0, "humanprotein_id": 4582, "vphfpdID": "000712.g1_87@5j1n_A.2"}, {"lrredund": 1.0145, "lrpepelmv": -1.0, "hphfpdID": "012899.d524_588", "pdbset": null, "lrpepxh": -1.0, "finallr": 100.6411, "lrpepelmh": -1.0, "template": "3zx6:AB(0.03,0.03,3/531,3,1)", "viralprotein_id": 12947, "lrsm": 99.2027, "id": 52753027, "lrpepxv": 3.66, "lrredundpairs": -1.0, "humanprotein_id": 5591, "vphfpdID": "000712.g1_87@5j1n_A.2"}, {"lrredund": -1.0, "lrpepelmv": -1.0, "hphfpdID": "010337", "pdbset": null, "lrpepxh": -1.0, "finallr": 117.823, "lrpepelmh": -1.0, "template": "3zx6:AB(0.03,0.06,3/531,2,0)", "viralprotein_id": 12947, "lrsm": 99.2027, "id": 52753334, "lrpepxv": -1.0, "lrredundpairs": 1.1877, "humanprotein_id": 15626, "vphfpdID": "000712.g1_87@5j1n_A.2"}, {"lrredund": -1.0, "lrpepelmv": -1.0, "hphfpdID": "015908", "pdbset": null, "lrpepxh": -1.0, "finallr": 117.823, "lrpepelmh": -1.0, "template": "3zx6:AB(0.03,0.05,1/531,2,1)", "viralprotein_id": 12947, "lrsm": 99.2027, "id": 52753422, "lrpepxv": 3.84, "lrredundpairs": 1.1877, "humanprotein_id": 17492, "vphfpdID": "000712.g1_87@5j1n_A.2"}, {"lrredund": -1.0, "lrpepelmv": -1.0, "hphfpdID": "004939", "pdbset": null, "lrpepxh": -1.0, "finallr": 117.823, "lrpepelmh": -1.0, "template": "3zx6:AB(0.03,0.04,1/531,2,1)", "viralprotein_id": 12947, "lrsm": 99.2027, "id": 52753721, "lrpepxv": 2.59, "lrredundpairs": 1.1877, "humanprotein_id": 3486, "vphfpdID": "000712.g1_87@5j1n_A.2"}, {"lrredund": -1.0, "lrpepelmv": -1.0, "hphfpdID": "000968.d76_219", "pdbset": null, "lrpepxh": -1.0, "finallr": 136.2052, "lrpepelmh": -1.0, "template": "3zx6:AB(0.03,0.05,3/531,4,2)", "viralprotein_id": 12947, "lrsm": 99.2027, "id": 52753729, "lrpepxv": 3.84, "lrredundpairs": 1.373, "humanprotein_id": 3064, "vphfpdID": "000712.g1_87@5j1n_A.2"}, {"lrredund": 19.2898, "lrpepelmv": 2.8446, "hphfpdID": "001509", "pdbset": null, "lrpepxh": -1.0, "finallr": 1913.599, "lrpepelmh": -1.0, "template": "3zx6:AB(0.03,0.06,1/531,2,1)", "viralprotein_id": 12947, "lrsm": 99.2027, "id": 52753771, "lrpepxv": -1.0, "lrredundpairs": 1.5513, "humanprotein_id": 2598, "vphfpdID": "000712.g1_87@4miw_A.1"}, {"lrredund": -1.0, "lrpepelmv": -1.0, "hphfpdID": "005489.d135_199", "pdbset": null, "lrpepxh": -1.0, "finallr": 117.823, "lrpepelmh": -1.0, "template": "3zx6:AB(0.03,0.04,1/531,2,1)", "viralprotein_id": 12947, "lrsm": 99.2027, "id": 52754116, "lrpepxv": 3.84, "lrredundpairs": 1.1877, "humanprotein_id": 12341, "vphfpdID": "000712.g1_87@5j1n_A.2"}, {"lrredund": -1.0, "lrpepelmv": -1.0, "hphfpdID": "013690.d99_153", "pdbset": null, "lrpepxh": -1.0, "finallr": 136.2052, "lrpepelmh": -1.0, "template": "3zx6:AB(0.03,0.06,3/531,5,3)", "viralprotein_id": 12947, "lrsm": 99.2027, "id": 52754286, "lrpepxv": -1.0, "lrredundpairs": 1.373, "humanprotein_id": 5877, "vphfpdID": "000712.g1_87@4miw_A.1"}, {"lrredund": -1.0, "lrpepelmv": -1.0, "hphfpdID": "001511", "pdbset": null, "lrpepxh": -1.0, "finallr": 136.2052, "lrpepelmh": -1.0, "template": "3zx6:AB(0.03,0.07,1/531,2,1)", "viralprotein_id": 12947, "lrsm": 99.2027, "id": 52754292, "lrpepxv": -1.0, "lrredundpairs": 1.373, "humanprotein_id": 18992, "vphfpdID": "000712.g1_87@5j1n_A.2"}, {"lrredund": 2.3254, "lrpepelmv": -1.0, "hphfpdID": "002639.g93_194", "pdbset": null, "lrpepxh": -1.0, "finallr": 230.6859, "lrpepelmh": -1.0, "template": "3zx6:AB(0.03,0.05,2/531,3,2)", "viralprotein_id": 12947, "lrsm": 99.2027, "id": 52754381, "lrpepxv": 3.66, "lrredundpairs": -1.0, "humanprotein_id": 4658, "vphfpdID": "000712.g1_87@4miw_A.1"}, {"lrredund": 19.2898, "lrpepelmv": 5.8994, "hphfpdID": "004076.d108_222", "pdbset": null, "lrpepxh": -1.0, "finallr": 197.8178, "lrpepelmh": -1.0, "template": "1u7j:AB(0.42,0.44,119/147,41,72)", "viralprotein_id": 12947, "lrsm": 10.255, "id": 52754418, "lrpepxv": 3.66, "lrredundpairs": 0.7707, "humanprotein_id": 4894, "vphfpdID": "000712.g1_87@4miw_A.1"}, {"lrredund": -1.0, "lrpepelmv": -1.0, "hphfpdID": "013416.e1_119", "pdbset": null, "lrpepxh": -1.0, "finallr": 117.823, "lrpepelmh": -1.0, "template": "3zx6:AB(0.03,0.07,1/531,1,0)", "viralprotein_id": 12947, "lrsm": 99.2027, "id": 52754443, "lrpepxv": -1.0, "lrredundpairs": 1.1877, "humanprotein_id": 796, "vphfpdID": "000712.g1_87@5j1n_A.2"}, {"lrredund": -1.0, "lrpepelmv": -1.0, "hphfpdID": "004936", "pdbset": null, "lrpepxh": -1.0, "finallr": 117.823, "lrpepelmh": -1.0, "template": "3zx6:AB(0.03,0.04,1/531,2,1)", "viralprotein_id": 12947, "lrsm": 99.2027, "id": 52754464, "lrpepxv": 2.59, "lrredundpairs": 1.1877, "humanprotein_id": 3483, "vphfpdID": "000712.g1_87@5j1n_A.2"}, {"lrredund": -1.0, "lrpepelmv": -1.0, "hphfpdID": "013640.d62_127", "pdbset": null, "lrpepxh": -1.0, "finallr": 136.2052, "lrpepelmh": -1.0, "template": "3zx6:AB(0.03,0.05,3/531,4,2)", "viralprotein_id": 12947, "lrsm": 99.2027, "id": 52754670, "lrpepxv": -1.0, "lrredundpairs": 1.373, "humanprotein_id": 2006, "vphfpdID": "000712.g1_87@5j1n_A.2"}, {"lrredund": 1.7092, "lrpepelmv": 160.5487, "hphfpdID": "005934.e145_260", "pdbset": null, "lrpepxh": -1.0, "finallr": 274.4099, "lrpepelmh": -1.0, "template": "1u7j:AB(0.42,0.52,119/147,41,44)", "viralprotein_id": 12947, "lrsm": 10.255, "id": 52754765, "lrpepxv": 2.59, "lrredundpairs": 1.5513, "humanprotein_id": 7607, "vphfpdID": "000712.g1_87@4miw_A.1"}, {"lrredund": -1.0, "lrpepelmv": -1.0, "hphfpdID": "002842.e83_137", "pdbset": null, "lrpepxh": -1.0, "finallr": 117.823, "lrpepelmh": -1.0, "template": "3zx6:AB(0.03,0.04,1/531,2,1)", "viralprotein_id": 12947, "lrsm": 99.2027, "id": 52754766, "lrpepxv": -1.0, "lrredundpairs": 1.1877, "humanprotein_id": 12279, "vphfpdID": "000712.g1_87@4miw_A.1"}, {"lrredund": -1.0, "lrpepelmv": -1.0, "hphfpdID": "006629", "pdbset": null, "lrpepxh": -1.0, "finallr": 117.823, "lrpepelmh": -1.0, "template": "3zx6:AB(0.03,0.03,1/531,2,1)", "viralprotein_id": 12947, "lrsm": 99.2027, "id": 52754810, "lrpepxv": -1.0, "lrredundpairs": 1.1877, "humanprotein_id": 5786, "vphfpdID": "000712.g1_87@4miw_A.1"}, {"lrredund": 1.2535, "lrpepelmv": -1.0, "hphfpdID": "002257.d1986_2413", "pdbset": null, "lrpepxh": -1.0, "finallr": 124.3505, "lrpepelmh": -1.0, "template": "3zx6:AB(0.03,0.05,1/531,2,1)", "viralprotein_id": 12947, "lrsm": 99.2027, "id": 52754816, "lrpepxv": 3.66, "lrredundpairs": 0.7707, "humanprotein_id": 14090, "vphfpdID": "000712.g1_87@4miw_A.1"}, {"lrredund": -1.0, "lrpepelmv": -1.0, "hphfpdID": "004074", "pdbset": null, "lrpepxh": -1.0, "finallr": 136.2052, "lrpepelmh": -1.0, "template": "3zx6:AB(0.03,0.02,3/531,2,0)", "viralprotein_id": 12947, "lrsm": 99.2027, "id": 52754958, "lrpepxv": 2.59, "lrredundpairs": 1.373, "humanprotein_id": 4478, "vphfpdID": "000712.g1_87@5j1n_A.2"}, {"lrredund": 2.3254, "lrpepelmv": 4.1146, "hphfpdID": "002676.g192_292", "pdbset": null, "lrpepxh": -1.0, "finallr": 230.6859, "lrpepelmh": -1.0, "template": "3zx6:AB(0.03,0.04,3/531,2,0)", "viralprotein_id": 12947, "lrsm": 99.2027, "id": 52755300, "lrpepxv": -1.0, "lrredundpairs": 1.5513, "humanprotein_id": 6644, "vphfpdID": "000712.g1_87@5j1n_A.2"}, {"lrredund": 20.9141, "lrpepelmv": -1.0, "hphfpdID": "000172.d365_549", "pdbset": null, "lrpepxh": -1.0, "finallr": 527.7975, "lrpepelmh": -1.0, "template": "3zx6:AB(0.03,0.12,3/531,3,1)", "viralprotein_id": 12947, "lrsm": 25.2364, "id": 52755375, "lrpepxv": 5.43, "lrredundpairs": 0.7707, "humanprotein_id": 2981, "vphfpdID": "000712.g1_87@5j1n_A.2"}, {"lrredund": 1.7951, "lrpepelmv": -1.0, "hphfpdID": "014320.d486_545", "pdbset": null, "lrpepxh": -1.0, "finallr": 178.0787, "lrpepelmh": -1.0, "template": "3zx6:AB(0.03,0.04,1/531,2,1)", "viralprotein_id": 12947, "lrsm": 99.2027, "id": 52755423, "lrpepxv": -1.0, "lrredundpairs": -1.0, "humanprotein_id": 14138, "vphfpdID": "000712.g1_87@4miw_A.1"}, {"lrredund": -1.0, "lrpepelmv": -1.0, "hphfpdID": "010184.d247_303", "pdbset": null, "lrpepxh": -1.0, "finallr": 117.823, "lrpepelmh": -1.0, "template": "3zx6:AB(0.03,0.03,1/531,2,1)", "viralprotein_id": 12947, "lrsm": 99.2027, "id": 52755514, "lrpepxv": 2.59, "lrredundpairs": 1.1877, "humanprotein_id": 536, "vphfpdID": "000712.g1_87@4miw_A.1"}, {"lrredund": 21.3884, "lrpepelmv": -1.0, "hphfpdID": "014262.d1_78", "pdbset": null, "lrpepxh": -1.0, "finallr": 438.3311, "lrpepelmh": -1.0, "template": "1wrd:AB(0.22,0.07,75/130,45,61)", "viralprotein_id": 12947, "lrsm": 20.4939, "id": 52756291, "lrpepxv": -1.0, "lrredundpairs": -1.0, "humanprotein_id": 5865, "vphfpdID": "000712.g1_87@5j1n_A.2"}, {"lrredund": 4.2492, "lrpepelmv": 4.1146, "hphfpdID": "016642.e358_426", "pdbset": null, "lrpepxh": -1.0, "finallr": 421.532, "lrpepelmh": -1.0, "template": "3zx6:AB(0.03,0.06,3/531,3,1)", "viralprotein_id": 12947, "lrsm": 99.2027, "id": 52756318, "lrpepxv": -1.0, "lrredundpairs": 1.373, "humanprotein_id": 980, "vphfpdID": "000712.g1_87@5j1n_A.2"}, {"lrredund": -1.0, "lrpepelmv": -1.0, "hphfpdID": "004362.e167_264", "pdbset": null, "lrpepxh": -1.0, "finallr": 117.823, "lrpepelmh": -1.0, "template": "3zx6:AB(0.03,0.06,1/531,2,1)", "viralprotein_id": 12947, "lrsm": 99.2027, "id": 52756339, "lrpepxv": -1.0, "lrredundpairs": 1.1877, "humanprotein_id": 10498, "vphfpdID": "000712.g1_87@5j1n_A.2"}, {"lrredund": 2.3254, "lrpepelmv": 96.2413, "hphfpdID": "000003", "pdbset": null, "lrpepxh": -1.0, "finallr": 223.7994, "lrpepelmh": -1.0, "template": "2wh0:CA(0.34,0.03,26/64,16,16)", "viralprotein_id": 12947, "lrsm": 5.4987, "id": 52756529, "lrpepxv": -1.0, "lrredundpairs": 0.7707, "humanprotein_id": 6857, "vphfpdID": "000712.g1_87@5j1n_A.2"}, {"lrredund": 4.2492, "lrpepelmv": 96.2413, "hphfpdID": "000001", "pdbset": null, "lrpepxh": -1.0, "finallr": 408.9483, "lrpepelmh": -1.0, "template": "2c63:DB(0.36,0.03,17/41,14,13)", "viralprotein_id": 12947, "lrsm": 5.4987, "id": 52756625, "lrpepxv": -1.0, "lrredundpairs": 0.7707, "humanprotein_id": 4793, "vphfpdID": "000712.g1_87@5j1n_A.2"}, {"lrredund": -1.0, "lrpepelmv": -1.0, "hphfpdID": "011362.d143_205", "pdbset": null, "lrpepxh": -1.0, "finallr": 136.2052, "lrpepelmh": -1.0, "template": "3zx6:AB(0.03,0.03,1/531,2,1)", "viralprotein_id": 12947, "lrsm": 99.2027, "id": 52757051, "lrpepxv": -1.0, "lrredundpairs": 1.373, "humanprotein_id": 16440, "vphfpdID": "000712.g1_87@4miw_A.1"}, {"lrredund": 15.8699, "lrpepelmv": -1.0, "hphfpdID": "010507.d9_86", "pdbset": null, "lrpepxh": -1.0, "finallr": 325.2357, "lrpepelmh": -1.0, "template": "1wrd:AB(0.22,0.16,74/130,49,63)", "viralprotein_id": 12947, "lrsm": 20.4939, "id": 52757190, "lrpepxv": 5.43, "lrredundpairs": 0.7707, "humanprotein_id": 4475, "vphfpdID": "000712.g1_87@5j1n_A.2"}, {"lrredund": -1.0, "lrpepelmv": -1.0, "hphfpdID": "017184", "pdbset": null, "lrpepxh": -1.0, "finallr": 117.823, "lrpepelmh": -1.0, "template": "3zx6:AB(0.03,0.06,1/531,2,1)", "viralprotein_id": 12947, "lrsm": 99.2027, "id": 52757228, "lrpepxv": 5.43, "lrredundpairs": 1.1877, "humanprotein_id": 4992, "vphfpdID": "000712.g1_87@4miw_A.1"}, {"lrredund": 20.9141, "lrpepelmv": -1.0, "hphfpdID": "015989.d45_131", "pdbset": null, "lrpepxh": -1.0, "finallr": 692.5565, "lrpepelmh": -1.0, "template": "1ozj:AB(0.17,0.00,1/1,2,1)", "viralprotein_id": 12945, "lrsm": 33.1143, "id": 82978823, "lrpepxv": -1.0, "lrredundpairs": 1.5513, "humanprotein_id": 6577, "vphfpdID": "000710"}, {"lrredund": 20.9141, "lrpepelmv": -1.0, "hphfpdID": "004136", "pdbset": null, "lrpepxh": -1.0, "finallr": 143.0767, "lrpepelmh": -1.0, "template": "1u6g:BA(0.45,0.00,70/247,43,54)", "viralprotein_id": 12945, "lrsm": 6.8412, "id": 82979121, "lrpepxv": -1.0, "lrredundpairs": 0.7707, "humanprotein_id": 7444, "vphfpdID": "000710"}, {"lrredund": 20.9141, "lrpepelmv": -1.0, "hphfpdID": "001452", "pdbset": null, "lrpepxh": 3.66, "finallr": 527.7975, "lrpepelmh": -1.0, "template": "1pqz:AB(0.17,0.02,9/124,10,8)", "viralprotein_id": 12945, "lrsm": 25.2364, "id": 82980650, "lrpepxv": -1.0, "lrredundpairs": 1.5513, "humanprotein_id": 6282, "vphfpdID": "000710"}, {"lrredund": -1.0, "lrpepelmv": -1.0, "hphfpdID": "007235.d40_199", "pdbset": null, "lrpepxh": -1.0, "finallr": 116.6671, "lrpepelmh": -1.0, "template": "2vcv:CD(0.38,0.01,60/137,42,54)", "viralprotein_id": 12945, "lrsm": 84.9724, "id": 82982198, "lrpepxv": -1.0, "lrredundpairs": 1.373, "humanprotein_id": 10883, "vphfpdID": "000710"}, {"lrredund": 20.9141, "lrpepelmv": 19.8804, "hphfpdID": "001509.e1_53", "pdbset": null, "lrpepxh": -1.0, "finallr": 415.7807, "lrpepelmh": -1.0, "template": "3p3f:AC(0.15,0.22,1/26,2,1)", "viralprotein_id": 12945, "lrsm": 4.5731, "id": 82982312, "lrpepxv": -1.0, "lrredundpairs": 2.4183, "humanprotein_id": 2598, "vphfpdID": "000710"}, {"lrredund": 4.0064, "lrpepelmv": -1.0, "hphfpdID": "008899", "pdbset": null, "lrpepxh": -1.0, "finallr": 154.3132, "lrpepelmh": -1.0, "template": "1xbt:DB(0.18,0.00,32/145,21,27)", "viralprotein_id": 12945, "lrsm": 38.5167, "id": 82983244, "lrpepxv": -1.0, "lrredundpairs": 1.5513, "humanprotein_id": 2925, "vphfpdID": "000710"}, {"lrredund": 20.9141, "lrpepelmv": 22.0743, "hphfpdID": "007144.e151_217", "pdbset": null, "lrpepxh": 7.37, "finallr": 461.6652, "lrpepelmh": -1.0, "template": "1g83:AB(0.55,0.05,31/35,22,30)", "viralprotein_id": 12945, "lrsm": 4.804, "id": 82983473, "lrpepxv": -1.0, "lrredundpairs": 1.7812, "humanprotein_id": 6385, "vphfpdID": "000710"}, {"lrredund": 20.9141, "lrpepelmv": 8.8544, "hphfpdID": "016615.d584_674", "pdbset": null, "lrpepxh": -1.0, "finallr": 185.1826, "lrpepelmh": -1.0, "template": "1lql:EF(0.54,0.39,78/345,42,56)", "viralprotein_id": 12945, "lrsm": 3.8101, "id": 82985082, "lrpepxv": -1.0, "lrredundpairs": -1.0, "humanprotein_id": 5095, "vphfpdID": "000710"}, {"lrredund": 20.9141, "lrpepelmv": -1.0, "hphfpdID": "017454.e64_147", "pdbset": null, "lrpepxh": -1.0, "finallr": 145.9733, "lrpepelmh": -1.0, "template": "2oxq:DC(0.28,0.11,30/77,22,30)", "viralprotein_id": 12945, "lrsm": 6.9797, "id": 82986263, "lrpepxv": -1.0, "lrredundpairs": -1.0, "humanprotein_id": 7296, "vphfpdID": "000710"}, {"lrredund": 1.7092, "lrpepelmv": -1.0, "hphfpdID": "017367.e228_285", "pdbset": null, "lrpepxh": -1.0, "finallr": 135.8763, "lrpepelmh": -1.0, "template": "2ds6:BA(0.39,0.38,60/71,42,59)", "viralprotein_id": 12945, "lrsm": 79.497, "id": 82986491, "lrpepxv": -1.0, "lrredundpairs": -1.0, "humanprotein_id": 1468, "vphfpdID": "000710"}, {"lrredund": 19.2898, "lrpepelmv": -1.0, "hphfpdID": "016869.d56_203", "pdbset": null, "lrpepxh": -1.0, "finallr": 134.6362, "lrpepelmh": -1.0, "template": "3lsz:CA(0.29,0.04,40/127,29,34)", "viralprotein_id": 12945, "lrsm": 6.9797, "id": 82986501, "lrpepxv": -1.0, "lrredundpairs": -1.0, "humanprotein_id": 4495, "vphfpdID": "000710"}, {"lrredund": 1.7951, "lrpepelmv": -1.0, "hphfpdID": "009448.e444_535", "pdbset": null, "lrpepxh": -1.0, "finallr": 142.7051, "lrpepelmh": -1.0, "template": "2ds6:BA(0.39,0.36,60/71,41,58)", "viralprotein_id": 12945, "lrsm": 79.497, "id": 82986919, "lrpepxv": -1.0, "lrredundpairs": 1.5513, "humanprotein_id": 18654, "vphfpdID": "000710"}, {"lrredund": 3.7695, "lrpepelmv": -1.0, "hphfpdID": "007245", "pdbset": null, "lrpepxh": -1.0, "finallr": 145.1886, "lrpepelmh": -1.0, "template": "14gs:BA(0.16,0.00,39/102,23,33)", "viralprotein_id": 12945, "lrsm": 38.5167, "id": 82987210, "lrpepxv": -1.0, "lrredundpairs": 1.373, "humanprotein_id": 3251, "vphfpdID": "000710"}, {"lrredund": 20.9141, "lrpepelmv": 22.0743, "hphfpdID": "016466.e142_262", "pdbset": null, "lrpepxh": 7.37, "finallr": 461.6652, "lrpepelmh": -1.0, "template": "1is0:AB(0.37,0.02,17/35,11,14)", "viralprotein_id": 12945, "lrsm": 5.4987, "id": 82988317, "lrpepxv": -1.0, "lrredundpairs": 3.9363, "humanprotein_id": 3727, "vphfpdID": "000710"}, {"lrredund": 1.7951, "lrpepelmv": -1.0, "hphfpdID": "006155.e156_219", "pdbset": null, "lrpepxh": -1.0, "finallr": 142.7051, "lrpepelmh": -1.0, "template": "2ds6:BA(0.39,0.33,60/71,41,57)", "viralprotein_id": 12945, "lrsm": 79.497, "id": 82988486, "lrpepxv": -1.0, "lrredundpairs": -1.0, "humanprotein_id": 7460, "vphfpdID": "000710"}, {"lrredund": 1.7951, "lrpepelmv": -1.0, "hphfpdID": "009586.e205_268", "pdbset": null, "lrpepxh": -1.0, "finallr": 215.2604, "lrpepelmh": -1.0, "template": "2ds6:AB(0.40,0.19,60/71,41,58)", "viralprotein_id": 12945, "lrsm": 119.9155, "id": 82988534, "lrpepxv": -1.0, "lrredundpairs": -1.0, "humanprotein_id": 1826, "vphfpdID": "000710"}, {"lrredund": 20.9141, "lrpepelmv": 8.8544, "hphfpdID": "016613.e122_316", "pdbset": null, "lrpepxh": -1.0, "finallr": 185.1826, "lrpepelmh": -1.0, "template": "1xwg:AB(0.39,0.40,45/136,23,19)", "viralprotein_id": 12945, "lrsm": 1.8531, "id": 82989968, "lrpepxv": -1.0, "lrredundpairs": 0.7707, "humanprotein_id": 5161, "vphfpdID": "000710"}, {"lrredund": 3.7695, "lrpepelmv": -1.0, "hphfpdID": "014544.e1_103", "pdbset": null, "lrpepxh": -1.0, "finallr": 182.4129, "lrpepelmh": -1.0, "template": "2h0d:AB(0.38,0.01,55/204,44,54)", "viralprotein_id": 12945, "lrsm": 48.3918, "id": 82990897, "lrpepxv": -1.0, "lrredundpairs": 3.9363, "humanprotein_id": 15529, "vphfpdID": "000710"}, {"lrredund": 3.7695, "lrpepelmv": 71.0199, "hphfpdID": "018190", "pdbset": null, "lrpepxh": -1.0, "finallr": 267.7097, "lrpepelmh": -1.0, "template": "2c2v:VK(0.35,0.10,48/56,29,42)", "viralprotein_id": 12945, "lrsm": 4.804, "id": 82991005, "lrpepxv": -1.0, "lrredundpairs": 2.3768, "humanprotein_id": 15650, "vphfpdID": "000710"}, {"lrredund": 1.7092, "lrpepelmv": 88.0779, "hphfpdID": "011393.d137_294", "pdbset": null, "lrpepxh": -1.0, "finallr": 150.5426, "lrpepelmh": -1.0, "template": "3abf:CE(0.23,0.46,35/57,21,29)", "viralprotein_id": 12945, "lrsm": 2.0697, "id": 82991259, "lrpepxv": -1.0, "lrredundpairs": -1.0, "humanprotein_id": 4671, "vphfpdID": "000710"}, {"lrredund": 3.124, "lrpepelmv": -1.0, "hphfpdID": "015993.d92_202", "pdbset": null, "lrpepxh": -1.0, "finallr": 103.4491, "lrpepelmh": -1.0, "template": "1ozj:AB(0.17,0.01,1/1,1,0)", "viralprotein_id": 12945, "lrsm": 33.1143, "id": 82991392, "lrpepxv": -1.0, "lrredundpairs": -1.0, "humanprotein_id": 1252, "vphfpdID": "000710"}, {"lrredund": 15.8699, "lrpepelmv": 22.0743, "hphfpdID": "001060.e180_274", "pdbset": null, "lrpepxh": 7.37, "finallr": 350.3177, "lrpepelmh": -1.0, "template": "1x27:FD(0.50,0.09,32/76,23,32)", "viralprotein_id": 12945, "lrsm": 3.1219, "id": 82991880, "lrpepxv": -1.0, "lrredundpairs": 1.373, "humanprotein_id": 17652, "vphfpdID": "000710"}, {"lrredund": 1.7951, "lrpepelmv": -1.0, "hphfpdID": "017198.e63_127", "pdbset": null, "lrpepxh": -1.0, "finallr": 152.5339, "lrpepelmh": -1.0, "template": "2phe:BA(0.34,0.05,57/130,42,57)", "viralprotein_id": 12945, "lrsm": 84.9724, "id": 82993505, "lrpepxv": -1.0, "lrredundpairs": 1.774, "humanprotein_id": 5833, "vphfpdID": "000710"}, {"lrredund": 20.9141, "lrpepelmv": 9.677, "hphfpdID": "001751.e1_73", "pdbset": null, "lrpepxh": -1.0, "finallr": 211.4847, "lrpepelmh": -1.0, "template": "1ovx:BA(0.33,0.37,122/145,41,64)", "viralprotein_id": 12945, "lrsm": 10.1121, "id": 82993584, "lrpepxv": -1.0, "lrredundpairs": 1.373, "humanprotein_id": 5041, "vphfpdID": "000710"}, {"lrredund": -1.0, "lrpepelmv": -1.0, "hphfpdID": "007233.d53_207", "pdbset": null, "lrpepxh": -1.0, "finallr": 116.6671, "lrpepelmh": -1.0, "template": "2vcv:CD(0.38,0.00,60/137,41,53)", "viralprotein_id": 12945, "lrsm": 84.9724, "id": 82993641, "lrpepxv": -1.0, "lrredundpairs": 1.373, "humanprotein_id": 8199, "vphfpdID": "000710"}, {"lrredund": 20.9141, "lrpepelmv": -1.0, "hphfpdID": "010507.d93_206", "pdbset": null, "lrpepxh": 5.22, "finallr": 109.1716, "lrpepelmh": -1.0, "template": "2d10:DA(0.59,0.01,58/128,23,13)", "viralprotein_id": 12945, "lrsm": 3.1219, "id": 82994624, "lrpepxv": -1.0, "lrredundpairs": 1.1877, "humanprotein_id": 4475, "vphfpdID": "000710"}, {"lrredund": 20.9141, "lrpepelmv": 7.4157, "hphfpdID": "005478.e180_309", "pdbset": null, "lrpepxh": 3.51, "finallr": 155.0917, "lrpepelmh": -1.0, "template": "1hlz:AB(0.40,0.17,6/10,4,2)", "viralprotein_id": 12945, "lrsm": 2.2022, "id": 82995080, "lrpepxv": -1.0, "lrredundpairs": 1.774, "humanprotein_id": 2880, "vphfpdID": "000710"}]