[{"lrredund": -1.0, "lrpepelmv": 137.2032, "hphfpdID": "000007", "pdbset": null, "lrpepxh": -1.0, "finallr": 137.2032, "lrpepelmh": -1.0, "template": "", "viralprotein_id": 12937, "lrsm": -1.0, "id": 14844082, "lrpepxv": -1.0, "lrredundpairs": -1.0, "humanprotein_id": 6393, "vphfpdID": "000702"}, {"lrredund": -1.0, "lrpepelmv": 137.2032, "hphfpdID": "000004", "pdbset": null, "lrpepxh": -1.0, "finallr": 137.2032, "lrpepelmh": -1.0, "template": "", "viralprotein_id": 12937, "lrsm": -1.0, "id": 14845109, "lrpepxv": -1.0, "lrredundpairs": -1.0, "humanprotein_id": 6298, "vphfpdID": "000702"}, {"lrredund": -1.0, "lrpepelmv": 137.2032, "hphfpdID": "000005", "pdbset": null, "lrpepxh": -1.0, "finallr": 137.2032, "lrpepelmh": -1.0, "template": "", "viralprotein_id": 12937, "lrsm": -1.0, "id": 14846907, "lrpepxv": -1.0, "lrredundpairs": -1.0, "humanprotein_id": 4794, "vphfpdID": "000702"}, {"lrredund": -1.0, "lrpepelmv": 578.4056, "hphfpdID": "012727.g1_126", "pdbset": null, "lrpepxh": -1.0, "finallr": 578.4056, "lrpepelmh": -1.0, "template": "3kvp:FB(0.46,0.20,61/67,9,2)", "viralprotein_id": 12937, "lrsm": 2.4439, "id": 14847256, "lrpepxv": -1.0, "lrredundpairs": -1.0, "humanprotein_id": 3684, "vphfpdID": "000702"}, {"lrredund": -1.0, "lrpepelmv": 137.2032, "hphfpdID": "000006", "pdbset": null, "lrpepxh": -1.0, "finallr": 137.2032, "lrpepelmh": -1.0, "template": "", "viralprotein_id": 12937, "lrsm": -1.0, "id": 14848594, "lrpepxv": -1.0, "lrredundpairs": -1.0, "humanprotein_id": 4514, "vphfpdID": "000702"}, {"lrredund": -1.0, "lrpepelmv": 137.2032, "hphfpdID": "000002", "pdbset": null, "lrpepxh": -1.0, "finallr": 137.2032, "lrpepelmh": -1.0, "template": "", "viralprotein_id": 12937, "lrsm": -1.0, "id": 14850137, "lrpepxv": -1.0, "lrredundpairs": -1.0, "humanprotein_id": 6315, "vphfpdID": "000702"}, {"lrredund": -1.0, "lrpepelmv": 137.2032, "hphfpdID": "000003", "pdbset": null, "lrpepxh": -1.0, "finallr": 137.2032, "lrpepelmh": -1.0, "template": "", "viralprotein_id": 12937, "lrsm": -1.0, "id": 14850546, "lrpepxv": -1.0, "lrredundpairs": -1.0, "humanprotein_id": 6857, "vphfpdID": "000702"}, {"lrredund": -1.0, "lrpepelmv": 137.2032, "hphfpdID": "000001", "pdbset": null, "lrpepxh": -1.0, "finallr": 137.2032, "lrpepelmh": -1.0, "template": "", "viralprotein_id": 12937, "lrsm": -1.0, "id": 14850789, "lrpepxv": -1.0, "lrredundpairs": -1.0, "humanprotein_id": 4793, "vphfpdID": "000702"}, {"lrredund": 15.8699, "lrpepelmv": -1.0, "hphfpdID": "007725.d40_193", "pdbset": null, "lrpepxh": -1.0, "finallr": 123.7092, "lrpepelmh": -1.0, "template": "1us7:BA(0.34,0.04,32/62,23,27)", "viralprotein_id": 12938, "lrsm": 7.7952, "id": 35074959, "lrpepxv": 2.59, "lrredundpairs": 0.7707, "humanprotein_id": 3138, "vphfpdID": "000703.g1_85"}, {"lrredund": 21.3884, "lrpepelmv": 6.3442, "hphfpdID": "001349.d2679_3055", "pdbset": null, "lrpepxh": -1.0, "finallr": 135.6925, "lrpepelmh": -1.0, "template": "", "viralprotein_id": 12938, "lrsm": -1.0, "id": 35076232, "lrpepxv": 3.51, "lrredundpairs": -1.0, "humanprotein_id": 7312, "vphfpdID": "000703"}, {"lrredund": 20.9141, "lrpepelmv": -1.0, "hphfpdID": "018501.e80_165", "pdbset": null, "lrpepxh": -1.0, "finallr": 428.6109, "lrpepelmh": -1.0, "template": "1wrd:AB(0.23,0.11,74/130,47,66)", "viralprotein_id": 12938, "lrsm": 20.4939, "id": 35076465, "lrpepxv": -1.0, "lrredundpairs": 1.1877, "humanprotein_id": 1286, "vphfpdID": "000703.g1_85"}, {"lrredund": 3.8142, "lrpepelmv": 27.4837, "hphfpdID": "010174.e1_100", "pdbset": null, "lrpepxh": -1.0, "finallr": 104.8284, "lrpepelmh": -1.0, "template": "4faz:CA(0.52,0.48,56/80,22,29)", "viralprotein_id": 12938, "lrsm": 1.7387, "id": 35076552, "lrpepxv": 3.51, "lrredundpairs": -1.0, "humanprotein_id": 6667, "vphfpdID": "000703"}, {"lrredund": 1.0145, "lrpepelmv": -1.0, "hphfpdID": "012899.g589_639", "pdbset": null, "lrpepxh": -1.0, "finallr": 100.6411, "lrpepelmh": -1.0, "template": "3zx6:BA(0.08,0.01,2/531,3,1)", "viralprotein_id": 12938, "lrsm": 99.2027, "id": 35076555, "lrpepxv": 3.66, "lrredundpairs": -1.0, "humanprotein_id": 5591, "vphfpdID": "000703.g1_85"}, {"lrredund": 2.0764, "lrpepelmv": 50.5585, "hphfpdID": "014178.d112_237", "pdbset": null, "lrpepxh": -1.0, "finallr": 104.9797, "lrpepelmh": -1.0, "template": "2m5a:AB(0.18,0.57,136/148,46,83)", "viralprotein_id": 12938, "lrsm": 10.1121, "id": 35076587, "lrpepxv": 3.51, "lrredundpairs": -1.0, "humanprotein_id": 7007, "vphfpdID": "000703.g1_85"}, {"lrredund": 19.2898, "lrpepelmv": 16.112, "hphfpdID": "016615.d83_292", "pdbset": null, "lrpepxh": -1.0, "finallr": 310.7976, "lrpepelmh": -1.0, "template": "4heo:BA(0.37,0.34,94/114,45,53)", "viralprotein_id": 12938, "lrsm": 12.2069, "id": 35076656, "lrpepxv": 2.59, "lrredundpairs": -1.0, "humanprotein_id": 5095, "vphfpdID": "000703.g1_85"}, {"lrredund": 19.2898, "lrpepelmv": -1.0, "hphfpdID": "007197.g404_654", "pdbset": null, "lrpepxh": -1.0, "finallr": 145.3686, "lrpepelmh": -1.0, "template": "4e81:BA(0.29,0.09,62/247,27,30)", "viralprotein_id": 12938, "lrsm": 7.536, "id": 35076672, "lrpepxv": 3.66, "lrredundpairs": 0.7707, "humanprotein_id": 3620, "vphfpdID": "000703.g1_85"}, {"lrredund": 19.2898, "lrpepelmv": -1.0, "hphfpdID": "007747", "pdbset": null, "lrpepxh": -1.0, "finallr": 231.3873, "lrpepelmh": -1.0, "template": "4hwi:BA(0.32,0.05,48/58,29,32)", "viralprotein_id": 12938, "lrsm": 11.9953, "id": 35077237, "lrpepxv": 2.59, "lrredundpairs": -1.0, "humanprotein_id": 3627, "vphfpdID": "000703.g1_85"}, {"lrredund": 15.8699, "lrpepelmv": -1.0, "hphfpdID": "007726.d35_188", "pdbset": null, "lrpepxh": -1.0, "finallr": 123.7092, "lrpepelmh": -1.0, "template": "1us7:BA(0.34,0.04,32/62,23,27)", "viralprotein_id": 12938, "lrsm": 7.7952, "id": 35077523, "lrpepxv": 2.59, "lrredundpairs": 0.7707, "humanprotein_id": 3176, "vphfpdID": "000703.g1_85"}, {"lrredund": 20.9141, "lrpepelmv": 5.3702, "hphfpdID": "002673.d6_152", "pdbset": null, "lrpepxh": -1.0, "finallr": 112.3118, "lrpepelmh": -1.0, "template": "2gjh:AB(0.59,0.57,101/106,25,19)", "viralprotein_id": 12938, "lrsm": 2.3512, "id": 35077710, "lrpepxv": -1.0, "lrredundpairs": 0.7707, "humanprotein_id": 4427, "vphfpdID": "000703"}, {"lrredund": 15.8699, "lrpepelmv": -1.0, "hphfpdID": "010507.d9_86", "pdbset": null, "lrpepxh": -1.0, "finallr": 325.2357, "lrpepelmh": -1.0, "template": "1wrd:AB(0.23,0.16,65/130,45,55)", "viralprotein_id": 12938, "lrsm": 20.4939, "id": 35077713, "lrpepxv": 5.43, "lrredundpairs": -1.0, "humanprotein_id": 4475, "vphfpdID": "000703.g1_85"}, {"lrredund": 19.2898, "lrpepelmv": 5.8994, "hphfpdID": "004076.d108_222", "pdbset": null, "lrpepxh": -1.0, "finallr": 113.7991, "lrpepelmh": -1.0, "template": "3tul:AC(0.41,0.32,55/81,26,29)", "viralprotein_id": 12938, "lrsm": 2.0697, "id": 35078170, "lrpepxv": 4.96, "lrredundpairs": -1.0, "humanprotein_id": 4894, "vphfpdID": "000703"}, {"lrredund": 3.8142, "lrpepelmv": 50.5585, "hphfpdID": "014240.d655_725", "pdbset": null, "lrpepxh": -1.0, "finallr": 192.8402, "lrpepelmh": -1.0, "template": "1y76:BC(0.52,0.55,166/222,44,46)", "viralprotein_id": 12938, "lrsm": 5.0523, "id": 35078480, "lrpepxv": 2.59, "lrredundpairs": -1.0, "humanprotein_id": 3056, "vphfpdID": "000703.g1_85"}, {"lrredund": 2.0764, "lrpepelmv": 52.8828, "hphfpdID": "000906.e852_977", "pdbset": null, "lrpepxh": -1.0, "finallr": 109.8058, "lrpepelmh": -1.0, "template": "2gjh:AB(0.59,0.59,96/106,23,17)", "viralprotein_id": 12938, "lrsm": 2.3512, "id": 35078831, "lrpepxv": 3.51, "lrredundpairs": -1.0, "humanprotein_id": 2586, "vphfpdID": "000703"}, {"lrredund": 20.9141, "lrpepelmv": -1.0, "hphfpdID": "000172.d365_549", "pdbset": null, "lrpepxh": -1.0, "finallr": 194.3095, "lrpepelmh": -1.0, "template": "1rso:DC(0.56,0.33,185/245,57,98)", "viralprotein_id": 12938, "lrsm": 9.2908, "id": 35079362, "lrpepxv": 7.37, "lrredundpairs": 0.7707, "humanprotein_id": 2981, "vphfpdID": "000703.g1_85"}, {"lrredund": 4.2492, "lrpepelmv": 72.805, "hphfpdID": "000001", "pdbset": null, "lrpepxh": -1.0, "finallr": 309.3629, "lrpepelmh": -1.0, "template": "4hwc:AF(0.29,0.28,1/1,1,0)", "viralprotein_id": 12938, "lrsm": 2.4032, "id": 35080409, "lrpepxv": -1.0, "lrredundpairs": 0.7707, "humanprotein_id": 4793, "vphfpdID": "000703"}, {"lrredund": 20.9141, "lrpepelmv": 72.805, "hphfpdID": "000007", "pdbset": null, "lrpepxh": -1.0, "finallr": 1522.65, "lrpepelmh": -1.0, "template": "2qzg:DB(0.35,0.36,38/68,21,26)", "viralprotein_id": 12938, "lrsm": 2.0697, "id": 35080693, "lrpepxv": -1.0, "lrredundpairs": -1.0, "humanprotein_id": 6393, "vphfpdID": "000703"}, {"lrredund": 2.3254, "lrpepelmv": -1.0, "hphfpdID": "014599.d1_68", "pdbset": null, "lrpepxh": -1.0, "finallr": 230.6859, "lrpepelmh": -1.0, "template": "3jsb:BA(0.01,0.09,3/66,3,2)", "viralprotein_id": 12938, "lrsm": 99.2027, "id": 35080828, "lrpepxv": 2.59, "lrredundpairs": 0.7707, "humanprotein_id": 5193, "vphfpdID": "000703.g1_85"}, {"lrredund": 20.9141, "lrpepelmv": -1.0, "hphfpdID": "016730", "pdbset": null, "lrpepxh": -1.0, "finallr": 171.6559, "lrpepelmh": -1.0, "template": "1wrd:AB(0.23,0.22,66/130,45,59)", "viralprotein_id": 12938, "lrsm": 8.2077, "id": 35082075, "lrpepxv": -1.0, "lrredundpairs": 1.1877, "humanprotein_id": 6290, "vphfpdID": "000703.g1_85"}, {"lrredund": 19.2898, "lrpepelmv": -1.0, "hphfpdID": "018800.e503_596", "pdbset": null, "lrpepxh": -1.0, "finallr": 106.0689, "lrpepelmh": -1.0, "template": "3qwo:PL(0.17,0.21,23/40,14,13)", "viralprotein_id": 12938, "lrsm": 5.4987, "id": 35082329, "lrpepxv": -1.0, "lrredundpairs": -1.0, "humanprotein_id": 4109, "vphfpdID": "000703.g1_85"}, {"lrredund": 20.9141, "lrpepelmv": -1.0, "hphfpdID": "018500.d533_608", "pdbset": null, "lrpepxh": -1.0, "finallr": 428.6109, "lrpepelmh": -1.0, "template": "1wrd:AB(0.23,0.05,74/130,45,62)", "viralprotein_id": 12938, "lrsm": 20.4939, "id": 35082582, "lrpepxv": -1.0, "lrredundpairs": 0.7707, "humanprotein_id": 3463, "vphfpdID": "000703.g1_85"}, {"lrredund": 19.2898, "lrpepelmv": 17.9524, "hphfpdID": "001751.e1_73", "pdbset": null, "lrpepxh": -1.0, "finallr": 346.2992, "lrpepelmh": -1.0, "template": "3s1k:BV(0.16,0.54,37/41,28,34)", "viralprotein_id": 12938, "lrsm": 3.1848, "id": 35082726, "lrpepxv": 5.43, "lrredundpairs": -1.0, "humanprotein_id": 5041, "vphfpdID": "000703.g1_85"}, {"lrredund": 20.9141, "lrpepelmv": 16.112, "hphfpdID": "007144.d1_56", "pdbset": null, "lrpepxh": -1.0, "finallr": 336.9684, "lrpepelmh": -1.0, "template": "3a98:CA(0.32,0.07,4/10,4,4)", "viralprotein_id": 12938, "lrsm": 4.5731, "id": 35083081, "lrpepxv": -1.0, "lrredundpairs": 0.7707, "humanprotein_id": 6385, "vphfpdID": "000703.g1_85"}, {"lrredund": 21.3884, "lrpepelmv": -1.0, "hphfpdID": "002082", "pdbset": null, "lrpepxh": -1.0, "finallr": 208.5369, "lrpepelmh": -1.0, "template": "", "viralprotein_id": 12938, "lrsm": -1.0, "id": 35083161, "lrpepxv": 9.75, "lrredundpairs": -1.0, "humanprotein_id": 6306, "vphfpdID": "000703"}, {"lrredund": 20.9141, "lrpepelmv": 7.4157, "hphfpdID": "005478.d350_517", "pdbset": null, "lrpepxh": -1.0, "finallr": 163.0298, "lrpepelmh": -1.0, "template": "2r6w:AB(0.30,0.04,59/144,28,31)", "viralprotein_id": 12938, "lrsm": 7.7952, "id": 35083216, "lrpepxv": 4.96, "lrredundpairs": -1.0, "humanprotein_id": 2880, "vphfpdID": "000703.g1_85"}, {"lrredund": 2.0764, "lrpepelmv": 72.805, "hphfpdID": "000005", "pdbset": null, "lrpepxh": -1.0, "finallr": 151.1722, "lrpepelmh": -1.0, "template": "2wy2:BA(0.39,0.40,48/105,24,25)", "viralprotein_id": 12938, "lrsm": 2.0697, "id": 35083851, "lrpepxv": 2.59, "lrredundpairs": -1.0, "humanprotein_id": 4794, "vphfpdID": "000703"}, {"lrredund": 19.2898, "lrpepelmv": 72.805, "hphfpdID": "000002", "pdbset": null, "lrpepxh": -1.0, "finallr": 1404.393, "lrpepelmh": -1.0, "template": "2qzg:DB(0.35,0.32,38/68,21,25)", "viralprotein_id": 12938, "lrsm": 2.0697, "id": 35083914, "lrpepxv": -1.0, "lrredundpairs": -1.0, "humanprotein_id": 6315, "vphfpdID": "000703"}, {"lrredund": 19.2898, "lrpepelmv": 2.8446, "hphfpdID": "001509", "pdbset": null, "lrpepxh": -1.0, "finallr": 294.2335, "lrpepelmh": -1.0, "template": "1u7j:AB(0.36,0.13,127/147,45,38)", "viralprotein_id": 12938, "lrsm": 15.2533, "id": 35084098, "lrpepxv": -1.0, "lrredundpairs": 0.7707, "humanprotein_id": 2598, "vphfpdID": "000703.g1_85"}, {"lrredund": 15.8699, "lrpepelmv": -1.0, "hphfpdID": "005567.d9_86", "pdbset": null, "lrpepxh": -1.0, "finallr": 325.2357, "lrpepelmh": -1.0, "template": "1wrd:AB(0.23,0.14,65/130,43,52)", "viralprotein_id": 12938, "lrsm": 20.4939, "id": 35084115, "lrpepxv": 5.43, "lrredundpairs": -1.0, "humanprotein_id": 3874, "vphfpdID": "000703.g1_85"}, {"lrredund": 19.2898, "lrpepelmv": -1.0, "hphfpdID": "005354.d566_646", "pdbset": null, "lrpepxh": -1.0, "finallr": 235.468, "lrpepelmh": -1.0, "template": "1lp1:BA(0.17,0.53,89/102,41,47)", "viralprotein_id": 12938, "lrsm": 12.2069, "id": 35084424, "lrpepxv": 3.66, "lrredundpairs": -1.0, "humanprotein_id": 7033, "vphfpdID": "000703.g1_85"}, {"lrredund": 19.2898, "lrpepelmv": 5.3702, "hphfpdID": "003962.d133_182", "pdbset": null, "lrpepxh": -1.0, "finallr": 103.5891, "lrpepelmh": -1.0, "template": "2p0g:DC(0.31,0.47,68/81,25,24)", "viralprotein_id": 12938, "lrsm": 2.9486, "id": 35084481, "lrpepxv": 2.59, "lrredundpairs": 0.7707, "humanprotein_id": 6447, "vphfpdID": "000703"}, {"lrredund": 4.2492, "lrpepelmv": 32.9939, "hphfpdID": "017283.e380_439", "pdbset": null, "lrpepxh": -1.0, "finallr": 140.1976, "lrpepelmh": -1.0, "template": "3v3c:FM(0.60,0.59,124/403,41,78)", "viralprotein_id": 12938, "lrsm": 4.6659, "id": 35084739, "lrpepxv": 5.22, "lrredundpairs": -1.0, "humanprotein_id": 5846, "vphfpdID": "000703.g1_85"}, {"lrredund": 19.2898, "lrpepelmv": 16.112, "hphfpdID": "016613.e122_316", "pdbset": null, "lrpepxh": -1.0, "finallr": 310.7976, "lrpepelmh": -1.0, "template": "1u7j:AB(0.36,0.20,121/147,36,23)", "viralprotein_id": 12938, "lrsm": 6.1485, "id": 35085031, "lrpepxv": -1.0, "lrredundpairs": -1.0, "humanprotein_id": 5161, "vphfpdID": "000703.g1_85"}, {"lrredund": 2.3254, "lrpepelmv": 72.805, "hphfpdID": "000003", "pdbset": null, "lrpepxh": -1.0, "finallr": 169.3006, "lrpepelmh": -1.0, "template": "2qzg:DB(0.35,0.41,38/68,21,25)", "viralprotein_id": 12938, "lrsm": 2.0697, "id": 35085093, "lrpepxv": -1.0, "lrredundpairs": -1.0, "humanprotein_id": 6857, "vphfpdID": "000703"}, {"lrredund": 21.3884, "lrpepelmv": -1.0, "hphfpdID": "016869.d984_1132", "pdbset": null, "lrpepxh": -1.0, "finallr": 188.6129, "lrpepelmh": -1.0, "template": "1rso:DC(0.56,0.58,190/245,55,67)", "viralprotein_id": 12938, "lrsm": 8.8185, "id": 35085537, "lrpepxv": 4.96, "lrredundpairs": -1.0, "humanprotein_id": 4495, "vphfpdID": "000703.g1_85"}, {"lrredund": 3.8142, "lrpepelmv": 72.805, "hphfpdID": "000004", "pdbset": null, "lrpepxh": -1.0, "finallr": 277.6927, "lrpepelmh": -1.0, "template": "", "viralprotein_id": 12938, "lrsm": -1.0, "id": 35085739, "lrpepxv": -1.0, "lrredundpairs": -1.0, "humanprotein_id": 6298, "vphfpdID": "000703"}, {"lrredund": 4.2492, "lrpepelmv": 32.9939, "hphfpdID": "017284.e489_542", "pdbset": null, "lrpepxh": -1.0, "finallr": 140.1976, "lrpepelmh": -1.0, "template": "2j5y:BA(0.23,0.11,12/34,10,10)", "viralprotein_id": 12938, "lrsm": 4.5731, "id": 35085748, "lrpepxv": 5.22, "lrredundpairs": -1.0, "humanprotein_id": 7960, "vphfpdID": "000703.g1_85"}, {"lrredund": -1.0, "lrpepelmv": -1.0, "hphfpdID": "017850", "pdbset": null, "lrpepxh": -1.0, "finallr": 117.823, "lrpepelmh": -1.0, "template": "3zx6:BA(0.08,0.02,3/531,4,2)", "viralprotein_id": 12938, "lrsm": 99.2027, "id": 35086247, "lrpepxv": 2.59, "lrredundpairs": 1.1877, "humanprotein_id": 4107, "vphfpdID": "000703.g1_85"}, {"lrredund": 19.2898, "lrpepelmv": -1.0, "hphfpdID": "006178", "pdbset": null, "lrpepxh": -1.0, "finallr": 142.1658, "lrpepelmh": -1.0, "template": "3d85:CD(0.14,0.18,4/90,2,0)", "viralprotein_id": 12938, "lrsm": 4.5731, "id": 35086486, "lrpepxv": 7.37, "lrredundpairs": -1.0, "humanprotein_id": 2856, "vphfpdID": "000703.g1_85"}, {"lrredund": -1.0, "lrpepelmv": -1.0, "hphfpdID": "017851", "pdbset": null, "lrpepxh": -1.0, "finallr": 117.823, "lrpepelmh": -1.0, "template": "3zx6:BA(0.08,0.02,3/531,4,2)", "viralprotein_id": 12938, "lrsm": 99.2027, "id": 35087382, "lrpepxv": 2.59, "lrredundpairs": 1.1877, "humanprotein_id": 5436, "vphfpdID": "000703.g1_85"}, {"lrredund": 19.2898, "lrpepelmv": 16.112, "hphfpdID": "016466.e248_536", "pdbset": null, "lrpepxh": -1.0, "finallr": 310.7976, "lrpepelmh": -1.0, "template": "2gjh:AB(0.59,0.60,89/106,15,3)", "viralprotein_id": 12938, "lrsm": 1.9487, "id": 35087949, "lrpepxv": -1.0, "lrredundpairs": 0.7707, "humanprotein_id": 3727, "vphfpdID": "000703"}, {"lrredund": 2.409, "lrpepelmv": -1.0, "hphfpdID": "012620.e527_591", "pdbset": null, "lrpepxh": -1.0, "finallr": 150.1047, "lrpepelmh": -1.0, "template": "2p1a:AB(0.30,0.09,7/119,6,5)", "viralprotein_id": 12938, "lrsm": 4.5731, "id": 35088213, "lrpepxv": 62.31, "lrredundpairs": -1.0, "humanprotein_id": 5442, "vphfpdID": "000703.g1_85"}, {"lrredund": 15.8699, "lrpepelmv": -1.0, "hphfpdID": "007744.d499_743", "pdbset": null, "lrpepxh": -1.0, "finallr": 1574.336, "lrpepelmh": -1.0, "template": "3jsb:BA(0.01,0.06,3/66,4,3)", "viralprotein_id": 12938, "lrsm": 99.2027, "id": 35088611, "lrpepxv": -1.0, "lrredundpairs": 0.7707, "humanprotein_id": 4876, "vphfpdID": "000703.g1_85"}, {"lrredund": 20.9141, "lrpepelmv": 72.805, "hphfpdID": "000006", "pdbset": null, "lrpepxh": -1.0, "finallr": 1522.65, "lrpepelmh": -1.0, "template": "2wy2:BA(0.39,0.35,54/105,26,26)", "viralprotein_id": 12938, "lrsm": 2.0697, "id": 35089366, "lrpepxv": -1.0, "lrredundpairs": 0.7707, "humanprotein_id": 4514, "vphfpdID": "000703"}, {"lrredund": 15.8699, "lrpepelmv": 14.0867, "hphfpdID": "016615.e320_574", "pdbset": null, "lrpepxh": -1.0, "finallr": 223.5545, "lrpepelmh": -1.0, "template": "2idh:AC(0.38,0.58,25/27,5,0)", "viralprotein_id": 12939, "lrsm": 1.3385, "id": 82100713, "lrpepxv": -1.0, "lrredundpairs": -1.0, "humanprotein_id": 5095, "vphfpdID": "000704@4o6i_A.3"}, {"lrredund": 15.8699, "lrpepelmv": 6.3442, "hphfpdID": "001349.d2679_3055", "pdbset": null, "lrpepxh": -1.0, "finallr": 100.682, "lrpepelmh": -1.0, "template": "1jy4:BA(0.28,0.41,36/40,9,3)", "viralprotein_id": 12939, "lrsm": 1.5932, "id": 82101784, "lrpepxv": -1.0, "lrredundpairs": -1.0, "humanprotein_id": 7312, "vphfpdID": "000704@4o6i_A.3"}, {"lrredund": 15.8699, "lrpepelmv": 14.0867, "hphfpdID": "016613.e316_567", "pdbset": null, "lrpepxh": -1.0, "finallr": 223.5545, "lrpepelmh": -1.0, "template": "2idh:BA(0.42,0.56,41/45,4,0)", "viralprotein_id": 12939, "lrsm": 1.3385, "id": 82104522, "lrpepxv": -1.0, "lrredundpairs": -1.0, "humanprotein_id": 5161, "vphfpdID": "000704@4o6i_A.3"}, {"lrredund": 15.8699, "lrpepelmv": 14.0867, "hphfpdID": "016466", "pdbset": null, "lrpepxh": -1.0, "finallr": 223.5545, "lrpepelmh": -1.0, "template": "", "viralprotein_id": 12939, "lrsm": -1.0, "id": 82105103, "lrpepxv": -1.0, "lrredundpairs": 1.1877, "humanprotein_id": 3727, "vphfpdID": "000704@4o6i_A.3"}, {"lrredund": 19.2898, "lrpepelmv": 14.0867, "hphfpdID": "007144.e151_217", "pdbset": null, "lrpepxh": -1.0, "finallr": 271.7296, "lrpepelmh": -1.0, "template": "", "viralprotein_id": 12939, "lrsm": -1.0, "id": 82105919, "lrpepxv": -1.0, "lrredundpairs": 0.7707, "humanprotein_id": 6385, "vphfpdID": "000704@4o6i_A.3"}]