[{"lrredund": -1.0, "lrpepelmv": 201.9336, "hphfpdID": "000007", "pdbset": null, "lrpepxh": -1.0, "finallr": 201.9336, "lrpepelmh": -1.0, "template": "", "viralprotein_id": 12431, "lrsm": -1.0, "id": 60003615, "lrpepxv": -1.0, "lrredundpairs": -1.0, "humanprotein_id": 6393, "vphfpdID": "000247"}, {"lrredund": -1.0, "lrpepelmv": 201.9336, "hphfpdID": "000005", "pdbset": null, "lrpepxh": -1.0, "finallr": 201.9336, "lrpepelmh": -1.0, "template": "", "viralprotein_id": 12431, "lrsm": -1.0, "id": 60003617, "lrpepxv": -1.0, "lrredundpairs": -1.0, "humanprotein_id": 4794, "vphfpdID": "000247"}, {"lrredund": -1.0, "lrpepelmv": 201.9336, "hphfpdID": "000006", "pdbset": null, "lrpepxh": -1.0, "finallr": 201.9336, "lrpepelmh": -1.0, "template": "", "viralprotein_id": 12431, "lrsm": -1.0, "id": 60003631, "lrpepxv": -1.0, "lrredundpairs": -1.0, "humanprotein_id": 4514, "vphfpdID": "000247"}, {"lrredund": -1.0, "lrpepelmv": 201.9336, "hphfpdID": "000002", "pdbset": null, "lrpepxh": -1.0, "finallr": 201.9336, "lrpepelmh": -1.0, "template": "", "viralprotein_id": 12431, "lrsm": -1.0, "id": 60003679, "lrpepxv": -1.0, "lrredundpairs": -1.0, "humanprotein_id": 6315, "vphfpdID": "000247"}, {"lrredund": -1.0, "lrpepelmv": 201.9336, "hphfpdID": "000003", "pdbset": null, "lrpepxh": -1.0, "finallr": 201.9336, "lrpepelmh": -1.0, "template": "", "viralprotein_id": 12431, "lrsm": -1.0, "id": 60003879, "lrpepxv": -1.0, "lrredundpairs": -1.0, "humanprotein_id": 6857, "vphfpdID": "000247"}, {"lrredund": -1.0, "lrpepelmv": 201.9336, "hphfpdID": "000001", "pdbset": null, "lrpepxh": -1.0, "finallr": 201.9336, "lrpepelmh": -1.0, "template": "", "viralprotein_id": 12431, "lrsm": -1.0, "id": 60004470, "lrpepxv": -1.0, "lrredundpairs": -1.0, "humanprotein_id": 4793, "vphfpdID": "000247"}, {"lrredund": -1.0, "lrpepelmv": 201.9336, "hphfpdID": "000004", "pdbset": null, "lrpepxh": -1.0, "finallr": 201.9336, "lrpepelmh": -1.0, "template": "", "viralprotein_id": 12431, "lrsm": -1.0, "id": 60004714, "lrpepxv": -1.0, "lrredundpairs": -1.0, "humanprotein_id": 6298, "vphfpdID": "000247"}, {"lrredund": 15.8699, "lrpepelmv": -1.0, "hphfpdID": "001452", "pdbset": null, "lrpepxh": -1.0, "finallr": 1574.336, "lrpepelmh": -1.0, "template": "1zhl:AB(0.09,0.01,1/123,2,1)", "viralprotein_id": 12433, "lrsm": 99.2027, "id": 21699553, "lrpepxv": -1.0, "lrredundpairs": 0.7707, "humanprotein_id": 6282, "vphfpdID": "000249.e1_304@3pum_A.11"}, {"lrredund": 21.3884, "lrpepelmv": -1.0, "hphfpdID": "011519.e1_119", "pdbset": null, "lrpepxh": -1.0, "finallr": 393.8285, "lrpepelmh": -1.0, "template": "1xb9:GH(0.55,0.03,97/117,42,33)", "viralprotein_id": 12433, "lrsm": 18.4132, "id": 21699557, "lrpepxv": -1.0, "lrredundpairs": -1.0, "humanprotein_id": 3074, "vphfpdID": "000249.d45_219"}, {"lrredund": 2.3254, "lrpepelmv": 201.9336, "hphfpdID": "000003", "pdbset": null, "lrpepxh": -1.0, "finallr": 469.5765, "lrpepelmh": -1.0, "template": "", "viralprotein_id": 12433, "lrsm": -1.0, "id": 21699558, "lrpepxv": -1.0, "lrredundpairs": -1.0, "humanprotein_id": 6857, "vphfpdID": "000249@3r6j_A.5"}, {"lrredund": -1.0, "lrpepelmv": -1.0, "hphfpdID": "007937.e1_131", "pdbset": null, "lrpepxh": -1.0, "finallr": 260.2086, "lrpepelmh": -1.0, "template": "3v7a:AE(0.02,0.07,34/40,22,25)", "viralprotein_id": 12433, "lrsm": 260.2086, "id": 21699674, "lrpepxv": -1.0, "lrredundpairs": -1.0, "humanprotein_id": 19954, "vphfpdID": "000249@3q6r_A.2"}, {"lrredund": 20.9141, "lrpepelmv": 201.9336, "hphfpdID": "000006", "pdbset": null, "lrpepxh": -1.0, "finallr": 4223.26, "lrpepelmh": -1.0, "template": "1vqm:SV(0.58,0.58,8/31,5,1)", "viralprotein_id": 12433, "lrsm": 0.9682, "id": 21699829, "lrpepxv": -1.0, "lrredundpairs": -1.0, "humanprotein_id": 4514, "vphfpdID": "000249.e275_540@3q6r_A.3"}, {"lrredund": 21.3884, "lrpepelmv": 9.677, "hphfpdID": "001751.e1_73", "pdbset": null, "lrpepxh": -1.0, "finallr": 206.9754, "lrpepelmh": -1.0, "template": "3i3c:CB(0.49,0.49,17/39,11,11)", "viralprotein_id": 12433, "lrsm": 1.2265, "id": 21700032, "lrpepxv": -1.0, "lrredundpairs": -1.0, "humanprotein_id": 5041, "vphfpdID": "000249.e275_540@3ony_A.2"}, {"lrredund": 1.0145, "lrpepelmv": -1.0, "hphfpdID": "000015", "pdbset": null, "lrpepxh": -1.0, "finallr": 100.6411, "lrpepelmh": -1.0, "template": "2j8u:HA(0.09,0.01,19/48,10,7)", "viralprotein_id": 12433, "lrsm": 99.2027, "id": 21700134, "lrpepxv": -1.0, "lrredundpairs": -1.0, "humanprotein_id": 7027, "vphfpdID": "000249.e1_304@3pum_A.11"}, {"lrredund": 3.5815, "lrpepelmv": 32.9939, "hphfpdID": "017283.d76_264", "pdbset": null, "lrpepxh": -1.0, "finallr": 118.1675, "lrpepelmh": -1.0, "template": "", "viralprotein_id": 12433, "lrsm": -1.0, "id": 21700201, "lrpepxv": -1.0, "lrredundpairs": -1.0, "humanprotein_id": 5846, "vphfpdID": "000249@4rpd_A.7"}, {"lrredund": 21.3884, "lrpepelmv": 15.8041, "hphfpdID": "016613.e557_714", "pdbset": null, "lrpepxh": -1.0, "finallr": 338.0243, "lrpepelmh": -1.0, "template": "1rqq:DC(0.46,0.47,47/84,21,12)", "viralprotein_id": 12433, "lrsm": 1.7387, "id": 21700586, "lrpepxv": -1.0, "lrredundpairs": -1.0, "humanprotein_id": 5161, "vphfpdID": "000249.e275_540@4rpd_A.6"}, {"lrredund": 21.3884, "lrpepelmv": 201.9336, "hphfpdID": "000002", "pdbset": null, "lrpepxh": -1.0, "finallr": 4319.038, "lrpepelmh": -1.0, "template": "", "viralprotein_id": 12433, "lrsm": -1.0, "id": 21700690, "lrpepxv": -1.0, "lrredundpairs": -1.0, "humanprotein_id": 6315, "vphfpdID": "000249@1ihm_A.4"}, {"lrredund": 21.3884, "lrpepelmv": 6.0558, "hphfpdID": "018111", "pdbset": null, "lrpepxh": -1.0, "finallr": 129.5228, "lrpepelmh": -1.0, "template": "2rkz:CB(0.57,0.54,38/40,9,4)", "viralprotein_id": 12433, "lrsm": 1.2704, "id": 21701298, "lrpepxv": -1.0, "lrredundpairs": 0.7707, "humanprotein_id": 15404, "vphfpdID": "000249.e275_540@4rpb_A.1"}, {"lrredund": 1.0145, "lrpepelmv": -1.0, "hphfpdID": "000017", "pdbset": null, "lrpepxh": -1.0, "finallr": 100.6411, "lrpepelmh": -1.0, "template": "2j8u:HA(0.09,0.01,19/48,11,3)", "viralprotein_id": 12433, "lrsm": 99.2027, "id": 21701610, "lrpepxv": -1.0, "lrredundpairs": -1.0, "humanprotein_id": 7027, "vphfpdID": "000249.e1_304@3pum_A.11"}, {"lrredund": 1.0145, "lrpepelmv": -1.0, "hphfpdID": "000028", "pdbset": null, "lrpepxh": -1.0, "finallr": 100.6411, "lrpepelmh": -1.0, "template": "2j8u:HA(0.08,0.01,19/48,8,1)", "viralprotein_id": 12433, "lrsm": 99.2027, "id": 21702708, "lrpepxv": -1.0, "lrredundpairs": -1.0, "humanprotein_id": 7027, "vphfpdID": "000249.e1_304@4rox_A.2"}, {"lrredund": 2.3254, "lrpepelmv": 52.8828, "hphfpdID": "000906.e852_977", "pdbset": null, "lrpepxh": -1.0, "finallr": 122.9736, "lrpepelmh": -1.0, "template": "4eal:BA(0.46,0.38,60/98,22,16)", "viralprotein_id": 12433, "lrsm": 1.7387, "id": 21702741, "lrpepxv": -1.0, "lrredundpairs": -1.0, "humanprotein_id": 2586, "vphfpdID": "000249.e275_540@4rpd_A.6"}, {"lrredund": 21.3884, "lrpepelmv": -1.0, "hphfpdID": "006178.e689_810", "pdbset": null, "lrpepxh": -1.0, "finallr": 194.6095, "lrpepelmh": -1.0, "template": "1na1:BC(0.25,0.49,438/1560,44,36)", "viralprotein_id": 12433, "lrsm": 9.0988, "id": 21703132, "lrpepxv": -1.0, "lrredundpairs": -1.0, "humanprotein_id": 2856, "vphfpdID": "000249.d45_219"}, {"lrredund": 1.0145, "lrpepelmv": -1.0, "hphfpdID": "000030", "pdbset": null, "lrpepxh": -1.0, "finallr": 100.6411, "lrpepelmh": -1.0, "template": "2ak4:FA(0.08,0.02,1/38,1,0)", "viralprotein_id": 12433, "lrsm": 99.2027, "id": 21703170, "lrpepxv": -1.0, "lrredundpairs": -1.0, "humanprotein_id": 7027, "vphfpdID": "000249.e1_304@4rox_A.2"}, {"lrredund": -1.0, "lrpepelmv": -1.0, "hphfpdID": "013074.d65_125", "pdbset": null, "lrpepxh": -1.0, "finallr": 119.2807, "lrpepelmh": -1.0, "template": "3v7a:AE(0.02,0.08,23/40,16,21)", "viralprotein_id": 12433, "lrsm": 119.2807, "id": 21703623, "lrpepxv": -1.0, "lrredundpairs": -1.0, "humanprotein_id": 18930, "vphfpdID": "000249@3q6r_A.2"}, {"lrredund": 21.3884, "lrpepelmv": 20.1497, "hphfpdID": "008378.g106_302", "pdbset": null, "lrpepxh": -1.0, "finallr": 430.9707, "lrpepelmh": -1.0, "template": "2dj6:AC(0.14,0.45,31/76,20,29)", "viralprotein_id": 12433, "lrsm": 2.2022, "id": 21703945, "lrpepxv": -1.0, "lrredundpairs": -1.0, "humanprotein_id": 3758, "vphfpdID": "000249.e1_304@4rpb_A.6"}, {"lrredund": -1.0, "lrpepelmv": -1.0, "hphfpdID": "015901.e150_263", "pdbset": null, "lrpepxh": -1.0, "finallr": 130.17, "lrpepelmh": -1.0, "template": "3v7a:BG(0.03,0.07,33/37,7,2)", "viralprotein_id": 12433, "lrsm": 130.17, "id": 21704161, "lrpepxv": -1.0, "lrredundpairs": -1.0, "humanprotein_id": 9004, "vphfpdID": "000249.e275_540@3q6r_A.3"}, {"lrredund": 21.3884, "lrpepelmv": -1.0, "hphfpdID": "013779", "pdbset": null, "lrpepxh": -1.0, "finallr": 117.6084, "lrpepelmh": -1.0, "template": "3eoa:JI(0.16,0.10,11/20,8,10)", "viralprotein_id": 12433, "lrsm": 5.4987, "id": 21704270, "lrpepxv": -1.0, "lrredundpairs": -1.0, "humanprotein_id": 5896, "vphfpdID": "000249.e1_304@4rpb_A.6"}, {"lrredund": -1.0, "lrpepelmv": -1.0, "hphfpdID": "008445.e120_236", "pdbset": null, "lrpepxh": -1.0, "finallr": 119.2807, "lrpepelmh": -1.0, "template": "3v7a:AE(0.02,0.08,29/40,14,20)", "viralprotein_id": 12433, "lrsm": 119.2807, "id": 21704492, "lrpepxv": -1.0, "lrredundpairs": -1.0, "humanprotein_id": 11525, "vphfpdID": "000249@3q6r_A.2"}, {"lrredund": -1.0, "lrpepelmv": -1.0, "hphfpdID": "018901.d38_117", "pdbset": null, "lrpepxh": -1.0, "finallr": 130.3236, "lrpepelmh": -1.0, "template": "3v7a:AE(0.02,0.05,29/40,21,29)", "viralprotein_id": 12433, "lrsm": 169.0977, "id": 21704630, "lrpepxv": -1.0, "lrredundpairs": 0.7707, "humanprotein_id": 18927, "vphfpdID": "000249.e275_540@3ony_A.2"}, {"lrredund": 4.2492, "lrpepelmv": 201.9336, "hphfpdID": "000001", "pdbset": null, "lrpepxh": -1.0, "finallr": 858.0565, "lrpepelmh": -1.0, "template": "2lrk:DC(0.60,0.41,18/41,5,2)", "viralprotein_id": 12433, "lrsm": 1.1641, "id": 21704793, "lrpepxv": -1.0, "lrredundpairs": -1.0, "humanprotein_id": 4793, "vphfpdID": "000249@3j1p_A.8"}, {"lrredund": 21.3884, "lrpepelmv": 6.0558, "hphfpdID": "002673.d6_152", "pdbset": null, "lrpepxh": -1.0, "finallr": 129.5228, "lrpepelmh": -1.0, "template": "2dwv:AB(0.56,0.57,99/102,16,3)", "viralprotein_id": 12433, "lrsm": 1.9487, "id": 21706244, "lrpepxv": -1.0, "lrredundpairs": -1.0, "humanprotein_id": 4427, "vphfpdID": "000249.e275_540@3r6j_A.4"}, {"lrredund": 20.9141, "lrpepelmv": -1.0, "hphfpdID": "005158.d818_927", "pdbset": null, "lrpepxh": -1.0, "finallr": 527.7975, "lrpepelmh": -1.0, "template": "1k2p:BA(0.13,0.06,1/118,2,1)", "viralprotein_id": 12433, "lrsm": 25.2364, "id": 21706354, "lrpepxv": -1.0, "lrredundpairs": 0.7707, "humanprotein_id": 2711, "vphfpdID": "000249.e1_304@4rpb_A.6"}, {"lrredund": 2.3254, "lrpepelmv": 201.9336, "hphfpdID": "000005", "pdbset": null, "lrpepxh": -1.0, "finallr": 469.5765, "lrpepelmh": -1.0, "template": "", "viralprotein_id": 12433, "lrsm": -1.0, "id": 21706788, "lrpepxv": -1.0, "lrredundpairs": -1.0, "humanprotein_id": 4794, "vphfpdID": "000249@3j1p_A.8"}, {"lrredund": 21.3884, "lrpepelmv": 15.8041, "hphfpdID": "016615", "pdbset": null, "lrpepxh": -1.0, "finallr": 338.0243, "lrpepelmh": -1.0, "template": "3cnk:BA(0.57,0.54,88/100,19,8)", "viralprotein_id": 12433, "lrsm": 1.9487, "id": 21706858, "lrpepxv": 3.84, "lrredundpairs": -1.0, "humanprotein_id": 5095, "vphfpdID": "000249@3m8l_A.9"}, {"lrredund": -1.0, "lrpepelmv": -1.0, "hphfpdID": "008082.d824_911", "pdbset": null, "lrpepxh": -1.0, "finallr": 119.2807, "lrpepelmh": -1.0, "template": "3v7a:AE(0.03,0.06,29/40,13,2)", "viralprotein_id": 12433, "lrsm": 119.2807, "id": 21707157, "lrpepxv": -1.0, "lrredundpairs": -1.0, "humanprotein_id": 14184, "vphfpdID": "000249.e275_540@3q6r_A.3"}, {"lrredund": 21.3884, "lrpepelmv": -1.0, "hphfpdID": "009492.e319_419", "pdbset": null, "lrpepxh": -1.0, "finallr": 128.3451, "lrpepelmh": -1.0, "template": "3v7a:BG(0.03,0.35,31/37,7,2)", "viralprotein_id": 12433, "lrsm": 6.0007, "id": 21707576, "lrpepxv": -1.0, "lrredundpairs": 0.7707, "humanprotein_id": 13229, "vphfpdID": "000249.e275_540@3q6r_A.3"}, {"lrredund": 21.3884, "lrpepelmv": 6.0558, "hphfpdID": "003962.d92_178", "pdbset": null, "lrpepxh": -1.0, "finallr": 129.5228, "lrpepelmh": -1.0, "template": "4c10:BC(0.29,0.52,270/1497,29,155)", "viralprotein_id": 12433, "lrsm": 2.6299, "id": 21708008, "lrpepxv": -1.0, "lrredundpairs": 0.7707, "humanprotein_id": 6447, "vphfpdID": "000249.e1_304@1ihm_A.1"}, {"lrredund": 21.3884, "lrpepelmv": 15.8041, "hphfpdID": "016466.e85_146", "pdbset": null, "lrpepxh": -1.0, "finallr": 338.0243, "lrpepelmh": -1.0, "template": "1m27:AC(0.31,0.02,21/33,16,21)", "viralprotein_id": 12433, "lrsm": 5.4987, "id": 21708185, "lrpepxv": -1.0, "lrredundpairs": 0.7707, "humanprotein_id": 3727, "vphfpdID": "000249.e1_304@4rpb_A.6"}, {"lrredund": 21.3884, "lrpepelmv": -1.0, "hphfpdID": "002626.e1_127", "pdbset": null, "lrpepxh": -1.0, "finallr": 2121.786, "lrpepelmh": -1.0, "template": "1akj:AD(0.10,0.00,4/54,2,1)", "viralprotein_id": 12433, "lrsm": 99.2027, "id": 21708563, "lrpepxv": -1.0, "lrredundpairs": -1.0, "humanprotein_id": 2804, "vphfpdID": "000249.e1_304@4rox_A.2"}, {"lrredund": -1.0, "lrpepelmv": -1.0, "hphfpdID": "018366", "pdbset": null, "lrpepxh": -1.0, "finallr": 130.17, "lrpepelmh": -1.0, "template": "3v7a:BG(0.06,0.04,37/37,19,30)", "viralprotein_id": 12433, "lrsm": 130.17, "id": 21708680, "lrpepxv": -1.0, "lrredundpairs": -1.0, "humanprotein_id": 2895, "vphfpdID": "000249@3r6j_A.5"}, {"lrredund": 21.3884, "lrpepelmv": 6.0558, "hphfpdID": "007227.d56_328", "pdbset": null, "lrpepxh": -1.0, "finallr": 129.5228, "lrpepelmh": -1.0, "template": "2idh:CB(0.36,0.56,12/12,3,0)", "viralprotein_id": 12433, "lrsm": 1.3385, "id": 21708935, "lrpepxv": -1.0, "lrredundpairs": 0.7707, "humanprotein_id": 5539, "vphfpdID": "000249.e275_540@4rpb_A.1"}, {"lrredund": 4.2492, "lrpepelmv": -1.0, "hphfpdID": "008086.d318_419", "pdbset": null, "lrpepxh": -1.0, "finallr": 182.7888, "lrpepelmh": -1.0, "template": "3v7a:BF(0.08,0.11,30/40,21,29)", "viralprotein_id": 12433, "lrsm": 43.0172, "id": 21709207, "lrpepxv": -1.0, "lrredundpairs": -1.0, "humanprotein_id": 14249, "vphfpdID": "000249.e275_540@4rpb_A.1"}, {"lrredund": 21.3884, "lrpepelmv": 4.1867, "hphfpdID": "001509.e1_53", "pdbset": null, "lrpepxh": -1.0, "finallr": 128.3451, "lrpepelmh": -1.0, "template": "2idh:CA(0.32,0.06,27/27,11,6)", "viralprotein_id": 12433, "lrsm": 6.0007, "id": 21709357, "lrpepxv": -1.0, "lrredundpairs": 0.7707, "humanprotein_id": 2598, "vphfpdID": "000249.e275_540@3ony_A.2"}, {"lrredund": 21.3884, "lrpepelmv": -1.0, "hphfpdID": "017281", "pdbset": null, "lrpepxh": -1.0, "finallr": 117.6084, "lrpepelmh": -1.0, "template": "3qwz:BA(0.28,0.11,48/111,15,23)", "viralprotein_id": 12433, "lrsm": 5.4987, "id": 21709771, "lrpepxv": -1.0, "lrredundpairs": -1.0, "humanprotein_id": 5906, "vphfpdID": "000249.e1_304@4rpb_A.6"}, {"lrredund": 20.9141, "lrpepelmv": -1.0, "hphfpdID": "000172.d132_188", "pdbset": null, "lrpepxh": -1.0, "finallr": 159.8669, "lrpepelmh": -1.0, "template": "4cdq:CB(0.29,0.56,302/1882,41,168)", "viralprotein_id": 12433, "lrsm": 7.644, "id": 21709783, "lrpepxv": -1.0, "lrredundpairs": -1.0, "humanprotein_id": 2981, "vphfpdID": "000249.d45_219"}, {"lrredund": 21.3884, "lrpepelmv": 201.9336, "hphfpdID": "000007", "pdbset": null, "lrpepxh": -1.0, "finallr": 4319.038, "lrpepelmh": -1.0, "template": "", "viralprotein_id": 12433, "lrsm": -1.0, "id": 21710045, "lrpepxv": -1.0, "lrredundpairs": -1.0, "humanprotein_id": 6393, "vphfpdID": "000249@1ihm_A.4"}, {"lrredund": -1.0, "lrpepelmv": -1.0, "hphfpdID": "007021.e1_147", "pdbset": null, "lrpepxh": -1.0, "finallr": 260.2086, "lrpepelmh": -1.0, "template": "3v7a:AE(0.02,0.07,40/40,21,26)", "viralprotein_id": 12433, "lrsm": 260.2086, "id": 21710557, "lrpepxv": -1.0, "lrredundpairs": -1.0, "humanprotein_id": 15641, "vphfpdID": "000249@3q6r_A.2"}, {"lrredund": 4.2492, "lrpepelmv": -1.0, "hphfpdID": "005106.e1_203", "pdbset": null, "lrpepxh": -1.0, "finallr": 163.6651, "lrpepelmh": -1.0, "template": "1f60:BA(0.18,0.00,28/190,21,28)", "viralprotein_id": 12433, "lrsm": 38.5167, "id": 21710620, "lrpepxv": -1.0, "lrredundpairs": -1.0, "humanprotein_id": 6441, "vphfpdID": "000249.e1_304@4rpb_A.6"}, {"lrredund": 2.3254, "lrpepelmv": -1.0, "hphfpdID": "002604.e1_122", "pdbset": null, "lrpepxh": -1.0, "finallr": 277.3754, "lrpepelmh": -1.0, "template": "3v7a:BG(0.02,0.07,29/37,11,9)", "viralprotein_id": 12433, "lrsm": 119.2807, "id": 21710807, "lrpepxv": -1.0, "lrredundpairs": 0.7707, "humanprotein_id": 2803, "vphfpdID": "000249.e275_540@3ony_A.2"}, {"lrredund": 21.3884, "lrpepelmv": -1.0, "hphfpdID": "013899.g1_173", "pdbset": null, "lrpepxh": -1.0, "finallr": 102.3562, "lrpepelmh": -1.0, "template": "2lk6:BA(0.55,0.45,121/154,19,21)", "viralprotein_id": 12433, "lrsm": 4.7856, "id": 21711343, "lrpepxv": -1.0, "lrredundpairs": -1.0, "humanprotein_id": 1240, "vphfpdID": "000249.e275_540@3r6j_A.4"}, {"lrredund": 21.3884, "lrpepelmv": -1.0, "hphfpdID": "018500", "pdbset": null, "lrpepxh": -1.0, "finallr": 117.6084, "lrpepelmh": -1.0, "template": "3dqv:DA(0.32,0.05,7/17,8,7)", "viralprotein_id": 12433, "lrsm": 5.4987, "id": 21711650, "lrpepxv": -1.0, "lrredundpairs": -1.0, "humanprotein_id": 3463, "vphfpdID": "000249.e1_304@3pum_A.11"}, {"lrredund": -1.0, "lrpepelmv": -1.0, "hphfpdID": "002628.e1_134", "pdbset": null, "lrpepxh": -1.0, "finallr": 119.2807, "lrpepelmh": -1.0, "template": "3v7a:BF(0.05,0.05,31/40,17,19)", "viralprotein_id": 12433, "lrsm": 119.2807, "id": 21711677, "lrpepxv": -1.0, "lrredundpairs": -1.0, "humanprotein_id": 3618, "vphfpdID": "000249@4rox_A.6"}, {"lrredund": 1.0145, "lrpepelmv": -1.0, "hphfpdID": "000020.e1_206", "pdbset": null, "lrpepxh": -1.0, "finallr": 100.6411, "lrpepelmh": -1.0, "template": "2j8u:HA(0.09,0.01,19/48,11,5)", "viralprotein_id": 12433, "lrsm": 99.2027, "id": 21711712, "lrpepxv": -1.0, "lrredundpairs": -1.0, "humanprotein_id": 7027, "vphfpdID": "000249.e1_304@3pum_A.11"}, {"lrredund": 21.3884, "lrpepelmv": 9.3373, "hphfpdID": "001349.d2715_2964", "pdbset": null, "lrpepxh": -1.0, "finallr": 199.7102, "lrpepelmh": -1.0, "template": "2idh:CF(0.32,0.42,16/32,2,0)", "viralprotein_id": 12433, "lrsm": 1.4599, "id": 21711836, "lrpepxv": -1.0, "lrredundpairs": -1.0, "humanprotein_id": 7312, "vphfpdID": "000249.e275_540@3ony_A.2"}, {"lrredund": 4.2492, "lrpepelmv": 32.9939, "hphfpdID": "017284.e489_542", "pdbset": null, "lrpepxh": -1.0, "finallr": 140.1976, "lrpepelmh": -1.0, "template": "5cro:BA(0.47,0.39,36/84,16,6)", "viralprotein_id": 12433, "lrsm": 1.2265, "id": 21711878, "lrpepxv": -1.0, "lrredundpairs": -1.0, "humanprotein_id": 7960, "vphfpdID": "000249.e275_540@3ony_A.2"}, {"lrredund": 4.2492, "lrpepelmv": 15.8041, "hphfpdID": "006442.d373_516", "pdbset": null, "lrpepxh": -1.0, "finallr": 107.2347, "lrpepelmh": -1.0, "template": "1k2p:BA(0.13,0.06,1/118,2,1)", "viralprotein_id": 12433, "lrsm": 25.2364, "id": 21711904, "lrpepxv": -1.0, "lrredundpairs": 0.7707, "humanprotein_id": 3050, "vphfpdID": "000249.e1_304@4rpb_A.6"}, {"lrredund": 21.3884, "lrpepelmv": 15.8041, "hphfpdID": "007144.e151_217", "pdbset": null, "lrpepxh": -1.0, "finallr": 338.0243, "lrpepelmh": -1.0, "template": "2lk6:BA(0.55,0.46,122/154,24,22)", "viralprotein_id": 12433, "lrsm": 2.5372, "id": 21712219, "lrpepxv": -1.0, "lrredundpairs": -1.0, "humanprotein_id": 6385, "vphfpdID": "000249.e275_540@3r6j_A.4"}, {"lrredund": 2.0764, "lrpepelmv": -1.0, "hphfpdID": "000072", "pdbset": null, "lrpepxh": -1.0, "finallr": 205.9844, "lrpepelmh": -1.0, "template": "2ak4:FA(0.08,0.02,1/38,1,0)", "viralprotein_id": 12433, "lrsm": 99.2027, "id": 21712245, "lrpepxv": -1.0, "lrredundpairs": -1.0, "humanprotein_id": 18476, "vphfpdID": "000249.e1_304@4rox_A.2"}, {"lrredund": 21.3884, "lrpepelmv": -1.0, "hphfpdID": "005209", "pdbset": null, "lrpepxh": -1.0, "finallr": 117.6084, "lrpepelmh": -1.0, "template": "2ghp:AF(0.19,0.20,1/2,1,0)", "viralprotein_id": 12433, "lrsm": 5.4987, "id": 21712588, "lrpepxv": -1.0, "lrredundpairs": -1.0, "humanprotein_id": 8007, "vphfpdID": "000249.e1_304@3pum_A.11"}, {"lrredund": 1.0145, "lrpepelmv": -1.0, "hphfpdID": "000018.e1_206", "pdbset": null, "lrpepxh": -1.0, "finallr": 100.6411, "lrpepelmh": -1.0, "template": "2j8u:HA(0.09,0.01,19/48,11,5)", "viralprotein_id": 12433, "lrsm": 99.2027, "id": 21713199, "lrpepxv": -1.0, "lrredundpairs": -1.0, "humanprotein_id": 7027, "vphfpdID": "000249.e1_304@3pum_A.11"}, {"lrredund": 1.0145, "lrpepelmv": -1.0, "hphfpdID": "000025", "pdbset": null, "lrpepxh": -1.0, "finallr": 100.6411, "lrpepelmh": -1.0, "template": "2ak4:FA(0.08,0.02,1/38,1,0)", "viralprotein_id": 12433, "lrsm": 99.2027, "id": 21713445, "lrpepxv": -1.0, "lrredundpairs": -1.0, "humanprotein_id": 7027, "vphfpdID": "000249.e1_304@4rox_A.2"}, {"lrredund": -1.0, "lrpepelmv": -1.0, "hphfpdID": "010813.d72_137", "pdbset": null, "lrpepxh": -1.0, "finallr": 119.2807, "lrpepelmh": -1.0, "template": "3v7a:AE(0.06,0.04,25/40,15,22)", "viralprotein_id": 12433, "lrsm": 119.2807, "id": 21713514, "lrpepxv": -1.0, "lrredundpairs": -1.0, "humanprotein_id": 15815, "vphfpdID": "000249@3r6j_A.5"}, {"lrredund": 4.2492, "lrpepelmv": 201.9336, "hphfpdID": "000004", "pdbset": null, "lrpepxh": -1.0, "finallr": 858.0565, "lrpepelmh": -1.0, "template": "", "viralprotein_id": 12433, "lrsm": -1.0, "id": 21713562, "lrpepxv": -1.0, "lrredundpairs": -1.0, "humanprotein_id": 6298, "vphfpdID": "000249@3q6r_A.2"}, {"lrredund": -1.0, "lrpepelmv": -1.0, "hphfpdID": "018040", "pdbset": null, "lrpepxh": -1.0, "finallr": 260.2086, "lrpepelmh": -1.0, "template": "3v7a:AE(0.02,0.08,34/40,21,25)", "viralprotein_id": 12433, "lrsm": 260.2086, "id": 21714412, "lrpepxv": -1.0, "lrredundpairs": -1.0, "humanprotein_id": 18201, "vphfpdID": "000249@3q6r_A.2"}, {"lrredund": 21.3884, "lrpepelmv": -1.0, "hphfpdID": "018800.d596_685", "pdbset": null, "lrpepxh": -1.0, "finallr": 128.3451, "lrpepelmh": -1.0, "template": "3v7a:BG(0.02,0.24,34/37,12,11)", "viralprotein_id": 12433, "lrsm": 6.0007, "id": 21714553, "lrpepxv": -1.0, "lrredundpairs": 0.7707, "humanprotein_id": 4109, "vphfpdID": "000249.e275_540@3ony_A.2"}, {"lrredund": 1.7092, "lrpepelmv": -1.0, "hphfpdID": "017834.e146_281", "pdbset": null, "lrpepxh": -1.0, "finallr": 106.5002, "lrpepelmh": -1.0, "template": "2zp9:AB(0.45,0.56,86/182,42,26)", "viralprotein_id": 12432, "lrsm": 4.3388, "id": 25858277, "lrpepxv": 62.31, "lrredundpairs": -1.0, "humanprotein_id": 5361, "vphfpdID": "000248.e133_503@4dot_A.1"}, {"lrredund": 21.3884, "lrpepelmv": 107.1532, "hphfpdID": "000002", "pdbset": null, "lrpepxh": -1.0, "finallr": 2291.836, "lrpepelmh": -1.0, "template": "", "viralprotein_id": 12432, "lrsm": -1.0, "id": 25858441, "lrpepxv": -1.0, "lrredundpairs": -1.0, "humanprotein_id": 6315, "vphfpdID": "000248@4in1_A.10"}, {"lrredund": 21.3884, "lrpepelmv": 7.4157, "hphfpdID": "005478.d350_517", "pdbset": null, "lrpepxh": -1.0, "finallr": 158.609, "lrpepelmh": -1.0, "template": "", "viralprotein_id": 12432, "lrsm": -1.0, "id": 25859693, "lrpepxv": 2.59, "lrredundpairs": -1.0, "humanprotein_id": 2880, "vphfpdID": "000248@2fyr_A.6"}, {"lrredund": 4.2492, "lrpepelmv": 32.9939, "hphfpdID": "017283.e380_439", "pdbset": null, "lrpepxh": -1.0, "finallr": 140.1976, "lrpepelmh": -1.0, "template": "2bnn:BA(0.43,0.57,14/198,6,0)", "viralprotein_id": 12432, "lrsm": 1.02, "id": 25859733, "lrpepxv": 3.66, "lrredundpairs": -1.0, "humanprotein_id": 5846, "vphfpdID": "000248.e611_1220@2fyr_A.3"}, {"lrredund": 19.2898, "lrpepelmv": -1.0, "hphfpdID": "004136", "pdbset": null, "lrpepxh": -1.0, "finallr": 104.7436, "lrpepelmh": -1.0, "template": "", "viralprotein_id": 12432, "lrsm": -1.0, "id": 25859907, "lrpepxv": 5.43, "lrredundpairs": -1.0, "humanprotein_id": 7444, "vphfpdID": "000248@4imq_A.7"}, {"lrredund": 21.3884, "lrpepelmv": 22.0743, "hphfpdID": "016466", "pdbset": null, "lrpepxh": -1.0, "finallr": 472.1351, "lrpepelmh": -1.0, "template": "", "viralprotein_id": 12432, "lrsm": -1.0, "id": 25860000, "lrpepxv": -1.0, "lrredundpairs": -1.0, "humanprotein_id": 3727, "vphfpdID": "000248@2iph_A.4"}, {"lrredund": 21.3884, "lrpepelmv": -1.0, "hphfpdID": "016869.d56_203", "pdbset": null, "lrpepxh": -1.0, "finallr": 116.139, "lrpepelmh": -1.0, "template": "1axd:BA(0.38,0.18,54/134,22,16)", "viralprotein_id": 12432, "lrsm": 3.1219, "id": 25860067, "lrpepxv": 5.43, "lrredundpairs": -1.0, "humanprotein_id": 4495, "vphfpdID": "000248.e133_503@4dot_A.1"}, {"lrredund": 21.3884, "lrpepelmv": 107.1532, "hphfpdID": "000006", "pdbset": null, "lrpepxh": -1.0, "finallr": 2291.836, "lrpepelmh": -1.0, "template": "", "viralprotein_id": 12432, "lrsm": -1.0, "id": 25860684, "lrpepxv": 2.59, "lrredundpairs": -1.0, "humanprotein_id": 4514, "vphfpdID": "000248@2fyr_A.6"}, {"lrredund": 21.3884, "lrpepelmv": 17.9524, "hphfpdID": "001751.e1_73", "pdbset": null, "lrpepxh": -1.0, "finallr": 383.9742, "lrpepelmh": -1.0, "template": "2nu3:EI(0.42,0.34,36/86,9,2)", "viralprotein_id": 12432, "lrsm": 1.4599, "id": 25860980, "lrpepxv": 3.84, "lrredundpairs": -1.0, "humanprotein_id": 5041, "vphfpdID": "000248.e611_1220@2iph_A.1"}, {"lrredund": 20.9141, "lrpepelmv": -1.0, "hphfpdID": "004138.e667_768", "pdbset": null, "lrpepxh": -1.0, "finallr": 137.1964, "lrpepelmh": -1.0, "template": "1dx5:NL(0.45,0.59,1/1,2,1)", "viralprotein_id": 12432, "lrsm": 1.2704, "id": 25861236, "lrpepxv": 6.56, "lrredundpairs": -1.0, "humanprotein_id": 7446, "vphfpdID": "000248.e611_1220@4xbb_A.5"}, {"lrredund": 21.3884, "lrpepelmv": -1.0, "hphfpdID": "018800.e113_232", "pdbset": null, "lrpepxh": -1.0, "finallr": 140.3079, "lrpepelmh": -1.0, "template": "3qum:PH(0.60,0.42,62/72,21,16)", "viralprotein_id": 12432, "lrsm": 2.3512, "id": 25861916, "lrpepxv": 6.56, "lrredundpairs": -1.0, "humanprotein_id": 4109, "vphfpdID": "000248.e611_1220@4xbb_A.5"}, {"lrredund": 21.3884, "lrpepelmv": -1.0, "hphfpdID": "016730", "pdbset": null, "lrpepxh": -1.0, "finallr": 216.2808, "lrpepelmh": -1.0, "template": "2lk6:BA(0.22,0.53,135/154,43,78)", "viralprotein_id": 12432, "lrsm": 10.1121, "id": 25861939, "lrpepxv": -1.0, "lrredundpairs": -1.0, "humanprotein_id": 6290, "vphfpdID": "000248.e133_503@4dpz_X.4"}, {"lrredund": 4.2492, "lrpepelmv": -1.0, "hphfpdID": "018016", "pdbset": null, "lrpepxh": -1.0, "finallr": 178.2539, "lrpepelmh": -1.0, "template": "3kvp:DC(0.51,0.26,65/72,6,0)", "viralprotein_id": 12432, "lrsm": 2.4439, "id": 25863191, "lrpepxv": 41.95, "lrredundpairs": -1.0, "humanprotein_id": 7171, "vphfpdID": "000248.e611_1220@2fyr_A.3"}, {"lrredund": 2.3254, "lrpepelmv": -1.0, "hphfpdID": "016486.d81_222", "pdbset": null, "lrpepxh": -1.0, "finallr": 144.8956, "lrpepelmh": -1.0, "template": "2jpp:BA(0.58,0.55,133/262,41,51)", "viralprotein_id": 12432, "lrsm": 5.0523, "id": 25863368, "lrpepxv": 62.31, "lrredundpairs": -1.0, "humanprotein_id": 6479, "vphfpdID": "000248.e133_503@4dot_A.1"}, {"lrredund": 20.9141, "lrpepelmv": 5.7054, "hphfpdID": "002673", "pdbset": null, "lrpepxh": -1.0, "finallr": 119.3239, "lrpepelmh": -1.0, "template": "3kvp:FB(0.51,0.59,54/67,21,11)", "viralprotein_id": 12432, "lrsm": 2.5395, "id": 25863626, "lrpepxv": -1.0, "lrredundpairs": -1.0, "humanprotein_id": 4427, "vphfpdID": "000248.e611_1220@1wqs_A.8"}, {"lrredund": 21.3884, "lrpepelmv": -1.0, "hphfpdID": "017046.e213_686", "pdbset": null, "lrpepxh": -1.0, "finallr": 219.1254, "lrpepelmh": -1.0, "template": "4nmn:AB(0.55,0.60,52/548,42,41)", "viralprotein_id": 12432, "lrsm": 10.2451, "id": 25863729, "lrpepxv": -1.0, "lrredundpairs": -1.0, "humanprotein_id": 6818, "vphfpdID": "000248.e508_657@4gdf_A.1"}, {"lrredund": 1.7951, "lrpepelmv": -1.0, "hphfpdID": "004626", "pdbset": null, "lrpepxh": -1.0, "finallr": 111.8526, "lrpepelmh": -1.0, "template": "", "viralprotein_id": 12432, "lrsm": -1.0, "id": 25863791, "lrpepxv": 62.31, "lrredundpairs": -1.0, "humanprotein_id": 1798, "vphfpdID": "000248.e133_503@4dot_A.1"}, {"lrredund": 4.2492, "lrpepelmv": 32.9939, "hphfpdID": "017284.e87_316", "pdbset": null, "lrpepxh": -1.0, "finallr": 140.1976, "lrpepelmh": -1.0, "template": "", "viralprotein_id": 12432, "lrsm": -1.0, "id": 25864127, "lrpepxv": 2.59, "lrredundpairs": -1.0, "humanprotein_id": 7960, "vphfpdID": "000248@4imq_A.7"}, {"lrredund": 20.9141, "lrpepelmv": -1.0, "hphfpdID": "012444.e95_323", "pdbset": null, "lrpepxh": -1.0, "finallr": 113.5635, "lrpepelmh": -1.0, "template": "2lk5:BA(0.55,0.54,116/132,7,0)", "viralprotein_id": 12432, "lrsm": 1.9487, "id": 25865083, "lrpepxv": 5.43, "lrredundpairs": -1.0, "humanprotein_id": 2955, "vphfpdID": "000248.e611_1220@2fyr_A.3"}, {"lrredund": 2.409, "lrpepelmv": 107.1532, "hphfpdID": "000005", "pdbset": null, "lrpepxh": -1.0, "finallr": 258.1321, "lrpepelmh": -1.0, "template": "2win:IM(0.58,0.45,1/66,2,1)", "viralprotein_id": 12432, "lrsm": 0.9682, "id": 25865588, "lrpepxv": 2.59, "lrredundpairs": -1.0, "humanprotein_id": 4794, "vphfpdID": "000248.e611_1220@4xbb_A.5"}, {"lrredund": 20.9141, "lrpepelmv": 22.0743, "hphfpdID": "007144.d1_56", "pdbset": null, "lrpepxh": -1.0, "finallr": 461.6652, "lrpepelmh": -1.0, "template": "4afz:BD(0.56,0.03,55/94,22,19)", "viralprotein_id": 12432, "lrsm": 3.1219, "id": 25865652, "lrpepxv": 2.59, "lrredundpairs": -1.0, "humanprotein_id": 6385, "vphfpdID": "000248.e611_1220@1wqs_A.8"}, {"lrredund": 2.3254, "lrpepelmv": -1.0, "hphfpdID": "016458.e921_1039", "pdbset": null, "lrpepxh": -1.0, "finallr": 155.3037, "lrpepelmh": -1.0, "template": "1kq1:HA(0.47,0.38,60/75,41,57)", "viralprotein_id": 12432, "lrsm": 66.7858, "id": 25866235, "lrpepxv": -1.0, "lrredundpairs": -1.0, "humanprotein_id": 2308, "vphfpdID": "000248.e133_503@4dpz_X.4"}, {"lrredund": 21.3884, "lrpepelmv": 9.4001, "hphfpdID": "001509.e1_53", "pdbset": null, "lrpepxh": -1.0, "finallr": 201.0528, "lrpepelmh": -1.0, "template": "4inh:GD(0.04,0.53,11/11,8,9)", "viralprotein_id": 12432, "lrsm": 2.4032, "id": 25866698, "lrpepxv": -1.0, "lrredundpairs": -1.0, "humanprotein_id": 2598, "vphfpdID": "000248.e611_1220@5e0j_A.4"}, {"lrredund": 2.409, "lrpepelmv": 107.1532, "hphfpdID": "000003", "pdbset": null, "lrpepxh": -1.0, "finallr": 258.1321, "lrpepelmh": -1.0, "template": "3ccs:SV(0.59,0.54,14/34,5,0)", "viralprotein_id": 12432, "lrsm": 1.1641, "id": 25867225, "lrpepxv": 3.66, "lrredundpairs": -1.0, "humanprotein_id": 6857, "vphfpdID": "000248.e611_1220@1wqs_A.8"}, {"lrredund": 19.2898, "lrpepelmv": -1.0, "hphfpdID": "017281.d480_647", "pdbset": null, "lrpepxh": -1.0, "finallr": 933.4682, "lrpepelmh": -1.0, "template": "3cf0:MB(0.36,0.00,58/263,41,38)", "viralprotein_id": 12432, "lrsm": 48.3918, "id": 25867226, "lrpepxv": -1.0, "lrredundpairs": -1.0, "humanprotein_id": 5906, "vphfpdID": "000248.e508_657@1svm_A.2"}, {"lrredund": 2.3254, "lrpepelmv": 52.3486, "hphfpdID": "002272", "pdbset": null, "lrpepxh": -1.0, "finallr": 121.7314, "lrpepelmh": -1.0, "template": "4inh:FH(0.03,0.57,15/58,7,3)", "viralprotein_id": 12432, "lrsm": 1.8315, "id": 25867314, "lrpepxv": -1.0, "lrredundpairs": -1.0, "humanprotein_id": 5274, "vphfpdID": "000248.e611_1220@4in2_A.2"}, {"lrredund": 21.3884, "lrpepelmv": -1.0, "hphfpdID": "016448", "pdbset": null, "lrpepxh": -1.0, "finallr": 102.103, "lrpepelmh": -1.0, "template": "2lk5:BA(0.55,0.56,122/132,20,18)", "viralprotein_id": 12432, "lrsm": 4.7738, "id": 25867518, "lrpepxv": 3.84, "lrredundpairs": -1.0, "humanprotein_id": 7393, "vphfpdID": "000248.e611_1220@2fyr_A.3"}, {"lrredund": 1.7951, "lrpepelmv": -1.0, "hphfpdID": "018962", "pdbset": null, "lrpepxh": -1.0, "finallr": 111.8526, "lrpepelmh": -1.0, "template": "", "viralprotein_id": 12432, "lrsm": -1.0, "id": 25867712, "lrpepxv": 62.31, "lrredundpairs": -1.0, "humanprotein_id": 14000, "vphfpdID": "000248.e133_503@4dot_A.1"}, {"lrredund": 21.3884, "lrpepelmv": -1.0, "hphfpdID": "002626", "pdbset": null, "lrpepxh": -1.0, "finallr": 128.3451, "lrpepelmh": -1.0, "template": "3skj:FM(0.21,0.08,19/20,9,5)", "viralprotein_id": 12432, "lrsm": 6.0007, "id": 25867719, "lrpepxv": 5.43, "lrredundpairs": -1.0, "humanprotein_id": 2804, "vphfpdID": "000248.e133_503@4dot_A.1"}, {"lrredund": 19.2898, "lrpepelmv": 5.8994, "hphfpdID": "004076.d108_222", "pdbset": null, "lrpepxh": -1.0, "finallr": 113.7991, "lrpepelmh": -1.0, "template": "3cf5:QV(0.57,0.35,20/41,8,6)", "viralprotein_id": 12432, "lrsm": 1.2265, "id": 25869210, "lrpepxv": 3.84, "lrredundpairs": -1.0, "humanprotein_id": 4894, "vphfpdID": "000248.e611_1220@1wqs_A.8"}, {"lrredund": 4.2492, "lrpepelmv": -1.0, "hphfpdID": "002085.d175_252", "pdbset": null, "lrpepxh": -1.0, "finallr": 107.2347, "lrpepelmh": -1.0, "template": "1wqs:AD(0.00,0.14,7/107,7,4)", "viralprotein_id": 12432, "lrsm": 25.2364, "id": 25869284, "lrpepxv": 3.84, "lrredundpairs": -1.0, "humanprotein_id": 4532, "vphfpdID": "000248.e611_1220@1wqs_A.8"}, {"lrredund": 21.3884, "lrpepelmv": -1.0, "hphfpdID": "011519.e1_119", "pdbset": null, "lrpepxh": -1.0, "finallr": 326.2441, "lrpepelmh": -1.0, "template": "2lk6:AB(0.21,0.39,132/154,42,77)", "viralprotein_id": 12432, "lrsm": 15.2533, "id": 25869749, "lrpepxv": -1.0, "lrredundpairs": -1.0, "humanprotein_id": 3074, "vphfpdID": "000248.e133_503@4dpz_X.4"}, {"lrredund": 21.3884, "lrpepelmv": 9.3373, "hphfpdID": "001349.d2683_2962", "pdbset": null, "lrpepxh": -1.0, "finallr": 199.7102, "lrpepelmh": -1.0, "template": "1ygy:AB(0.49,0.58,1/455,0,0)", "viralprotein_id": 12432, "lrsm": 0.9682, "id": 25869756, "lrpepxv": -1.0, "lrredundpairs": -1.0, "humanprotein_id": 7312, "vphfpdID": "000248.d1341_1619@1sh3_A.3"}, {"lrredund": 21.3884, "lrpepelmv": -1.0, "hphfpdID": "007725.d40_193", "pdbset": null, "lrpepxh": -1.0, "finallr": 1332.711, "lrpepelmh": -1.0, "template": "1xxc:AB(0.53,0.43,62/67,1,0)", "viralprotein_id": 12432, "lrsm": 2.0531, "id": 25869819, "lrpepxv": 62.31, "lrredundpairs": -1.0, "humanprotein_id": 3138, "vphfpdID": "000248.e611_1220@4imq_A.6"}, {"lrredund": 20.9141, "lrpepelmv": -1.0, "hphfpdID": "006178.e462_515", "pdbset": null, "lrpepxh": -1.0, "finallr": 132.5129, "lrpepelmh": -1.0, "template": "2jra:BA(0.39,0.35,123/219,43,76)", "viralprotein_id": 12432, "lrsm": 6.3361, "id": 25870409, "lrpepxv": -1.0, "lrredundpairs": -1.0, "humanprotein_id": 2856, "vphfpdID": "000248.e133_503@4q95_A.3"}, {"lrredund": 4.2492, "lrpepelmv": 107.1532, "hphfpdID": "000004", "pdbset": null, "lrpepxh": -1.0, "finallr": 455.3154, "lrpepelmh": -1.0, "template": "", "viralprotein_id": 12432, "lrsm": -1.0, "id": 25870451, "lrpepxv": 2.59, "lrredundpairs": -1.0, "humanprotein_id": 6298, "vphfpdID": "000248@5e0j_A.8"}, {"lrredund": 21.3884, "lrpepelmv": -1.0, "hphfpdID": "005567.e1_206", "pdbset": null, "lrpepxh": -1.0, "finallr": 116.139, "lrpepelmh": -1.0, "template": "2lk5:AB(0.47,0.53,119/132,25,35)", "viralprotein_id": 12432, "lrsm": 2.4771, "id": 25871195, "lrpepxv": 5.43, "lrredundpairs": -1.0, "humanprotein_id": 3874, "vphfpdID": "000248.e133_503@4dot_A.1"}, {"lrredund": 20.9141, "lrpepelmv": -1.0, "hphfpdID": "005354.e1664_1728", "pdbset": null, "lrpepxh": -1.0, "finallr": 137.1964, "lrpepelmh": -1.0, "template": "1wqs:CB(0.14,0.42,59/127,21,19)", "viralprotein_id": 12432, "lrsm": 3.1219, "id": 25871227, "lrpepxv": 6.56, "lrredundpairs": -1.0, "humanprotein_id": 7033, "vphfpdID": "000248.e611_1220@5e0j_A.4"}, {"lrredund": 4.2492, "lrpepelmv": -1.0, "hphfpdID": "008899", "pdbset": null, "lrpepxh": -1.0, "finallr": 101.404, "lrpepelmh": -1.0, "template": "2orv:AB(0.38,0.00,145/214,72,102)", "viralprotein_id": 12432, "lrsm": 23.8643, "id": 25871654, "lrpepxv": -1.0, "lrredundpairs": -1.0, "humanprotein_id": 2925, "vphfpdID": "000248.e508_657@1svm_A.2"}, {"lrredund": 20.9141, "lrpepelmv": 5.7054, "hphfpdID": "003962.d92_178", "pdbset": null, "lrpepxh": -1.0, "finallr": 119.3239, "lrpepelmh": -1.0, "template": "2ggv:BA(0.50,0.50,124/265,22,13)", "viralprotein_id": 12432, "lrsm": 2.6731, "id": 25872145, "lrpepxv": -1.0, "lrredundpairs": -1.0, "humanprotein_id": 6447, "vphfpdID": "000248.e611_1220@2iph_A.1"}, {"lrredund": 1.7951, "lrpepelmv": -1.0, "hphfpdID": "005521.d1_109", "pdbset": null, "lrpepxh": -1.0, "finallr": 111.8526, "lrpepelmh": -1.0, "template": "4f7u:CQ(0.57,0.17,56/92,24,32)", "viralprotein_id": 12432, "lrsm": 2.0697, "id": 25872501, "lrpepxv": 62.31, "lrredundpairs": -1.0, "humanprotein_id": 18750, "vphfpdID": "000248.e133_503@4dot_A.1"}, {"lrredund": 21.3884, "lrpepelmv": 20.7326, "hphfpdID": "016613.e557_714", "pdbset": null, "lrpepxh": -1.0, "finallr": 443.4368, "lrpepelmh": -1.0, "template": "1iju:CB(0.46,0.48,3/5,5,2)", "viralprotein_id": 12432, "lrsm": 1.2265, "id": 25872829, "lrpepxv": 5.43, "lrredundpairs": -1.0, "humanprotein_id": 5161, "vphfpdID": "000248.e611_1220@4in2_A.2"}, {"lrredund": 20.9141, "lrpepelmv": 107.1532, "hphfpdID": "000007", "pdbset": null, "lrpepxh": -1.0, "finallr": 2241.013, "lrpepelmh": -1.0, "template": "3cc4:SV(0.58,0.53,8/31,3,1)", "viralprotein_id": 12432, "lrsm": 0.9682, "id": 25873640, "lrpepxv": -1.0, "lrredundpairs": -1.0, "humanprotein_id": 6393, "vphfpdID": "000248.e611_1220@1wqs_A.8"}, {"lrredund": 4.2492, "lrpepelmv": 31.6779, "hphfpdID": "018832", "pdbset": null, "lrpepxh": -1.0, "finallr": 134.6059, "lrpepelmh": -1.0, "template": "3k7r:GH(0.60,0.57,7/12,2,1)", "viralprotein_id": 12432, "lrsm": 1.1641, "id": 25873769, "lrpepxv": -1.0, "lrredundpairs": -1.0, "humanprotein_id": 5086, "vphfpdID": "000248.d1341_1619@3h5y_A.2"}, {"lrredund": 21.3884, "lrpepelmv": -1.0, "hphfpdID": "009492.e319_419", "pdbset": null, "lrpepxh": -1.0, "finallr": 116.139, "lrpepelmh": -1.0, "template": "3k7r:HI(0.59,0.55,10/15,4,1)", "viralprotein_id": 12432, "lrsm": 1.1641, "id": 25873917, "lrpepxv": 5.43, "lrredundpairs": -1.0, "humanprotein_id": 13229, "vphfpdID": "000248.d1341_1619@2b43_A.1"}, {"lrredund": 21.3884, "lrpepelmv": -1.0, "hphfpdID": "010507.e200_298", "pdbset": null, "lrpepxh": -1.0, "finallr": 117.6084, "lrpepelmh": -1.0, "template": "4e86:LH(0.21,0.18,4/7,3,0)", "viralprotein_id": 12432, "lrsm": 5.4987, "id": 25873924, "lrpepxv": -1.0, "lrredundpairs": -1.0, "humanprotein_id": 4475, "vphfpdID": "000248.e133_503@4dpz_X.4"}, {"lrredund": 4.2492, "lrpepelmv": 107.1532, "hphfpdID": "000001", "pdbset": null, "lrpepxh": -1.0, "finallr": 455.3154, "lrpepelmh": -1.0, "template": "", "viralprotein_id": 12432, "lrsm": -1.0, "id": 25873940, "lrpepxv": -1.0, "lrredundpairs": -1.0, "humanprotein_id": 4793, "vphfpdID": "000248@5e0j_A.8"}, {"lrredund": 21.3884, "lrpepelmv": 20.7326, "hphfpdID": "016615.d554_715", "pdbset": null, "lrpepxh": -1.0, "finallr": 443.4368, "lrpepelmh": -1.0, "template": "2k7i:BA(0.40,0.60,93/324,16,0)", "viralprotein_id": 12432, "lrsm": 1.6221, "id": 25874612, "lrpepxv": 3.66, "lrredundpairs": -1.0, "humanprotein_id": 5095, "vphfpdID": "000248.e611_1220@4imq_A.6"}, {"lrredund": 21.3884, "lrpepelmv": -1.0, "hphfpdID": "016859.d83_717", "pdbset": null, "lrpepxh": -1.0, "finallr": 117.6084, "lrpepelmh": -1.0, "template": "1kog:CE(0.31,0.08,8/15,3,0)", "viralprotein_id": 12432, "lrsm": 5.4987, "id": 25875111, "lrpepxv": -1.0, "lrredundpairs": -1.0, "humanprotein_id": 4494, "vphfpdID": "000248.e508_657@4gdf_A.1"}, {"lrredund": 19.2898, "lrpepelmv": 5.7054, "hphfpdID": "007227.d56_251", "pdbset": null, "lrpepxh": -1.0, "finallr": 110.0565, "lrpepelmh": -1.0, "template": "2xtt:BA(0.56,0.36,94/148,11,1)", "viralprotein_id": 12432, "lrsm": 1.5595, "id": 25875442, "lrpepxv": -1.0, "lrredundpairs": -1.0, "humanprotein_id": 5539, "vphfpdID": "000248.e611_1220@4in2_A.2"}, {"lrredund": 20.9141, "lrpepelmv": -1.0, "hphfpdID": "007726.d35_188", "pdbset": null, "lrpepxh": -1.0, "finallr": 113.5635, "lrpepelmh": -1.0, "template": "1xxc:AB(0.53,0.51,62/67,4,0)", "viralprotein_id": 12432, "lrsm": 1.9487, "id": 25875957, "lrpepxv": 5.43, "lrredundpairs": -1.0, "humanprotein_id": 3176, "vphfpdID": "000248.e611_1220@4imq_A.6"}, {"lrredund": 2.0764, "lrpepelmv": -1.0, "hphfpdID": "013217.g945_1099", "pdbset": null, "lrpepxh": -1.0, "finallr": 129.3804, "lrpepelmh": -1.0, "template": "6cha:CB(0.56,0.44,69/343,12,9)", "viralprotein_id": 12432, "lrsm": 1.6221, "id": 25876049, "lrpepxv": 62.31, "lrredundpairs": -1.0, "humanprotein_id": 7866, "vphfpdID": "000248.e611_1220@2iph_A.1"}, {"lrredund": 21.3884, "lrpepelmv": 5.7054, "hphfpdID": "018111", "pdbset": null, "lrpepxh": -1.0, "finallr": 122.03, "lrpepelmh": -1.0, "template": "2pls:FD(0.31,0.57,6/39,1,0)", "viralprotein_id": 12432, "lrsm": 1.02, "id": 25876287, "lrpepxv": -1.0, "lrredundpairs": -1.0, "humanprotein_id": 15404, "vphfpdID": "000248.e611_1220@5e0j_A.4"}]