[{"lrredund": 15.8699, "lrpepelmv": -1.0, "hphfpdID": "008850", "pdbset": null, "lrpepxh": -1.0, "finallr": 110.7665, "lrpepelmh": -1.0, "template": "1nc4:CD(0.11,0.27,44/207,22,35)", "viralprotein_id": 12460, "lrsm": 6.9797, "id": 95063783, "lrpepxv": -1.0, "lrredundpairs": -1.0, "humanprotein_id": 7761, "vphfpdID": "000276.e1_305@3sej_A.4"}, {"lrredund": 4.2492, "lrpepelmv": 32.9939, "hphfpdID": "017283.e380_439", "pdbset": null, "lrpepxh": -1.0, "finallr": 140.1976, "lrpepelmh": -1.0, "template": "3ztd:CL(0.56,0.60,1/1,2,1)", "viralprotein_id": 12460, "lrsm": 1.2704, "id": 95063784, "lrpepxv": -1.0, "lrredundpairs": -1.0, "humanprotein_id": 5846, "vphfpdID": "000276@3m8l_A.4"}, {"lrredund": 21.3884, "lrpepelmv": -1.0, "hphfpdID": "018800.e1_115", "pdbset": null, "lrpepxh": -1.0, "finallr": 166.727, "lrpepelmh": -1.0, "template": "3rnq:AB(0.28,0.11,46/97,28,39)", "viralprotein_id": 12460, "lrsm": 7.7952, "id": 95064007, "lrpepxv": -1.0, "lrredundpairs": 0.7707, "humanprotein_id": 4109, "vphfpdID": "000276.e1_305@3sej_A.4"}, {"lrredund": 20.9141, "lrpepelmv": -1.0, "hphfpdID": "018500.d533_608", "pdbset": null, "lrpepxh": -1.0, "finallr": 163.0298, "lrpepelmh": -1.0, "template": "2ktr:BA(0.15,0.21,45/66,23,44)", "viralprotein_id": 12460, "lrsm": 7.7952, "id": 95064260, "lrpepxv": -1.0, "lrredundpairs": 0.7707, "humanprotein_id": 3463, "vphfpdID": "000276.e1_305@3sej_A.4"}, {"lrredund": 19.2898, "lrpepelmv": -1.0, "hphfpdID": "016448", "pdbset": null, "lrpepxh": -1.0, "finallr": 829.794, "lrpepelmh": -1.0, "template": "2ktr:BA(0.15,0.01,47/66,24,42)", "viralprotein_id": 12460, "lrsm": 43.0172, "id": 95064404, "lrpepxv": -1.0, "lrredundpairs": 0.7707, "humanprotein_id": 7393, "vphfpdID": "000276.e1_305@3sej_A.4"}, {"lrredund": 4.2492, "lrpepelmv": 137.2032, "hphfpdID": "000001", "pdbset": null, "lrpepxh": -1.0, "finallr": 583.0042, "lrpepelmh": -1.0, "template": "", "viralprotein_id": 12460, "lrsm": -1.0, "id": 95065043, "lrpepxv": -1.0, "lrredundpairs": -1.0, "humanprotein_id": 4793, "vphfpdID": "000276@4pb6_A.7"}, {"lrredund": 21.3884, "lrpepelmv": -1.0, "hphfpdID": "016730", "pdbset": null, "lrpepxh": -1.0, "finallr": 172.4606, "lrpepelmh": -1.0, "template": "2lk6:BA(0.52,0.53,126/154,43,88)", "viralprotein_id": 12460, "lrsm": 8.0633, "id": 95065124, "lrpepxv": -1.0, "lrredundpairs": 0.7707, "humanprotein_id": 6290, "vphfpdID": "000276.d86_219"}, {"lrredund": 19.2898, "lrpepelmv": -1.0, "hphfpdID": "009492.e120_224", "pdbset": null, "lrpepxh": -1.0, "finallr": 134.6362, "lrpepelmh": -1.0, "template": "1mfe:LH(0.14,0.23,34/175,22,25)", "viralprotein_id": 12460, "lrsm": 6.9797, "id": 95065428, "lrpepxv": -1.0, "lrredundpairs": 0.7707, "humanprotein_id": 13229, "vphfpdID": "000276.e1_305@3sej_A.4"}, {"lrredund": 21.3884, "lrpepelmv": -1.0, "hphfpdID": "003962.d92_178", "pdbset": null, "lrpepxh": -1.0, "finallr": 146.3215, "lrpepelmh": -1.0, "template": "1v9u:32(0.20,0.37,75/414,41,53)", "viralprotein_id": 12460, "lrsm": 6.8412, "id": 95065819, "lrpepxv": -1.0, "lrredundpairs": -1.0, "humanprotein_id": 6447, "vphfpdID": "000276.d86_219"}, {"lrredund": 21.3884, "lrpepelmv": 137.2032, "hphfpdID": "000007", "pdbset": null, "lrpepxh": -1.0, "finallr": 2934.559, "lrpepelmh": -1.0, "template": "", "viralprotein_id": 12460, "lrsm": -1.0, "id": 95066119, "lrpepxv": -1.0, "lrredundpairs": -1.0, "humanprotein_id": 6393, "vphfpdID": "000276@1ihm_A.2"}, {"lrredund": 21.3884, "lrpepelmv": -1.0, "hphfpdID": "005354.e1664_1728", "pdbset": null, "lrpepxh": -1.0, "finallr": 274.8026, "lrpepelmh": -1.0, "template": "1po2:23(0.21,0.57,59/415,42,48)", "viralprotein_id": 12460, "lrsm": 12.8482, "id": 95066839, "lrpepxv": -1.0, "lrredundpairs": -1.0, "humanprotein_id": 7033, "vphfpdID": "000276.d86_219"}, {"lrredund": 3.5815, "lrpepelmv": -1.0, "hphfpdID": "004699.e124_261", "pdbset": null, "lrpepxh": -1.0, "finallr": 108.6776, "lrpepelmh": -1.0, "template": "4f7m:AE(0.16,0.02,13/27,12,8)", "viralprotein_id": 12460, "lrsm": 30.3442, "id": 95068640, "lrpepxv": -1.0, "lrredundpairs": -1.0, "humanprotein_id": 4544, "vphfpdID": "000276.e1_305@3sej_A.4"}, {"lrredund": 21.3884, "lrpepelmv": -1.0, "hphfpdID": "011519", "pdbset": null, "lrpepxh": -1.0, "finallr": 393.8285, "lrpepelmh": -1.0, "template": "1nlq:EC(0.37,0.05,83/101,42,62)", "viralprotein_id": 12460, "lrsm": 18.4132, "id": 95068656, "lrpepxv": -1.0, "lrredundpairs": -1.0, "humanprotein_id": 3074, "vphfpdID": "000276.d86_219"}, {"lrredund": 21.3884, "lrpepelmv": 14.0867, "hphfpdID": "007144.d1_56", "pdbset": null, "lrpepxh": -1.0, "finallr": 301.2919, "lrpepelmh": -1.0, "template": "1na1:CB(0.34,0.50,270/1559,46,65)", "viralprotein_id": 12460, "lrsm": 7.644, "id": 95069111, "lrpepxv": -1.0, "lrredundpairs": -1.0, "humanprotein_id": 6385, "vphfpdID": "000276@1ihm_A.2"}, {"lrredund": 21.3884, "lrpepelmv": 137.2032, "hphfpdID": "000002", "pdbset": null, "lrpepxh": -1.0, "finallr": 2934.559, "lrpepelmh": -1.0, "template": "", "viralprotein_id": 12460, "lrsm": -1.0, "id": 95069906, "lrpepxv": -1.0, "lrredundpairs": -1.0, "humanprotein_id": 6315, "vphfpdID": "000276@1ihm_A.2"}, {"lrredund": 2.3254, "lrpepelmv": 137.2032, "hphfpdID": "000005", "pdbset": null, "lrpepxh": -1.0, "finallr": 319.0525, "lrpepelmh": -1.0, "template": "", "viralprotein_id": 12460, "lrsm": -1.0, "id": 95071165, "lrpepxv": -1.0, "lrredundpairs": -1.0, "humanprotein_id": 4794, "vphfpdID": "000276@3m8l_A.4"}, {"lrredund": 21.3884, "lrpepelmv": 14.0867, "hphfpdID": "016613.e316_567", "pdbset": null, "lrpepxh": -1.0, "finallr": 301.2919, "lrpepelmh": -1.0, "template": "1z9o:EA(0.57,0.57,8/8,9,5)", "viralprotein_id": 12460, "lrsm": 1.2704, "id": 95071230, "lrpepxv": -1.0, "lrredundpairs": -1.0, "humanprotein_id": 5161, "vphfpdID": "000276.e1_305@1ihm_A.1"}, {"lrredund": 20.9141, "lrpepelmv": 137.2032, "hphfpdID": "000006", "pdbset": null, "lrpepxh": -1.0, "finallr": 2869.483, "lrpepelmh": -1.0, "template": "", "viralprotein_id": 12460, "lrsm": -1.0, "id": 95071444, "lrpepxv": -1.0, "lrredundpairs": -1.0, "humanprotein_id": 4514, "vphfpdID": "000276@4ejr_A.5"}, {"lrredund": 19.2898, "lrpepelmv": -1.0, "hphfpdID": "018501", "pdbset": null, "lrpepxh": -1.0, "finallr": 106.0689, "lrpepelmh": -1.0, "template": "3prp:CB(0.24,0.09,16/36,8,5)", "viralprotein_id": 12460, "lrsm": 5.4987, "id": 95071925, "lrpepxv": -1.0, "lrredundpairs": 0.7707, "humanprotein_id": 1286, "vphfpdID": "000276.e1_305@3sej_A.4"}, {"lrredund": 21.3884, "lrpepelmv": -1.0, "hphfpdID": "002673", "pdbset": null, "lrpepxh": -1.0, "finallr": 128.3451, "lrpepelmh": -1.0, "template": "4bco:AC(0.31,0.02,2/2,3,2)", "viralprotein_id": 12460, "lrsm": 6.0007, "id": 95072143, "lrpepxv": -1.0, "lrredundpairs": -1.0, "humanprotein_id": 4427, "vphfpdID": "000276.e1_305@3sej_A.4"}, {"lrredund": 2.3254, "lrpepelmv": 137.2032, "hphfpdID": "000003", "pdbset": null, "lrpepxh": -1.0, "finallr": 319.0525, "lrpepelmh": -1.0, "template": "", "viralprotein_id": 12460, "lrsm": -1.0, "id": 95072329, "lrpepxv": -1.0, "lrredundpairs": -1.0, "humanprotein_id": 6857, "vphfpdID": "000276@4pb6_A.7"}, {"lrredund": 20.9141, "lrpepelmv": -1.0, "hphfpdID": "000172.d132_188", "pdbset": null, "lrpepxh": -1.0, "finallr": 190.294, "lrpepelmh": -1.0, "template": "4cdw:CB(0.21,0.56,264/1864,48,238)", "viralprotein_id": 12460, "lrsm": 9.0988, "id": 95073475, "lrpepxv": -1.0, "lrredundpairs": 0.7707, "humanprotein_id": 2981, "vphfpdID": "000276.d86_219"}, {"lrredund": 21.3884, "lrpepelmv": -1.0, "hphfpdID": "001452", "pdbset": null, "lrpepxh": -1.0, "finallr": 649.013, "lrpepelmh": -1.0, "template": "4f7m:AE(0.16,0.01,13/27,9,4)", "viralprotein_id": 12460, "lrsm": 30.3442, "id": 95073653, "lrpepxv": -1.0, "lrredundpairs": 0.7707, "humanprotein_id": 6282, "vphfpdID": "000276.e1_305@3sej_A.4"}, {"lrredund": 21.3884, "lrpepelmv": 14.0867, "hphfpdID": "016615", "pdbset": null, "lrpepxh": -1.0, "finallr": 301.2919, "lrpepelmh": -1.0, "template": "2wwm:DC(0.58,0.49,69/77,18,11)", "viralprotein_id": 12460, "lrsm": 1.9487, "id": 95073739, "lrpepxv": -1.0, "lrredundpairs": -1.0, "humanprotein_id": 5095, "vphfpdID": "000276.e1_305@1ihm_A.1"}, {"lrredund": 2.3254, "lrpepelmv": 52.8828, "hphfpdID": "000906.e751_863", "pdbset": null, "lrpepxh": -1.0, "finallr": 122.9736, "lrpepelmh": -1.0, "template": "2jra:BA(0.47,0.29,90/219,17,20)", "viralprotein_id": 12460, "lrsm": 1.8563, "id": 95073759, "lrpepxv": -1.0, "lrredundpairs": -1.0, "humanprotein_id": 2586, "vphfpdID": "000276@3pum_A.1"}, {"lrredund": 4.2492, "lrpepelmv": -1.0, "hphfpdID": "006463", "pdbset": null, "lrpepxh": -1.0, "finallr": 163.6651, "lrpepelmh": -1.0, "template": "1u8f:PO(0.17,0.01,55/233,31,45)", "viralprotein_id": 12460, "lrsm": 38.5167, "id": 95073823, "lrpepxv": -1.0, "lrredundpairs": -1.0, "humanprotein_id": 2943, "vphfpdID": "000276.e1_305@3sej_A.4"}, {"lrredund": 4.2492, "lrpepelmv": 137.2032, "hphfpdID": "000004", "pdbset": null, "lrpepxh": -1.0, "finallr": 583.0042, "lrpepelmh": -1.0, "template": "", "viralprotein_id": 12460, "lrsm": -1.0, "id": 95074435, "lrpepxv": -1.0, "lrredundpairs": -1.0, "humanprotein_id": 6298, "vphfpdID": "000276@3m8l_A.4"}, {"lrredund": 15.8699, "lrpepelmv": 12.1604, "hphfpdID": "001060.e253_532", "pdbset": null, "lrpepxh": -1.0, "finallr": 192.9838, "lrpepelmh": -1.0, "template": "1l1c:AB(0.55,0.44,66/127,23,38)", "viralprotein_id": 12460, "lrsm": 1.7316, "id": 95075270, "lrpepxv": -1.0, "lrredundpairs": -1.0, "humanprotein_id": 17652, "vphfpdID": "000276@3m8l_A.4"}, {"lrredund": 20.9141, "lrpepelmv": -1.0, "hphfpdID": "007197.d147_245", "pdbset": null, "lrpepxh": -1.0, "finallr": 214.4751, "lrpepelmh": -1.0, "template": "1qaw:DC(0.37,0.49,87/108,41,50)", "viralprotein_id": 12460, "lrsm": 10.255, "id": 95075406, "lrpepxv": -1.0, "lrredundpairs": 0.7707, "humanprotein_id": 3620, "vphfpdID": "000276.d86_219"}, {"lrredund": 20.9141, "lrpepelmv": -1.0, "hphfpdID": "006178.e689_810", "pdbset": null, "lrpepxh": -1.0, "finallr": 190.294, "lrpepelmh": -1.0, "template": "1na1:BC(0.26,0.49,273/1560,61,68)", "viralprotein_id": 12460, "lrsm": 9.0988, "id": 95075618, "lrpepxv": -1.0, "lrredundpairs": -1.0, "humanprotein_id": 2856, "vphfpdID": "000276.d86_219"}, {"lrredund": 21.3884, "lrpepelmv": -1.0, "hphfpdID": "002626", "pdbset": null, "lrpepxh": -1.0, "finallr": 128.3451, "lrpepelmh": -1.0, "template": "2vxs:BM(0.22,0.12,1/1,2,1)", "viralprotein_id": 12460, "lrsm": 6.0007, "id": 95076045, "lrpepxv": -1.0, "lrredundpairs": 0.7707, "humanprotein_id": 2804, "vphfpdID": "000276.e1_305@2obr_A.2"}, {"lrredund": 21.3884, "lrpepelmv": -1.0, "hphfpdID": "010507.e1_206", "pdbset": null, "lrpepxh": -1.0, "finallr": 166.727, "lrpepelmh": -1.0, "template": "2ktr:BA(0.15,0.24,47/66,23,43)", "viralprotein_id": 12460, "lrsm": 7.7952, "id": 95076206, "lrpepxv": -1.0, "lrredundpairs": -1.0, "humanprotein_id": 4475, "vphfpdID": "000276.e1_305@3sej_A.4"}, {"lrredund": 21.3884, "lrpepelmv": 14.2424, "hphfpdID": "001751.e1650_1757", "pdbset": null, "lrpepxh": -1.0, "finallr": 304.6231, "lrpepelmh": -1.0, "template": "", "viralprotein_id": 12460, "lrsm": -1.0, "id": 95076411, "lrpepxv": -1.0, "lrredundpairs": -1.0, "humanprotein_id": 5041, "vphfpdID": "000276@3pum_A.1"}, {"lrredund": 21.3884, "lrpepelmv": 29.6561, "hphfpdID": "008378.d463_902", "pdbset": null, "lrpepxh": -1.0, "finallr": 634.296, "lrpepelmh": -1.0, "template": "1kiu:GA(0.59,0.46,52/66,27,21)", "viralprotein_id": 12460, "lrsm": 1.6503, "id": 95076622, "lrpepxv": -1.0, "lrredundpairs": -1.0, "humanprotein_id": 3758, "vphfpdID": "000276.e1_305@1ihm_A.1"}, {"lrredund": 21.3884, "lrpepelmv": -1.0, "hphfpdID": "014262.d1_78", "pdbset": null, "lrpepxh": -1.0, "finallr": 117.6084, "lrpepelmh": -1.0, "template": "3prp:CB(0.24,0.06,16/36,9,10)", "viralprotein_id": 12460, "lrsm": 5.4987, "id": 95076857, "lrpepxv": -1.0, "lrredundpairs": -1.0, "humanprotein_id": 5865, "vphfpdID": "000276.e1_305@3sej_A.4"}, {"lrredund": 20.9141, "lrpepelmv": 14.0867, "hphfpdID": "016466.e142_262", "pdbset": null, "lrpepxh": -1.0, "finallr": 294.6106, "lrpepelmh": -1.0, "template": "3m7f:BA(0.49,0.07,56/93,23,19)", "viralprotein_id": 12460, "lrsm": 3.1219, "id": 95076869, "lrpepxv": -1.0, "lrredundpairs": 0.7707, "humanprotein_id": 3727, "vphfpdID": "000276.e1_305@1ihm_A.1"}, {"lrredund": 4.2492, "lrpepelmv": 32.9939, "hphfpdID": "017284.e489_542", "pdbset": null, "lrpepxh": -1.0, "finallr": 140.1976, "lrpepelmh": -1.0, "template": "3ztd:CL(0.56,0.58,1/1,2,1)", "viralprotein_id": 12460, "lrsm": 1.2704, "id": 95077196, "lrpepxv": -1.0, "lrredundpairs": -1.0, "humanprotein_id": 7960, "vphfpdID": "000276@3m8l_A.4"}, {"lrredund": 21.3884, "lrpepelmv": 9.3373, "hphfpdID": "001349.d2715_2964", "pdbset": null, "lrpepxh": -1.0, "finallr": 199.7102, "lrpepelmh": -1.0, "template": "4aoc:EC(0.40,0.52,4/160,1,0)", "viralprotein_id": 12460, "lrsm": 1.02, "id": 95077284, "lrpepxv": -1.0, "lrredundpairs": -1.0, "humanprotein_id": 7312, "vphfpdID": "000276@2gh8_A.3"}, {"lrredund": 19.2898, "lrpepelmv": -1.0, "hphfpdID": "005567.e1_206", "pdbset": null, "lrpepxh": -1.0, "finallr": 150.368, "lrpepelmh": -1.0, "template": "2ktr:BA(0.15,0.23,47/66,22,31)", "viralprotein_id": 12460, "lrsm": 7.7952, "id": 95077761, "lrpepxv": -1.0, "lrredundpairs": -1.0, "humanprotein_id": 3874, "vphfpdID": "000276.e1_305@3sej_A.4"}, {"lrredund": 21.3884, "lrpepelmv": -1.0, "hphfpdID": "009491.e318_418", "pdbset": null, "lrpepxh": -1.0, "finallr": 149.2837, "lrpepelmh": -1.0, "template": "3ri5:NF(0.22,0.16,47/158,24,37)", "viralprotein_id": 12460, "lrsm": 6.9797, "id": 95077896, "lrpepxv": -1.0, "lrredundpairs": -1.0, "humanprotein_id": 12198, "vphfpdID": "000276.e1_305@3sej_A.4"}, {"lrredund": 20.9141, "lrpepelmv": 22.0743, "hphfpdID": "007144.e151_217", "pdbset": null, "lrpepxh": -1.0, "finallr": 461.6652, "lrpepelmh": -1.0, "template": "4afu:AC(0.51,0.07,56/104,15,2)", "viralprotein_id": 12458, "lrsm": 2.2022, "id": 95448339, "lrpepxv": 2.59, "lrredundpairs": -1.0, "humanprotein_id": 6385, "vphfpdID": "000274.e598_1206@4in1_A.7"}, {"lrredund": 21.3884, "lrpepelmv": 6.3859, "hphfpdID": "004076.d108_222", "pdbset": null, "lrpepxh": -1.0, "finallr": 136.5839, "lrpepelmh": -1.0, "template": "3cf5:QV(0.57,0.35,20/41,6,3)", "viralprotein_id": 12458, "lrsm": 1.2265, "id": 95448409, "lrpepxv": 2.59, "lrredundpairs": -1.0, "humanprotein_id": 4894, "vphfpdID": "000274.e598_1206@1wqs_A.8"}, {"lrredund": 21.3884, "lrpepelmv": 9.3373, "hphfpdID": "001349.d2679_3055", "pdbset": null, "lrpepxh": -1.0, "finallr": 199.7102, "lrpepelmh": -1.0, "template": "3kvp:FB(0.51,0.49,54/67,22,10)", "viralprotein_id": 12458, "lrsm": 2.6756, "id": 95448956, "lrpepxv": 2.59, "lrredundpairs": -1.0, "humanprotein_id": 7312, "vphfpdID": "000274.e598_1206@1wqs_A.8"}, {"lrredund": 20.9141, "lrpepelmv": -1.0, "hphfpdID": "006178.e462_515", "pdbset": null, "lrpepxh": -1.0, "finallr": 132.5129, "lrpepelmh": -1.0, "template": "2jra:BA(0.40,0.35,129/219,45,62)", "viralprotein_id": 12458, "lrsm": 6.3361, "id": 95449091, "lrpepxv": -1.0, "lrredundpairs": 0.7707, "humanprotein_id": 2856, "vphfpdID": "000274.e120_494@4q95_A.4"}, {"lrredund": 21.3884, "lrpepelmv": -1.0, "hphfpdID": "009492.e319_419", "pdbset": null, "lrpepxh": -1.0, "finallr": 116.139, "lrpepelmh": -1.0, "template": "3np5:CB(0.50,0.44,15/24,4,0)", "viralprotein_id": 12458, "lrsm": 1.2265, "id": 95449964, "lrpepxv": 5.43, "lrredundpairs": -1.0, "humanprotein_id": 13229, "vphfpdID": "000274.d1347_1605@3h5y_A.1"}, {"lrredund": 1.7951, "lrpepelmv": -1.0, "hphfpdID": "017423.e357_622", "pdbset": null, "lrpepxh": -1.0, "finallr": 119.8872, "lrpepelmh": -1.0, "template": "4afu:BA(0.54,0.26,57/66,41,37)", "viralprotein_id": 12458, "lrsm": 66.7858, "id": 95450409, "lrpepxv": 41.95, "lrredundpairs": -1.0, "humanprotein_id": 2716, "vphfpdID": "000274.e598_1206@1wqs_A.8"}, {"lrredund": 21.3884, "lrpepelmv": -1.0, "hphfpdID": "017046.d486_635", "pdbset": null, "lrpepxh": -1.0, "finallr": 140.3079, "lrpepelmh": -1.0, "template": "4h4f:AB(0.40,0.57,55/107,5,1)", "viralprotein_id": 12458, "lrsm": 1.2265, "id": 95450831, "lrpepxv": 6.56, "lrredundpairs": -1.0, "humanprotein_id": 6818, "vphfpdID": "000274.e598_1206@4imq_A.4"}, {"lrredund": 21.3884, "lrpepelmv": -1.0, "hphfpdID": "005567.d200_296", "pdbset": null, "lrpepxh": -1.0, "finallr": 116.139, "lrpepelmh": -1.0, "template": "4f7u:AP(0.42,0.28,74/91,28,26)", "viralprotein_id": 12458, "lrsm": 2.9486, "id": 95451076, "lrpepxv": 5.43, "lrredundpairs": -1.0, "humanprotein_id": 3874, "vphfpdID": "000274.e120_494@4dpz_X.3"}, {"lrredund": 21.3884, "lrpepelmv": -1.0, "hphfpdID": "001154.e1_193", "pdbset": null, "lrpepxh": -1.0, "finallr": 116.139, "lrpepelmh": -1.0, "template": "2jpp:AB(0.57,0.57,158/262,24,15)", "viralprotein_id": 12458, "lrsm": 2.5372, "id": 95452202, "lrpepxv": 5.43, "lrredundpairs": -1.0, "humanprotein_id": 4803, "vphfpdID": "000274.e120_494@4dpz_X.3"}, {"lrredund": 21.3884, "lrpepelmv": 201.9336, "hphfpdID": "000002", "pdbset": null, "lrpepxh": -1.0, "finallr": 4319.038, "lrpepelmh": -1.0, "template": "", "viralprotein_id": 12458, "lrsm": -1.0, "id": 95453381, "lrpepxv": -1.0, "lrredundpairs": -1.0, "humanprotein_id": 6315, "vphfpdID": "000274@2fyr_A.5"}, {"lrredund": 19.2898, "lrpepelmv": -1.0, "hphfpdID": "007725.d40_193", "pdbset": null, "lrpepxh": -1.0, "finallr": 1201.947, "lrpepelmh": -1.0, "template": "1xxc:AB(0.57,0.43,62/67,1,0)", "viralprotein_id": 12458, "lrsm": 2.0531, "id": 95453403, "lrpepxv": 62.31, "lrredundpairs": -1.0, "humanprotein_id": 3138, "vphfpdID": "000274.e598_1206@4imq_A.4"}, {"lrredund": 4.2492, "lrpepelmv": -1.0, "hphfpdID": "002085.d175_252", "pdbset": null, "lrpepxh": -1.0, "finallr": 107.2347, "lrpepelmh": -1.0, "template": "1wqs:AD(0.00,0.14,7/107,4,1)", "viralprotein_id": 12458, "lrsm": 25.2364, "id": 95453529, "lrpepxv": -1.0, "lrredundpairs": -1.0, "humanprotein_id": 4532, "vphfpdID": "000274.e598_1206@1wqs_A.8"}, {"lrredund": 4.2492, "lrpepelmv": 32.9939, "hphfpdID": "017284.e87_316", "pdbset": null, "lrpepxh": -1.0, "finallr": 140.1976, "lrpepelmh": -1.0, "template": "2zjq:QV(0.55,0.59,29/36,3,0)", "viralprotein_id": 12458, "lrsm": 1.2704, "id": 95453732, "lrpepxv": 2.59, "lrredundpairs": -1.0, "humanprotein_id": 7960, "vphfpdID": "000274.e598_1206@4in2_A.5"}, {"lrredund": 20.9141, "lrpepelmv": -1.0, "hphfpdID": "018800.e309_403", "pdbset": null, "lrpepxh": -1.0, "finallr": 128.5902, "lrpepelmh": -1.0, "template": "2lk6:BA(0.24,0.34,140/154,30,25)", "viralprotein_id": 12458, "lrsm": 6.1485, "id": 95454373, "lrpepxv": -1.0, "lrredundpairs": -1.0, "humanprotein_id": 4109, "vphfpdID": "000274.e120_494@4dpz_X.3"}, {"lrredund": 4.2492, "lrpepelmv": -1.0, "hphfpdID": "018016.e376_501", "pdbset": null, "lrpepxh": -1.0, "finallr": 178.2539, "lrpepelmh": -1.0, "template": "2xtt:BA(0.48,0.28,91/148,21,11)", "viralprotein_id": 12458, "lrsm": 2.0611, "id": 95454733, "lrpepxv": 41.95, "lrredundpairs": -1.0, "humanprotein_id": 7171, "vphfpdID": "000274.e598_1206@4xbb_A.3"}, {"lrredund": 21.3884, "lrpepelmv": 201.9336, "hphfpdID": "000006", "pdbset": null, "lrpepxh": -1.0, "finallr": 4319.038, "lrpepelmh": -1.0, "template": "3cf5:QV(0.57,0.43,18/41,5,2)", "viralprotein_id": 12458, "lrsm": 1.2265, "id": 95454947, "lrpepxv": -1.0, "lrredundpairs": -1.0, "humanprotein_id": 4514, "vphfpdID": "000274.e598_1206@1wqs_A.8"}, {"lrredund": 19.2898, "lrpepelmv": -1.0, "hphfpdID": "012444.e95_323", "pdbset": null, "lrpepxh": -1.0, "finallr": 188.0755, "lrpepelmh": -1.0, "template": "2vyx:KD(0.60,0.59,49/55,2,0)", "viralprotein_id": 12458, "lrsm": 1.2704, "id": 95455388, "lrpepxv": 9.75, "lrredundpairs": -1.0, "humanprotein_id": 2955, "vphfpdID": "000274.d1347_1605@3h5y_A.1"}, {"lrredund": 4.2492, "lrpepelmv": 32.9939, "hphfpdID": "017283.e380_439", "pdbset": null, "lrpepxh": -1.0, "finallr": 140.1976, "lrpepelmh": -1.0, "template": "2nvq:CJ(0.48,0.39,14/111,5,0)", "viralprotein_id": 12458, "lrsm": 1.02, "id": 95455737, "lrpepxv": 2.59, "lrredundpairs": -1.0, "humanprotein_id": 5846, "vphfpdID": "000274.e598_1206@2fyr_A.1"}, {"lrredund": 21.3884, "lrpepelmv": 9.4001, "hphfpdID": "001509.e1_53", "pdbset": null, "lrpepxh": -1.0, "finallr": 201.0528, "lrpepelmh": -1.0, "template": "3blz:CA(0.50,0.56,1/1,1,0)", "viralprotein_id": 12458, "lrsm": 1.2704, "id": 95455842, "lrpepxv": 3.84, "lrredundpairs": -1.0, "humanprotein_id": 2598, "vphfpdID": "000274.d1347_1605@3h5y_A.1"}, {"lrredund": 2.0764, "lrpepelmv": -1.0, "hphfpdID": "013217.g945_1099", "pdbset": null, "lrpepxh": -1.0, "finallr": 129.3804, "lrpepelmh": -1.0, "template": "1hia:YX(0.53,0.59,142/338,19,8)", "viralprotein_id": 12458, "lrsm": 4.5423, "id": 95455935, "lrpepxv": 62.31, "lrredundpairs": -1.0, "humanprotein_id": 7866, "vphfpdID": "000274.e598_1206@4xbb_A.3"}, {"lrredund": 4.2492, "lrpepelmv": 201.9336, "hphfpdID": "000001", "pdbset": null, "lrpepxh": -1.0, "finallr": 858.0565, "lrpepelmh": -1.0, "template": "", "viralprotein_id": 12458, "lrsm": -1.0, "id": 95456424, "lrpepxv": -1.0, "lrredundpairs": -1.0, "humanprotein_id": 4793, "vphfpdID": "000274@4in1_A.10"}, {"lrredund": 2.3254, "lrpepelmv": 201.9336, "hphfpdID": "000005", "pdbset": null, "lrpepxh": -1.0, "finallr": 469.5765, "lrpepelmh": -1.0, "template": "3ccl:SV(0.59,0.53,13/32,8,5)", "viralprotein_id": 12458, "lrsm": 1.1641, "id": 95457400, "lrpepxv": -1.0, "lrredundpairs": -1.0, "humanprotein_id": 4794, "vphfpdID": "000274.e598_1206@1wqs_A.8"}, {"lrredund": 21.3884, "lrpepelmv": 4.8562, "hphfpdID": "018111", "pdbset": null, "lrpepxh": -1.0, "finallr": 103.8657, "lrpepelmh": -1.0, "template": "2f91:AB(0.59,0.60,99/171,18,14)", "viralprotein_id": 12458, "lrsm": 1.4802, "id": 95458443, "lrpepxv": 2.59, "lrredundpairs": 0.7707, "humanprotein_id": 15404, "vphfpdID": "000274.e598_1206@4xbb_A.3"}, {"lrredund": 4.2492, "lrpepelmv": -1.0, "hphfpdID": "008899", "pdbset": null, "lrpepxh": -1.0, "finallr": 149.4305, "lrpepelmh": -1.0, "template": "2qqe:BA(0.45,0.10,193/241,72,82)", "viralprotein_id": 12458, "lrsm": 35.1668, "id": 95458806, "lrpepxv": -1.0, "lrredundpairs": -1.0, "humanprotein_id": 2925, "vphfpdID": "000274.e467_644"}, {"lrredund": 21.3884, "lrpepelmv": 20.7326, "hphfpdID": "016615.d554_715", "pdbset": null, "lrpepxh": -1.0, "finallr": 443.4368, "lrpepelmh": -1.0, "template": "2k7i:BA(0.40,0.60,93/324,16,0)", "viralprotein_id": 12458, "lrsm": 1.6221, "id": 95459091, "lrpepxv": 3.66, "lrredundpairs": -1.0, "humanprotein_id": 5095, "vphfpdID": "000274.e598_1206@4imq_A.4"}, {"lrredund": 21.3884, "lrpepelmv": 20.7326, "hphfpdID": "016613.e316_567", "pdbset": null, "lrpepxh": -1.0, "finallr": 443.4368, "lrpepelmh": -1.0, "template": "2idh:CB(0.58,0.56,10/12,2,0)", "viralprotein_id": 12458, "lrsm": 1.2704, "id": 95459573, "lrpepxv": 3.66, "lrredundpairs": -1.0, "humanprotein_id": 5161, "vphfpdID": "000274.e598_1206@4xbb_A.3"}, {"lrredund": 2.3254, "lrpepelmv": 201.9336, "hphfpdID": "000003", "pdbset": null, "lrpepxh": -1.0, "finallr": 469.5765, "lrpepelmh": -1.0, "template": "", "viralprotein_id": 12458, "lrsm": -1.0, "id": 95460393, "lrpepxv": 3.66, "lrredundpairs": -1.0, "humanprotein_id": 6857, "vphfpdID": "000274@4in2_A.4"}, {"lrredund": 4.2492, "lrpepelmv": 22.0743, "hphfpdID": "000278.e62_122", "pdbset": null, "lrpepxh": -1.0, "finallr": 264.7676, "lrpepelmh": -1.0, "template": "4afq:BD(0.43,0.05,59/104,29,36)", "viralprotein_id": 12458, "lrsm": 3.1219, "id": 95460516, "lrpepxv": 62.31, "lrredundpairs": 0.7707, "humanprotein_id": 2710, "vphfpdID": "000274.e598_1206@4xbb_A.3"}, {"lrredund": 20.9141, "lrpepelmv": -1.0, "hphfpdID": "000172.d132_188", "pdbset": null, "lrpepxh": -1.0, "finallr": 100.0864, "lrpepelmh": -1.0, "template": "2jp1:BA(0.42,0.57,130/235,19,0)", "viralprotein_id": 12458, "lrsm": 4.7856, "id": 95460575, "lrpepxv": 3.84, "lrredundpairs": -1.0, "humanprotein_id": 2981, "vphfpdID": "000274@4imq_A.6"}, {"lrredund": -1.0, "lrpepelmv": -1.0, "hphfpdID": "007130", "pdbset": null, "lrpepxh": -1.0, "finallr": 119.9155, "lrpepelmh": -1.0, "template": "4afu:BA(0.54,0.06,57/66,42,43)", "viralprotein_id": 12458, "lrsm": 119.9155, "id": 95460682, "lrpepxv": -1.0, "lrredundpairs": -1.0, "humanprotein_id": 4192, "vphfpdID": "000274.e598_1206@1wqs_A.8"}, {"lrredund": 21.3884, "lrpepelmv": -1.0, "hphfpdID": "017281", "pdbset": null, "lrpepxh": -1.0, "finallr": 414.5201, "lrpepelmh": -1.0, "template": "4kod:HJ(0.52,0.05,58/145,42,47)", "viralprotein_id": 12458, "lrsm": 19.3806, "id": 95460703, "lrpepxv": -1.0, "lrredundpairs": -1.0, "humanprotein_id": 5906, "vphfpdID": "000274.e467_644"}, {"lrredund": 4.2492, "lrpepelmv": 31.6779, "hphfpdID": "018832.d58_213", "pdbset": null, "lrpepxh": -1.0, "finallr": 134.6059, "lrpepelmh": -1.0, "template": "2r9p:CG(0.50,0.59,70/89,7,2)", "viralprotein_id": 12458, "lrsm": 1.4802, "id": 95461890, "lrpepxv": 3.84, "lrredundpairs": -1.0, "humanprotein_id": 5086, "vphfpdID": "000274.e598_1206@4in1_A.7"}, {"lrredund": 19.2898, "lrpepelmv": 201.9336, "hphfpdID": "000007", "pdbset": null, "lrpepxh": -1.0, "finallr": 3895.26, "lrpepelmh": -1.0, "template": "3cc4:SV(0.58,0.53,8/31,4,2)", "viralprotein_id": 12458, "lrsm": 0.9682, "id": 95462563, "lrpepxv": -1.0, "lrredundpairs": -1.0, "humanprotein_id": 6393, "vphfpdID": "000274.e598_1206@1wqs_A.8"}, {"lrredund": 19.2898, "lrpepelmv": -1.0, "hphfpdID": "005354.e1664_1728", "pdbset": null, "lrpepxh": -1.0, "finallr": 126.541, "lrpepelmh": -1.0, "template": "1wqs:CB(0.10,0.42,61/127,24,23)", "viralprotein_id": 12458, "lrsm": 3.109, "id": 95462795, "lrpepxv": 6.56, "lrredundpairs": -1.0, "humanprotein_id": 7033, "vphfpdID": "000274.e598_1206@2fyr_A.1"}, {"lrredund": 21.3884, "lrpepelmv": -1.0, "hphfpdID": "010507.e200_298", "pdbset": null, "lrpepxh": -1.0, "finallr": 117.6084, "lrpepelmh": -1.0, "template": "4e86:LH(0.21,0.18,4/7,3,0)", "viralprotein_id": 12458, "lrsm": 5.4987, "id": 95463443, "lrpepxv": -1.0, "lrredundpairs": 0.7707, "humanprotein_id": 4475, "vphfpdID": "000274.e120_494@4dpz_X.3"}, {"lrredund": 21.3884, "lrpepelmv": 22.0743, "hphfpdID": "016466", "pdbset": null, "lrpepxh": -1.0, "finallr": 472.1351, "lrpepelmh": -1.0, "template": "", "viralprotein_id": 12458, "lrsm": -1.0, "id": 95463559, "lrpepxv": -1.0, "lrredundpairs": -1.0, "humanprotein_id": 3727, "vphfpdID": "000274@5e0j_A.7"}, {"lrredund": 21.3884, "lrpepelmv": 9.677, "hphfpdID": "001751.e1_73", "pdbset": null, "lrpepxh": -1.0, "finallr": 208.5369, "lrpepelmh": -1.0, "template": "2k7i:BA(0.53,0.58,89/324,12,0)", "viralprotein_id": 12458, "lrsm": 1.5396, "id": 95463740, "lrpepxv": 9.75, "lrredundpairs": -1.0, "humanprotein_id": 5041, "vphfpdID": "000274.e598_1206@2fyr_A.1"}, {"lrredund": 2.3254, "lrpepelmv": 52.3486, "hphfpdID": "002272", "pdbset": null, "lrpepxh": -1.0, "finallr": 121.7314, "lrpepelmh": -1.0, "template": "3iwx:BA(0.56,0.60,34/65,13,4)", "viralprotein_id": 12458, "lrsm": 1.1641, "id": 95464024, "lrpepxv": -1.0, "lrredundpairs": -1.0, "humanprotein_id": 5274, "vphfpdID": "000274.d1347_1605@2b43_A.3"}, {"lrredund": 21.3884, "lrpepelmv": -1.0, "hphfpdID": "002626", "pdbset": null, "lrpepxh": -1.0, "finallr": 128.3451, "lrpepelmh": -1.0, "template": "3skj:FM(0.21,0.08,19/20,6,0)", "viralprotein_id": 12458, "lrsm": 6.0007, "id": 95464150, "lrpepxv": -1.0, "lrredundpairs": 0.7707, "humanprotein_id": 2804, "vphfpdID": "000274.e120_494@4dot_A.2"}, {"lrredund": 4.2492, "lrpepelmv": 201.9336, "hphfpdID": "000004", "pdbset": null, "lrpepxh": -1.0, "finallr": 858.0565, "lrpepelmh": -1.0, "template": "1w2b:RU(0.53,0.60,15/41,5,0)", "viralprotein_id": 12458, "lrsm": 0.9682, "id": 95464756, "lrpepxv": 2.59, "lrredundpairs": -1.0, "humanprotein_id": 6298, "vphfpdID": "000274@4imq_A.6"}, {"lrredund": 21.3884, "lrpepelmv": 7.4157, "hphfpdID": "005478.e262_551", "pdbset": null, "lrpepxh": -1.0, "finallr": 158.609, "lrpepelmh": -1.0, "template": "", "viralprotein_id": 12458, "lrsm": -1.0, "id": 95465881, "lrpepxv": -1.0, "lrredundpairs": -1.0, "humanprotein_id": 2880, "vphfpdID": "000274@5e0j_A.7"}, {"lrredund": 21.3884, "lrpepelmv": -1.0, "hphfpdID": "007726.d35_188", "pdbset": null, "lrpepxh": -1.0, "finallr": 116.139, "lrpepelmh": -1.0, "template": "1xxc:AB(0.57,0.51,62/67,4,0)", "viralprotein_id": 12458, "lrsm": 1.9487, "id": 95466545, "lrpepxv": 5.43, "lrredundpairs": -1.0, "humanprotein_id": 3176, "vphfpdID": "000274.e598_1206@4imq_A.4"}]