[{"lrredund": 21.3884, "lrpepelmv": -1.0, "hphfpdID": "018500", "pdbset": null, "lrpepxh": -1.0, "finallr": 166.727, "lrpepelmh": -1.0, "template": "2ktr:BA(0.09,0.28,43/66,24,43)", "viralprotein_id": 12718, "lrsm": 7.7952, "id": 20254007, "lrpepxv": -1.0, "lrredundpairs": 0.7707, "humanprotein_id": 3463, "vphfpdID": "000500.e1_292@3sej_A.2"}, {"lrredund": 1.2535, "lrpepelmv": -1.0, "hphfpdID": "018236.d124_217", "pdbset": null, "lrpepxh": -1.0, "finallr": 149.5184, "lrpepelmh": -1.0, "template": "2es3:AB(0.09,0.01,27/56,16,21)", "viralprotein_id": 12718, "lrsm": 119.2807, "id": 20254324, "lrpepxv": -1.0, "lrredundpairs": 0.7707, "humanprotein_id": 3151, "vphfpdID": "000500.e1_292@4oos_A.3"}, {"lrredund": 2.409, "lrpepelmv": -1.0, "hphfpdID": "005406.d826_936", "pdbset": null, "lrpepxh": -1.0, "finallr": 238.9792, "lrpepelmh": -1.0, "template": "4lrm:ED(0.08,0.02,3/111,4,3)", "viralprotein_id": 12718, "lrsm": 99.2027, "id": 20254680, "lrpepxv": -1.0, "lrredundpairs": 0.7707, "humanprotein_id": 2951, "vphfpdID": "000500.e1_292@3sej_A.2"}, {"lrredund": 21.3884, "lrpepelmv": 137.2032, "hphfpdID": "000002", "pdbset": null, "lrpepxh": -1.0, "finallr": 2934.559, "lrpepelmh": -1.0, "template": "", "viralprotein_id": 12718, "lrsm": -1.0, "id": 20266743, "lrpepxv": -1.0, "lrredundpairs": -1.0, "humanprotein_id": 6315, "vphfpdID": "000500@4oos_A.1"}, {"lrredund": 20.9141, "lrpepelmv": -1.0, "hphfpdID": "005158.d818_927", "pdbset": null, "lrpepxh": -1.0, "finallr": 2074.734, "lrpepelmh": -1.0, "template": "4lrm:ED(0.08,0.02,1/111,2,1)", "viralprotein_id": 12718, "lrsm": 99.2027, "id": 20256127, "lrpepxv": -1.0, "lrredundpairs": 0.7707, "humanprotein_id": 2711, "vphfpdID": "000500.e1_292@3sej_A.2"}, {"lrredund": 21.3884, "lrpepelmv": -1.0, "hphfpdID": "002626", "pdbset": null, "lrpepxh": -1.0, "finallr": 708.2626, "lrpepelmh": -1.0, "template": "3v7a:BG(0.09,0.09,32/37,9,6)", "viralprotein_id": 12718, "lrsm": 33.1143, "id": 20256428, "lrpepxv": -1.0, "lrredundpairs": 0.7707, "humanprotein_id": 2804, "vphfpdID": "000500.e265_530@4opo_A.2"}, {"lrredund": 2.409, "lrpepelmv": 137.2032, "hphfpdID": "000005", "pdbset": null, "lrpepxh": -1.0, "finallr": 330.5227, "lrpepelmh": -1.0, "template": "", "viralprotein_id": 12718, "lrsm": -1.0, "id": 20256603, "lrpepxv": -1.0, "lrredundpairs": -1.0, "humanprotein_id": 4794, "vphfpdID": "000500@2gh8_A.5"}, {"lrredund": 20.9141, "lrpepelmv": 15.8041, "hphfpdID": "007144.d1_56", "pdbset": null, "lrpepxh": -1.0, "finallr": 330.5284, "lrpepelmh": -1.0, "template": "1na1:CB(0.39,0.50,266/1559,53,112)", "viralprotein_id": 12718, "lrsm": 7.644, "id": 20256799, "lrpepxv": -1.0, "lrredundpairs": -1.0, "humanprotein_id": 6385, "vphfpdID": "000500@3j1p_A.8"}, {"lrredund": 21.3884, "lrpepelmv": 15.8041, "hphfpdID": "016466.e85_146", "pdbset": null, "lrpepxh": -1.0, "finallr": 338.0243, "lrpepelmh": -1.0, "template": "1kmh:BA(0.35,0.39,30/472,23,28)", "viralprotein_id": 12718, "lrsm": 1.8531, "id": 20257255, "lrpepxv": -1.0, "lrredundpairs": 0.7707, "humanprotein_id": 3727, "vphfpdID": "000500.e265_530@4oos_A.1"}, {"lrredund": 21.3884, "lrpepelmv": -1.0, "hphfpdID": "016730", "pdbset": null, "lrpepxh": -1.0, "finallr": 166.727, "lrpepelmh": -1.0, "template": "2ktr:BA(0.09,0.30,43/66,24,43)", "viralprotein_id": 12718, "lrsm": 7.7952, "id": 20257340, "lrpepxv": -1.0, "lrredundpairs": 0.7707, "humanprotein_id": 6290, "vphfpdID": "000500.e1_292@3sej_A.2"}, {"lrredund": 20.9141, "lrpepelmv": -1.0, "hphfpdID": "011519.e1_119", "pdbset": null, "lrpepxh": -1.0, "finallr": 428.6109, "lrpepelmh": -1.0, "template": "2p1b:JI(0.37,0.01,90/125,45,73)", "viralprotein_id": 12718, "lrsm": 20.4939, "id": 20257613, "lrpepxv": -1.0, "lrredundpairs": -1.0, "humanprotein_id": 3074, "vphfpdID": "000500@2gh8_A.5"}, {"lrredund": 4.2492, "lrpepelmv": 137.2032, "hphfpdID": "000004", "pdbset": null, "lrpepxh": -1.0, "finallr": 583.0042, "lrpepelmh": -1.0, "template": "", "viralprotein_id": 12718, "lrsm": -1.0, "id": 20257621, "lrpepxv": -1.0, "lrredundpairs": -1.0, "humanprotein_id": 6298, "vphfpdID": "000500@3m8l_A.6"}, {"lrredund": 20.9141, "lrpepelmv": 137.2032, "hphfpdID": "000006", "pdbset": null, "lrpepxh": -1.0, "finallr": 2869.483, "lrpepelmh": -1.0, "template": "3cf5:QV(0.54,0.43,16/41,3,0)", "viralprotein_id": 12718, "lrsm": 1.02, "id": 20257834, "lrpepxv": -1.0, "lrredundpairs": -1.0, "humanprotein_id": 4514, "vphfpdID": "000500.e265_530@3sej_A.3"}, {"lrredund": 4.2492, "lrpepelmv": 32.9939, "hphfpdID": "017283.e380_439", "pdbset": null, "lrpepxh": -1.0, "finallr": 140.1976, "lrpepelmh": -1.0, "template": "1wz7:AB(0.52,0.53,16/27,9,8)", "viralprotein_id": 12718, "lrsm": 1.1641, "id": 20258076, "lrpepxv": -1.0, "lrredundpairs": -1.0, "humanprotein_id": 5846, "vphfpdID": "000500@2gh8_A.5"}, {"lrredund": 21.3884, "lrpepelmv": -1.0, "hphfpdID": "010507.e1_206", "pdbset": null, "lrpepxh": -1.0, "finallr": 166.727, "lrpepelmh": -1.0, "template": "2ktr:BA(0.09,0.24,44/66,22,40)", "viralprotein_id": 12718, "lrsm": 7.7952, "id": 20258158, "lrpepxv": -1.0, "lrredundpairs": -1.0, "humanprotein_id": 4475, "vphfpdID": "000500.e1_292@3sej_A.2"}, {"lrredund": 21.3884, "lrpepelmv": -1.0, "hphfpdID": "004076.d484_623", "pdbset": null, "lrpepxh": -1.0, "finallr": 149.2837, "lrpepelmh": -1.0, "template": "1xqs:CA(0.19,0.14,36/115,22,27)", "viralprotein_id": 12718, "lrsm": 6.9797, "id": 20259523, "lrpepxv": -1.0, "lrredundpairs": -1.0, "humanprotein_id": 4894, "vphfpdID": "000500.e1_292@3sej_A.2"}, {"lrredund": 21.3884, "lrpepelmv": -1.0, "hphfpdID": "008850.e218_311", "pdbset": null, "lrpepxh": -1.0, "finallr": 149.2837, "lrpepelmh": -1.0, "template": "2xkn:AB(0.13,0.21,25/175,21,25)", "viralprotein_id": 12718, "lrsm": 6.9797, "id": 20259762, "lrpepxv": -1.0, "lrredundpairs": -1.0, "humanprotein_id": 7761, "vphfpdID": "000500.e1_292@4oos_A.3"}, {"lrredund": 19.2898, "lrpepelmv": 15.8041, "hphfpdID": "016615", "pdbset": null, "lrpepxh": -1.0, "finallr": 304.8578, "lrpepelmh": -1.0, "template": "3cnk:BA(0.40,0.54,90/100,21,14)", "viralprotein_id": 12718, "lrsm": 2.4771, "id": 20259941, "lrpepxv": -1.0, "lrredundpairs": -1.0, "humanprotein_id": 5095, "vphfpdID": "000500@4ejr_A.7"}, {"lrredund": 21.3884, "lrpepelmv": -1.0, "hphfpdID": "018800.d596_685", "pdbset": null, "lrpepxh": -1.0, "finallr": 128.3451, "lrpepelmh": -1.0, "template": "3v7a:BG(0.07,0.24,34/37,10,6)", "viralprotein_id": 12718, "lrsm": 6.0007, "id": 20260633, "lrpepxv": -1.0, "lrredundpairs": 0.7707, "humanprotein_id": 4109, "vphfpdID": "000500.e265_530@3sej_A.3"}, {"lrredund": 21.3884, "lrpepelmv": -1.0, "hphfpdID": "016859.d83_144", "pdbset": null, "lrpepxh": -1.0, "finallr": 117.6084, "lrpepelmh": -1.0, "template": "2bps:BA(0.13,0.25,35/67,11,4)", "viralprotein_id": 12718, "lrsm": 5.4987, "id": 20260829, "lrpepxv": -1.0, "lrredundpairs": -1.0, "humanprotein_id": 4494, "vphfpdID": "000500.e1_292@3sej_A.2"}, {"lrredund": 20.9141, "lrpepelmv": -1.0, "hphfpdID": "005567.e1_206", "pdbset": null, "lrpepxh": -1.0, "finallr": 163.0298, "lrpepelmh": -1.0, "template": "2ktr:BA(0.09,0.23,44/66,21,29)", "viralprotein_id": 12718, "lrsm": 7.7952, "id": 20261210, "lrpepxv": -1.0, "lrredundpairs": -1.0, "humanprotein_id": 3874, "vphfpdID": "000500.e1_292@3sej_A.2"}, {"lrredund": 21.3884, "lrpepelmv": 9.677, "hphfpdID": "001751.e1_73", "pdbset": null, "lrpepxh": -1.0, "finallr": 206.9754, "lrpepelmh": -1.0, "template": "3kvp:FD(0.60,0.51,1/1,1,0)", "viralprotein_id": 12718, "lrsm": 1.2704, "id": 20261338, "lrpepxv": -1.0, "lrredundpairs": -1.0, "humanprotein_id": 5041, "vphfpdID": "000500.e265_530@3sej_A.3"}, {"lrredund": 20.9141, "lrpepelmv": -1.0, "hphfpdID": "016729", "pdbset": null, "lrpepxh": -1.0, "finallr": 163.0298, "lrpepelmh": -1.0, "template": "2ktr:BA(0.09,0.29,42/66,22,41)", "viralprotein_id": 12718, "lrsm": 7.7952, "id": 20261346, "lrpepxv": -1.0, "lrredundpairs": 0.7707, "humanprotein_id": 6415, "vphfpdID": "000500.e1_292@3sej_A.2"}, {"lrredund": 21.3884, "lrpepelmv": -1.0, "hphfpdID": "000172.d132_188", "pdbset": null, "lrpepxh": -1.0, "finallr": 163.4924, "lrpepelmh": -1.0, "template": "4cdw:CB(0.26,0.56,264/1864,45,206)", "viralprotein_id": 12718, "lrsm": 7.644, "id": 20261864, "lrpepxv": -1.0, "lrredundpairs": -1.0, "humanprotein_id": 2981, "vphfpdID": "000500.d77_206"}, {"lrredund": 2.3254, "lrpepelmv": 137.2032, "hphfpdID": "000003", "pdbset": null, "lrpepxh": -1.0, "finallr": 319.0525, "lrpepelmh": -1.0, "template": "", "viralprotein_id": 12718, "lrsm": -1.0, "id": 20262162, "lrpepxv": -1.0, "lrredundpairs": -1.0, "humanprotein_id": 6857, "vphfpdID": "000500@2gh8_A.5"}, {"lrredund": 21.3884, "lrpepelmv": 15.8041, "hphfpdID": "016613.e557_714", "pdbset": null, "lrpepxh": -1.0, "finallr": 338.0243, "lrpepelmh": -1.0, "template": "3n84:DA(0.33,0.42,4/5,4,3)", "viralprotein_id": 12718, "lrsm": 1.5932, "id": 20262231, "lrpepxv": -1.0, "lrredundpairs": -1.0, "humanprotein_id": 5161, "vphfpdID": "000500.e1_292@2obr_A.5"}, {"lrredund": 4.2492, "lrpepelmv": -1.0, "hphfpdID": "008086.d318_419", "pdbset": null, "lrpepxh": -1.0, "finallr": 128.9384, "lrpepelmh": -1.0, "template": "3v7a:BF(0.08,0.11,30/40,18,14)", "viralprotein_id": 12718, "lrsm": 30.3442, "id": 20262443, "lrpepxv": -1.0, "lrredundpairs": 0.7707, "humanprotein_id": 14249, "vphfpdID": "000500.e265_530@2obr_A.4"}, {"lrredund": 21.3884, "lrpepelmv": -1.0, "hphfpdID": "006178.e689_810", "pdbset": null, "lrpepxh": -1.0, "finallr": 194.6095, "lrpepelmh": -1.0, "template": "1na1:BC(0.28,0.49,294/1560,52,60)", "viralprotein_id": 12718, "lrsm": 9.0988, "id": 20262548, "lrpepxv": -1.0, "lrredundpairs": -1.0, "humanprotein_id": 2856, "vphfpdID": "000500.d77_206"}, {"lrredund": 1.2535, "lrpepelmv": -1.0, "hphfpdID": "000015.e204_335", "pdbset": null, "lrpepxh": -1.0, "finallr": 124.3505, "lrpepelmh": -1.0, "template": "1a6a:AB(0.07,0.02,5/274,6,5)", "viralprotein_id": 12718, "lrsm": 99.2027, "id": 20262815, "lrpepxv": -1.0, "lrredundpairs": 0.7707, "humanprotein_id": 7027, "vphfpdID": "000500.e1_292@3sej_A.2"}, {"lrredund": 4.0064, "lrpepelmv": 15.8041, "hphfpdID": "012457.d431_643", "pdbset": null, "lrpepxh": -1.0, "finallr": 101.1073, "lrpepelmh": -1.0, "template": "3blh:AB(0.11,0.08,4/96,4,1)", "viralprotein_id": 12718, "lrsm": 25.2364, "id": 20263033, "lrpepxv": -1.0, "lrredundpairs": -1.0, "humanprotein_id": 4538, "vphfpdID": "000500.e1_292@4oos_A.3"}, {"lrredund": 19.2898, "lrpepelmv": -1.0, "hphfpdID": "018501", "pdbset": null, "lrpepxh": -1.0, "finallr": 150.368, "lrpepelmh": -1.0, "template": "2ktr:BA(0.09,0.27,42/66,22,41)", "viralprotein_id": 12718, "lrsm": 7.7952, "id": 20263231, "lrpepxv": -1.0, "lrredundpairs": 0.7707, "humanprotein_id": 1286, "vphfpdID": "000500.e1_292@3sej_A.2"}, {"lrredund": 21.3884, "lrpepelmv": -1.0, "hphfpdID": "001452", "pdbset": null, "lrpepxh": -1.0, "finallr": 649.013, "lrpepelmh": -1.0, "template": "4f7m:AE(0.18,0.01,13/27,9,4)", "viralprotein_id": 12718, "lrsm": 30.3442, "id": 20263686, "lrpepxv": -1.0, "lrredundpairs": 0.7707, "humanprotein_id": 6282, "vphfpdID": "000500.e1_292@3sej_A.2"}, {"lrredund": 21.3884, "lrpepelmv": 137.2032, "hphfpdID": "000007", "pdbset": null, "lrpepxh": -1.0, "finallr": 2934.559, "lrpepelmh": -1.0, "template": "1kf6:NM(0.51,0.33,2/318,3,2)", "viralprotein_id": 12718, "lrsm": 1.02, "id": 20263696, "lrpepxv": -1.0, "lrredundpairs": -1.0, "humanprotein_id": 6393, "vphfpdID": "000500.e1_292@4oos_A.3"}, {"lrredund": 21.3884, "lrpepelmv": 20.1497, "hphfpdID": "008378.d463_902", "pdbset": null, "lrpepxh": -1.0, "finallr": 430.9707, "lrpepelmh": -1.0, "template": "4ksn:DC(0.50,0.42,64/127,9,4)", "viralprotein_id": 12718, "lrsm": 1.5595, "id": 20263722, "lrpepxv": -1.0, "lrredundpairs": -1.0, "humanprotein_id": 3758, "vphfpdID": "000500.e265_530@4opo_A.2"}, {"lrredund": 21.3884, "lrpepelmv": 4.1867, "hphfpdID": "001509.e1_53", "pdbset": null, "lrpepxh": -1.0, "finallr": 128.3451, "lrpepelmh": -1.0, "template": "2idh:CA(0.23,0.06,26/27,9,0)", "viralprotein_id": 12718, "lrsm": 6.0007, "id": 20264114, "lrpepxv": -1.0, "lrredundpairs": 0.7707, "humanprotein_id": 2598, "vphfpdID": "000500.e265_530@4oos_A.1"}, {"lrredund": 2.409, "lrpepelmv": -1.0, "hphfpdID": "005407.e677_979", "pdbset": null, "lrpepxh": -1.0, "finallr": 238.9792, "lrpepelmh": -1.0, "template": "3kex:BA(0.07,0.02,3/181,2,0)", "viralprotein_id": 12718, "lrsm": 99.2027, "id": 20264625, "lrpepxv": -1.0, "lrredundpairs": 0.7707, "humanprotein_id": 4263, "vphfpdID": "000500.e1_292@3sej_A.2"}, {"lrredund": 2.3254, "lrpepelmv": 52.8828, "hphfpdID": "000906.e751_863", "pdbset": null, "lrpepxh": -1.0, "finallr": 122.9736, "lrpepelmh": -1.0, "template": "3cnk:BA(0.40,0.38,94/100,25,17)", "viralprotein_id": 12718, "lrsm": 2.9486, "id": 20264795, "lrpepxv": -1.0, "lrredundpairs": -1.0, "humanprotein_id": 2586, "vphfpdID": "000500@4ejr_A.7"}, {"lrredund": 21.3884, "lrpepelmv": 9.3373, "hphfpdID": "001349.d2679_3055", "pdbset": null, "lrpepxh": -1.0, "finallr": 199.7102, "lrpepelmh": -1.0, "template": "1jy4:AB(0.58,0.34,22/40,10,13)", "viralprotein_id": 12718, "lrsm": 1.2265, "id": 20265300, "lrpepxv": -1.0, "lrredundpairs": -1.0, "humanprotein_id": 7312, "vphfpdID": "000500.e1_292@3sej_A.2"}, {"lrredund": 1.2535, "lrpepelmv": -1.0, "hphfpdID": "000014.e204_335", "pdbset": null, "lrpepxh": -1.0, "finallr": 124.3505, "lrpepelmh": -1.0, "template": "1a6a:AB(0.07,0.02,5/274,6,5)", "viralprotein_id": 12718, "lrsm": 99.2027, "id": 20265483, "lrpepxv": -1.0, "lrredundpairs": 0.7707, "humanprotein_id": 7027, "vphfpdID": "000500.e1_292@3sej_A.2"}, {"lrredund": 21.3884, "lrpepelmv": -1.0, "hphfpdID": "009492.e120_224", "pdbset": null, "lrpepxh": -1.0, "finallr": 149.2837, "lrpepelmh": -1.0, "template": "2fbj:LH(0.19,0.20,29/202,21,26)", "viralprotein_id": 12718, "lrsm": 6.9797, "id": 20265557, "lrpepxv": -1.0, "lrredundpairs": 0.7707, "humanprotein_id": 13229, "vphfpdID": "000500.e1_292@4oos_A.3"}, {"lrredund": 21.3884, "lrpepelmv": 11.4911, "hphfpdID": "001060.e180_274", "pdbset": null, "lrpepxh": -1.0, "finallr": 245.7766, "lrpepelmh": -1.0, "template": "2lk6:BA(0.57,0.33,123/154,21,2)", "viralprotein_id": 12718, "lrsm": 2.6731, "id": 20266083, "lrpepxv": -1.0, "lrredundpairs": -1.0, "humanprotein_id": 17652, "vphfpdID": "000500.e265_530@4oos_A.1"}, {"lrredund": 4.2492, "lrpepelmv": 137.2032, "hphfpdID": "000001", "pdbset": null, "lrpepxh": -1.0, "finallr": 583.0042, "lrpepelmh": -1.0, "template": "", "viralprotein_id": 12718, "lrsm": -1.0, "id": 20266094, "lrpepxv": -1.0, "lrredundpairs": -1.0, "humanprotein_id": 4793, "vphfpdID": "000500@4pb6_A.9"}, {"lrredund": 1.2535, "lrpepelmv": -1.0, "hphfpdID": "000020.e204_335", "pdbset": null, "lrpepxh": -1.0, "finallr": 124.3505, "lrpepelmh": -1.0, "template": "1a6a:AB(0.07,0.03,5/274,6,5)", "viralprotein_id": 12718, "lrsm": 99.2027, "id": 20266201, "lrpepxv": -1.0, "lrredundpairs": 0.7707, "humanprotein_id": 7027, "vphfpdID": "000500.e1_292@3sej_A.2"}, {"lrredund": 4.2492, "lrpepelmv": 4.1527, "hphfpdID": "001026", "pdbset": null, "lrpepxh": -1.0, "finallr": 107.2347, "lrpepelmh": -1.0, "template": "1ym7:BA(0.16,0.02,3/60,4,3)", "viralprotein_id": 12718, "lrsm": 25.2364, "id": 20266289, "lrpepxv": -1.0, "lrredundpairs": 0.7707, "humanprotein_id": 4437, "vphfpdID": "000500.e1_292@4oos_A.3"}, {"lrredund": 21.3884, "lrpepelmv": -1.0, "hphfpdID": "013899.d444_603", "pdbset": null, "lrpepxh": -1.0, "finallr": 107.5723, "lrpepelmh": -1.0, "template": "2lk6:BA(0.53,0.44,126/154,15,12)", "viralprotein_id": 12718, "lrsm": 5.0295, "id": 20267669, "lrpepxv": -1.0, "lrredundpairs": -1.0, "humanprotein_id": 1240, "vphfpdID": "000500.e265_530@4opo_A.2"}, {"lrredund": 20.9141, "lrpepelmv": -1.0, "hphfpdID": "016448", "pdbset": null, "lrpepxh": -1.0, "finallr": 3536.526, "lrpepelmh": -1.0, "template": "2ktr:BA(0.09,0.01,44/66,23,39)", "viralprotein_id": 12718, "lrsm": 169.0977, "id": 20268218, "lrpepxv": -1.0, "lrredundpairs": 0.7707, "humanprotein_id": 7393, "vphfpdID": "000500.e1_292@3sej_A.2"}, {"lrredund": 21.3884, "lrpepelmv": -1.0, "hphfpdID": "009491.e318_418", "pdbset": null, "lrpepxh": -1.0, "finallr": 149.2837, "lrpepelmh": -1.0, "template": "2fbj:LH(0.19,0.17,30/202,21,25)", "viralprotein_id": 12718, "lrsm": 6.9797, "id": 20268692, "lrpepxv": -1.0, "lrredundpairs": -1.0, "humanprotein_id": 12198, "vphfpdID": "000500.e1_292@4oos_A.3"}, {"lrredund": 4.2492, "lrpepelmv": 32.9939, "hphfpdID": "017284.e489_542", "pdbset": null, "lrpepxh": -1.0, "finallr": 140.1976, "lrpepelmh": -1.0, "template": "2ete:BA(0.58,0.42,39/492,21,16)", "viralprotein_id": 12718, "lrsm": 1.5568, "id": 20268856, "lrpepxv": -1.0, "lrredundpairs": -1.0, "humanprotein_id": 7960, "vphfpdID": "000500@4pb6_A.9"}, {"lrredund": 21.3884, "lrpepelmv": 9.4001, "hphfpdID": "001509.e1_53", "pdbset": null, "lrpepxh": -1.0, "finallr": 201.0528, "lrpepelmh": -1.0, "template": "2dwv:BA(0.60,0.22,93/102,37,51)", "viralprotein_id": 12716, "lrsm": 2.4771, "id": 64817234, "lrpepxv": 3.84, "lrredundpairs": -1.0, "humanprotein_id": 2598, "vphfpdID": "000498.e628_1208@4in2_A.2"}, {"lrredund": 21.3884, "lrpepelmv": -1.0, "hphfpdID": "009492.e319_419", "pdbset": null, "lrpepxh": -1.0, "finallr": 140.3079, "lrpepelmh": -1.0, "template": "1hia:YX(0.56,0.55,145/338,15,0)", "viralprotein_id": 12716, "lrsm": 4.5423, "id": 64817492, "lrpepxv": 6.56, "lrredundpairs": -1.0, "humanprotein_id": 13229, "vphfpdID": "000498.e628_1208@2fyr_A.3"}, {"lrredund": 21.3884, "lrpepelmv": 107.1532, "hphfpdID": "000002", "pdbset": null, "lrpepxh": -1.0, "finallr": 2291.836, "lrpepelmh": -1.0, "template": "", "viralprotein_id": 12716, "lrsm": -1.0, "id": 64817523, "lrpepxv": -1.0, "lrredundpairs": -1.0, "humanprotein_id": 6315, "vphfpdID": "000498@4imq_A.7"}, {"lrredund": 19.2898, "lrpepelmv": 5.8994, "hphfpdID": "004076.d399_518", "pdbset": null, "lrpepxh": -1.0, "finallr": 113.7991, "lrpepelmh": -1.0, "template": "1eoh:EF(0.50,0.50,7/122,2,0)", "viralprotein_id": 12716, "lrsm": 1.02, "id": 64818527, "lrpepxv": 3.84, "lrredundpairs": -1.0, "humanprotein_id": 4894, "vphfpdID": "000498.e628_1208@5e0j_A.4"}, {"lrredund": 20.9141, "lrpepelmv": -1.0, "hphfpdID": "016730", "pdbset": null, "lrpepxh": -1.0, "finallr": 177.6693, "lrpepelmh": -1.0, "template": "2lk6:BA(0.29,0.53,140/154,42,73)", "viralprotein_id": 12716, "lrsm": 8.4952, "id": 64819262, "lrpepxv": -1.0, "lrredundpairs": 1.1877, "humanprotein_id": 6290, "vphfpdID": "000498.e116_472@4dpz_X.3"}, {"lrredund": 20.9141, "lrpepelmv": -1.0, "hphfpdID": "018800.e309_403", "pdbset": null, "lrpepxh": -1.0, "finallr": 128.5902, "lrpepelmh": -1.0, "template": "2lk6:AB(0.28,0.31,139/154,30,22)", "viralprotein_id": 12716, "lrsm": 6.1485, "id": 64819446, "lrpepxv": -1.0, "lrredundpairs": -1.0, "humanprotein_id": 4109, "vphfpdID": "000498.e116_472@4dpz_X.3"}, {"lrredund": 2.409, "lrpepelmv": 107.1532, "hphfpdID": "000005", "pdbset": null, "lrpepxh": -1.0, "finallr": 258.1321, "lrpepelmh": -1.0, "template": "3ccl:SV(0.59,0.53,13/32,7,4)", "viralprotein_id": 12716, "lrsm": 1.1641, "id": 64819955, "lrpepxv": 2.59, "lrredundpairs": -1.0, "humanprotein_id": 4794, "vphfpdID": "000498.e628_1208@1wqs_A.8"}, {"lrredund": 21.3884, "lrpepelmv": -1.0, "hphfpdID": "004136.d455_590", "pdbset": null, "lrpepxh": -1.0, "finallr": 116.139, "lrpepelmh": -1.0, "template": "1nu9:AC(0.49,0.45,5/199,4,3)", "viralprotein_id": 12716, "lrsm": 1.02, "id": 64820548, "lrpepxv": 5.43, "lrredundpairs": -1.0, "humanprotein_id": 7444, "vphfpdID": "000498.e628_1208@2fyr_A.3"}, {"lrredund": 3.7695, "lrpepelmv": -1.0, "hphfpdID": "000164", "pdbset": null, "lrpepxh": -1.0, "finallr": 158.1305, "lrpepelmh": -1.0, "template": "1tb6:HI(0.57,0.21,63/155,15,8)", "viralprotein_id": 12716, "lrsm": 1.8563, "id": 64820742, "lrpepxv": 41.95, "lrredundpairs": -1.0, "humanprotein_id": 3214, "vphfpdID": "000498.e628_1208@2fyr_A.3"}, {"lrredund": 20.9141, "lrpepelmv": -1.0, "hphfpdID": "005354.e1664_1728", "pdbset": null, "lrpepxh": -1.0, "finallr": 137.1964, "lrpepelmh": -1.0, "template": "1wqs:CB(0.14,0.42,59/127,25,28)", "viralprotein_id": 12716, "lrsm": 3.1219, "id": 64820988, "lrpepxv": 6.56, "lrredundpairs": -1.0, "humanprotein_id": 7033, "vphfpdID": "000498.e628_1208@5e0j_A.4"}, {"lrredund": 4.2492, "lrpepelmv": -1.0, "hphfpdID": "002895.d432_614", "pdbset": null, "lrpepxh": -1.0, "finallr": 144.6041, "lrpepelmh": -1.0, "template": "2pze:BA(0.56,0.03,58/89,41,43)", "viralprotein_id": 12716, "lrsm": 34.0309, "id": 64821591, "lrpepxv": -1.0, "lrredundpairs": -1.0, "humanprotein_id": 3753, "vphfpdID": "000498.d491_593@4gdf_A.2"}, {"lrredund": 4.2492, "lrpepelmv": -1.0, "hphfpdID": "008899", "pdbset": null, "lrpepxh": -1.0, "finallr": 101.404, "lrpepelmh": -1.0, "template": "2orv:BA(0.38,0.00,139/214,63,90)", "viralprotein_id": 12716, "lrsm": 23.8643, "id": 64821740, "lrpepxv": -1.0, "lrredundpairs": -1.0, "humanprotein_id": 2925, "vphfpdID": "000498.e474_640@1svm_A.2"}, {"lrredund": 2.409, "lrpepelmv": 107.1532, "hphfpdID": "000003", "pdbset": null, "lrpepxh": -1.0, "finallr": 258.1321, "lrpepelmh": -1.0, "template": "3ccs:SV(0.59,0.54,14/34,7,3)", "viralprotein_id": 12716, "lrsm": 1.1641, "id": 64821853, "lrpepxv": 2.59, "lrredundpairs": -1.0, "humanprotein_id": 6857, "vphfpdID": "000498.e628_1208@1wqs_A.8"}, {"lrredund": 4.2492, "lrpepelmv": -1.0, "hphfpdID": "018016", "pdbset": null, "lrpepxh": -1.0, "finallr": 178.2539, "lrpepelmh": -1.0, "template": "3kvp:DC(0.49,0.26,65/72,7,1)", "viralprotein_id": 12716, "lrsm": 2.4439, "id": 64821979, "lrpepxv": 41.95, "lrredundpairs": -1.0, "humanprotein_id": 7171, "vphfpdID": "000498.e628_1208@2fyr_A.3"}, {"lrredund": 21.3884, "lrpepelmv": -1.0, "hphfpdID": "010507.e200_298", "pdbset": null, "lrpepxh": -1.0, "finallr": 117.6084, "lrpepelmh": -1.0, "template": "4e86:LH(0.21,0.18,4/7,2,0)", "viralprotein_id": 12716, "lrsm": 5.4987, "id": 64822159, "lrpepxv": -1.0, "lrredundpairs": 0.7707, "humanprotein_id": 4475, "vphfpdID": "000498.e116_472@4dpz_X.3"}, {"lrredund": 21.3884, "lrpepelmv": 7.4157, "hphfpdID": "005478.e180_309", "pdbset": null, "lrpepxh": -1.0, "finallr": 158.609, "lrpepelmh": -1.0, "template": "2b2t:CA(0.53,0.55,8/35,6,5)", "viralprotein_id": 12716, "lrsm": 0.9682, "id": 64822161, "lrpepxv": 2.59, "lrredundpairs": -1.0, "humanprotein_id": 2880, "vphfpdID": "000498.e628_1208@4in2_A.2"}, {"lrredund": 21.3884, "lrpepelmv": 20.7326, "hphfpdID": "016613.e316_567", "pdbset": null, "lrpepxh": -1.0, "finallr": 443.4368, "lrpepelmh": -1.0, "template": "1xiw:FD(0.57,0.46,1/2,1,0)", "viralprotein_id": 12716, "lrsm": 1.1641, "id": 64822446, "lrpepxv": 3.66, "lrredundpairs": -1.0, "humanprotein_id": 5161, "vphfpdID": "000498.e628_1208@4imq_A.6"}, {"lrredund": 21.3884, "lrpepelmv": -1.0, "hphfpdID": "017281.d200_434", "pdbset": null, "lrpepxh": -1.0, "finallr": 727.8665, "lrpepelmh": -1.0, "template": "4kod:EB(0.52,0.03,60/145,44,55)", "viralprotein_id": 12716, "lrsm": 34.0309, "id": 64823104, "lrpepxv": -1.0, "lrredundpairs": -1.0, "humanprotein_id": 5906, "vphfpdID": "000498.e474_640@4gdf_A.1"}, {"lrredund": 21.3884, "lrpepelmv": 9.677, "hphfpdID": "001751.e1_73", "pdbset": null, "lrpepxh": -1.0, "finallr": 208.5369, "lrpepelmh": -1.0, "template": "1z7k:AB(0.45,0.14,19/100,6,1)", "viralprotein_id": 12716, "lrsm": 1.8315, "id": 64823470, "lrpepxv": 9.75, "lrredundpairs": -1.0, "humanprotein_id": 5041, "vphfpdID": "000498.e628_1208@4xbb_A.5"}, {"lrredund": 21.3884, "lrpepelmv": -1.0, "hphfpdID": "017046.d486_635", "pdbset": null, "lrpepxh": -1.0, "finallr": 140.3079, "lrpepelmh": -1.0, "template": "4h4f:AB(0.46,0.57,55/107,6,2)", "viralprotein_id": 12716, "lrsm": 1.1641, "id": 64823729, "lrpepxv": 6.56, "lrredundpairs": -1.0, "humanprotein_id": 6818, "vphfpdID": "000498.e628_1208@2fyr_A.3"}, {"lrredund": 20.9141, "lrpepelmv": -1.0, "hphfpdID": "006178.e462_515", "pdbset": null, "lrpepxh": -1.0, "finallr": 132.5129, "lrpepelmh": -1.0, "template": "2jra:AB(0.42,0.35,125/219,43,71)", "viralprotein_id": 12716, "lrsm": 6.3361, "id": 64824267, "lrpepxv": -1.0, "lrredundpairs": 0.7707, "humanprotein_id": 2856, "vphfpdID": "000498.e116_472@4q95_A.4"}, {"lrredund": 20.9141, "lrpepelmv": -1.0, "hphfpdID": "000172.e1_188", "pdbset": null, "lrpepxh": -1.0, "finallr": 113.5635, "lrpepelmh": -1.0, "template": "2lk5:BA(0.55,0.58,113/132,23,22)", "viralprotein_id": 12716, "lrsm": 2.3512, "id": 64824549, "lrpepxv": 5.43, "lrredundpairs": -1.0, "humanprotein_id": 2981, "vphfpdID": "000498.e628_1208@2fyr_A.3"}, {"lrredund": 21.3884, "lrpepelmv": 4.8562, "hphfpdID": "018111", "pdbset": null, "lrpepxh": -1.0, "finallr": 103.8657, "lrpepelmh": -1.0, "template": "2f91:AB(0.59,0.60,79/171,10,7)", "viralprotein_id": 12716, "lrsm": 1.4802, "id": 64824643, "lrpepxv": 2.59, "lrredundpairs": 0.7707, "humanprotein_id": 15404, "vphfpdID": "000498.e628_1208@5e0j_A.4"}, {"lrredund": 4.2492, "lrpepelmv": 107.1532, "hphfpdID": "000004", "pdbset": null, "lrpepxh": -1.0, "finallr": 455.3154, "lrpepelmh": -1.0, "template": "", "viralprotein_id": 12716, "lrsm": -1.0, "id": 64824840, "lrpepxv": 2.59, "lrredundpairs": -1.0, "humanprotein_id": 6298, "vphfpdID": "000498@5e0j_A.8"}, {"lrredund": 21.3884, "lrpepelmv": 20.7326, "hphfpdID": "016615.d554_715", "pdbset": null, "lrpepxh": -1.0, "finallr": 443.4368, "lrpepelmh": -1.0, "template": "2k7i:BA(0.50,0.60,93/324,17,1)", "viralprotein_id": 12716, "lrsm": 1.5396, "id": 64825465, "lrpepxv": 3.66, "lrredundpairs": -1.0, "humanprotein_id": 5095, "vphfpdID": "000498.e628_1208@4xbb_A.5"}, {"lrredund": 2.3254, "lrpepelmv": 52.3486, "hphfpdID": "002272", "pdbset": null, "lrpepxh": -1.0, "finallr": 121.7314, "lrpepelmh": -1.0, "template": "3myw:BI(0.56,0.36,74/92,17,14)", "viralprotein_id": 12716, "lrsm": 2.0531, "id": 64825552, "lrpepxv": -1.0, "lrredundpairs": 0.7707, "humanprotein_id": 5274, "vphfpdID": "000498.e628_1208@4imq_A.6"}, {"lrredund": 21.3884, "lrpepelmv": -1.0, "hphfpdID": "007725.d40_193", "pdbset": null, "lrpepxh": -1.0, "finallr": 1332.711, "lrpepelmh": -1.0, "template": "1xxc:AB(0.55,0.43,62/67,2,0)", "viralprotein_id": 12716, "lrsm": 2.0531, "id": 64826328, "lrpepxv": 62.31, "lrredundpairs": -1.0, "humanprotein_id": 3138, "vphfpdID": "000498.e628_1208@4imq_A.6"}, {"lrredund": 20.9141, "lrpepelmv": -1.0, "hphfpdID": "011519.e1_119", "pdbset": null, "lrpepxh": -1.0, "finallr": 211.4847, "lrpepelmh": -1.0, "template": "2lk6:BA(0.29,0.44,139/154,41,74)", "viralprotein_id": 12716, "lrsm": 10.1121, "id": 64826441, "lrpepxv": -1.0, "lrredundpairs": -1.0, "humanprotein_id": 3074, "vphfpdID": "000498.e116_472@4dpz_X.3"}, {"lrredund": 21.3884, "lrpepelmv": 9.3373, "hphfpdID": "001349.d2679_3055", "pdbset": null, "lrpepxh": -1.0, "finallr": 199.7102, "lrpepelmh": -1.0, "template": "1jy4:BA(0.37,0.41,40/40,8,0)", "viralprotein_id": 12716, "lrsm": 1.5932, "id": 64826657, "lrpepxv": 3.66, "lrredundpairs": -1.0, "humanprotein_id": 7312, "vphfpdID": "000498.e628_1208@2fyr_A.3"}, {"lrredund": 19.2898, "lrpepelmv": -1.0, "hphfpdID": "009031", "pdbset": null, "lrpepxh": -1.0, "finallr": 329.5051, "lrpepelmh": -1.0, "template": "1a5u:CA(0.33,0.01,89/312,43,52)", "viralprotein_id": 12716, "lrsm": 17.0818, "id": 64827735, "lrpepxv": -1.0, "lrredundpairs": -1.0, "humanprotein_id": 3826, "vphfpdID": "000498.d491_593@5he9_A.1"}, {"lrredund": 20.9141, "lrpepelmv": 4.8562, "hphfpdID": "002673.d115_219", "pdbset": null, "lrpepxh": -1.0, "finallr": 101.5624, "lrpepelmh": -1.0, "template": "1o5f:HL(0.60,0.37,61/207,8,0)", "viralprotein_id": 12716, "lrsm": 1.6221, "id": 64827851, "lrpepxv": -1.0, "lrredundpairs": 0.7707, "humanprotein_id": 4427, "vphfpdID": "000498.e628_1208@4in1_A.7"}, {"lrredund": 3.7695, "lrpepelmv": -1.0, "hphfpdID": "017423", "pdbset": null, "lrpepxh": -1.0, "finallr": 158.1305, "lrpepelmh": -1.0, "template": "1bhx:FB(0.58,0.17,271/360,49,26)", "viralprotein_id": 12716, "lrsm": 11.0591, "id": 64828169, "lrpepxv": 41.95, "lrredundpairs": -1.0, "humanprotein_id": 2716, "vphfpdID": "000498.e628_1208@1wqs_A.8"}, {"lrredund": 21.3884, "lrpepelmv": 22.0743, "hphfpdID": "016466.d294_477", "pdbset": null, "lrpepxh": -1.0, "finallr": 472.1351, "lrpepelmh": -1.0, "template": "2xmj:AB(0.37,0.60,57/75,10,0)", "viralprotein_id": 12716, "lrsm": 1.2265, "id": 64828556, "lrpepxv": -1.0, "lrredundpairs": 0.7707, "humanprotein_id": 3727, "vphfpdID": "000498.d1349_1607@1sh3_A.2"}, {"lrredund": 4.2492, "lrpepelmv": 107.1532, "hphfpdID": "000001", "pdbset": null, "lrpepxh": -1.0, "finallr": 455.3154, "lrpepelmh": -1.0, "template": "", "viralprotein_id": 12716, "lrsm": -1.0, "id": 64829337, "lrpepxv": -1.0, "lrredundpairs": -1.0, "humanprotein_id": 4793, "vphfpdID": "000498@2fyr_A.6"}, {"lrredund": 21.3884, "lrpepelmv": -1.0, "hphfpdID": "012444.e95_323", "pdbset": null, "lrpepxh": -1.0, "finallr": 208.5369, "lrpepelmh": -1.0, "template": "2vyx:KD(0.60,0.59,49/55,2,0)", "viralprotein_id": 12716, "lrsm": 1.2704, "id": 64829474, "lrpepxv": 9.75, "lrredundpairs": -1.0, "humanprotein_id": 2955, "vphfpdID": "000498.d1349_1607@3h5y_A.3"}, {"lrredund": 4.2492, "lrpepelmv": 48.5599, "hphfpdID": "017283.e380_439", "pdbset": null, "lrpepxh": -1.0, "finallr": 206.3406, "lrpepelmh": -1.0, "template": "3gtp:CJ(0.55,0.42,15/113,5,0)", "viralprotein_id": 12716, "lrsm": 1.02, "id": 64830197, "lrpepxv": 2.59, "lrredundpairs": -1.0, "humanprotein_id": 5846, "vphfpdID": "000498.e628_1208@5e0j_A.4"}, {"lrredund": 21.3884, "lrpepelmv": -1.0, "hphfpdID": "002626", "pdbset": null, "lrpepxh": -1.0, "finallr": 128.3451, "lrpepelmh": -1.0, "template": "3skj:FM(0.21,0.08,19/20,8,4)", "viralprotein_id": 12716, "lrsm": 6.0007, "id": 64830412, "lrpepxv": -1.0, "lrredundpairs": 0.7707, "humanprotein_id": 2804, "vphfpdID": "000498.e116_472@4dot_A.2"}, {"lrredund": 4.2492, "lrpepelmv": 22.0743, "hphfpdID": "000278.e62_122", "pdbset": null, "lrpepxh": -1.0, "finallr": 264.7676, "lrpepelmh": -1.0, "template": "4afz:BD(0.55,0.05,56/94,22,17)", "viralprotein_id": 12716, "lrsm": 3.1219, "id": 64830663, "lrpepxv": 62.31, "lrredundpairs": 0.7707, "humanprotein_id": 2710, "vphfpdID": "000498.e628_1208@4imq_A.6"}, {"lrredund": 20.9141, "lrpepelmv": 107.1532, "hphfpdID": "000007", "pdbset": null, "lrpepxh": -1.0, "finallr": 2241.013, "lrpepelmh": -1.0, "template": "1nu9:AC(0.56,0.38,5/199,2,0)", "viralprotein_id": 12716, "lrsm": 1.02, "id": 64830769, "lrpepxv": -1.0, "lrredundpairs": -1.0, "humanprotein_id": 6393, "vphfpdID": "000498.e628_1208@4in1_A.7"}, {"lrredund": 21.3884, "lrpepelmv": -1.0, "hphfpdID": "016859.d618_709", "pdbset": null, "lrpepxh": -1.0, "finallr": 113.8494, "lrpepelmh": -1.0, "template": "2jra:BA(0.47,0.48,131/219,43,67)", "viralprotein_id": 12716, "lrsm": 5.323, "id": 64831150, "lrpepxv": -1.0, "lrredundpairs": -1.0, "humanprotein_id": 4494, "vphfpdID": "000498.e116_472@4q95_A.4"}, {"lrredund": 21.3884, "lrpepelmv": -1.0, "hphfpdID": "007726.d35_188", "pdbset": null, "lrpepxh": -1.0, "finallr": 116.139, "lrpepelmh": -1.0, "template": "1xxc:AB(0.55,0.51,62/67,5,0)", "viralprotein_id": 12716, "lrsm": 1.9487, "id": 64831658, "lrpepxv": 5.43, "lrredundpairs": -1.0, "humanprotein_id": 3176, "vphfpdID": "000498.e628_1208@4imq_A.6"}, {"lrredund": 20.9141, "lrpepelmv": -1.0, "hphfpdID": "005158.d742_909", "pdbset": null, "lrpepxh": -1.0, "finallr": 100.0864, "lrpepelmh": -1.0, "template": "2jp1:BA(0.45,0.51,126/235,14,0)", "viralprotein_id": 12716, "lrsm": 4.7856, "id": 64831823, "lrpepxv": 2.59, "lrredundpairs": 0.7707, "humanprotein_id": 2711, "vphfpdID": "000498@1wqs_A.11"}, {"lrredund": 20.9141, "lrpepelmv": 4.8562, "hphfpdID": "003962.d133_182", "pdbset": null, "lrpepxh": -1.0, "finallr": 101.5624, "lrpepelmh": -1.0, "template": "3ur9:BA(0.02,0.56,18/48,13,10)", "viralprotein_id": 12716, "lrsm": 1.8315, "id": 64831881, "lrpepxv": -1.0, "lrredundpairs": 0.7707, "humanprotein_id": 6447, "vphfpdID": "000498.e628_1208@4imq_A.6"}, {"lrredund": 20.9141, "lrpepelmv": 22.0743, "hphfpdID": "007144.d1_56", "pdbset": null, "lrpepxh": -1.0, "finallr": 461.6652, "lrpepelmh": -1.0, "template": "2fpf:AB(0.49,0.05,19/23,10,3)", "viralprotein_id": 12716, "lrsm": 2.4032, "id": 64832646, "lrpepxv": 2.59, "lrredundpairs": -1.0, "humanprotein_id": 6385, "vphfpdID": "000498@4in2_A.5"}, {"lrredund": 21.3884, "lrpepelmv": 107.1532, "hphfpdID": "000006", "pdbset": null, "lrpepxh": -1.0, "finallr": 2291.836, "lrpepelmh": -1.0, "template": "3cf5:QV(0.57,0.43,18/41,5,2)", "viralprotein_id": 12716, "lrsm": 1.2265, "id": 64833511, "lrpepxv": -1.0, "lrredundpairs": -1.0, "humanprotein_id": 4514, "vphfpdID": "000498.e628_1208@1wqs_A.8"}, {"lrredund": 21.3884, "lrpepelmv": -1.0, "hphfpdID": "016448", "pdbset": null, "lrpepxh": -1.0, "finallr": 116.139, "lrpepelmh": -1.0, "template": "2lk5:BA(0.55,0.56,122/132,20,21)", "viralprotein_id": 12716, "lrsm": 4.7738, "id": 64833701, "lrpepxv": 5.43, "lrredundpairs": 1.1877, "humanprotein_id": 7393, "vphfpdID": "000498.e628_1208@2fyr_A.3"}, {"lrredund": 4.2492, "lrpepelmv": 48.5599, "hphfpdID": "017284.e87_316", "pdbset": null, "lrpepxh": -1.0, "finallr": 206.3406, "lrpepelmh": -1.0, "template": "2zjq:QV(0.55,0.59,29/36,6,1)", "viralprotein_id": 12716, "lrsm": 1.2704, "id": 64834417, "lrpepxv": -1.0, "lrredundpairs": -1.0, "humanprotein_id": 7960, "vphfpdID": "000498.e628_1208@1wqs_A.8"}]