[{"lrredund": 20.9141, "lrpepelmv": -1.0, "hphfpdID": "006178.e689_810", "pdbset": null, "lrpepxh": -1.0, "finallr": 190.294, "lrpepelmh": -1.0, "template": "1na1:BC(0.26,0.49,273/1560,58,62)", "viralprotein_id": 12506, "lrsm": 9.0988, "id": 7900629, "lrpepxv": -1.0, "lrredundpairs": -1.0, "humanprotein_id": 2856, "vphfpdID": "000310.d86_219"}, {"lrredund": -1.0, "lrpepelmv": -1.0, "hphfpdID": "010813.d72_137", "pdbset": null, "lrpepxh": -1.0, "finallr": 119.2807, "lrpepelmh": -1.0, "template": "3v7a:AE(0.06,0.04,25/40,17,24)", "viralprotein_id": 12506, "lrsm": 119.2807, "id": 7901012, "lrpepxv": -1.0, "lrredundpairs": -1.0, "humanprotein_id": 15815, "vphfpdID": "000310@3r6j_A.1"}, {"lrredund": 21.3884, "lrpepelmv": -1.0, "hphfpdID": "001509.e1_53", "pdbset": null, "lrpepxh": -1.0, "finallr": 117.6084, "lrpepelmh": -1.0, "template": "3skb:CB(0.06,0.30,17/42,9,8)", "viralprotein_id": 12506, "lrsm": 5.4987, "id": 7901321, "lrpepxv": -1.0, "lrredundpairs": -1.0, "humanprotein_id": 2598, "vphfpdID": "000310.e275_535"}, {"lrredund": 19.2898, "lrpepelmv": 137.2032, "hphfpdID": "000006", "pdbset": null, "lrpepxh": -1.0, "finallr": 2646.624, "lrpepelmh": -1.0, "template": "", "viralprotein_id": 12506, "lrsm": -1.0, "id": 7901621, "lrpepxv": -1.0, "lrredundpairs": -1.0, "humanprotein_id": 4514, "vphfpdID": "000310@3j1p_A.3"}, {"lrredund": -1.0, "lrpepelmv": -1.0, "hphfpdID": "018366", "pdbset": null, "lrpepxh": -1.0, "finallr": 130.17, "lrpepelmh": -1.0, "template": "3v7a:BG(0.06,0.04,37/37,20,32)", "viralprotein_id": 12506, "lrsm": 130.17, "id": 7901703, "lrpepxv": -1.0, "lrredundpairs": -1.0, "humanprotein_id": 2895, "vphfpdID": "000310@3r6j_A.1"}, {"lrredund": 2.3254, "lrpepelmv": 52.8828, "hphfpdID": "000906.e751_863", "pdbset": null, "lrpepxh": -1.0, "finallr": 122.9736, "lrpepelmh": -1.0, "template": "3cnk:BA(0.43,0.38,95/100,25,18)", "viralprotein_id": 12506, "lrsm": 2.4771, "id": 7903117, "lrpepxv": -1.0, "lrredundpairs": -1.0, "humanprotein_id": 2586, "vphfpdID": "000310@2gh8_A.2"}, {"lrredund": 19.2898, "lrpepelmv": -1.0, "hphfpdID": "018800.d596_685", "pdbset": null, "lrpepxh": -1.0, "finallr": 115.7521, "lrpepelmh": -1.0, "template": "3v7a:BG(0.06,0.24,34/37,12,11)", "viralprotein_id": 12506, "lrsm": 6.0007, "id": 7903133, "lrpepxv": -1.0, "lrredundpairs": 0.7707, "humanprotein_id": 4109, "vphfpdID": "000310.e275_535"}, {"lrredund": 21.3884, "lrpepelmv": -1.0, "hphfpdID": "008850.e118_222", "pdbset": null, "lrpepxh": -1.0, "finallr": 128.3451, "lrpepelmh": -1.0, "template": "3v7a:BG(0.06,0.32,32/37,11,11)", "viralprotein_id": 12506, "lrsm": 6.0007, "id": 7904028, "lrpepxv": -1.0, "lrredundpairs": -1.0, "humanprotein_id": 7761, "vphfpdID": "000310.e275_535"}, {"lrredund": 20.9141, "lrpepelmv": -1.0, "hphfpdID": "005209.d106_189", "pdbset": null, "lrpepxh": -1.0, "finallr": 105.1868, "lrpepelmh": -1.0, "template": "2lk6:AB(0.47,0.51,128/154,20,11)", "viralprotein_id": 12506, "lrsm": 5.0295, "id": 7904301, "lrpepxv": -1.0, "lrredundpairs": -1.0, "humanprotein_id": 8007, "vphfpdID": "000310@3m8l_A.5"}, {"lrredund": 3.7695, "lrpepelmv": -1.0, "hphfpdID": "017499.e4558_4663", "pdbset": null, "lrpepxh": -1.0, "finallr": 124.8244, "lrpepelmh": -1.0, "template": "3v7a:BG(0.06,0.13,33/37,10,9)", "viralprotein_id": 12506, "lrsm": 33.1143, "id": 7905612, "lrpepxv": -1.0, "lrredundpairs": -1.0, "humanprotein_id": 13935, "vphfpdID": "000310.e275_535"}, {"lrredund": 21.3884, "lrpepelmv": -1.0, "hphfpdID": "013899.g1_173", "pdbset": null, "lrpepxh": -1.0, "finallr": 102.3562, "lrpepelmh": -1.0, "template": "2lk6:BA(0.55,0.45,121/154,17,14)", "viralprotein_id": 12506, "lrsm": 4.7856, "id": 7905911, "lrpepxv": -1.0, "lrredundpairs": -1.0, "humanprotein_id": 1240, "vphfpdID": "000310.e275_535"}, {"lrredund": 21.3884, "lrpepelmv": 15.8041, "hphfpdID": "016466.e85_146", "pdbset": null, "lrpepxh": -1.0, "finallr": 338.0243, "lrpepelmh": -1.0, "template": "2ji2:BA(0.55,0.33,66/174,17,24)", "viralprotein_id": 12506, "lrsm": 1.6221, "id": 7906522, "lrpepxv": -1.0, "lrredundpairs": -1.0, "humanprotein_id": 3727, "vphfpdID": "000310@3r6j_A.1"}, {"lrredund": 3.5815, "lrpepelmv": 32.9939, "hphfpdID": "017283.d76_264", "pdbset": null, "lrpepxh": -1.0, "finallr": 118.1675, "lrpepelmh": -1.0, "template": "", "viralprotein_id": 12506, "lrsm": -1.0, "id": 7906571, "lrpepxv": -1.0, "lrredundpairs": -1.0, "humanprotein_id": 5846, "vphfpdID": "000310@3r6j_A.1"}, {"lrredund": 19.2898, "lrpepelmv": 137.2032, "hphfpdID": "000007", "pdbset": null, "lrpepxh": -1.0, "finallr": 2646.624, "lrpepelmh": -1.0, "template": "", "viralprotein_id": 12506, "lrsm": -1.0, "id": 7907030, "lrpepxv": -1.0, "lrredundpairs": -1.0, "humanprotein_id": 6393, "vphfpdID": "000310@4pb6_A.6"}, {"lrredund": 2.3254, "lrpepelmv": 137.2032, "hphfpdID": "000003", "pdbset": null, "lrpepxh": -1.0, "finallr": 319.0525, "lrpepelmh": -1.0, "template": "", "viralprotein_id": 12506, "lrsm": -1.0, "id": 7907829, "lrpepxv": -1.0, "lrredundpairs": -1.0, "humanprotein_id": 6857, "vphfpdID": "000310@4pb6_A.6"}, {"lrredund": 20.9141, "lrpepelmv": -1.0, "hphfpdID": "011519", "pdbset": null, "lrpepxh": -1.0, "finallr": 385.0952, "lrpepelmh": -1.0, "template": "1nlq:EC(0.37,0.05,83/101,42,63)", "viralprotein_id": 12506, "lrsm": 18.4132, "id": 7907877, "lrpepxv": -1.0, "lrredundpairs": -1.0, "humanprotein_id": 3074, "vphfpdID": "000310.d86_219"}, {"lrredund": 4.2492, "lrpepelmv": 137.2032, "hphfpdID": "000004", "pdbset": null, "lrpepxh": -1.0, "finallr": 583.0042, "lrpepelmh": -1.0, "template": "", "viralprotein_id": 12506, "lrsm": -1.0, "id": 7908594, "lrpepxv": -1.0, "lrredundpairs": -1.0, "humanprotein_id": 6298, "vphfpdID": "000310@4ejr_A.4"}, {"lrredund": 21.3884, "lrpepelmv": 15.8041, "hphfpdID": "016615.d584_674", "pdbset": null, "lrpepxh": -1.0, "finallr": 338.0243, "lrpepelmh": -1.0, "template": "", "viralprotein_id": 12506, "lrsm": -1.0, "id": 7908784, "lrpepxv": -1.0, "lrredundpairs": -1.0, "humanprotein_id": 5095, "vphfpdID": "000310@3r6j_A.1"}, {"lrredund": 20.9141, "lrpepelmv": 15.8041, "hphfpdID": "007144.d1_56", "pdbset": null, "lrpepxh": -1.0, "finallr": 330.5284, "lrpepelmh": -1.0, "template": "1na1:CB(0.23,0.50,270/1559,53,117)", "viralprotein_id": 12506, "lrsm": 9.0988, "id": 7909277, "lrpepxv": -1.0, "lrredundpairs": -1.0, "humanprotein_id": 6385, "vphfpdID": "000310@3j1p_A.3"}, {"lrredund": 4.2492, "lrpepelmv": 32.9939, "hphfpdID": "017284.e489_542", "pdbset": null, "lrpepxh": -1.0, "finallr": 140.1976, "lrpepelmh": -1.0, "template": "4jv5:ED(0.59,0.43,18/35,12,14)", "viralprotein_id": 12506, "lrsm": 1.1641, "id": 7909563, "lrpepxv": -1.0, "lrredundpairs": -1.0, "humanprotein_id": 7960, "vphfpdID": "000310@4pb6_A.6"}, {"lrredund": 3.124, "lrpepelmv": -1.0, "hphfpdID": "006208.e2514_2647", "pdbset": null, "lrpepxh": -1.0, "finallr": 143.6297, "lrpepelmh": -1.0, "template": "3cnk:BA(0.37,0.00,96/100,41,38)", "viralprotein_id": 12506, "lrsm": 45.9762, "id": 7910094, "lrpepxv": -1.0, "lrredundpairs": -1.0, "humanprotein_id": 4231, "vphfpdID": "000310@3j1p_A.3"}, {"lrredund": 19.2898, "lrpepelmv": 137.2032, "hphfpdID": "000002", "pdbset": null, "lrpepxh": -1.0, "finallr": 2646.624, "lrpepelmh": -1.0, "template": "", "viralprotein_id": 12506, "lrsm": -1.0, "id": 7910185, "lrpepxv": -1.0, "lrredundpairs": -1.0, "humanprotein_id": 6315, "vphfpdID": "000310@4pb6_A.6"}, {"lrredund": 20.9141, "lrpepelmv": 29.6561, "hphfpdID": "008378.d463_902", "pdbset": null, "lrpepxh": -1.0, "finallr": 620.2301, "lrpepelmh": -1.0, "template": "3b94:BC(0.59,0.49,54/61,34,44)", "viralprotein_id": 12506, "lrsm": 2.5395, "id": 7910304, "lrpepxv": -1.0, "lrredundpairs": -1.0, "humanprotein_id": 3758, "vphfpdID": "000310@4pb6_A.6"}, {"lrredund": 21.3884, "lrpepelmv": -1.0, "hphfpdID": "002626", "pdbset": null, "lrpepxh": -1.0, "finallr": 708.2626, "lrpepelmh": -1.0, "template": "3v7a:BG(0.06,0.09,32/37,10,10)", "viralprotein_id": 12506, "lrsm": 33.1143, "id": 7910320, "lrpepxv": -1.0, "lrredundpairs": -1.0, "humanprotein_id": 2804, "vphfpdID": "000310.e275_535"}, {"lrredund": 20.9141, "lrpepelmv": -1.0, "hphfpdID": "000172.d132_188", "pdbset": null, "lrpepxh": -1.0, "finallr": 190.294, "lrpepelmh": -1.0, "template": "4cdw:CB(0.21,0.56,264/1864,47,236)", "viralprotein_id": 12506, "lrsm": 9.0988, "id": 7910435, "lrpepxv": -1.0, "lrredundpairs": -1.0, "humanprotein_id": 2981, "vphfpdID": "000310.d86_219"}, {"lrredund": 4.2492, "lrpepelmv": 137.2032, "hphfpdID": "000001", "pdbset": null, "lrpepxh": -1.0, "finallr": 583.0042, "lrpepelmh": -1.0, "template": "1f45:AB(0.59,0.56,2/91,1,0)", "viralprotein_id": 12506, "lrsm": 0.9682, "id": 7910476, "lrpepxv": -1.0, "lrredundpairs": -1.0, "humanprotein_id": 4793, "vphfpdID": "000310@2gh8_A.2"}, {"lrredund": 4.2492, "lrpepelmv": -1.0, "hphfpdID": "008086.d318_419", "pdbset": null, "lrpepxh": -1.0, "finallr": 128.9384, "lrpepelmh": -1.0, "template": "3v7a:BF(0.06,0.11,30/40,17,17)", "viralprotein_id": 12506, "lrsm": 30.3442, "id": 7911000, "lrpepxv": -1.0, "lrredundpairs": -1.0, "humanprotein_id": 14249, "vphfpdID": "000310.e275_535"}, {"lrredund": 20.9141, "lrpepelmv": -1.0, "hphfpdID": "003962.d92_178", "pdbset": null, "lrpepxh": -1.0, "finallr": 143.0767, "lrpepelmh": -1.0, "template": "1v9u:32(0.20,0.37,75/414,42,51)", "viralprotein_id": 12506, "lrsm": 6.8412, "id": 7911476, "lrpepxv": -1.0, "lrredundpairs": -1.0, "humanprotein_id": 6447, "vphfpdID": "000310.d86_219"}, {"lrredund": 15.8699, "lrpepelmv": 9.677, "hphfpdID": "001751.e1_73", "pdbset": null, "lrpepxh": -1.0, "finallr": 153.5729, "lrpepelmh": -1.0, "template": "2cjs:AC(0.52,0.34,44/134,21,18)", "viralprotein_id": 12506, "lrsm": 1.5568, "id": 7911852, "lrpepxv": -1.0, "lrredundpairs": -1.0, "humanprotein_id": 5041, "vphfpdID": "000310@4ejr_A.4"}, {"lrredund": 21.3884, "lrpepelmv": 12.1604, "hphfpdID": "001060.e180_274", "pdbset": null, "lrpepxh": -1.0, "finallr": 260.0908, "lrpepelmh": -1.0, "template": "3zzq:DC(0.48,0.49,53/105,21,25)", "viralprotein_id": 12506, "lrsm": 1.7387, "id": 7912711, "lrpepxv": -1.0, "lrredundpairs": -1.0, "humanprotein_id": 17652, "vphfpdID": "000310@4ejr_A.4"}, {"lrredund": 21.3884, "lrpepelmv": 15.8041, "hphfpdID": "016613.e316_567", "pdbset": null, "lrpepxh": -1.0, "finallr": 338.0243, "lrpepelmh": -1.0, "template": "2idh:CA(0.38,0.56,26/27,5,0)", "viralprotein_id": 12506, "lrsm": 1.3385, "id": 7912822, "lrpepxv": -1.0, "lrredundpairs": -1.0, "humanprotein_id": 5161, "vphfpdID": "000310@3r6j_A.1"}, {"lrredund": 2.3254, "lrpepelmv": 137.2032, "hphfpdID": "000005", "pdbset": null, "lrpepxh": -1.0, "finallr": 319.0525, "lrpepelmh": -1.0, "template": "", "viralprotein_id": 12506, "lrsm": -1.0, "id": 7913771, "lrpepxv": -1.0, "lrredundpairs": -1.0, "humanprotein_id": 4794, "vphfpdID": "000310@4pb6_A.6"}, {"lrredund": 15.8699, "lrpepelmv": 6.3442, "hphfpdID": "001349.d2679_3055", "pdbset": null, "lrpepxh": -1.0, "finallr": 100.682, "lrpepelmh": -1.0, "template": "4eai:AB(0.58,0.46,22/135,7,1)", "viralprotein_id": 12506, "lrsm": 0.9682, "id": 7914492, "lrpepxv": -1.0, "lrredundpairs": -1.0, "humanprotein_id": 7312, "vphfpdID": "000310@3m8l_A.5"}, {"lrredund": 21.3884, "lrpepelmv": -1.0, "hphfpdID": "009491.e318_418", "pdbset": null, "lrpepxh": -1.0, "finallr": 128.3451, "lrpepelmh": -1.0, "template": "3v7a:BG(0.06,0.26,32/37,10,11)", "viralprotein_id": 12506, "lrsm": 6.0007, "id": 7914619, "lrpepxv": -1.0, "lrredundpairs": -1.0, "humanprotein_id": 12198, "vphfpdID": "000310.e275_535"}, {"lrredund": 19.2898, "lrpepelmv": -1.0, "hphfpdID": "005354.e1664_1728", "pdbset": null, "lrpepxh": -1.0, "finallr": 247.8394, "lrpepelmh": -1.0, "template": "1po2:23(0.21,0.57,59/415,41,47)", "viralprotein_id": 12506, "lrsm": 12.8482, "id": 7914813, "lrpepxv": -1.0, "lrredundpairs": -1.0, "humanprotein_id": 7033, "vphfpdID": "000310.d86_219"}, {"lrredund": -1.0, "lrpepelmv": 107.1532, "hphfpdID": "000002", "pdbset": null, "lrpepxh": -1.0, "finallr": 107.1532, "lrpepelmh": -1.0, "template": "", "viralprotein_id": 12508, "lrsm": -1.0, "id": 33868379, "lrpepxv": -1.0, "lrredundpairs": -1.0, "humanprotein_id": 6315, "vphfpdID": "000311"}, {"lrredund": -1.0, "lrpepelmv": 107.1532, "hphfpdID": "000001", "pdbset": null, "lrpepxh": -1.0, "finallr": 107.1532, "lrpepelmh": -1.0, "template": "", "viralprotein_id": 12508, "lrsm": -1.0, "id": 33868619, "lrpepxv": -1.0, "lrredundpairs": -1.0, "humanprotein_id": 4793, "vphfpdID": "000311"}, {"lrredund": -1.0, "lrpepelmv": 107.1532, "hphfpdID": "000006", "pdbset": null, "lrpepxh": -1.0, "finallr": 107.1532, "lrpepelmh": -1.0, "template": "", "viralprotein_id": 12508, "lrsm": -1.0, "id": 33868665, "lrpepxv": -1.0, "lrredundpairs": -1.0, "humanprotein_id": 4514, "vphfpdID": "000311"}, {"lrredund": -1.0, "lrpepelmv": 107.1532, "hphfpdID": "000007", "pdbset": null, "lrpepxh": -1.0, "finallr": 107.1532, "lrpepelmh": -1.0, "template": "", "viralprotein_id": 12508, "lrsm": -1.0, "id": 33868875, "lrpepxv": -1.0, "lrredundpairs": -1.0, "humanprotein_id": 6393, "vphfpdID": "000311"}, {"lrredund": -1.0, "lrpepelmv": 107.1532, "hphfpdID": "000003", "pdbset": null, "lrpepxh": -1.0, "finallr": 107.1532, "lrpepelmh": -1.0, "template": "", "viralprotein_id": 12508, "lrsm": -1.0, "id": 33869232, "lrpepxv": -1.0, "lrredundpairs": -1.0, "humanprotein_id": 6857, "vphfpdID": "000311"}, {"lrredund": -1.0, "lrpepelmv": 107.1532, "hphfpdID": "000004", "pdbset": null, "lrpepxh": -1.0, "finallr": 107.1532, "lrpepelmh": -1.0, "template": "", "viralprotein_id": 12508, "lrsm": -1.0, "id": 33869292, "lrpepxv": -1.0, "lrredundpairs": -1.0, "humanprotein_id": 6298, "vphfpdID": "000311"}, {"lrredund": -1.0, "lrpepelmv": 107.1532, "hphfpdID": "000005", "pdbset": null, "lrpepxh": -1.0, "finallr": 107.1532, "lrpepelmh": -1.0, "template": "", "viralprotein_id": 12508, "lrsm": -1.0, "id": 33869379, "lrpepxv": -1.0, "lrredundpairs": -1.0, "humanprotein_id": 4794, "vphfpdID": "000311"}, {"lrredund": 20.9141, "lrpepelmv": -1.0, "hphfpdID": "011519.e1_119", "pdbset": null, "lrpepxh": -1.0, "finallr": 171.6559, "lrpepelmh": -1.0, "template": "1xe0:BA(0.52,0.02,82/123,41,47)", "viralprotein_id": 12507, "lrsm": 8.2077, "id": 3722926, "lrpepxv": -1.0, "lrredundpairs": -1.0, "humanprotein_id": 3074, "vphfpdID": "000303.d118_475@4dpz_X.3"}, {"lrredund": 1.7092, "lrpepelmv": -1.0, "hphfpdID": "017834.e146_281", "pdbset": null, "lrpepxh": -1.0, "finallr": 106.5002, "lrpepelmh": -1.0, "template": "1xu2:AB(0.59,0.15,56/99,26,30)", "viralprotein_id": 12507, "lrsm": 2.0697, "id": 3723734, "lrpepxv": 62.31, "lrredundpairs": -1.0, "humanprotein_id": 5361, "vphfpdID": "000303.d118_475@4dot_A.2"}, {"lrredund": 19.2898, "lrpepelmv": -1.0, "hphfpdID": "004136", "pdbset": null, "lrpepxh": -1.0, "finallr": 104.7436, "lrpepelmh": -1.0, "template": "", "viralprotein_id": 12507, "lrsm": -1.0, "id": 3723846, "lrpepxv": 5.43, "lrredundpairs": -1.0, "humanprotein_id": 7444, "vphfpdID": "000303@4in2_A.5"}, {"lrredund": 2.409, "lrpepelmv": -1.0, "hphfpdID": "016486.d81_222", "pdbset": null, "lrpepxh": -1.0, "finallr": 150.1047, "lrpepelmh": -1.0, "template": "2jpp:BA(0.48,0.55,155/262,42,67)", "viralprotein_id": 12507, "lrsm": 5.0523, "id": 3724052, "lrpepxv": 62.31, "lrredundpairs": 2.409, "humanprotein_id": 6479, "vphfpdID": "000303.d118_475@4dot_A.2"}, {"lrredund": 20.9141, "lrpepelmv": 201.9336, "hphfpdID": "000007", "pdbset": null, "lrpepxh": -1.0, "finallr": 4223.26, "lrpepelmh": -1.0, "template": "", "viralprotein_id": 12507, "lrsm": -1.0, "id": 3724782, "lrpepxv": -1.0, "lrredundpairs": -1.0, "humanprotein_id": 6393, "vphfpdID": "000303@4in2_A.5"}, {"lrredund": 21.3884, "lrpepelmv": -1.0, "hphfpdID": "009492.e319_419", "pdbset": null, "lrpepxh": -1.0, "finallr": 116.139, "lrpepelmh": -1.0, "template": "3np5:CB(0.52,0.44,15/24,4,0)", "viralprotein_id": 12507, "lrsm": 1.2265, "id": 3724846, "lrpepxv": 5.43, "lrredundpairs": 0.7707, "humanprotein_id": 13229, "vphfpdID": "000303.d1331_1609@3h5y_A.2"}, {"lrredund": 21.3884, "lrpepelmv": -1.0, "hphfpdID": "017454.e64_147", "pdbset": null, "lrpepxh": -1.0, "finallr": 117.6084, "lrpepelmh": -1.0, "template": "2bay:EC(0.27,0.09,9/14,9,9)", "viralprotein_id": 12507, "lrsm": 5.4987, "id": 3725407, "lrpepxv": -1.0, "lrredundpairs": -1.0, "humanprotein_id": 7296, "vphfpdID": "000303.d118_475@4dpz_X.3"}, {"lrredund": 19.2898, "lrpepelmv": 20.7326, "hphfpdID": "016613.e316_567", "pdbset": null, "lrpepxh": -1.0, "finallr": 399.9274, "lrpepelmh": -1.0, "template": "2idh:CA(0.53,0.56,27/27,5,0)", "viralprotein_id": 12507, "lrsm": 1.2704, "id": 3725720, "lrpepxv": 3.66, "lrredundpairs": -1.0, "humanprotein_id": 5161, "vphfpdID": "000303.e619_1210@2fyr_A.3"}, {"lrredund": 21.3884, "lrpepelmv": 201.9336, "hphfpdID": "000002", "pdbset": null, "lrpepxh": -1.0, "finallr": 4319.038, "lrpepelmh": -1.0, "template": "", "viralprotein_id": 12507, "lrsm": -1.0, "id": 3725921, "lrpepxv": -1.0, "lrredundpairs": -1.0, "humanprotein_id": 6315, "vphfpdID": "000303@2iph_A.4"}, {"lrredund": 1.7951, "lrpepelmv": -1.0, "hphfpdID": "004626", "pdbset": null, "lrpepxh": -1.0, "finallr": 111.8526, "lrpepelmh": -1.0, "template": "", "viralprotein_id": 12507, "lrsm": -1.0, "id": 3726498, "lrpepxv": 62.31, "lrredundpairs": -1.0, "humanprotein_id": 1798, "vphfpdID": "000303.d118_475@4dot_A.2"}, {"lrredund": 20.9141, "lrpepelmv": -1.0, "hphfpdID": "005354.e1664_1728", "pdbset": null, "lrpepxh": -1.0, "finallr": 137.1964, "lrpepelmh": -1.0, "template": "1wqs:CB(0.14,0.42,59/127,24,26)", "viralprotein_id": 12507, "lrsm": 3.1219, "id": 3726584, "lrpepxv": 6.56, "lrredundpairs": -1.0, "humanprotein_id": 7033, "vphfpdID": "000303.e619_1210@5e0j_A.4"}, {"lrredund": 21.3884, "lrpepelmv": -1.0, "hphfpdID": "013900", "pdbset": null, "lrpepxh": -1.0, "finallr": 149.2837, "lrpepelmh": -1.0, "template": "4ja0:BD(0.29,0.05,53/249,33,47)", "viralprotein_id": 12507, "lrsm": 6.9797, "id": 3726988, "lrpepxv": -1.0, "lrredundpairs": -1.0, "humanprotein_id": 4285, "vphfpdID": "000303.d118_475@4q95_A.4"}, {"lrredund": 20.9141, "lrpepelmv": -1.0, "hphfpdID": "006178.e228_306", "pdbset": null, "lrpepxh": -1.0, "finallr": 194.3095, "lrpepelmh": -1.0, "template": "2jpp:AB(0.60,0.36,190/262,48,99)", "viralprotein_id": 12507, "lrsm": 9.2908, "id": 3727155, "lrpepxv": 3.84, "lrredundpairs": 0.7707, "humanprotein_id": 2856, "vphfpdID": "000303.d118_475@4dot_A.2"}, {"lrredund": 21.3884, "lrpepelmv": -1.0, "hphfpdID": "016859.d618_709", "pdbset": null, "lrpepxh": -1.0, "finallr": 113.8494, "lrpepelmh": -1.0, "template": "2jra:AB(0.38,0.54,121/219,43,67)", "viralprotein_id": 12507, "lrsm": 5.323, "id": 3727203, "lrpepxv": -1.0, "lrredundpairs": 0.7707, "humanprotein_id": 4494, "vphfpdID": "000303.d118_475@4q95_A.4"}, {"lrredund": 20.9141, "lrpepelmv": -1.0, "hphfpdID": "016730", "pdbset": null, "lrpepxh": -1.0, "finallr": 211.4847, "lrpepelmh": -1.0, "template": "2lk6:BA(0.25,0.53,135/154,41,68)", "viralprotein_id": 12507, "lrsm": 10.1121, "id": 3727557, "lrpepxv": -1.0, "lrredundpairs": 20.9141, "humanprotein_id": 6290, "vphfpdID": "000303.d118_475@4dpz_X.3"}, {"lrredund": 21.3884, "lrpepelmv": -1.0, "hphfpdID": "013775", "pdbset": null, "lrpepxh": -1.0, "finallr": 116.139, "lrpepelmh": -1.0, "template": "", "viralprotein_id": 12507, "lrsm": -1.0, "id": 3728256, "lrpepxv": 5.43, "lrredundpairs": -1.0, "humanprotein_id": 15519, "vphfpdID": "000303.e619_1210@4in1_A.7"}, {"lrredund": 2.409, "lrpepelmv": 52.3486, "hphfpdID": "002272", "pdbset": null, "lrpepxh": -1.0, "finallr": 126.1078, "lrpepelmh": -1.0, "template": "4inh:GH(0.03,0.57,10/48,5,0)", "viralprotein_id": 12507, "lrsm": 1.8315, "id": 3728821, "lrpepxv": -1.0, "lrredundpairs": 0.7707, "humanprotein_id": 5274, "vphfpdID": "000303.e619_1210@2fyr_A.3"}, {"lrredund": 21.3884, "lrpepelmv": -1.0, "hphfpdID": "017281", "pdbset": null, "lrpepxh": -1.0, "finallr": 727.8665, "lrpepelmh": -1.0, "template": "1s3s:BD(0.52,0.03,59/136,41,48)", "viralprotein_id": 12507, "lrsm": 34.0309, "id": 3729508, "lrpepxv": -1.0, "lrredundpairs": -1.0, "humanprotein_id": 5906, "vphfpdID": "000303.e474_642@1tue_A.2"}, {"lrredund": 21.3884, "lrpepelmv": -1.0, "hphfpdID": "007726.d35_188", "pdbset": null, "lrpepxh": -1.0, "finallr": 116.139, "lrpepelmh": -1.0, "template": "1xxc:AB(0.52,0.51,62/67,4,0)", "viralprotein_id": 12507, "lrsm": 1.9487, "id": 3730126, "lrpepxv": 5.43, "lrredundpairs": -1.0, "humanprotein_id": 3176, "vphfpdID": "000303.e619_1210@2iph_A.1"}, {"lrredund": 19.2898, "lrpepelmv": 5.8994, "hphfpdID": "004076.d399_518", "pdbset": null, "lrpepxh": -1.0, "finallr": 113.7991, "lrpepelmh": -1.0, "template": "1eoh:EF(0.50,0.50,7/122,2,0)", "viralprotein_id": 12507, "lrsm": 1.02, "id": 3730828, "lrpepxv": 3.66, "lrredundpairs": -1.0, "humanprotein_id": 4894, "vphfpdID": "000303.e619_1210@5e0j_A.4"}, {"lrredund": 20.9141, "lrpepelmv": -1.0, "hphfpdID": "018800.e309_403", "pdbset": null, "lrpepxh": -1.0, "finallr": 128.5902, "lrpepelmh": -1.0, "template": "2lk6:BA(0.25,0.34,140/154,31,34)", "viralprotein_id": 12507, "lrsm": 6.1485, "id": 3730939, "lrpepxv": -1.0, "lrredundpairs": 0.7707, "humanprotein_id": 4109, "vphfpdID": "000303.d118_475@4dpz_X.3"}, {"lrredund": 21.3884, "lrpepelmv": -1.0, "hphfpdID": "010507.e200_298", "pdbset": null, "lrpepxh": -1.0, "finallr": 117.6084, "lrpepelmh": -1.0, "template": "4e86:LH(0.21,0.18,4/7,3,0)", "viralprotein_id": 12507, "lrsm": 5.4987, "id": 3730940, "lrpepxv": -1.0, "lrredundpairs": 0.7707, "humanprotein_id": 4475, "vphfpdID": "000303.d118_475@4dpz_X.3"}, {"lrredund": 21.3884, "lrpepelmv": 9.3373, "hphfpdID": "001349.d2683_2962", "pdbset": null, "lrpepxh": -1.0, "finallr": 199.7102, "lrpepelmh": -1.0, "template": "2vu8:EI(0.57,0.57,45/111,5,2)", "viralprotein_id": 12507, "lrsm": 1.1641, "id": 3731020, "lrpepxv": 3.66, "lrredundpairs": -1.0, "humanprotein_id": 7312, "vphfpdID": "000303.e619_1210@5e0j_A.4"}, {"lrredund": 21.3884, "lrpepelmv": -1.0, "hphfpdID": "007725.d40_193", "pdbset": null, "lrpepxh": -1.0, "finallr": 1332.711, "lrpepelmh": -1.0, "template": "1xxc:AB(0.52,0.43,62/67,1,0)", "viralprotein_id": 12507, "lrsm": 2.0531, "id": 3731064, "lrpepxv": 62.31, "lrredundpairs": -1.0, "humanprotein_id": 3138, "vphfpdID": "000303.e619_1210@2iph_A.1"}, {"lrredund": 20.9141, "lrpepelmv": 4.8562, "hphfpdID": "002673", "pdbset": null, "lrpepxh": -1.0, "finallr": 101.5624, "lrpepelmh": -1.0, "template": "3eo6:AB(0.36,0.42,64/146,18,4)", "viralprotein_id": 12507, "lrsm": 1.8563, "id": 3732564, "lrpepxv": -1.0, "lrredundpairs": 19.2898, "humanprotein_id": 4427, "vphfpdID": "000303.e619_1210@2iph_A.1"}, {"lrredund": 2.409, "lrpepelmv": 201.9336, "hphfpdID": "000005", "pdbset": null, "lrpepxh": -1.0, "finallr": 486.4582, "lrpepelmh": -1.0, "template": "", "viralprotein_id": 12507, "lrsm": -1.0, "id": 3733197, "lrpepxv": 2.59, "lrredundpairs": -1.0, "humanprotein_id": 4794, "vphfpdID": "000303@1wqs_A.11"}, {"lrredund": 4.2492, "lrpepelmv": 201.9336, "hphfpdID": "000001", "pdbset": null, "lrpepxh": -1.0, "finallr": 858.0565, "lrpepelmh": -1.0, "template": "", "viralprotein_id": 12507, "lrsm": -1.0, "id": 3733536, "lrpepxv": -1.0, "lrredundpairs": -1.0, "humanprotein_id": 4793, "vphfpdID": "000303@4xbb_A.8"}, {"lrredund": 4.2492, "lrpepelmv": 201.9336, "hphfpdID": "000004", "pdbset": null, "lrpepxh": -1.0, "finallr": 858.0565, "lrpepelmh": -1.0, "template": "1nu7:BD(0.59,0.56,1/153,0,0)", "viralprotein_id": 12507, "lrsm": 0.9682, "id": 3733685, "lrpepxv": 2.59, "lrredundpairs": -1.0, "humanprotein_id": 6298, "vphfpdID": "000303.e619_1210@4imq_A.6"}, {"lrredund": 20.9141, "lrpepelmv": -1.0, "hphfpdID": "005158.d742_909", "pdbset": null, "lrpepxh": -1.0, "finallr": 100.0864, "lrpepelmh": -1.0, "template": "2jp1:BA(0.45,0.51,126/235,20,11)", "viralprotein_id": 12507, "lrsm": 4.7856, "id": 3733728, "lrpepxv": 2.59, "lrredundpairs": 0.7707, "humanprotein_id": 2711, "vphfpdID": "000303@1wqs_A.11"}, {"lrredund": 21.3884, "lrpepelmv": 4.8562, "hphfpdID": "018111", "pdbset": null, "lrpepxh": -1.0, "finallr": 103.8657, "lrpepelmh": -1.0, "template": "1gl0:EI(0.52,0.59,68/108,11,13)", "viralprotein_id": 12507, "lrsm": 1.4802, "id": 3733894, "lrpepxv": 2.59, "lrredundpairs": 15.8699, "humanprotein_id": 15404, "vphfpdID": "000303.e619_1210@2fyr_A.3"}, {"lrredund": 21.3884, "lrpepelmv": -1.0, "hphfpdID": "016448", "pdbset": null, "lrpepxh": -1.0, "finallr": 116.139, "lrpepelmh": -1.0, "template": "2lk5:BA(0.55,0.56,122/132,19,16)", "viralprotein_id": 12507, "lrsm": 4.7738, "id": 3734088, "lrpepxv": 5.43, "lrredundpairs": -1.0, "humanprotein_id": 7393, "vphfpdID": "000303@2fyr_A.6"}, {"lrredund": 20.9141, "lrpepelmv": -1.0, "hphfpdID": "012444.e95_323", "pdbset": null, "lrpepxh": -1.0, "finallr": 113.5635, "lrpepelmh": -1.0, "template": "2lk5:BA(0.55,0.54,116/132,8,1)", "viralprotein_id": 12507, "lrsm": 1.9487, "id": 3734284, "lrpepxv": 5.43, "lrredundpairs": 0.7707, "humanprotein_id": 2955, "vphfpdID": "000303.e619_1210@2fyr_A.3"}, {"lrredund": 21.3884, "lrpepelmv": 9.4001, "hphfpdID": "001509.e1_53", "pdbset": null, "lrpepxh": -1.0, "finallr": 201.0528, "lrpepelmh": -1.0, "template": "4inh:GD(0.03,0.53,11/11,8,7)", "viralprotein_id": 12507, "lrsm": 2.4032, "id": 3734398, "lrpepxv": 3.84, "lrredundpairs": 0.7707, "humanprotein_id": 2598, "vphfpdID": "000303.e619_1210@2fyr_A.3"}, {"lrredund": 21.3884, "lrpepelmv": 22.0743, "hphfpdID": "016466.d294_477", "pdbset": null, "lrpepxh": -1.0, "finallr": 472.1351, "lrpepelmh": -1.0, "template": "2xmj:AB(0.38,0.60,57/75,10,0)", "viralprotein_id": 12507, "lrsm": 1.2265, "id": 3734557, "lrpepxv": -1.0, "lrredundpairs": 19.2898, "humanprotein_id": 3727, "vphfpdID": "000303.d1331_1609@1sh3_A.3"}, {"lrredund": 4.2492, "lrpepelmv": -1.0, "hphfpdID": "018016", "pdbset": null, "lrpepxh": -1.0, "finallr": 178.2539, "lrpepelmh": -1.0, "template": "3kvp:DC(0.50,0.26,65/72,6,0)", "viralprotein_id": 12507, "lrsm": 2.4439, "id": 3734561, "lrpepxv": 41.95, "lrredundpairs": -1.0, "humanprotein_id": 7171, "vphfpdID": "000303.e619_1210@4in1_A.7"}, {"lrredund": 21.3884, "lrpepelmv": 9.677, "hphfpdID": "001751.e1_73", "pdbset": null, "lrpepxh": -1.0, "finallr": 208.5369, "lrpepelmh": -1.0, "template": "2k7i:BA(0.48,0.58,89/324,13,4)", "viralprotein_id": 12507, "lrsm": 1.5396, "id": 3735307, "lrpepxv": 9.75, "lrredundpairs": -1.0, "humanprotein_id": 5041, "vphfpdID": "000303.e619_1210@4in2_A.2"}, {"lrredund": 21.3884, "lrpepelmv": -1.0, "hphfpdID": "016869.d56_203", "pdbset": null, "lrpepxh": -1.0, "finallr": 116.139, "lrpepelmh": -1.0, "template": "1axd:BA(0.38,0.18,54/134,24,28)", "viralprotein_id": 12507, "lrsm": 3.1219, "id": 3735403, "lrpepxv": 5.43, "lrredundpairs": -1.0, "humanprotein_id": 4495, "vphfpdID": "000303.d118_475@4dot_A.2"}, {"lrredund": 20.9141, "lrpepelmv": 22.0743, "hphfpdID": "007144.d1_56", "pdbset": null, "lrpepxh": -1.0, "finallr": 461.6652, "lrpepelmh": -1.0, "template": "3k7r:HI(0.59,0.55,12/15,4,0)", "viralprotein_id": 12507, "lrsm": 1.2704, "id": 3735418, "lrpepxv": -1.0, "lrredundpairs": 1.1877, "humanprotein_id": 6385, "vphfpdID": "000303.d1331_1609@2b43_A.1"}, {"lrredund": 21.3884, "lrpepelmv": -1.0, "hphfpdID": "005567.e1_206", "pdbset": null, "lrpepxh": -1.0, "finallr": 116.139, "lrpepelmh": -1.0, "template": "2lk5:AB(0.39,0.53,119/132,25,34)", "viralprotein_id": 12507, "lrsm": 2.4771, "id": 3735452, "lrpepxv": 5.43, "lrredundpairs": 0.7707, "humanprotein_id": 3874, "vphfpdID": "000303.d118_475@4dot_A.2"}, {"lrredund": 20.9141, "lrpepelmv": 4.8562, "hphfpdID": "003962.d92_178", "pdbset": null, "lrpepxh": -1.0, "finallr": 101.5624, "lrpepelmh": -1.0, "template": "2ggv:BA(0.46,0.50,127/265,24,15)", "viralprotein_id": 12507, "lrsm": 2.6731, "id": 3735493, "lrpepxv": -1.0, "lrredundpairs": 20.9141, "humanprotein_id": 6447, "vphfpdID": "000303.e619_1210@2fyr_A.3"}, {"lrredund": 21.3884, "lrpepelmv": 20.7326, "hphfpdID": "016615.d554_715", "pdbset": null, "lrpepxh": -1.0, "finallr": 443.4368, "lrpepelmh": -1.0, "template": "2k7i:BA(0.58,0.60,124/324,20,6)", "viralprotein_id": 12507, "lrsm": 2.9842, "id": 3735547, "lrpepxv": 6.56, "lrredundpairs": -1.0, "humanprotein_id": 5095, "vphfpdID": "000303.e619_1210@5e0j_A.4"}, {"lrredund": 21.3884, "lrpepelmv": -1.0, "hphfpdID": "017046.d486_635", "pdbset": null, "lrpepxh": -1.0, "finallr": 140.3079, "lrpepelmh": -1.0, "template": "4h4f:AB(0.49,0.57,55/107,6,1)", "viralprotein_id": 12507, "lrsm": 1.1641, "id": 3735816, "lrpepxv": 6.56, "lrredundpairs": 0.7707, "humanprotein_id": 6818, "vphfpdID": "000303.e619_1210@4imq_A.6"}, {"lrredund": 3.7695, "lrpepelmv": -1.0, "hphfpdID": "000164", "pdbset": null, "lrpepxh": -1.0, "finallr": 158.1305, "lrpepelmh": -1.0, "template": "2gd4:BC(0.58,0.25,63/139,18,12)", "viralprotein_id": 12507, "lrsm": 1.5595, "id": 3736171, "lrpepxv": 41.95, "lrredundpairs": 0.7707, "humanprotein_id": 3214, "vphfpdID": "000303.e619_1210@4imq_A.6"}, {"lrredund": 4.2492, "lrpepelmv": -1.0, "hphfpdID": "008899", "pdbset": null, "lrpepxh": -1.0, "finallr": 149.4305, "lrpepelmh": -1.0, "template": "2qqe:BA(0.43,0.10,197/241,71,63)", "viralprotein_id": 12507, "lrsm": 35.1668, "id": 3737112, "lrpepxv": -1.0, "lrredundpairs": -1.0, "humanprotein_id": 2925, "vphfpdID": "000303.e474_642@4gdf_A.1"}, {"lrredund": 4.2492, "lrpepelmv": 48.5599, "hphfpdID": "017283.e380_439", "pdbset": null, "lrpepxh": -1.0, "finallr": 206.3406, "lrpepelmh": -1.0, "template": "3gtp:CJ(0.55,0.42,15/113,5,0)", "viralprotein_id": 12507, "lrsm": 1.02, "id": 3737467, "lrpepxv": 3.66, "lrredundpairs": -1.0, "humanprotein_id": 5846, "vphfpdID": "000303.e619_1210@5e0j_A.4"}, {"lrredund": 4.2492, "lrpepelmv": 22.0743, "hphfpdID": "000278.e118_229", "pdbset": null, "lrpepxh": -1.0, "finallr": 264.7676, "lrpepelmh": -1.0, "template": "2ggv:BA(0.46,0.49,131/265,37,38)", "viralprotein_id": 12507, "lrsm": 2.6731, "id": 3737559, "lrpepxv": 62.31, "lrredundpairs": 4.0064, "humanprotein_id": 2710, "vphfpdID": "000303.e619_1210@2fyr_A.3"}, {"lrredund": 19.2898, "lrpepelmv": 201.9336, "hphfpdID": "000006", "pdbset": null, "lrpepxh": -1.0, "finallr": 3895.26, "lrpepelmh": -1.0, "template": "", "viralprotein_id": 12507, "lrsm": -1.0, "id": 3738000, "lrpepxv": -1.0, "lrredundpairs": -1.0, "humanprotein_id": 4514, "vphfpdID": "000303@4in2_A.5"}, {"lrredund": 20.9141, "lrpepelmv": -1.0, "hphfpdID": "004138.e667_768", "pdbset": null, "lrpepxh": -1.0, "finallr": 137.1964, "lrpepelmh": -1.0, "template": "1dx5:NL(0.49,0.59,1/1,2,1)", "viralprotein_id": 12507, "lrsm": 1.2704, "id": 3738607, "lrpepxv": 6.56, "lrredundpairs": -1.0, "humanprotein_id": 7446, "vphfpdID": "000303.e619_1210@4xbb_A.5"}, {"lrredund": 4.2492, "lrpepelmv": 48.5599, "hphfpdID": "017284.e87_316", "pdbset": null, "lrpepxh": -1.0, "finallr": 206.3406, "lrpepelmh": -1.0, "template": "2zjq:QV(0.55,0.59,29/36,2,0)", "viralprotein_id": 12507, "lrsm": 1.2704, "id": 3738934, "lrpepxv": 2.59, "lrredundpairs": -1.0, "humanprotein_id": 7960, "vphfpdID": "000303.e619_1210@4in2_A.2"}, {"lrredund": 21.3884, "lrpepelmv": -1.0, "hphfpdID": "002626", "pdbset": null, "lrpepxh": -1.0, "finallr": 128.3451, "lrpepelmh": -1.0, "template": "3skj:FM(0.21,0.08,19/20,9,7)", "viralprotein_id": 12507, "lrsm": 6.0007, "id": 3739409, "lrpepxv": 5.43, "lrredundpairs": 21.3884, "humanprotein_id": 2804, "vphfpdID": "000303.d118_475@4dot_A.2"}, {"lrredund": 2.409, "lrpepelmv": 201.9336, "hphfpdID": "000003", "pdbset": null, "lrpepxh": -1.0, "finallr": 486.4582, "lrpepelmh": -1.0, "template": "3ccm:SV(0.60,0.56,15/32,6,2)", "viralprotein_id": 12507, "lrsm": 1.1641, "id": 3739811, "lrpepxv": 3.66, "lrredundpairs": -1.0, "humanprotein_id": 6857, "vphfpdID": "000303@1wqs_A.11"}, {"lrredund": 19.2898, "lrpepelmv": 7.4157, "hphfpdID": "005478.e180_309", "pdbset": null, "lrpepxh": -1.0, "finallr": 143.0465, "lrpepelmh": -1.0, "template": "2b2t:CA(0.53,0.55,8/35,7,6)", "viralprotein_id": 12507, "lrsm": 0.9682, "id": 3740278, "lrpepxv": 2.59, "lrredundpairs": 0.7707, "humanprotein_id": 2880, "vphfpdID": "000303.e619_1210@4in2_A.2"}, {"lrredund": 1.7951, "lrpepelmv": -1.0, "hphfpdID": "005521.d1_109", "pdbset": null, "lrpepxh": -1.0, "finallr": 111.8526, "lrpepelmh": -1.0, "template": "2iyb:CD(0.52,0.03,4/4,3,0)", "viralprotein_id": 12507, "lrsm": 2.4032, "id": 3741162, "lrpepxv": 62.31, "lrredundpairs": -1.0, "humanprotein_id": 18750, "vphfpdID": "000303.d118_475@4dot_A.2"}]