[{"lrredund": 21.3884, "lrpepelmv": -1.0, "hphfpdID": "010507.e1_206", "pdbset": null, "lrpepxh": 7.37, "finallr": 157.6325, "lrpepelmh": -1.0, "template": "2lk5:AB(0.49,0.50,119/132,24,29)", "viralprotein_id": 14618, "lrsm": 2.4771, "id": 27572021, "lrpepxv": -1.0, "lrredundpairs": 0.7707, "humanprotein_id": 4475, "vphfpdID": "002242.d116_330@4dot_A.2"}, {"lrredund": 3.7695, "lrpepelmv": -1.0, "hphfpdID": "001067.d939_1081", "pdbset": null, "lrpepxh": 3.84, "finallr": 234.8775, "lrpepelmh": -1.0, "template": "1xcg:EA(0.57,0.00,53/66,26,19)", "viralprotein_id": 14618, "lrsm": 4.804, "id": 27572025, "lrpepxv": 62.31, "lrredundpairs": 0.7707, "humanprotein_id": 1249, "vphfpdID": "002242.d116_330@4dot_A.2"}, {"lrredund": 1.7951, "lrpepelmv": -1.0, "hphfpdID": "019328.d1641_1793", "pdbset": null, "lrpepxh": -1.0, "finallr": 111.8526, "lrpepelmh": -1.0, "template": "3bsu:CA(0.49,0.60,1/1,2,1)", "viralprotein_id": 14618, "lrsm": 1.2704, "id": 27572052, "lrpepxv": 62.31, "lrredundpairs": -1.0, "humanprotein_id": 5510, "vphfpdID": "002242.d116_330@4dot_A.2"}, {"lrredund": 20.9141, "lrpepelmv": 4.5877, "hphfpdID": "007227.d56_251", "pdbset": null, "lrpepxh": 5.22, "finallr": 109.1716, "lrpepelmh": -1.0, "template": "2lmc:AB(0.51,0.46,67/115,23,18)", "viralprotein_id": 14618, "lrsm": 1.7316, "id": 27572870, "lrpepxv": -1.0, "lrredundpairs": 1.373, "humanprotein_id": 5539, "vphfpdID": "002242.d116_330@4dot_A.2"}, {"lrredund": 1.7951, "lrpepelmv": -1.0, "hphfpdID": "005521.d1_109", "pdbset": null, "lrpepxh": 7.37, "finallr": 111.8526, "lrpepelmh": -1.0, "template": "1kq2:KI(0.59,0.58,50/62,24,22)", "viralprotein_id": 14618, "lrsm": 2.5395, "id": 27573395, "lrpepxv": 62.31, "lrredundpairs": -1.0, "humanprotein_id": 18750, "vphfpdID": "002242@4dot_A.1"}, {"lrredund": 1.7951, "lrpepelmv": 0.0, "hphfpdID": "005999.e835_927", "pdbset": null, "lrpepxh": -1.0, "finallr": 111.8526, "lrpepelmh": -1.0, "template": "1ohh:AD(0.29,0.28,4/263,4,3)", "viralprotein_id": 14618, "lrsm": 1.8315, "id": 27573541, "lrpepxv": 62.31, "lrredundpairs": -1.0, "humanprotein_id": 11443, "vphfpdID": "002242.d116_330@4dot_A.2"}, {"lrredund": 21.3884, "lrpepelmv": -1.0, "hphfpdID": "009492.e120_224", "pdbset": null, "lrpepxh": 5.43, "finallr": 116.139, "lrpepelmh": -1.0, "template": "2lk6:AB(0.49,0.56,122/154,17,17)", "viralprotein_id": 14618, "lrsm": 4.5423, "id": 27573890, "lrpepxv": 3.84, "lrredundpairs": 0.7707, "humanprotein_id": 13229, "vphfpdID": "002242@4dot_A.1"}, {"lrredund": 3.124, "lrpepelmv": 4.5877, "hphfpdID": "016486.d81_222", "pdbset": null, "lrpepxh": 5.43, "finallr": 194.6564, "lrpepelmh": -1.0, "template": "2jpp:BA(0.48,0.55,151/262,41,58)", "viralprotein_id": 14618, "lrsm": 5.0523, "id": 27574234, "lrpepxv": 62.31, "lrredundpairs": 3.124, "humanprotein_id": 6479, "vphfpdID": "002242.d116_330@4dot_A.2"}, {"lrredund": 21.3884, "lrpepelmv": 4.5877, "hphfpdID": "018111", "pdbset": null, "lrpepxh": 5.43, "finallr": 116.139, "lrpepelmh": -1.0, "template": "2jpp:AB(0.41,0.59,140/262,25,19)", "viralprotein_id": 14618, "lrsm": 2.6731, "id": 27574286, "lrpepxv": 3.84, "lrredundpairs": 19.2898, "humanprotein_id": 15404, "vphfpdID": "002242.d116_330@4dot_A.2"}, {"lrredund": 20.9141, "lrpepelmv": -1.0, "hphfpdID": "018800.e309_403", "pdbset": null, "lrpepxh": -1.0, "finallr": 128.5902, "lrpepelmh": -1.0, "template": "2lk6:BA(0.25,0.34,140/154,29,27)", "viralprotein_id": 14618, "lrsm": 6.1485, "id": 27574410, "lrpepxv": -1.0, "lrredundpairs": 0.7707, "humanprotein_id": 4109, "vphfpdID": "002242.d116_330@4dpz_X.3"}, {"lrredund": 21.3884, "lrpepelmv": -1.0, "hphfpdID": "008850.e218_311", "pdbset": null, "lrpepxh": 5.43, "finallr": 116.139, "lrpepelmh": -1.0, "template": "3ige:BA(0.52,0.46,86/107,30,27)", "viralprotein_id": 14618, "lrsm": 2.4771, "id": 27574628, "lrpepxv": -1.0, "lrredundpairs": 0.7707, "humanprotein_id": 7761, "vphfpdID": "002242.d116_330@4dot_A.2"}, {"lrredund": 20.9141, "lrpepelmv": -1.0, "hphfpdID": "001154.e176_349", "pdbset": null, "lrpepxh": -1.0, "finallr": 113.5635, "lrpepelmh": -1.0, "template": "2k7i:BA(0.44,0.24,64/324,15,11)", "viralprotein_id": 14618, "lrsm": 1.9308, "id": 27574650, "lrpepxv": 5.43, "lrredundpairs": -1.0, "humanprotein_id": 4803, "vphfpdID": "002242.d116_330@4dpz_X.3"}, {"lrredund": 20.9141, "lrpepelmv": -1.0, "hphfpdID": "004076", "pdbset": null, "lrpepxh": -1.0, "finallr": 113.7978, "lrpepelmh": -1.0, "template": "1i7x:DC(0.59,0.08,99/230,42,41)", "viralprotein_id": 14618, "lrsm": 5.4412, "id": 27575634, "lrpepxv": -1.0, "lrredundpairs": -1.0, "humanprotein_id": 4894, "vphfpdID": "002242.d116_330@4q95_A.4"}, {"lrredund": 21.3884, "lrpepelmv": -1.0, "hphfpdID": "005567.d93_206", "pdbset": null, "lrpepxh": 3.51, "finallr": 116.139, "lrpepelmh": -1.0, "template": "2d11:CB(0.56,0.01,60/138,22,21)", "viralprotein_id": 14618, "lrsm": 3.1219, "id": 27575997, "lrpepxv": 5.43, "lrredundpairs": 0.7707, "humanprotein_id": 3874, "vphfpdID": "002242.d116_330@4dot_A.2"}, {"lrredund": 20.9141, "lrpepelmv": -1.0, "hphfpdID": "007725.d40_193", "pdbset": null, "lrpepxh": 5.43, "finallr": 113.5635, "lrpepelmh": -1.0, "template": "", "viralprotein_id": 14618, "lrsm": -1.0, "id": 27576425, "lrpepxv": -1.0, "lrredundpairs": 0.7707, "humanprotein_id": 3138, "vphfpdID": "002242@4dot_A.1"}, {"lrredund": 20.9141, "lrpepelmv": -1.0, "hphfpdID": "005209", "pdbset": null, "lrpepxh": -1.0, "finallr": 105.1868, "lrpepelmh": -1.0, "template": "2lk6:BA(0.25,0.59,137/154,20,20)", "viralprotein_id": 14618, "lrsm": 5.0295, "id": 27576681, "lrpepxv": -1.0, "lrredundpairs": 1.774, "humanprotein_id": 8007, "vphfpdID": "002242@4dpz_X.4"}, {"lrredund": 1.7951, "lrpepelmv": -1.0, "hphfpdID": "014110", "pdbset": null, "lrpepxh": 2.59, "finallr": 111.8526, "lrpepelmh": -1.0, "template": "2lk6:BA(0.51,0.57,134/154,20,9)", "viralprotein_id": 14618, "lrsm": 4.7738, "id": 27576684, "lrpepxv": 62.31, "lrredundpairs": 1.373, "humanprotein_id": 10710, "vphfpdID": "002242@4dot_A.1"}, {"lrredund": 21.3884, "lrpepelmv": 9.4001, "hphfpdID": "001509.e1_53", "pdbset": null, "lrpepxh": -1.0, "finallr": 256.5607, "lrpepelmh": -1.0, "template": "2idh:BA(0.27,0.06,42/45,22,32)", "viralprotein_id": 14618, "lrsm": 11.9953, "id": 27576714, "lrpepxv": -1.0, "lrredundpairs": 20.9141, "humanprotein_id": 2598, "vphfpdID": "002242.d116_330@4q95_A.4"}, {"lrredund": 20.9141, "lrpepelmv": 14.0867, "hphfpdID": "016613.e557_714", "pdbset": null, "lrpepxh": -1.0, "finallr": 294.6106, "lrpepelmh": -1.0, "template": "3hsh:CA(0.33,0.43,66/110,15,5)", "viralprotein_id": 14618, "lrsm": 1.8563, "id": 27577236, "lrpepxv": -1.0, "lrredundpairs": -1.0, "humanprotein_id": 5161, "vphfpdID": "002242@4dpz_X.4"}, {"lrredund": 1.7951, "lrpepelmv": -1.0, "hphfpdID": "012780", "pdbset": null, "lrpepxh": -1.0, "finallr": 111.8526, "lrpepelmh": -1.0, "template": "", "viralprotein_id": 14618, "lrsm": -1.0, "id": 27577331, "lrpepxv": 62.31, "lrredundpairs": -1.0, "humanprotein_id": 6995, "vphfpdID": "002242@4dot_A.1"}, {"lrredund": 20.9141, "lrpepelmv": -1.0, "hphfpdID": "007726", "pdbset": null, "lrpepxh": 5.43, "finallr": 113.5635, "lrpepelmh": -1.0, "template": "", "viralprotein_id": 14618, "lrsm": -1.0, "id": 27577872, "lrpepxv": -1.0, "lrredundpairs": 0.7707, "humanprotein_id": 3176, "vphfpdID": "002242@4dot_A.1"}, {"lrredund": 2.3588, "lrpepelmv": -1.0, "hphfpdID": "017834.e146_281", "pdbset": null, "lrpepxh": -1.0, "finallr": 146.9768, "lrpepelmh": -1.0, "template": "2zp9:AB(0.57,0.56,95/182,43,33)", "viralprotein_id": 14618, "lrsm": 4.3388, "id": 27578056, "lrpepxv": 62.31, "lrredundpairs": 0.7707, "humanprotein_id": 5361, "vphfpdID": "002242.d116_330@4dot_A.2"}, {"lrredund": 19.2898, "lrpepelmv": -1.0, "hphfpdID": "013899.g1_173", "pdbset": null, "lrpepxh": -1.0, "finallr": 115.4825, "lrpepelmh": -1.0, "template": "2lk5:AB(0.36,0.38,124/132,20,19)", "viralprotein_id": 14618, "lrsm": 5.9867, "id": 27578178, "lrpepxv": 3.84, "lrredundpairs": 0.7707, "humanprotein_id": 1240, "vphfpdID": "002242@4dpz_X.4"}, {"lrredund": 20.9141, "lrpepelmv": 22.0743, "hphfpdID": "007144", "pdbset": null, "lrpepxh": -1.0, "finallr": 461.6652, "lrpepelmh": -1.0, "template": "3in7:CA(0.51,0.06,58/126,28,30)", "viralprotein_id": 14618, "lrsm": 3.1219, "id": 27578302, "lrpepxv": -1.0, "lrredundpairs": 1.5513, "humanprotein_id": 6385, "vphfpdID": "002242@4eyz_A.5"}, {"lrredund": 1.7951, "lrpepelmv": -1.0, "hphfpdID": "014184.d456_528", "pdbset": null, "lrpepxh": 7.37, "finallr": 111.8526, "lrpepelmh": -1.0, "template": "3cun:BA(0.27,0.10,11/36,8,7)", "viralprotein_id": 14618, "lrsm": 4.5731, "id": 27578449, "lrpepxv": 62.31, "lrredundpairs": -1.0, "humanprotein_id": 15473, "vphfpdID": "002242@4dot_A.1"}, {"lrredund": 20.9141, "lrpepelmv": 4.5877, "hphfpdID": "002673.d6_152", "pdbset": null, "lrpepxh": 5.22, "finallr": 109.1716, "lrpepelmh": -1.0, "template": "2dwv:AB(0.50,0.57,93/102,26,23)", "viralprotein_id": 14618, "lrsm": 2.3512, "id": 27579473, "lrpepxv": -1.0, "lrredundpairs": 20.9141, "humanprotein_id": 4427, "vphfpdID": "002242.d116_330@4dot_A.2"}, {"lrredund": 3.7695, "lrpepelmv": -1.0, "hphfpdID": "004626", "pdbset": null, "lrpepxh": -1.0, "finallr": 234.8775, "lrpepelmh": -1.0, "template": "", "viralprotein_id": 14618, "lrsm": -1.0, "id": 27579565, "lrpepxv": 62.31, "lrredundpairs": -1.0, "humanprotein_id": 1798, "vphfpdID": "002242@4dot_A.1"}, {"lrredund": 1.7951, "lrpepelmv": -1.0, "hphfpdID": "004295", "pdbset": null, "lrpepxh": -1.0, "finallr": 111.8526, "lrpepelmh": -1.0, "template": "3nmz:CA(0.56,0.53,51/138,21,15)", "viralprotein_id": 14618, "lrsm": 1.4777, "id": 27580350, "lrpepxv": 62.31, "lrredundpairs": 0.7707, "humanprotein_id": 19622, "vphfpdID": "002242.d116_330@4dot_A.2"}, {"lrredund": 20.9141, "lrpepelmv": 22.0743, "hphfpdID": "016466.e85_146", "pdbset": null, "lrpepxh": 13.23, "finallr": 461.6652, "lrpepelmh": -1.0, "template": "2sem:BA(0.35,0.04,24/27,13,9)", "viralprotein_id": 14618, "lrsm": 6.0007, "id": 27580756, "lrpepxv": 2.59, "lrredundpairs": 20.9141, "humanprotein_id": 3727, "vphfpdID": "002242.d116_330@4dot_A.2"}, {"lrredund": 20.9141, "lrpepelmv": 14.0867, "hphfpdID": "016615.d586_639", "pdbset": null, "lrpepxh": -1.0, "finallr": 294.6106, "lrpepelmh": -1.0, "template": "", "viralprotein_id": 14618, "lrsm": -1.0, "id": 27580976, "lrpepxv": -1.0, "lrredundpairs": -1.0, "humanprotein_id": 5095, "vphfpdID": "002242@4dpz_X.4"}, {"lrredund": 20.9141, "lrpepelmv": -1.0, "hphfpdID": "011519.e1_119", "pdbset": null, "lrpepxh": -1.0, "finallr": 171.6559, "lrpepelmh": -1.0, "template": "1xb9:AE(0.57,0.03,92/125,42,52)", "viralprotein_id": 14618, "lrsm": 8.2077, "id": 27581291, "lrpepxv": -1.0, "lrredundpairs": -1.0, "humanprotein_id": 3074, "vphfpdID": "002242.d116_330@4dpz_X.3"}, {"lrredund": 20.9141, "lrpepelmv": -1.0, "hphfpdID": "008378.g106_302", "pdbset": null, "lrpepxh": 5.43, "finallr": 113.5635, "lrpepelmh": -1.0, "template": "2jpp:AB(0.55,0.59,154/262,19,10)", "viralprotein_id": 14618, "lrsm": 4.5423, "id": 27581639, "lrpepxv": -1.0, "lrredundpairs": -1.0, "humanprotein_id": 3758, "vphfpdID": "002242@4dot_A.1"}, {"lrredund": 21.3884, "lrpepelmv": 22.0743, "hphfpdID": "001060.e180_274", "pdbset": null, "lrpepxh": -1.0, "finallr": 472.1351, "lrpepelmh": -1.0, "template": "4iim:BA(0.19,0.06,50/63,24,27)", "viralprotein_id": 14618, "lrsm": 7.7952, "id": 27581700, "lrpepxv": -1.0, "lrredundpairs": 0.7707, "humanprotein_id": 17652, "vphfpdID": "002242.d116_330@4q95_A.4"}, {"lrredund": 20.9141, "lrpepelmv": -1.0, "hphfpdID": "012444.e95_323", "pdbset": null, "lrpepxh": -1.0, "finallr": 113.5635, "lrpepelmh": -1.0, "template": "2lk5:BA(0.26,0.54,108/132,15,2)", "viralprotein_id": 14618, "lrsm": 2.0531, "id": 27582051, "lrpepxv": 5.43, "lrredundpairs": 1.1877, "humanprotein_id": 2955, "vphfpdID": "002242.d116_330@4dpz_X.3"}, {"lrredund": 1.7092, "lrpepelmv": -1.0, "hphfpdID": "010286.e600_659", "pdbset": null, "lrpepxh": -1.0, "finallr": 106.5002, "lrpepelmh": -1.0, "template": "4ic3:BA(0.48,0.12,60/89,25,32)", "viralprotein_id": 14618, "lrsm": 3.1219, "id": 27582178, "lrpepxv": 62.31, "lrredundpairs": -1.0, "humanprotein_id": 9372, "vphfpdID": "002242.d116_330@4dot_A.2"}, {"lrredund": 21.3884, "lrpepelmv": -1.0, "hphfpdID": "016859.d618_709", "pdbset": null, "lrpepxh": 5.43, "finallr": 116.139, "lrpepelmh": -1.0, "template": "2jpp:BA(0.48,0.47,153/262,38,62)", "viralprotein_id": 14618, "lrsm": 2.6731, "id": 27582510, "lrpepxv": -1.0, "lrredundpairs": 0.7707, "humanprotein_id": 4494, "vphfpdID": "002242.d116_330@4dot_A.2"}, {"lrredund": 1.7092, "lrpepelmv": -1.0, "hphfpdID": "006230.e1_283", "pdbset": null, "lrpepxh": -1.0, "finallr": 106.5002, "lrpepelmh": -1.0, "template": "1yd8:VG(0.39,0.54,22/53,10,6)", "viralprotein_id": 14618, "lrsm": 1.2265, "id": 27582838, "lrpepxv": 62.31, "lrredundpairs": 0.7707, "humanprotein_id": 2506, "vphfpdID": "002242.d116_330@4dot_A.2"}, {"lrredund": 20.9141, "lrpepelmv": -1.0, "hphfpdID": "007197.d147_245", "pdbset": null, "lrpepxh": 5.43, "finallr": 113.5635, "lrpepelmh": -1.0, "template": "2jpp:AB(0.41,0.58,132/262,39,71)", "viralprotein_id": 14618, "lrsm": 2.6731, "id": 27582913, "lrpepxv": 2.59, "lrredundpairs": 0.7707, "humanprotein_id": 3620, "vphfpdID": "002242.d116_330@4dot_A.2"}, {"lrredund": 21.3884, "lrpepelmv": -1.0, "hphfpdID": "016869.d56_203", "pdbset": null, "lrpepxh": -1.0, "finallr": 116.139, "lrpepelmh": -1.0, "template": "1axd:BA(0.38,0.18,54/134,25,32)", "viralprotein_id": 14618, "lrsm": 3.1219, "id": 27582923, "lrpepxv": 5.43, "lrredundpairs": -1.0, "humanprotein_id": 4495, "vphfpdID": "002242.d116_330@4dot_A.2"}, {"lrredund": 20.9141, "lrpepelmv": -1.0, "hphfpdID": "006178.e462_515", "pdbset": null, "lrpepxh": 7.37, "finallr": 199.8862, "lrpepelmh": -1.0, "template": "2jpp:AB(0.41,0.16,142/262,43,77)", "viralprotein_id": 14618, "lrsm": 9.5575, "id": 27583601, "lrpepxv": 3.84, "lrredundpairs": 19.2898, "humanprotein_id": 2856, "vphfpdID": "002242.d116_330@4dot_A.2"}, {"lrredund": 20.9141, "lrpepelmv": -1.0, "hphfpdID": "005478.d350_517", "pdbset": null, "lrpepxh": 7.37, "finallr": 154.1369, "lrpepelmh": -1.0, "template": "4ji7:FO(0.38,0.57,2/2,2,1)", "viralprotein_id": 14618, "lrsm": 1.3385, "id": 27584359, "lrpepxv": -1.0, "lrredundpairs": 0.7707, "humanprotein_id": 2880, "vphfpdID": "002242.d116_330@4dot_A.2"}, {"lrredund": 20.9141, "lrpepelmv": -1.0, "hphfpdID": "005158.d704_1019", "pdbset": null, "lrpepxh": 5.22, "finallr": 109.1716, "lrpepelmh": -1.0, "template": "1k9a:CA(0.46,0.12,1/1,1,0)", "viralprotein_id": 14618, "lrsm": 2.4032, "id": 27585017, "lrpepxv": -1.0, "lrredundpairs": 20.9141, "humanprotein_id": 2711, "vphfpdID": "002242.d116_330@4dot_A.2"}, {"lrredund": 21.3884, "lrpepelmv": -1.0, "hphfpdID": "002626", "pdbset": null, "lrpepxh": -1.0, "finallr": 128.3451, "lrpepelmh": -1.0, "template": "3skj:FM(0.21,0.08,19/20,9,7)", "viralprotein_id": 14618, "lrsm": 6.0007, "id": 27585467, "lrpepxv": 5.43, "lrredundpairs": 15.8699, "humanprotein_id": 2804, "vphfpdID": "002242.d116_330@4dot_A.2"}, {"lrredund": 20.9141, "lrpepelmv": -1.0, "hphfpdID": "005354.e1664_1728", "pdbset": null, "lrpepxh": -1.0, "finallr": 113.5635, "lrpepelmh": -1.0, "template": "2pvx:GB(0.40,0.32,59/60,22,39)", "viralprotein_id": 14618, "lrsm": 3.1848, "id": 27585661, "lrpepxv": 5.43, "lrredundpairs": -1.0, "humanprotein_id": 7033, "vphfpdID": "002242.d116_330@4dpz_X.3"}, {"lrredund": 1.7951, "lrpepelmv": -1.0, "hphfpdID": "005292.d1_108", "pdbset": null, "lrpepxh": 7.37, "finallr": 111.8526, "lrpepelmh": -1.0, "template": "2dwv:AB(0.50,0.48,93/102,31,31)", "viralprotein_id": 14618, "lrsm": 2.4771, "id": 27586380, "lrpepxv": 62.31, "lrredundpairs": -1.0, "humanprotein_id": 12504, "vphfpdID": "002242.d116_330@4dot_A.2"}, {"lrredund": 20.9141, "lrpepelmv": 9.677, "hphfpdID": "001751.e1_73", "pdbset": null, "lrpepxh": -1.0, "finallr": 202.3856, "lrpepelmh": -1.0, "template": "2k7i:BA(0.42,0.58,138/324,22,30)", "viralprotein_id": 14618, "lrsm": 2.6731, "id": 27586910, "lrpepxv": -1.0, "lrredundpairs": 0.7707, "humanprotein_id": 5041, "vphfpdID": "002242@4dot_A.1"}, {"lrredund": 3.7695, "lrpepelmv": -1.0, "hphfpdID": "018962", "pdbset": null, "lrpepxh": -1.0, "finallr": 234.8775, "lrpepelmh": -1.0, "template": "", "viralprotein_id": 14618, "lrsm": -1.0, "id": 27587528, "lrpepxv": 62.31, "lrredundpairs": 1.1877, "humanprotein_id": 14000, "vphfpdID": "002242@4dot_A.1"}, {"lrredund": 21.3884, "lrpepelmv": -1.0, "hphfpdID": "007726.d35_188", "pdbset": null, "lrpepxh": -1.0, "finallr": 116.139, "lrpepelmh": -1.0, "template": "1xxc:AB(0.58,0.51,62/67,4,0)", "viralprotein_id": 14620, "lrsm": 1.9487, "id": 35808023, "lrpepxv": 5.43, "lrredundpairs": -1.0, "humanprotein_id": 3176, "vphfpdID": "002186@4in1_A.7"}, {"lrredund": 20.9141, "lrpepelmv": -1.0, "hphfpdID": "012444.e95_323", "pdbset": null, "lrpepxh": -1.0, "finallr": 113.5635, "lrpepelmh": -1.0, "template": "2xtt:BA(0.48,0.39,92/148,8,3)", "viralprotein_id": 14620, "lrsm": 1.5595, "id": 35808489, "lrpepxv": 5.43, "lrredundpairs": -1.0, "humanprotein_id": 2955, "vphfpdID": "002186@4xbb_A.6"}, {"lrredund": 4.2492, "lrpepelmv": 72.805, "hphfpdID": "000001", "pdbset": null, "lrpepxh": -1.0, "finallr": 309.3629, "lrpepelmh": -1.0, "template": "", "viralprotein_id": 14620, "lrsm": -1.0, "id": 35809519, "lrpepxv": -1.0, "lrredundpairs": -1.0, "humanprotein_id": 4793, "vphfpdID": "002186@4in1_A.7"}, {"lrredund": 20.9141, "lrpepelmv": -1.0, "hphfpdID": "005354.e1664_1728", "pdbset": null, "lrpepxh": -1.0, "finallr": 137.1964, "lrpepelmh": -1.0, "template": "1wqs:CB(0.12,0.42,53/127,25,33)", "viralprotein_id": 14620, "lrsm": 3.1219, "id": 35810567, "lrpepxv": 6.56, "lrredundpairs": -1.0, "humanprotein_id": 7033, "vphfpdID": "002186@4in2_A.4"}, {"lrredund": 3.8142, "lrpepelmv": 15.8041, "hphfpdID": "000278.e62_122", "pdbset": null, "lrpepxh": -1.0, "finallr": 237.6628, "lrpepelmh": -1.0, "template": "4afq:BD(0.52,0.05,58/104,21,16)", "viralprotein_id": 14620, "lrsm": 3.1219, "id": 35811540, "lrpepxv": 62.31, "lrredundpairs": -1.0, "humanprotein_id": 2710, "vphfpdID": "002186@2fyr_A.2"}, {"lrredund": 2.0764, "lrpepelmv": -1.0, "hphfpdID": "013217.g945_1099", "pdbset": null, "lrpepxh": -1.0, "finallr": 129.3804, "lrpepelmh": -1.0, "template": "1hia:YX(0.53,0.59,142/338,16,5)", "viralprotein_id": 14620, "lrsm": 4.5423, "id": 35811963, "lrpepxv": 62.31, "lrredundpairs": -1.0, "humanprotein_id": 7866, "vphfpdID": "002186@4xbb_A.6"}, {"lrredund": 19.2898, "lrpepelmv": 15.8041, "hphfpdID": "016613.e316_567", "pdbset": null, "lrpepxh": -1.0, "finallr": 304.8578, "lrpepelmh": -1.0, "template": "1xiw:FD(0.57,0.46,1/2,1,0)", "viralprotein_id": 14620, "lrsm": 1.1641, "id": 35812909, "lrpepxv": 3.66, "lrredundpairs": -1.0, "humanprotein_id": 5161, "vphfpdID": "002186@4imq_A.3"}, {"lrredund": 20.9141, "lrpepelmv": 72.805, "hphfpdID": "000007", "pdbset": null, "lrpepxh": -1.0, "finallr": 1522.65, "lrpepelmh": -1.0, "template": "", "viralprotein_id": 14620, "lrsm": -1.0, "id": 35813619, "lrpepxv": -1.0, "lrredundpairs": -1.0, "humanprotein_id": 6393, "vphfpdID": "002186@1wqs_A.8"}, {"lrredund": 4.2492, "lrpepelmv": -1.0, "hphfpdID": "018016", "pdbset": null, "lrpepxh": -1.0, "finallr": 178.2539, "lrpepelmh": -1.0, "template": "3kvp:DC(0.49,0.26,65/72,6,0)", "viralprotein_id": 14620, "lrsm": 2.4439, "id": 35813893, "lrpepxv": 41.95, "lrredundpairs": -1.0, "humanprotein_id": 7171, "vphfpdID": "002186@2fyr_A.2"}, {"lrredund": 2.409, "lrpepelmv": 72.805, "hphfpdID": "000003", "pdbset": null, "lrpepxh": -1.0, "finallr": 175.3871, "lrpepelmh": -1.0, "template": "3ccs:SV(0.59,0.54,14/34,5,0)", "viralprotein_id": 14620, "lrsm": 1.1641, "id": 35814391, "lrpepxv": 2.59, "lrredundpairs": -1.0, "humanprotein_id": 6857, "vphfpdID": "002186@1wqs_A.8"}, {"lrredund": 21.3884, "lrpepelmv": -1.0, "hphfpdID": "009492.e319_419", "pdbset": null, "lrpepxh": -1.0, "finallr": 102.3562, "lrpepelmh": -1.0, "template": "2f91:AB(0.57,0.40,121/171,17,3)", "viralprotein_id": 14620, "lrsm": 4.7856, "id": 35814459, "lrpepxv": 3.66, "lrredundpairs": -1.0, "humanprotein_id": 13229, "vphfpdID": "002186@1wqs_A.8"}, {"lrredund": 4.2492, "lrpepelmv": -1.0, "hphfpdID": "002085.d175_252", "pdbset": null, "lrpepxh": -1.0, "finallr": 107.2347, "lrpepelmh": -1.0, "template": "1wqs:AD(0.00,0.14,7/107,8,7)", "viralprotein_id": 14620, "lrsm": 25.2364, "id": 35814826, "lrpepxv": -1.0, "lrredundpairs": -1.0, "humanprotein_id": 4532, "vphfpdID": "002186@1wqs_A.8"}, {"lrredund": 4.2492, "lrpepelmv": 72.805, "hphfpdID": "000004", "pdbset": null, "lrpepxh": -1.0, "finallr": 309.3629, "lrpepelmh": -1.0, "template": "1nu7:BD(0.52,0.56,1/153,1,0)", "viralprotein_id": 14620, "lrsm": 0.9682, "id": 35815119, "lrpepxv": 2.59, "lrredundpairs": -1.0, "humanprotein_id": 6298, "vphfpdID": "002186@4imq_A.3"}, {"lrredund": 21.3884, "lrpepelmv": -1.0, "hphfpdID": "016448", "pdbset": null, "lrpepxh": -1.0, "finallr": 116.139, "lrpepelmh": -1.0, "template": "2lk5:BA(0.55,0.56,122/132,20,20)", "viralprotein_id": 14620, "lrsm": 4.7738, "id": 35816492, "lrpepxv": 5.43, "lrredundpairs": -1.0, "humanprotein_id": 7393, "vphfpdID": "002186@2fyr_A.2"}, {"lrredund": 21.3884, "lrpepelmv": 9.677, "hphfpdID": "001751", "pdbset": null, "lrpepxh": -1.0, "finallr": 208.5369, "lrpepelmh": -1.0, "template": "", "viralprotein_id": 14620, "lrsm": -1.0, "id": 35816730, "lrpepxv": 9.75, "lrredundpairs": -1.0, "humanprotein_id": 5041, "vphfpdID": "002186@4in1_A.7"}, {"lrredund": 15.8699, "lrpepelmv": 6.3442, "hphfpdID": "001349.d2679_3055", "pdbset": null, "lrpepxh": -1.0, "finallr": 100.682, "lrpepelmh": -1.0, "template": "1ca0:HG(0.56,0.56,69/354,17,4)", "viralprotein_id": 14620, "lrsm": 1.5396, "id": 35817517, "lrpepxv": 3.66, "lrredundpairs": -1.0, "humanprotein_id": 7312, "vphfpdID": "002186@4xbb_A.6"}, {"lrredund": 21.3884, "lrpepelmv": 15.8041, "hphfpdID": "016615.d554_715", "pdbset": null, "lrpepxh": -1.0, "finallr": 338.0243, "lrpepelmh": -1.0, "template": "2k7i:BA(0.49,0.60,93/324,16,0)", "viralprotein_id": 14620, "lrsm": 1.5396, "id": 35818329, "lrpepxv": 3.66, "lrredundpairs": -1.0, "humanprotein_id": 5095, "vphfpdID": "002186@2fyr_A.2"}, {"lrredund": 20.9141, "lrpepelmv": -1.0, "hphfpdID": "000172.e295_362", "pdbset": null, "lrpepxh": -1.0, "finallr": 113.5635, "lrpepelmh": -1.0, "template": "3uir:AC(0.48,0.29,74/90,19,6)", "viralprotein_id": 14620, "lrsm": 2.4439, "id": 35818737, "lrpepxv": 5.43, "lrredundpairs": -1.0, "humanprotein_id": 2981, "vphfpdID": "002186@2fyr_A.2"}, {"lrredund": 2.3254, "lrpepelmv": 72.805, "hphfpdID": "000005", "pdbset": null, "lrpepxh": -1.0, "finallr": 169.3006, "lrpepelmh": -1.0, "template": "1nu9:AC(0.56,0.57,7/199,6,4)", "viralprotein_id": 14620, "lrsm": 0.9682, "id": 35819141, "lrpepxv": 3.84, "lrredundpairs": -1.0, "humanprotein_id": 4794, "vphfpdID": "002186@4in1_A.7"}, {"lrredund": 21.3884, "lrpepelmv": -1.0, "hphfpdID": "017046.d495_669", "pdbset": null, "lrpepxh": -1.0, "finallr": 140.3079, "lrpepelmh": -1.0, "template": "1h8e:AD(0.30,0.49,1/210,0,0)", "viralprotein_id": 14620, "lrsm": 1.2142, "id": 35819635, "lrpepxv": 6.56, "lrredundpairs": -1.0, "humanprotein_id": 6818, "vphfpdID": "002186@1wqs_A.8"}, {"lrredund": 21.3884, "lrpepelmv": 15.8041, "hphfpdID": "016466.e142_262", "pdbset": null, "lrpepxh": -1.0, "finallr": 338.0243, "lrpepelmh": -1.0, "template": "", "viralprotein_id": 14620, "lrsm": -1.0, "id": 35819849, "lrpepxv": 3.84, "lrredundpairs": -1.0, "humanprotein_id": 3727, "vphfpdID": "002186@2iph_A.1"}, {"lrredund": 20.9141, "lrpepelmv": -1.0, "hphfpdID": "017281.e1_108", "pdbset": null, "lrpepxh": -1.0, "finallr": 137.1964, "lrpepelmh": -1.0, "template": "4sgb:EI(0.50,0.57,68/90,21,18)", "viralprotein_id": 14620, "lrsm": 1.6435, "id": 35820169, "lrpepxv": 6.56, "lrredundpairs": -1.0, "humanprotein_id": 5906, "vphfpdID": "002186@5e0j_A.5"}, {"lrredund": 19.2898, "lrpepelmv": 72.805, "hphfpdID": "000006", "pdbset": null, "lrpepxh": -1.0, "finallr": 1404.393, "lrpepelmh": -1.0, "template": "3cf5:QV(0.57,0.43,18/41,2,0)", "viralprotein_id": 14620, "lrsm": 1.2265, "id": 35820903, "lrpepxv": -1.0, "lrredundpairs": -1.0, "humanprotein_id": 4514, "vphfpdID": "002186@1wqs_A.8"}, {"lrredund": 20.9141, "lrpepelmv": 15.8041, "hphfpdID": "007144.e151_217", "pdbset": null, "lrpepxh": -1.0, "finallr": 330.5284, "lrpepelmh": -1.0, "template": "4afu:AC(0.50,0.07,60/104,21,10)", "viralprotein_id": 14620, "lrsm": 3.1219, "id": 35821461, "lrpepxv": 2.59, "lrredundpairs": -1.0, "humanprotein_id": 6385, "vphfpdID": "002186@1wqs_A.8"}, {"lrredund": 20.9141, "lrpepelmv": -1.0, "hphfpdID": "007725.d40_193", "pdbset": null, "lrpepxh": -1.0, "finallr": 1303.157, "lrpepelmh": -1.0, "template": "1xxc:AB(0.55,0.43,62/67,2,0)", "viralprotein_id": 14620, "lrsm": 2.0531, "id": 35821625, "lrpepxv": 62.31, "lrredundpairs": -1.0, "humanprotein_id": 3138, "vphfpdID": "002186@5e0j_A.5"}, {"lrredund": 21.3884, "lrpepelmv": 72.805, "hphfpdID": "000002", "pdbset": null, "lrpepxh": -1.0, "finallr": 1557.181, "lrpepelmh": -1.0, "template": "", "viralprotein_id": 14620, "lrsm": -1.0, "id": 35825024, "lrpepxv": 2.59, "lrredundpairs": -1.0, "humanprotein_id": 6315, "vphfpdID": "002186@4in1_A.7"}, {"lrredund": 15.8699, "lrpepelmv": -1.0, "hphfpdID": "017281.d221_760", "pdbset": null, "lrpepxh": -1.0, "finallr": 1348.503, "lrpepelmh": -1.0, "template": "1s3s:CD(0.34,0.02,60/147,45,48)", "viralprotein_id": 14622, "lrsm": 84.9724, "id": 49378438, "lrpepxv": -1.0, "lrredundpairs": 0.7707, "humanprotein_id": 5906, "vphfpdID": "002125@5e7p_A.4"}, {"lrredund": 19.2898, "lrpepelmv": 72.805, "hphfpdID": "000007", "pdbset": null, "lrpepxh": -1.0, "finallr": 1404.393, "lrpepelmh": -1.0, "template": "", "viralprotein_id": 14622, "lrsm": -1.0, "id": 49378855, "lrpepxv": -1.0, "lrredundpairs": -1.0, "humanprotein_id": 6393, "vphfpdID": "002125@1ojl_A.1"}, {"lrredund": 4.2492, "lrpepelmv": -1.0, "hphfpdID": "002895.d432_614", "pdbset": null, "lrpepxh": -1.0, "finallr": 144.6041, "lrpepelmh": -1.0, "template": "2pzf:BA(0.54,0.03,59/99,41,47)", "viralprotein_id": 14622, "lrsm": 34.0309, "id": 49379645, "lrpepxv": -1.0, "lrredundpairs": -1.0, "humanprotein_id": 3753, "vphfpdID": "002125@5e7p_A.4"}, {"lrredund": 19.2898, "lrpepelmv": 14.9984, "hphfpdID": "007144.e56_156", "pdbset": null, "lrpepxh": -1.0, "finallr": 289.3153, "lrpepelmh": -1.0, "template": "3ej9:BE(0.57,0.58,47/111,24,30)", "viralprotein_id": 14622, "lrsm": 1.6503, "id": 49382679, "lrpepxv": -1.0, "lrredundpairs": -1.0, "humanprotein_id": 6385, "vphfpdID": "002125@5exx_A.3"}, {"lrredund": 4.2492, "lrpepelmv": -1.0, "hphfpdID": "008899", "pdbset": null, "lrpepxh": -1.0, "finallr": 149.4305, "lrpepelmh": -1.0, "template": "2qqe:BA(0.47,0.10,207/241,79,109)", "viralprotein_id": 14622, "lrsm": 35.1668, "id": 49383700, "lrpepxv": -1.0, "lrredundpairs": -1.0, "humanprotein_id": 2925, "vphfpdID": "002125@5exx_A.3"}, {"lrredund": 21.3884, "lrpepelmv": 14.0867, "hphfpdID": "016613.e122_316", "pdbset": null, "lrpepxh": -1.0, "finallr": 301.2919, "lrpepelmh": -1.0, "template": "1bmf:AG(0.58,0.56,1/50,2,1)", "viralprotein_id": 14622, "lrsm": 0.9682, "id": 49385365, "lrpepxv": -1.0, "lrredundpairs": -1.0, "humanprotein_id": 5161, "vphfpdID": "002125@5e7p_A.4"}, {"lrredund": 21.3884, "lrpepelmv": 14.9984, "hphfpdID": "016466", "pdbset": null, "lrpepxh": -1.0, "finallr": 320.7909, "lrpepelmh": -1.0, "template": "", "viralprotein_id": 14622, "lrsm": -1.0, "id": 49385419, "lrpepxv": -1.0, "lrredundpairs": 1.373, "humanprotein_id": 3727, "vphfpdID": "002125@5e7p_A.4"}, {"lrredund": 15.8699, "lrpepelmv": -1.0, "hphfpdID": "009031", "pdbset": null, "lrpepxh": -1.0, "finallr": 108.5685, "lrpepelmh": -1.0, "template": "1f3w:FH(0.59,0.01,99/302,48,61)", "viralprotein_id": 14622, "lrsm": 6.8412, "id": 49386160, "lrpepxv": -1.0, "lrredundpairs": -1.0, "humanprotein_id": 3826, "vphfpdID": "002125.d161_263@4gdf_A.2"}, {"lrredund": 4.2492, "lrpepelmv": 72.805, "hphfpdID": "000004", "pdbset": null, "lrpepxh": -1.0, "finallr": 309.3629, "lrpepelmh": -1.0, "template": "", "viralprotein_id": 14622, "lrsm": -1.0, "id": 49386294, "lrpepxv": -1.0, "lrredundpairs": -1.0, "humanprotein_id": 6298, "vphfpdID": "002125@5exx_A.3"}, {"lrredund": 3.5815, "lrpepelmv": 72.805, "hphfpdID": "000001", "pdbset": null, "lrpepxh": -1.0, "finallr": 260.751, "lrpepelmh": -1.0, "template": "", "viralprotein_id": 14622, "lrsm": -1.0, "id": 49387067, "lrpepxv": -1.0, "lrredundpairs": -1.0, "humanprotein_id": 4793, "vphfpdID": "002125@5ep0_A.2"}, {"lrredund": 21.3884, "lrpepelmv": 9.677, "hphfpdID": "001751.e1_73", "pdbset": null, "lrpepxh": -1.0, "finallr": 206.9754, "lrpepelmh": -1.0, "template": "2orv:BA(0.36,0.12,49/214,22,21)", "viralprotein_id": 14622, "lrsm": 2.7953, "id": 49387770, "lrpepxv": -1.0, "lrredundpairs": -1.0, "humanprotein_id": 5041, "vphfpdID": "002125@5e7p_A.4"}, {"lrredund": 2.0764, "lrpepelmv": 72.805, "hphfpdID": "000003", "pdbset": null, "lrpepxh": -1.0, "finallr": 151.1722, "lrpepelmh": -1.0, "template": "", "viralprotein_id": 14622, "lrsm": -1.0, "id": 49388169, "lrpepxv": -1.0, "lrredundpairs": -1.0, "humanprotein_id": 6857, "vphfpdID": "002125@1ojl_A.1"}, {"lrredund": 21.3884, "lrpepelmv": 72.805, "hphfpdID": "000006", "pdbset": null, "lrpepxh": -1.0, "finallr": 1557.181, "lrpepelmh": -1.0, "template": "", "viralprotein_id": 14622, "lrsm": -1.0, "id": 49389048, "lrpepxv": -1.0, "lrredundpairs": 1.1877, "humanprotein_id": 4514, "vphfpdID": "002125@5e7p_A.4"}, {"lrredund": 21.3884, "lrpepelmv": 72.805, "hphfpdID": "000002", "pdbset": null, "lrpepxh": -1.0, "finallr": 1557.181, "lrpepelmh": -1.0, "template": "", "viralprotein_id": 14622, "lrsm": -1.0, "id": 49389325, "lrpepxv": -1.0, "lrredundpairs": 1.1877, "humanprotein_id": 6315, "vphfpdID": "002125@5e7p_A.4"}, {"lrredund": 1.2535, "lrpepelmv": -1.0, "hphfpdID": "000015.e204_335", "pdbset": null, "lrpepxh": -1.0, "finallr": 124.3505, "lrpepelmh": -1.0, "template": "1a6a:AB(0.07,0.02,5/274,6,5)", "viralprotein_id": 14621, "lrsm": 99.2027, "id": 91467256, "lrpepxv": -1.0, "lrredundpairs": -1.0, "humanprotein_id": 7027, "vphfpdID": "002243.e1_302@3sej_A.3"}, {"lrredund": 20.9141, "lrpepelmv": -1.0, "hphfpdID": "006178.e559_615", "pdbset": null, "lrpepxh": -1.0, "finallr": 225.7435, "lrpepelmh": -1.0, "template": "4gh4:BC(0.34,0.54,55/376,41,45)", "viralprotein_id": 14621, "lrsm": 10.7938, "id": 91467408, "lrpepxv": -1.0, "lrredundpairs": -1.0, "humanprotein_id": 2856, "vphfpdID": "002243@3m8l_A.6"}, {"lrredund": 21.3884, "lrpepelmv": -1.0, "hphfpdID": "011519", "pdbset": null, "lrpepxh": -1.0, "finallr": 393.8285, "lrpepelmh": -1.0, "template": "1nlq:EC(0.37,0.05,83/101,41,60)", "viralprotein_id": 14621, "lrsm": 18.4132, "id": 91467598, "lrpepxv": -1.0, "lrredundpairs": -1.0, "humanprotein_id": 3074, "vphfpdID": "002243.d77_219"}, {"lrredund": 21.3884, "lrpepelmv": -1.0, "hphfpdID": "001452", "pdbset": null, "lrpepxh": -1.0, "finallr": 649.013, "lrpepelmh": -1.0, "template": "4f7m:AE(0.18,0.01,13/27,9,4)", "viralprotein_id": 14621, "lrsm": 30.3442, "id": 91467879, "lrpepxv": -1.0, "lrredundpairs": 0.7707, "humanprotein_id": 6282, "vphfpdID": "002243.e1_302@3sej_A.3"}, {"lrredund": 4.2492, "lrpepelmv": 32.9939, "hphfpdID": "017283.e380_439", "pdbset": null, "lrpepxh": -1.0, "finallr": 140.1976, "lrpepelmh": -1.0, "template": "5cro:BA(0.45,0.31,35/84,16,11)", "viralprotein_id": 14621, "lrsm": 1.4599, "id": 91468565, "lrpepxv": -1.0, "lrredundpairs": 0.7707, "humanprotein_id": 5846, "vphfpdID": "002243.e275_540@4oos_A.1"}, {"lrredund": 21.3884, "lrpepelmv": 4.5877, "hphfpdID": "002673.d115_219", "pdbset": null, "lrpepxh": -1.0, "finallr": 117.6084, "lrpepelmh": -1.0, "template": "1hz6:BC(0.13,0.25,23/54,12,14)", "viralprotein_id": 14621, "lrsm": 5.4987, "id": 91468848, "lrpepxv": -1.0, "lrredundpairs": 0.7707, "humanprotein_id": 4427, "vphfpdID": "002243.e1_302@4oos_A.4"}, {"lrredund": 21.3884, "lrpepelmv": 9.677, "hphfpdID": "001751.e1_73", "pdbset": null, "lrpepxh": -1.0, "finallr": 206.9754, "lrpepelmh": -1.0, "template": "4l5n:FE(0.59,0.46,31/55,7,0)", "viralprotein_id": 14621, "lrsm": 1.1641, "id": 91468948, "lrpepxv": -1.0, "lrredundpairs": -1.0, "humanprotein_id": 5041, "vphfpdID": "002243.e275_540@4opo_A.2"}, {"lrredund": 2.409, "lrpepelmv": -1.0, "hphfpdID": "006208.e2514_2647", "pdbset": null, "lrpepxh": -1.0, "finallr": 110.7567, "lrpepelmh": -1.0, "template": "3cnk:BA(0.38,0.00,95/100,42,41)", "viralprotein_id": 14621, "lrsm": 45.9762, "id": 91469484, "lrpepxv": -1.0, "lrredundpairs": -1.0, "humanprotein_id": 4231, "vphfpdID": "002243@4ejr_A.8"}, {"lrredund": 4.2492, "lrpepelmv": -1.0, "hphfpdID": "005319", "pdbset": null, "lrpepxh": -1.0, "finallr": 107.2347, "lrpepelmh": -1.0, "template": "1ebg:AB(0.11,0.03,14/231,14,14)", "viralprotein_id": 14621, "lrsm": 25.2364, "id": 91469512, "lrpepxv": -1.0, "lrredundpairs": -1.0, "humanprotein_id": 3069, "vphfpdID": "002243.e1_302@3sej_A.3"}, {"lrredund": 4.2492, "lrpepelmv": 137.2032, "hphfpdID": "000004", "pdbset": null, "lrpepxh": -1.0, "finallr": 583.0042, "lrpepelmh": -1.0, "template": "", "viralprotein_id": 14621, "lrsm": -1.0, "id": 91469908, "lrpepxv": -1.0, "lrredundpairs": -1.0, "humanprotein_id": 6298, "vphfpdID": "002243@4oos_A.1"}, {"lrredund": 19.2898, "lrpepelmv": -1.0, "hphfpdID": "005567.e1_206", "pdbset": null, "lrpepxh": -1.0, "finallr": 106.0689, "lrpepelmh": -1.0, "template": "2ktr:BA(0.09,0.23,44/66,20,29)", "viralprotein_id": 14621, "lrsm": 5.4987, "id": 91469962, "lrpepxv": -1.0, "lrredundpairs": -1.0, "humanprotein_id": 3874, "vphfpdID": "002243.e1_302@3sej_A.3"}, {"lrredund": 2.409, "lrpepelmv": 137.2032, "hphfpdID": "000003", "pdbset": null, "lrpepxh": -1.0, "finallr": 330.5227, "lrpepelmh": -1.0, "template": "", "viralprotein_id": 14621, "lrsm": -1.0, "id": 91470016, "lrpepxv": -1.0, "lrredundpairs": -1.0, "humanprotein_id": 6857, "vphfpdID": "002243@4pb6_A.7"}, {"lrredund": 21.3884, "lrpepelmv": -1.0, "hphfpdID": "018800.d596_685", "pdbset": null, "lrpepxh": -1.0, "finallr": 128.3451, "lrpepelmh": -1.0, "template": "3v7a:BG(0.09,0.24,34/37,10,6)", "viralprotein_id": 14621, "lrsm": 6.0007, "id": 91470207, "lrpepxv": -1.0, "lrredundpairs": 0.7707, "humanprotein_id": 4109, "vphfpdID": "002243.e275_540@4opo_A.2"}, {"lrredund": 21.3884, "lrpepelmv": -1.0, "hphfpdID": "013899.d444_603", "pdbset": null, "lrpepxh": -1.0, "finallr": 107.5723, "lrpepelmh": -1.0, "template": "2lk6:BA(0.53,0.44,126/154,16,13)", "viralprotein_id": 14621, "lrsm": 5.0295, "id": 91470276, "lrpepxv": -1.0, "lrredundpairs": 0.7707, "humanprotein_id": 1240, "vphfpdID": "002243.e275_540@4opo_A.2"}, {"lrredund": 4.2492, "lrpepelmv": 32.9939, "hphfpdID": "017284.e489_542", "pdbset": null, "lrpepxh": -1.0, "finallr": 140.1976, "lrpepelmh": -1.0, "template": "2ete:BA(0.54,0.42,44/492,24,23)", "viralprotein_id": 14621, "lrsm": 1.5568, "id": 91470449, "lrpepxv": -1.0, "lrredundpairs": -1.0, "humanprotein_id": 7960, "vphfpdID": "002243@2gh8_A.5"}, {"lrredund": 21.3884, "lrpepelmv": -1.0, "hphfpdID": "010507.e1_206", "pdbset": null, "lrpepxh": -1.0, "finallr": 166.727, "lrpepelmh": -1.0, "template": "2ktr:BA(0.09,0.24,44/66,21,38)", "viralprotein_id": 14621, "lrsm": 7.7952, "id": 91470492, "lrpepxv": -1.0, "lrredundpairs": -1.0, "humanprotein_id": 4475, "vphfpdID": "002243.e1_302@3sej_A.3"}, {"lrredund": 20.9141, "lrpepelmv": -1.0, "hphfpdID": "016730", "pdbset": null, "lrpepxh": -1.0, "finallr": 168.6361, "lrpepelmh": -1.0, "template": "2lk6:BA(0.53,0.53,137/154,41,75)", "viralprotein_id": 14621, "lrsm": 8.0633, "id": 91470529, "lrpepxv": -1.0, "lrredundpairs": 0.7707, "humanprotein_id": 6290, "vphfpdID": "002243@4pb6_A.7"}, {"lrredund": 2.409, "lrpepelmv": -1.0, "hphfpdID": "005407.e677_979", "pdbset": null, "lrpepxh": -1.0, "finallr": 238.9792, "lrpepelmh": -1.0, "template": "3kex:BA(0.07,0.02,3/181,2,0)", "viralprotein_id": 14621, "lrsm": 99.2027, "id": 91470688, "lrpepxv": -1.0, "lrredundpairs": 0.7707, "humanprotein_id": 4263, "vphfpdID": "002243.e1_302@3sej_A.3"}, {"lrredund": 21.3884, "lrpepelmv": -1.0, "hphfpdID": "016448", "pdbset": null, "lrpepxh": -1.0, "finallr": 3616.729, "lrpepelmh": -1.0, "template": "2ktr:BA(0.09,0.01,44/66,22,38)", "viralprotein_id": 14621, "lrsm": 169.0977, "id": 91470696, "lrpepxv": -1.0, "lrredundpairs": 0.7707, "humanprotein_id": 7393, "vphfpdID": "002243.e1_302@3sej_A.3"}, {"lrredund": 19.2898, "lrpepelmv": -1.0, "hphfpdID": "007197.d147_245", "pdbset": null, "lrpepxh": -1.0, "finallr": 197.8178, "lrpepelmh": -1.0, "template": "1qaw:DC(0.45,0.49,88/108,41,55)", "viralprotein_id": 14621, "lrsm": 10.255, "id": 91470831, "lrpepxv": -1.0, "lrredundpairs": -1.0, "humanprotein_id": 3620, "vphfpdID": "002243@4pb6_A.7"}, {"lrredund": 20.9141, "lrpepelmv": 137.2032, "hphfpdID": "000006", "pdbset": null, "lrpepxh": -1.0, "finallr": 2869.483, "lrpepelmh": -1.0, "template": "1kf6:NM(0.52,0.36,2/318,3,2)", "viralprotein_id": 14621, "lrsm": 1.02, "id": 91471068, "lrpepxv": -1.0, "lrredundpairs": -1.0, "humanprotein_id": 4514, "vphfpdID": "002243.e1_302@4oos_A.4"}, {"lrredund": 21.3884, "lrpepelmv": -1.0, "hphfpdID": "009491.e318_418", "pdbset": null, "lrpepxh": -1.0, "finallr": 149.2837, "lrpepelmh": -1.0, "template": "1oau:NJ(0.17,0.22,37/97,21,30)", "viralprotein_id": 14621, "lrsm": 6.9797, "id": 91471396, "lrpepxv": -1.0, "lrredundpairs": -1.0, "humanprotein_id": 12198, "vphfpdID": "002243.e1_302@4oos_A.4"}, {"lrredund": 21.3884, "lrpepelmv": 20.1497, "hphfpdID": "008378", "pdbset": null, "lrpepxh": -1.0, "finallr": 430.9707, "lrpepelmh": -1.0, "template": "1qni:FE(0.15,0.45,40/668,25,29)", "viralprotein_id": 14621, "lrsm": 2.7953, "id": 91471464, "lrpepxv": -1.0, "lrredundpairs": -1.0, "humanprotein_id": 3758, "vphfpdID": "002243.e1_302@3sej_A.3"}, {"lrredund": 21.3884, "lrpepelmv": -1.0, "hphfpdID": "018500", "pdbset": null, "lrpepxh": -1.0, "finallr": 166.727, "lrpepelmh": -1.0, "template": "2ktr:BA(0.09,0.28,43/66,23,41)", "viralprotein_id": 14621, "lrsm": 7.7952, "id": 91471585, "lrpepxv": -1.0, "lrredundpairs": 0.7707, "humanprotein_id": 3463, "vphfpdID": "002243.e1_302@3sej_A.3"}, {"lrredund": 21.3884, "lrpepelmv": 137.2032, "hphfpdID": "000002", "pdbset": null, "lrpepxh": -1.0, "finallr": 2934.559, "lrpepelmh": -1.0, "template": "", "viralprotein_id": 14621, "lrsm": -1.0, "id": 91471646, "lrpepxv": -1.0, "lrredundpairs": 0.7707, "humanprotein_id": 6315, "vphfpdID": "002243@4oos_A.1"}, {"lrredund": 21.3884, "lrpepelmv": -1.0, "hphfpdID": "005354.e1664_1728", "pdbset": null, "lrpepxh": -1.0, "finallr": 230.863, "lrpepelmh": -1.0, "template": "1po2:23(0.23,0.57,59/415,41,47)", "viralprotein_id": 14621, "lrsm": 10.7938, "id": 91471985, "lrpepxv": -1.0, "lrredundpairs": -1.0, "humanprotein_id": 7033, "vphfpdID": "002243.d77_219"}, {"lrredund": 21.3884, "lrpepelmv": 9.3373, "hphfpdID": "001349.d2679_3055", "pdbset": null, "lrpepxh": -1.0, "finallr": 199.7102, "lrpepelmh": -1.0, "template": "3kvp:EB(0.59,0.49,43/67,10,0)", "viralprotein_id": 14621, "lrsm": 1.1641, "id": 91472491, "lrpepxv": -1.0, "lrredundpairs": -1.0, "humanprotein_id": 7312, "vphfpdID": "002243.e275_540@3sej_A.3"}, {"lrredund": 21.3884, "lrpepelmv": 15.8041, "hphfpdID": "016466.e85_146", "pdbset": null, "lrpepxh": -1.0, "finallr": 338.0243, "lrpepelmh": -1.0, "template": "2lk6:BA(0.53,0.51,136/154,29,33)", "viralprotein_id": 14621, "lrsm": 3.2502, "id": 91472736, "lrpepxv": -1.0, "lrredundpairs": 0.7707, "humanprotein_id": 3727, "vphfpdID": "002243.e275_540@4opo_A.2"}, {"lrredund": 20.9141, "lrpepelmv": 15.8041, "hphfpdID": "007144.d1_56", "pdbset": null, "lrpepxh": -1.0, "finallr": 330.5284, "lrpepelmh": -1.0, "template": "1na1:CB(0.24,0.50,266/1559,59,136)", "viralprotein_id": 14621, "lrsm": 9.0988, "id": 91472835, "lrpepxv": -1.0, "lrredundpairs": -1.0, "humanprotein_id": 6385, "vphfpdID": "002243@3j1p_A.9"}, {"lrredund": 1.2535, "lrpepelmv": -1.0, "hphfpdID": "000014.e204_335", "pdbset": null, "lrpepxh": -1.0, "finallr": 124.3505, "lrpepelmh": -1.0, "template": "1a6a:AB(0.07,0.02,5/274,6,5)", "viralprotein_id": 14621, "lrsm": 99.2027, "id": 91473244, "lrpepxv": -1.0, "lrredundpairs": -1.0, "humanprotein_id": 7027, "vphfpdID": "002243.e1_302@3sej_A.3"}, {"lrredund": 21.3884, "lrpepelmv": 15.8041, "hphfpdID": "016613.e557_714", "pdbset": null, "lrpepxh": -1.0, "finallr": 338.0243, "lrpepelmh": -1.0, "template": "3n84:DA(0.33,0.42,4/5,4,3)", "viralprotein_id": 14621, "lrsm": 1.5932, "id": 91473391, "lrpepxv": -1.0, "lrredundpairs": -1.0, "humanprotein_id": 5161, "vphfpdID": "002243.e1_302@2obr_A.2"}, {"lrredund": 20.9141, "lrpepelmv": -1.0, "hphfpdID": "018501", "pdbset": null, "lrpepxh": -1.0, "finallr": 163.0298, "lrpepelmh": -1.0, "template": "2ktr:BA(0.09,0.27,42/66,21,39)", "viralprotein_id": 14621, "lrsm": 7.7952, "id": 91473535, "lrpepxv": -1.0, "lrredundpairs": 0.7707, "humanprotein_id": 1286, "vphfpdID": "002243.e1_302@3sej_A.3"}, {"lrredund": 4.0064, "lrpepelmv": 15.8041, "hphfpdID": "012457.d431_643", "pdbset": null, "lrpepxh": -1.0, "finallr": 101.1073, "lrpepelmh": -1.0, "template": "3blh:AB(0.11,0.08,4/96,4,1)", "viralprotein_id": 14621, "lrsm": 25.2364, "id": 91474019, "lrpepxv": -1.0, "lrredundpairs": -1.0, "humanprotein_id": 4538, "vphfpdID": "002243.e1_302@4oos_A.4"}, {"lrredund": 1.2535, "lrpepelmv": -1.0, "hphfpdID": "000020.e204_335", "pdbset": null, "lrpepxh": -1.0, "finallr": 124.3505, "lrpepelmh": -1.0, "template": "1a6a:AB(0.07,0.03,5/274,6,5)", "viralprotein_id": 14621, "lrsm": 99.2027, "id": 91474587, "lrpepxv": -1.0, "lrredundpairs": -1.0, "humanprotein_id": 7027, "vphfpdID": "002243.e1_302@3sej_A.3"}, {"lrredund": 20.9141, "lrpepelmv": -1.0, "hphfpdID": "016729", "pdbset": null, "lrpepxh": -1.0, "finallr": 163.0298, "lrpepelmh": -1.0, "template": "2ktr:BA(0.09,0.29,42/66,21,39)", "viralprotein_id": 14621, "lrsm": 7.7952, "id": 91475425, "lrpepxv": -1.0, "lrredundpairs": 0.7707, "humanprotein_id": 6415, "vphfpdID": "002243.e1_302@3sej_A.3"}, {"lrredund": 21.3884, "lrpepelmv": -1.0, "hphfpdID": "016859.d83_144", "pdbset": null, "lrpepxh": -1.0, "finallr": 117.6084, "lrpepelmh": -1.0, "template": "2bps:BA(0.13,0.25,35/67,11,4)", "viralprotein_id": 14621, "lrsm": 5.4987, "id": 91475521, "lrpepxv": -1.0, "lrredundpairs": -1.0, "humanprotein_id": 4494, "vphfpdID": "002243.e1_302@3sej_A.3"}, {"lrredund": 21.3884, "lrpepelmv": 137.2032, "hphfpdID": "000007", "pdbset": null, "lrpepxh": -1.0, "finallr": 2934.559, "lrpepelmh": -1.0, "template": "", "viralprotein_id": 14621, "lrsm": -1.0, "id": 91475577, "lrpepxv": -1.0, "lrredundpairs": -1.0, "humanprotein_id": 6393, "vphfpdID": "002243@2obr_A.2"}, {"lrredund": 1.7092, "lrpepelmv": -1.0, "hphfpdID": "009373", "pdbset": null, "lrpepxh": -1.0, "finallr": 203.8746, "lrpepelmh": -1.0, "template": "3w58:CB(0.08,0.01,28/38,16,25)", "viralprotein_id": 14621, "lrsm": 119.2807, "id": 91475986, "lrpepxv": -1.0, "lrredundpairs": 0.7707, "humanprotein_id": 3259, "vphfpdID": "002243.e1_302@4oos_A.4"}, {"lrredund": 4.2492, "lrpepelmv": -1.0, "hphfpdID": "017334.e188_289", "pdbset": null, "lrpepxh": -1.0, "finallr": 107.2347, "lrpepelmh": -1.0, "template": "3jv6:CA(0.13,0.03,18/50,4,0)", "viralprotein_id": 14621, "lrsm": 25.2364, "id": 91476048, "lrpepxv": -1.0, "lrredundpairs": -1.0, "humanprotein_id": 6831, "vphfpdID": "002243.e1_302@4oos_A.4"}, {"lrredund": 2.3254, "lrpepelmv": 52.8828, "hphfpdID": "000906.e852_977", "pdbset": null, "lrpepxh": -1.0, "finallr": 122.9736, "lrpepelmh": -1.0, "template": "2y8l:BA(0.50,0.38,70/155,18,11)", "viralprotein_id": 14621, "lrsm": 1.5595, "id": 91476078, "lrpepxv": -1.0, "lrredundpairs": -1.0, "humanprotein_id": 2586, "vphfpdID": "002243.e275_540@3sej_A.3"}, {"lrredund": 21.3884, "lrpepelmv": -1.0, "hphfpdID": "004076.d484_623", "pdbset": null, "lrpepxh": -1.0, "finallr": 149.2837, "lrpepelmh": -1.0, "template": "1xqs:CA(0.19,0.14,36/115,22,27)", "viralprotein_id": 14621, "lrsm": 6.9797, "id": 91476617, "lrpepxv": -1.0, "lrredundpairs": -1.0, "humanprotein_id": 4894, "vphfpdID": "002243.e1_302@3sej_A.3"}, {"lrredund": 21.3884, "lrpepelmv": -1.0, "hphfpdID": "000172.d132_188", "pdbset": null, "lrpepxh": -1.0, "finallr": 163.4924, "lrpepelmh": -1.0, "template": "4cdw:CB(0.24,0.56,264/1864,48,238)", "viralprotein_id": 14621, "lrsm": 7.644, "id": 91477034, "lrpepxv": -1.0, "lrredundpairs": -1.0, "humanprotein_id": 2981, "vphfpdID": "002243.d77_219"}, {"lrredund": 21.3884, "lrpepelmv": -1.0, "hphfpdID": "009492.e120_224", "pdbset": null, "lrpepxh": -1.0, "finallr": 149.2837, "lrpepelmh": -1.0, "template": "1oau:NJ(0.17,0.20,34/97,22,29)", "viralprotein_id": 14621, "lrsm": 6.9797, "id": 91477298, "lrpepxv": -1.0, "lrredundpairs": 0.7707, "humanprotein_id": 13229, "vphfpdID": "002243.e1_302@4oos_A.4"}, {"lrredund": 2.409, "lrpepelmv": -1.0, "hphfpdID": "005406.d826_936", "pdbset": null, "lrpepxh": -1.0, "finallr": 238.9792, "lrpepelmh": -1.0, "template": "4lrm:ED(0.08,0.02,3/111,4,3)", "viralprotein_id": 14621, "lrsm": 99.2027, "id": 91477561, "lrpepxv": -1.0, "lrredundpairs": 0.7707, "humanprotein_id": 2951, "vphfpdID": "002243.e1_302@3sej_A.3"}, {"lrredund": 4.2492, "lrpepelmv": -1.0, "hphfpdID": "014800.e339_475", "pdbset": null, "lrpepxh": -1.0, "finallr": 107.2347, "lrpepelmh": -1.0, "template": "2iwg:AB(0.17,0.00,23/70,20,21)", "viralprotein_id": 14621, "lrsm": 25.2364, "id": 91478431, "lrpepxv": -1.0, "lrredundpairs": 0.7707, "humanprotein_id": 4121, "vphfpdID": "002243.e1_302@4oos_A.4"}, {"lrredund": 20.9141, "lrpepelmv": -1.0, "hphfpdID": "005158.d818_927", "pdbset": null, "lrpepxh": -1.0, "finallr": 2074.734, "lrpepelmh": -1.0, "template": "4lrm:ED(0.08,0.02,1/111,2,1)", "viralprotein_id": 14621, "lrsm": 99.2027, "id": 91478726, "lrpepxv": -1.0, "lrredundpairs": 0.7707, "humanprotein_id": 2711, "vphfpdID": "002243.e1_302@3sej_A.3"}, {"lrredund": 4.2492, "lrpepelmv": -1.0, "hphfpdID": "008086.d318_419", "pdbset": null, "lrpepxh": -1.0, "finallr": 128.9384, "lrpepelmh": -1.0, "template": "3v7a:BF(0.07,0.11,30/40,18,20)", "viralprotein_id": 14621, "lrsm": 30.3442, "id": 91478764, "lrpepxv": -1.0, "lrredundpairs": 0.7707, "humanprotein_id": 14249, "vphfpdID": "002243.e275_540@3sej_A.3"}, {"lrredund": 4.2492, "lrpepelmv": 4.5877, "hphfpdID": "001026", "pdbset": null, "lrpepxh": -1.0, "finallr": 107.2347, "lrpepelmh": -1.0, "template": "1ym7:BA(0.16,0.02,3/60,4,3)", "viralprotein_id": 14621, "lrsm": 25.2364, "id": 91478896, "lrpepxv": -1.0, "lrredundpairs": 0.7707, "humanprotein_id": 4437, "vphfpdID": "002243.e1_302@4oos_A.4"}, {"lrredund": 21.3884, "lrpepelmv": -1.0, "hphfpdID": "002626", "pdbset": null, "lrpepxh": -1.0, "finallr": 708.2626, "lrpepelmh": -1.0, "template": "3v7a:BG(0.07,0.09,32/37,9,6)", "viralprotein_id": 14621, "lrsm": 33.1143, "id": 91479078, "lrpepxv": -1.0, "lrredundpairs": 0.7707, "humanprotein_id": 2804, "vphfpdID": "002243.e275_540@3sej_A.3"}, {"lrredund": 4.2492, "lrpepelmv": -1.0, "hphfpdID": "011266.e244_350", "pdbset": null, "lrpepxh": -1.0, "finallr": 107.2347, "lrpepelmh": -1.0, "template": "3jv6:CA(0.13,0.03,18/50,5,3)", "viralprotein_id": 14621, "lrsm": 25.2364, "id": 91479133, "lrpepxv": -1.0, "lrredundpairs": -1.0, "humanprotein_id": 4137, "vphfpdID": "002243.e1_302@4oos_A.4"}, {"lrredund": 21.3884, "lrpepelmv": 4.1867, "hphfpdID": "001509.e1_53", "pdbset": null, "lrpepxh": -1.0, "finallr": 128.3451, "lrpepelmh": -1.0, "template": "2idh:CA(0.23,0.06,26/27,10,3)", "viralprotein_id": 14621, "lrsm": 6.0007, "id": 91479738, "lrpepxv": -1.0, "lrredundpairs": 0.7707, "humanprotein_id": 2598, "vphfpdID": "002243.e275_540@4oos_A.1"}, {"lrredund": 19.2898, "lrpepelmv": 15.8041, "hphfpdID": "016615.e320_574", "pdbset": null, "lrpepxh": -1.0, "finallr": 304.8578, "lrpepelmh": -1.0, "template": "1qun:GA(0.58,0.50,55/65,24,17)", "viralprotein_id": 14621, "lrsm": 2.5395, "id": 91479776, "lrpepxv": -1.0, "lrredundpairs": -1.0, "humanprotein_id": 5095, "vphfpdID": "002243@4ejr_A.8"}, {"lrredund": 21.3884, "lrpepelmv": 11.4911, "hphfpdID": "001060.e180_274", "pdbset": null, "lrpepxh": -1.0, "finallr": 245.7766, "lrpepelmh": -1.0, "template": "2lk6:BA(0.57,0.33,123/154,23,11)", "viralprotein_id": 14621, "lrsm": 2.6731, "id": 91479865, "lrpepxv": -1.0, "lrredundpairs": -1.0, "humanprotein_id": 17652, "vphfpdID": "002243.e275_540@4oos_A.1"}, {"lrredund": 21.3884, "lrpepelmv": -1.0, "hphfpdID": "003962.d92_178", "pdbset": null, "lrpepxh": -1.0, "finallr": 146.3215, "lrpepelmh": -1.0, "template": "1v9u:32(0.23,0.37,75/414,42,55)", "viralprotein_id": 14621, "lrsm": 6.8412, "id": 91480317, "lrpepxv": -1.0, "lrredundpairs": 0.7707, "humanprotein_id": 6447, "vphfpdID": "002243.d77_219"}, {"lrredund": 2.3254, "lrpepelmv": 137.2032, "hphfpdID": "000005", "pdbset": null, "lrpepxh": -1.0, "finallr": 319.0525, "lrpepelmh": -1.0, "template": "", "viralprotein_id": 14621, "lrsm": -1.0, "id": 91480464, "lrpepxv": -1.0, "lrredundpairs": -1.0, "humanprotein_id": 4794, "vphfpdID": "002243@4ejr_A.8"}, {"lrredund": 4.2492, "lrpepelmv": 137.2032, "hphfpdID": "000001", "pdbset": null, "lrpepxh": -1.0, "finallr": 583.0042, "lrpepelmh": -1.0, "template": "", "viralprotein_id": 14621, "lrsm": -1.0, "id": 91480781, "lrpepxv": -1.0, "lrredundpairs": -1.0, "humanprotein_id": 4793, "vphfpdID": "002243@4ejr_A.8"}, {"lrredund": 21.3884, "lrpepelmv": -1.0, "hphfpdID": "008850.e118_222", "pdbset": null, "lrpepxh": -1.0, "finallr": 149.2837, "lrpepelmh": -1.0, "template": "1a6w:LH(0.16,0.23,37/103,21,28)", "viralprotein_id": 14621, "lrsm": 6.9797, "id": 91480971, "lrpepxv": -1.0, "lrredundpairs": -1.0, "humanprotein_id": 7761, "vphfpdID": "002243.e1_302@4oos_A.4"}, {"lrredund": 1.2535, "lrpepelmv": -1.0, "hphfpdID": "018236.d124_217", "pdbset": null, "lrpepxh": -1.0, "finallr": 149.5184, "lrpepelmh": -1.0, "template": "2es3:AB(0.09,0.01,27/56,16,21)", "viralprotein_id": 14621, "lrsm": 119.2807, "id": 91480988, "lrpepxv": -1.0, "lrredundpairs": 0.7707, "humanprotein_id": 3151, "vphfpdID": "002243.e1_302@4oos_A.4"}, {"lrredund": 1.2535, "lrpepelmv": -1.0, "hphfpdID": "013747", "pdbset": null, "lrpepxh": -1.0, "finallr": 124.3505, "lrpepelmh": -1.0, "template": "3une:ZN(0.08,0.01,1/205,2,1)", "viralprotein_id": 14621, "lrsm": 99.2027, "id": 91481757, "lrpepxv": -1.0, "lrredundpairs": -1.0, "humanprotein_id": 4548, "vphfpdID": "002243.e1_302@4oos_A.4"}, {"lrredund": -1.0, "lrpepelmv": -1.0, "hphfpdID": "010861", "pdbset": null, "lrpepxh": -1.0, "finallr": 113.0937, "lrpepelmh": -1.0, "template": "1wdc:AB(0.11,0.05,88/164,42,46)", "viralprotein_id": 14616, "lrsm": 113.0937, "id": 28638674, "lrpepxv": -1.0, "lrredundpairs": -1.0, "humanprotein_id": 4421, "vphfpdID": "002187.g1_159@2b43_A.3"}, {"lrredund": -1.0, "lrpepelmv": 201.9336, "hphfpdID": "000002", "pdbset": null, "lrpepxh": -1.0, "finallr": 201.9336, "lrpepelmh": -1.0, "template": "3qw1:AD(0.44,0.54,52/64,22,9)", "viralprotein_id": 14616, "lrsm": 2.6756, "id": 28638698, "lrpepxv": -1.0, "lrredundpairs": -1.0, "humanprotein_id": 6315, "vphfpdID": "002187.g419_510@2b43_A.1"}, {"lrredund": -1.0, "lrpepelmv": 201.9336, "hphfpdID": "000005", "pdbset": null, "lrpepxh": -1.0, "finallr": 201.9336, "lrpepelmh": -1.0, "template": "2qzg:DC(0.58,0.34,25/34,5,0)", "viralprotein_id": 14616, "lrsm": 1.2265, "id": 28638845, "lrpepxv": -1.0, "lrredundpairs": -1.0, "humanprotein_id": 4794, "vphfpdID": "002187.g1_159@3h5y_A.2"}, {"lrredund": -1.0, "lrpepelmv": 201.9336, "hphfpdID": "000007", "pdbset": null, "lrpepxh": -1.0, "finallr": 201.9336, "lrpepelmh": -1.0, "template": "4a5x:AB(0.46,0.45,40/43,25,23)", "viralprotein_id": 14616, "lrsm": 2.6756, "id": 28640091, "lrpepxv": -1.0, "lrredundpairs": -1.0, "humanprotein_id": 6393, "vphfpdID": "002187.g419_510@1sh3_A.3"}, {"lrredund": -1.0, "lrpepelmv": 201.9336, "hphfpdID": "000001", "pdbset": null, "lrpepxh": -1.0, "finallr": 201.9336, "lrpepelmh": -1.0, "template": "4a5x:AB(0.55,0.46,37/43,24,24)", "viralprotein_id": 14616, "lrsm": 2.5395, "id": 28640208, "lrpepxv": -1.0, "lrredundpairs": -1.0, "humanprotein_id": 4793, "vphfpdID": "002187.g419_510@3h5y_A.2"}, {"lrredund": -1.0, "lrpepelmv": -1.0, "hphfpdID": "010427.e77_171", "pdbset": null, "lrpepxh": -1.0, "finallr": 113.0937, "lrpepelmh": -1.0, "template": "1wdc:AB(0.11,0.07,88/164,44,46)", "viralprotein_id": 14616, "lrsm": 113.0937, "id": 28640648, "lrpepxv": -1.0, "lrredundpairs": -1.0, "humanprotein_id": 4102, "vphfpdID": "002187.g1_159@2b43_A.3"}, {"lrredund": -1.0, "lrpepelmv": 201.9336, "hphfpdID": "000003", "pdbset": null, "lrpepxh": -1.0, "finallr": 201.9336, "lrpepelmh": -1.0, "template": "4hwh:EA(0.48,0.45,39/42,21,20)", "viralprotein_id": 14616, "lrsm": 2.6756, "id": 28643726, "lrpepxv": -1.0, "lrredundpairs": -1.0, "humanprotein_id": 6857, "vphfpdID": "002187.g419_510@2b43_A.1"}, {"lrredund": -1.0, "lrpepelmv": 201.9336, "hphfpdID": "000004", "pdbset": null, "lrpepxh": -1.0, "finallr": 201.9336, "lrpepelmh": -1.0, "template": "2rld:CD(0.49,0.47,44/51,22,23)", "viralprotein_id": 14616, "lrsm": 2.6756, "id": 28645083, "lrpepxv": -1.0, "lrredundpairs": -1.0, "humanprotein_id": 6298, "vphfpdID": "002187.g419_510@1sh3_A.3"}, {"lrredund": -1.0, "lrpepelmv": 201.9336, "hphfpdID": "000006", "pdbset": null, "lrpepxh": -1.0, "finallr": 201.9336, "lrpepelmh": -1.0, "template": "2rld:CD(0.49,0.46,44/51,22,24)", "viralprotein_id": 14616, "lrsm": 2.6756, "id": 28648730, "lrpepxv": -1.0, "lrredundpairs": -1.0, "humanprotein_id": 4514, "vphfpdID": "002187.g419_510@1sh3_A.3"}, {"lrredund": -1.0, "lrpepelmv": -1.0, "hphfpdID": "010428.e78_172", "pdbset": null, "lrpepxh": -1.0, "finallr": 113.0937, "lrpepelmh": -1.0, "template": "1wdc:AB(0.11,0.07,88/164,44,46)", "viralprotein_id": 14616, "lrsm": 113.0937, "id": 28650272, "lrpepxv": -1.0, "lrredundpairs": -1.0, "humanprotein_id": 1193, "vphfpdID": "002187.g1_159@2b43_A.3"}]