[{"lrredund": 15.8699, "lrpepelmv": -1.0, "hphfpdID": "017281.d221_760", "pdbset": null, "lrpepxh": -1.0, "finallr": 1348.503, "lrpepelmh": -1.0, "template": "1s3s:CD(0.34,0.02,60/147,45,48)", "viralprotein_id": 14754, "lrsm": 84.9724, "id": 73128188, "lrpepxv": -1.0, "lrredundpairs": 0.7707, "humanprotein_id": 5906, "vphfpdID": "002125@5e7p_A.4"}, {"lrredund": 19.2898, "lrpepelmv": 72.805, "hphfpdID": "000007", "pdbset": null, "lrpepxh": -1.0, "finallr": 1404.393, "lrpepelmh": -1.0, "template": "", "viralprotein_id": 14754, "lrsm": -1.0, "id": 73128605, "lrpepxv": -1.0, "lrredundpairs": -1.0, "humanprotein_id": 6393, "vphfpdID": "002125@1ojl_A.1"}, {"lrredund": 4.2492, "lrpepelmv": -1.0, "hphfpdID": "002895.d432_614", "pdbset": null, "lrpepxh": -1.0, "finallr": 144.6041, "lrpepelmh": -1.0, "template": "2pzf:BA(0.54,0.03,59/99,41,47)", "viralprotein_id": 14754, "lrsm": 34.0309, "id": 73129395, "lrpepxv": -1.0, "lrredundpairs": -1.0, "humanprotein_id": 3753, "vphfpdID": "002125@5e7p_A.4"}, {"lrredund": 19.2898, "lrpepelmv": 14.9984, "hphfpdID": "007144.e56_156", "pdbset": null, "lrpepxh": -1.0, "finallr": 289.3153, "lrpepelmh": -1.0, "template": "3ej9:BE(0.57,0.58,47/111,24,30)", "viralprotein_id": 14754, "lrsm": 1.6503, "id": 73132429, "lrpepxv": -1.0, "lrredundpairs": -1.0, "humanprotein_id": 6385, "vphfpdID": "002125@5exx_A.3"}, {"lrredund": 4.2492, "lrpepelmv": -1.0, "hphfpdID": "008899", "pdbset": null, "lrpepxh": -1.0, "finallr": 149.4305, "lrpepelmh": -1.0, "template": "2qqe:BA(0.47,0.10,207/241,79,109)", "viralprotein_id": 14754, "lrsm": 35.1668, "id": 73133450, "lrpepxv": -1.0, "lrredundpairs": -1.0, "humanprotein_id": 2925, "vphfpdID": "002125@5exx_A.3"}, {"lrredund": 21.3884, "lrpepelmv": 14.0867, "hphfpdID": "016613.e122_316", "pdbset": null, "lrpepxh": -1.0, "finallr": 301.2919, "lrpepelmh": -1.0, "template": "1bmf:AG(0.58,0.56,1/50,2,1)", "viralprotein_id": 14754, "lrsm": 0.9682, "id": 73135115, "lrpepxv": -1.0, "lrredundpairs": -1.0, "humanprotein_id": 5161, "vphfpdID": "002125@5e7p_A.4"}, {"lrredund": 21.3884, "lrpepelmv": 14.9984, "hphfpdID": "016466", "pdbset": null, "lrpepxh": -1.0, "finallr": 320.7909, "lrpepelmh": -1.0, "template": "", "viralprotein_id": 14754, "lrsm": -1.0, "id": 73135169, "lrpepxv": -1.0, "lrredundpairs": 1.373, "humanprotein_id": 3727, "vphfpdID": "002125@5e7p_A.4"}, {"lrredund": 15.8699, "lrpepelmv": -1.0, "hphfpdID": "009031", "pdbset": null, "lrpepxh": -1.0, "finallr": 108.5685, "lrpepelmh": -1.0, "template": "1f3w:FH(0.59,0.01,99/302,48,61)", "viralprotein_id": 14754, "lrsm": 6.8412, "id": 73135910, "lrpepxv": -1.0, "lrredundpairs": -1.0, "humanprotein_id": 3826, "vphfpdID": "002125.d161_263@4gdf_A.2"}, {"lrredund": 4.2492, "lrpepelmv": 72.805, "hphfpdID": "000004", "pdbset": null, "lrpepxh": -1.0, "finallr": 309.3629, "lrpepelmh": -1.0, "template": "", "viralprotein_id": 14754, "lrsm": -1.0, "id": 73136044, "lrpepxv": -1.0, "lrredundpairs": -1.0, "humanprotein_id": 6298, "vphfpdID": "002125@5exx_A.3"}, {"lrredund": 3.5815, "lrpepelmv": 72.805, "hphfpdID": "000001", "pdbset": null, "lrpepxh": -1.0, "finallr": 260.751, "lrpepelmh": -1.0, "template": "", "viralprotein_id": 14754, "lrsm": -1.0, "id": 73136817, "lrpepxv": -1.0, "lrredundpairs": -1.0, "humanprotein_id": 4793, "vphfpdID": "002125@5ep0_A.2"}, {"lrredund": 21.3884, "lrpepelmv": 9.677, "hphfpdID": "001751.e1_73", "pdbset": null, "lrpepxh": -1.0, "finallr": 206.9754, "lrpepelmh": -1.0, "template": "2orv:BA(0.36,0.12,49/214,22,21)", "viralprotein_id": 14754, "lrsm": 2.7953, "id": 73137520, "lrpepxv": -1.0, "lrredundpairs": -1.0, "humanprotein_id": 5041, "vphfpdID": "002125@5e7p_A.4"}, {"lrredund": 2.0764, "lrpepelmv": 72.805, "hphfpdID": "000003", "pdbset": null, "lrpepxh": -1.0, "finallr": 151.1722, "lrpepelmh": -1.0, "template": "", "viralprotein_id": 14754, "lrsm": -1.0, "id": 73137919, "lrpepxv": -1.0, "lrredundpairs": -1.0, "humanprotein_id": 6857, "vphfpdID": "002125@1ojl_A.1"}, {"lrredund": 21.3884, "lrpepelmv": 72.805, "hphfpdID": "000006", "pdbset": null, "lrpepxh": -1.0, "finallr": 1557.181, "lrpepelmh": -1.0, "template": "", "viralprotein_id": 14754, "lrsm": -1.0, "id": 73138798, "lrpepxv": -1.0, "lrredundpairs": 1.1877, "humanprotein_id": 4514, "vphfpdID": "002125@5e7p_A.4"}, {"lrredund": 21.3884, "lrpepelmv": 72.805, "hphfpdID": "000002", "pdbset": null, "lrpepxh": -1.0, "finallr": 1557.181, "lrpepelmh": -1.0, "template": "", "viralprotein_id": 14754, "lrsm": -1.0, "id": 73139075, "lrpepxv": -1.0, "lrredundpairs": 1.1877, "humanprotein_id": 6315, "vphfpdID": "002125@5e7p_A.4"}, {"lrredund": 19.2898, "lrpepelmv": 15.8041, "hphfpdID": "016613.e316_567", "pdbset": null, "lrpepxh": -1.0, "finallr": 304.8578, "lrpepelmh": -1.0, "template": "2j5l:AB(0.56,0.60,22/26,7,4)", "viralprotein_id": 14757, "lrsm": 1.2704, "id": 64198362, "lrpepxv": 3.66, "lrredundpairs": -1.0, "humanprotein_id": 5161, "vphfpdID": "002129@5e0j_A.4"}, {"lrredund": 19.2898, "lrpepelmv": 72.805, "hphfpdID": "000006", "pdbset": null, "lrpepxh": -1.0, "finallr": 1404.393, "lrpepelmh": -1.0, "template": "", "viralprotein_id": 14757, "lrsm": -1.0, "id": 64198793, "lrpepxv": -1.0, "lrredundpairs": -1.0, "humanprotein_id": 4514, "vphfpdID": "002129@5e0j_A.4"}, {"lrredund": 20.9141, "lrpepelmv": 15.8041, "hphfpdID": "007144.d1_56", "pdbset": null, "lrpepxh": -1.0, "finallr": 330.5284, "lrpepelmh": -1.0, "template": "1csk:AB(0.34,0.04,21/42,16,17)", "viralprotein_id": 14757, "lrsm": 5.4987, "id": 64199073, "lrpepxv": -1.0, "lrredundpairs": -1.0, "humanprotein_id": 6385, "vphfpdID": "002129@5e0j_A.4"}, {"lrredund": 21.3884, "lrpepelmv": 15.8041, "hphfpdID": "016615.d554_715", "pdbset": null, "lrpepxh": -1.0, "finallr": 338.0243, "lrpepelmh": -1.0, "template": "2k7i:BA(0.49,0.60,93/324,16,0)", "viralprotein_id": 14757, "lrsm": 1.5396, "id": 64199186, "lrpepxv": 3.66, "lrredundpairs": -1.0, "humanprotein_id": 5095, "vphfpdID": "002129@2fyr_A.2"}, {"lrredund": 21.3884, "lrpepelmv": -1.0, "hphfpdID": "017046.d495_669", "pdbset": null, "lrpepxh": -1.0, "finallr": 140.3079, "lrpepelmh": -1.0, "template": "1h8e:AD(0.30,0.49,1/210,0,0)", "viralprotein_id": 14757, "lrsm": 1.2142, "id": 64200932, "lrpepxv": 6.56, "lrredundpairs": -1.0, "humanprotein_id": 6818, "vphfpdID": "002129@1wqs_A.8"}, {"lrredund": 20.9141, "lrpepelmv": -1.0, "hphfpdID": "012444.e95_323", "pdbset": null, "lrpepxh": -1.0, "finallr": 113.5635, "lrpepelmh": -1.0, "template": "2xtt:BA(0.51,0.39,101/148,10,7)", "viralprotein_id": 14757, "lrsm": 1.5595, "id": 64202137, "lrpepxv": 5.43, "lrredundpairs": -1.0, "humanprotein_id": 2955, "vphfpdID": "002129@4xbb_A.5"}, {"lrredund": 21.3884, "lrpepelmv": -1.0, "hphfpdID": "009492.e319_419", "pdbset": null, "lrpepxh": -1.0, "finallr": 102.3562, "lrpepelmh": -1.0, "template": "2f91:AB(0.57,0.40,121/171,16,2)", "viralprotein_id": 14757, "lrsm": 4.7856, "id": 64202566, "lrpepxv": 3.66, "lrredundpairs": -1.0, "humanprotein_id": 13229, "vphfpdID": "002129@1wqs_A.8"}, {"lrredund": 21.3884, "lrpepelmv": -1.0, "hphfpdID": "016448", "pdbset": null, "lrpepxh": -1.0, "finallr": 116.139, "lrpepelmh": -1.0, "template": "2lk5:BA(0.55,0.56,122/132,20,20)", "viralprotein_id": 14757, "lrsm": 4.7738, "id": 64202627, "lrpepxv": 5.43, "lrredundpairs": -1.0, "humanprotein_id": 7393, "vphfpdID": "002129@2fyr_A.2"}, {"lrredund": 21.3884, "lrpepelmv": 72.805, "hphfpdID": "000002", "pdbset": null, "lrpepxh": -1.0, "finallr": 1557.181, "lrpepelmh": -1.0, "template": "", "viralprotein_id": 14757, "lrsm": -1.0, "id": 64205158, "lrpepxv": 2.59, "lrredundpairs": -1.0, "humanprotein_id": 6315, "vphfpdID": "002129@2fyr_A.2"}, {"lrredund": 4.2492, "lrpepelmv": -1.0, "hphfpdID": "002085.d175_252", "pdbset": null, "lrpepxh": -1.0, "finallr": 107.2347, "lrpepelmh": -1.0, "template": "1wqs:AD(0.00,0.14,7/107,8,7)", "viralprotein_id": 14757, "lrsm": 25.2364, "id": 64206788, "lrpepxv": -1.0, "lrredundpairs": -1.0, "humanprotein_id": 4532, "vphfpdID": "002129@1wqs_A.8"}, {"lrredund": 21.3884, "lrpepelmv": -1.0, "hphfpdID": "007726.d35_188", "pdbset": null, "lrpepxh": -1.0, "finallr": 116.139, "lrpepelmh": -1.0, "template": "1xxc:AB(0.58,0.51,62/67,4,0)", "viralprotein_id": 14757, "lrsm": 1.9487, "id": 64207444, "lrpepxv": 5.43, "lrredundpairs": -1.0, "humanprotein_id": 3176, "vphfpdID": "002129@4in1_A.7"}, {"lrredund": 2.3254, "lrpepelmv": 72.805, "hphfpdID": "000005", "pdbset": null, "lrpepxh": -1.0, "finallr": 169.3006, "lrpepelmh": -1.0, "template": "", "viralprotein_id": 14757, "lrsm": -1.0, "id": 64208338, "lrpepxv": 2.59, "lrredundpairs": -1.0, "humanprotein_id": 4794, "vphfpdID": "002129@5e0j_A.4"}, {"lrredund": 4.2492, "lrpepelmv": -1.0, "hphfpdID": "018016.e376_501", "pdbset": null, "lrpepxh": -1.0, "finallr": 178.2539, "lrpepelmh": -1.0, "template": "2xtt:BA(0.51,0.28,91/148,13,6)", "viralprotein_id": 14757, "lrsm": 1.8563, "id": 64209105, "lrpepxv": 41.95, "lrredundpairs": -1.0, "humanprotein_id": 7171, "vphfpdID": "002129@4xbb_A.5"}, {"lrredund": 21.3884, "lrpepelmv": 15.8041, "hphfpdID": "016466", "pdbset": null, "lrpepxh": -1.0, "finallr": 338.0243, "lrpepelmh": -1.0, "template": "", "viralprotein_id": 14757, "lrsm": -1.0, "id": 64209594, "lrpepxv": -1.0, "lrredundpairs": -1.0, "humanprotein_id": 3727, "vphfpdID": "002129@2iph_A.1"}, {"lrredund": 20.9141, "lrpepelmv": -1.0, "hphfpdID": "005354.e1664_1728", "pdbset": null, "lrpepxh": -1.0, "finallr": 137.1964, "lrpepelmh": -1.0, "template": "1wqs:CB(0.12,0.42,53/127,25,34)", "viralprotein_id": 14757, "lrsm": 3.1219, "id": 64210278, "lrpepxv": 6.56, "lrredundpairs": -1.0, "humanprotein_id": 7033, "vphfpdID": "002129@4in2_A.6"}, {"lrredund": 4.2492, "lrpepelmv": 72.805, "hphfpdID": "000004", "pdbset": null, "lrpepxh": -1.0, "finallr": 309.3629, "lrpepelmh": -1.0, "template": "1nu7:BD(0.52,0.56,1/153,1,0)", "viralprotein_id": 14757, "lrsm": 0.9682, "id": 64211009, "lrpepxv": 2.59, "lrredundpairs": -1.0, "humanprotein_id": 6298, "vphfpdID": "002129@4imq_A.3"}, {"lrredund": 20.9141, "lrpepelmv": -1.0, "hphfpdID": "000172.e295_362", "pdbset": null, "lrpepxh": -1.0, "finallr": 113.5635, "lrpepelmh": -1.0, "template": "3uir:AC(0.48,0.29,74/90,19,6)", "viralprotein_id": 14757, "lrsm": 2.4439, "id": 64211163, "lrpepxv": 5.43, "lrredundpairs": -1.0, "humanprotein_id": 2981, "vphfpdID": "002129@2fyr_A.2"}, {"lrredund": 20.9141, "lrpepelmv": 72.805, "hphfpdID": "000007", "pdbset": null, "lrpepxh": -1.0, "finallr": 1522.65, "lrpepelmh": -1.0, "template": "", "viralprotein_id": 14757, "lrsm": -1.0, "id": 64211938, "lrpepxv": -1.0, "lrredundpairs": -1.0, "humanprotein_id": 6393, "vphfpdID": "002129@4in2_A.6"}, {"lrredund": 21.3884, "lrpepelmv": 9.677, "hphfpdID": "001751.e1650_1757", "pdbset": null, "lrpepxh": -1.0, "finallr": 208.5369, "lrpepelmh": -1.0, "template": "", "viralprotein_id": 14757, "lrsm": -1.0, "id": 64212370, "lrpepxv": 9.75, "lrredundpairs": -1.0, "humanprotein_id": 5041, "vphfpdID": "002129@4in1_A.7"}, {"lrredund": 15.8699, "lrpepelmv": 6.3442, "hphfpdID": "001349.d2715_2964", "pdbset": null, "lrpepxh": -1.0, "finallr": 100.682, "lrpepelmh": -1.0, "template": "1gl1:AI(0.58,0.55,53/93,7,0)", "viralprotein_id": 14757, "lrsm": 1.1641, "id": 64212830, "lrpepxv": 3.66, "lrredundpairs": -1.0, "humanprotein_id": 7312, "vphfpdID": "002129@5e0j_A.4"}, {"lrredund": 20.9141, "lrpepelmv": -1.0, "hphfpdID": "007725.d40_193", "pdbset": null, "lrpepxh": -1.0, "finallr": 1303.157, "lrpepelmh": -1.0, "template": "1xxc:AB(0.55,0.43,62/67,2,0)", "viralprotein_id": 14757, "lrsm": 2.0531, "id": 64213211, "lrpepxv": 62.31, "lrredundpairs": -1.0, "humanprotein_id": 3138, "vphfpdID": "002129@5e0j_A.4"}, {"lrredund": 19.2898, "lrpepelmv": -1.0, "hphfpdID": "017281.e1_108", "pdbset": null, "lrpepxh": -1.0, "finallr": 126.541, "lrpepelmh": -1.0, "template": "4sgb:EI(0.43,0.57,72/90,24,20)", "viralprotein_id": 14757, "lrsm": 1.7316, "id": 64213582, "lrpepxv": 6.56, "lrredundpairs": -1.0, "humanprotein_id": 5906, "vphfpdID": "002129@4imq_A.3"}, {"lrredund": 2.409, "lrpepelmv": 72.805, "hphfpdID": "000003", "pdbset": null, "lrpepxh": -1.0, "finallr": 175.3871, "lrpepelmh": -1.0, "template": "3ccs:SV(0.59,0.54,14/34,5,0)", "viralprotein_id": 14757, "lrsm": 1.1641, "id": 64214008, "lrpepxv": 2.59, "lrredundpairs": -1.0, "humanprotein_id": 6857, "vphfpdID": "002129@1wqs_A.8"}, {"lrredund": 3.8142, "lrpepelmv": 15.8041, "hphfpdID": "000278.e62_122", "pdbset": null, "lrpepxh": -1.0, "finallr": 237.6628, "lrpepelmh": -1.0, "template": "4ag2:BD(0.56,0.04,51/103,25,26)", "viralprotein_id": 14757, "lrsm": 3.1219, "id": 64215480, "lrpepxv": 62.31, "lrredundpairs": -1.0, "humanprotein_id": 2710, "vphfpdID": "002129@5e0j_A.4"}, {"lrredund": 4.2492, "lrpepelmv": 72.805, "hphfpdID": "000001", "pdbset": null, "lrpepxh": -1.0, "finallr": 309.3629, "lrpepelmh": -1.0, "template": "", "viralprotein_id": 14757, "lrsm": -1.0, "id": 64215502, "lrpepxv": -1.0, "lrredundpairs": -1.0, "humanprotein_id": 4793, "vphfpdID": "002129@2fyr_A.2"}, {"lrredund": 20.9141, "lrpepelmv": 14.0867, "hphfpdID": "016613.e557_714", "pdbset": null, "lrpepxh": -1.0, "finallr": 294.6106, "lrpepelmh": -1.0, "template": "3hsh:EB(0.60,0.44,121/204,35,50)", "viralprotein_id": 14758, "lrsm": 2.5372, "id": 70960660, "lrpepxv": -1.0, "lrredundpairs": -1.0, "humanprotein_id": 5161, "vphfpdID": "002319@4dot_A.1"}, {"lrredund": 1.7951, "lrpepelmv": 0.0, "hphfpdID": "005999.e835_927", "pdbset": null, "lrpepxh": -1.0, "finallr": 111.8526, "lrpepelmh": -1.0, "template": "3nik:DA(0.47,0.12,19/53,10,10)", "viralprotein_id": 14758, "lrsm": 1.8315, "id": 70961209, "lrpepxv": 62.31, "lrredundpairs": -1.0, "humanprotein_id": 11443, "vphfpdID": "002319.d116_330@4dot_A.2"}, {"lrredund": 3.7695, "lrpepelmv": -1.0, "hphfpdID": "005292.d1_108", "pdbset": null, "lrpepxh": -1.0, "finallr": 234.8775, "lrpepelmh": -1.0, "template": "3kvp:FB(0.45,0.22,57/67,22,17)", "viralprotein_id": 14758, "lrsm": 3.1848, "id": 70961418, "lrpepxv": 62.31, "lrredundpairs": -1.0, "humanprotein_id": 12504, "vphfpdID": "002319.d116_330@2lkt_A.1"}, {"lrredund": 1.7951, "lrpepelmv": -1.0, "hphfpdID": "019328", "pdbset": null, "lrpepxh": -1.0, "finallr": 111.8526, "lrpepelmh": -1.0, "template": "2awn:BD(0.54,0.56,3/7,4,3)", "viralprotein_id": 14758, "lrsm": 1.1641, "id": 70962076, "lrpepxv": 62.31, "lrredundpairs": -1.0, "humanprotein_id": 5510, "vphfpdID": "002319.d116_330@2lkt_A.1"}, {"lrredund": 20.9141, "lrpepelmv": -1.0, "hphfpdID": "001154.e176_349", "pdbset": null, "lrpepxh": -1.0, "finallr": 113.5635, "lrpepelmh": -1.0, "template": "2k7i:BA(0.43,0.24,64/324,15,10)", "viralprotein_id": 14758, "lrsm": 1.9308, "id": 70962186, "lrpepxv": 5.43, "lrredundpairs": -1.0, "humanprotein_id": 4803, "vphfpdID": "002319.d116_330@4dpz_X.3"}, {"lrredund": 20.9141, "lrpepelmv": -1.0, "hphfpdID": "010507.e200_298", "pdbset": null, "lrpepxh": -1.0, "finallr": 115.0004, "lrpepelmh": -1.0, "template": "4e86:LH(0.21,0.18,4/7,2,0)", "viralprotein_id": 14758, "lrsm": 5.4987, "id": 70962371, "lrpepxv": -1.0, "lrredundpairs": 1.373, "humanprotein_id": 4475, "vphfpdID": "002319@4dpz_X.4"}, {"lrredund": 20.9141, "lrpepelmv": -1.0, "hphfpdID": "004076", "pdbset": null, "lrpepxh": -1.0, "finallr": 113.7978, "lrpepelmh": -1.0, "template": "1i7x:DC(0.59,0.08,99/230,41,40)", "viralprotein_id": 14758, "lrsm": 5.4412, "id": 70962585, "lrpepxv": -1.0, "lrredundpairs": -1.0, "humanprotein_id": 4894, "vphfpdID": "002319.d116_330@4q95_A.4"}, {"lrredund": 1.7951, "lrpepelmv": -1.0, "hphfpdID": "014184.d456_528", "pdbset": null, "lrpepxh": -1.0, "finallr": 111.8526, "lrpepelmh": -1.0, "template": "2znz:GH(0.51,0.26,92/365,49,72)", "viralprotein_id": 14758, "lrsm": 4.5353, "id": 70963059, "lrpepxv": 62.31, "lrredundpairs": -1.0, "humanprotein_id": 15473, "vphfpdID": "002319.d116_330@4dot_A.2"}, {"lrredund": 20.9141, "lrpepelmv": -1.0, "hphfpdID": "005567.d200_296", "pdbset": null, "lrpepxh": -1.0, "finallr": 113.5635, "lrpepelmh": -1.0, "template": "3kvp:EB(0.60,0.19,56/67,22,15)", "viralprotein_id": 14758, "lrsm": 3.1848, "id": 70963854, "lrpepxv": 5.43, "lrredundpairs": 1.1877, "humanprotein_id": 3874, "vphfpdID": "002319@4dot_A.1"}, {"lrredund": 20.9141, "lrpepelmv": 14.0867, "hphfpdID": "016615.d554_715", "pdbset": null, "lrpepxh": -1.0, "finallr": 294.6106, "lrpepelmh": -1.0, "template": "2k7i:BA(0.46,0.60,141/324,34,48)", "viralprotein_id": 14758, "lrsm": 2.5372, "id": 70964285, "lrpepxv": -1.0, "lrredundpairs": -1.0, "humanprotein_id": 5095, "vphfpdID": "002319.d116_330@2lkt_A.1"}, {"lrredund": 20.9141, "lrpepelmv": -1.0, "hphfpdID": "012444.e95_323", "pdbset": null, "lrpepxh": -1.0, "finallr": 113.5635, "lrpepelmh": -1.0, "template": "3aqd:RQ(0.43,0.57,75/92,11,6)", "viralprotein_id": 14758, "lrsm": 2.0531, "id": 70965662, "lrpepxv": 5.43, "lrredundpairs": 1.1877, "humanprotein_id": 2955, "vphfpdID": "002319.d116_330@4dpz_X.3"}, {"lrredund": 2.3588, "lrpepelmv": -1.0, "hphfpdID": "015071", "pdbset": null, "lrpepxh": -1.0, "finallr": 108.4487, "lrpepelmh": -1.0, "template": "3s6n:GE(0.36,0.02,87/104,44,76)", "viralprotein_id": 14758, "lrsm": 45.9762, "id": 70966350, "lrpepxv": -1.0, "lrredundpairs": 2.3588, "humanprotein_id": 6322, "vphfpdID": "002319.d116_330@4dpz_X.3"}, {"lrredund": 20.9141, "lrpepelmv": -1.0, "hphfpdID": "005209", "pdbset": null, "lrpepxh": -1.0, "finallr": 100.0864, "lrpepelmh": -1.0, "template": "2lk6:BA(0.38,0.59,123/154,20,18)", "viralprotein_id": 14758, "lrsm": 4.7856, "id": 70966463, "lrpepxv": -1.0, "lrredundpairs": 1.774, "humanprotein_id": 8007, "vphfpdID": "002319@4q95_A.3"}, {"lrredund": 20.9141, "lrpepelmv": 9.677, "hphfpdID": "001751.e1_73", "pdbset": null, "lrpepxh": -1.0, "finallr": 202.3856, "lrpepelmh": -1.0, "template": "2k7i:BA(0.46,0.58,131/324,33,36)", "viralprotein_id": 14758, "lrsm": 2.5372, "id": 70967688, "lrpepxv": -1.0, "lrredundpairs": 0.7707, "humanprotein_id": 5041, "vphfpdID": "002319.d116_330@2lkt_A.1"}, {"lrredund": 20.9141, "lrpepelmv": 9.4001, "hphfpdID": "001509.e1_53", "pdbset": null, "lrpepxh": -1.0, "finallr": 250.8713, "lrpepelmh": -1.0, "template": "2idh:BA(0.27,0.06,42/45,21,31)", "viralprotein_id": 14758, "lrsm": 11.9953, "id": 70968721, "lrpepxv": -1.0, "lrredundpairs": 20.9141, "humanprotein_id": 2598, "vphfpdID": "002319.d116_330@4q95_A.4"}, {"lrredund": 3.7695, "lrpepelmv": -1.0, "hphfpdID": "004626", "pdbset": null, "lrpepxh": -1.0, "finallr": 234.8775, "lrpepelmh": -1.0, "template": "", "viralprotein_id": 14758, "lrsm": -1.0, "id": 70969501, "lrpepxv": 62.31, "lrredundpairs": -1.0, "humanprotein_id": 1798, "vphfpdID": "002319@4dot_A.1"}, {"lrredund": 21.3884, "lrpepelmv": -1.0, "hphfpdID": "013899.d444_603", "pdbset": null, "lrpepxh": -1.0, "finallr": 116.139, "lrpepelmh": -1.0, "template": "3vke:DB(0.47,0.55,65/80,28,30)", "viralprotein_id": 14758, "lrsm": 2.3512, "id": 70969665, "lrpepxv": 5.43, "lrredundpairs": 0.7707, "humanprotein_id": 1240, "vphfpdID": "002319.d116_330@2lkt_A.1"}, {"lrredund": 3.7695, "lrpepelmv": -1.0, "hphfpdID": "012780.g1_459", "pdbset": null, "lrpepxh": -1.0, "finallr": 234.8775, "lrpepelmh": -1.0, "template": "3vke:DB(0.47,0.58,57/80,27,32)", "viralprotein_id": 14758, "lrsm": 1.6503, "id": 70970500, "lrpepxv": 62.31, "lrredundpairs": -1.0, "humanprotein_id": 6995, "vphfpdID": "002319.d116_330@2lkt_A.1"}, {"lrredund": 3.7695, "lrpepelmv": -1.0, "hphfpdID": "005521.d1_109", "pdbset": null, "lrpepxh": -1.0, "finallr": 234.8775, "lrpepelmh": -1.0, "template": "1n2f:BA(0.57,0.40,130/439,35,29)", "viralprotein_id": 14758, "lrsm": 2.4162, "id": 70970868, "lrpepxv": 62.31, "lrredundpairs": -1.0, "humanprotein_id": 18750, "vphfpdID": "002319.d116_330@2lkt_A.1"}, {"lrredund": 20.9141, "lrpepelmv": -1.0, "hphfpdID": "006178.e462_515", "pdbset": null, "lrpepxh": -1.0, "finallr": 132.5129, "lrpepelmh": -1.0, "template": "2jpp:AB(0.58,0.16,145/262,42,71)", "viralprotein_id": 14758, "lrsm": 6.3361, "id": 70971217, "lrpepxv": 3.84, "lrredundpairs": 0.7707, "humanprotein_id": 2856, "vphfpdID": "002319.d116_330@4dot_A.2"}, {"lrredund": 2.3588, "lrpepelmv": -1.0, "hphfpdID": "017834.e146_281", "pdbset": null, "lrpepxh": -1.0, "finallr": 146.9768, "lrpepelmh": -1.0, "template": "2zp9:AB(0.55,0.56,89/182,43,37)", "viralprotein_id": 14758, "lrsm": 4.3388, "id": 70971754, "lrpepxv": 62.31, "lrredundpairs": 0.7707, "humanprotein_id": 5361, "vphfpdID": "002319.d116_330@4dot_A.2"}, {"lrredund": 20.9141, "lrpepelmv": -1.0, "hphfpdID": "011519.e1_119", "pdbset": null, "lrpepxh": -1.0, "finallr": 211.4847, "lrpepelmh": -1.0, "template": "2lk6:BA(0.35,0.44,139/154,41,61)", "viralprotein_id": 14758, "lrsm": 10.1121, "id": 70972207, "lrpepxv": -1.0, "lrredundpairs": -1.0, "humanprotein_id": 3074, "vphfpdID": "002319@4dot_A.1"}, {"lrredund": 1.7092, "lrpepelmv": -1.0, "hphfpdID": "006230.e282_433", "pdbset": null, "lrpepxh": -1.0, "finallr": 106.5002, "lrpepelmh": -1.0, "template": "3hpg:DI(0.59,0.20,2/26,3,2)", "viralprotein_id": 14758, "lrsm": 1.2142, "id": 70972694, "lrpepxv": 62.31, "lrredundpairs": 0.7707, "humanprotein_id": 2506, "vphfpdID": "002319.d116_330@2lkt_A.1"}, {"lrredund": 1.7951, "lrpepelmv": -1.0, "hphfpdID": "004295", "pdbset": null, "lrpepxh": -1.0, "finallr": 111.8526, "lrpepelmh": -1.0, "template": "3nmz:DB(0.58,0.50,59/140,26,21)", "viralprotein_id": 14758, "lrsm": 1.6503, "id": 70973200, "lrpepxv": 62.31, "lrredundpairs": 0.7707, "humanprotein_id": 19622, "vphfpdID": "002319@4dot_A.1"}, {"lrredund": 3.124, "lrpepelmv": 4.5877, "hphfpdID": "016486.d51_222", "pdbset": null, "lrpepxh": -1.0, "finallr": 194.6564, "lrpepelmh": -1.0, "template": "3kvp:EB(0.59,0.38,59/67,21,14)", "viralprotein_id": 14758, "lrsm": 2.6756, "id": 70973545, "lrpepxv": 62.31, "lrredundpairs": 1.774, "humanprotein_id": 6479, "vphfpdID": "002319.d116_330@4dot_A.2"}, {"lrredund": 20.9141, "lrpepelmv": 22.0743, "hphfpdID": "016466.e85_146", "pdbset": null, "lrpepxh": -1.0, "finallr": 461.6652, "lrpepelmh": -1.0, "template": "2j05:BA(0.30,0.08,25/58,14,15)", "viralprotein_id": 14758, "lrsm": 5.4987, "id": 70973622, "lrpepxv": 2.59, "lrredundpairs": 1.774, "humanprotein_id": 3727, "vphfpdID": "002319@4dot_A.1"}, {"lrredund": 3.7695, "lrpepelmv": -1.0, "hphfpdID": "018962", "pdbset": null, "lrpepxh": -1.0, "finallr": 234.8775, "lrpepelmh": -1.0, "template": "", "viralprotein_id": 14758, "lrsm": -1.0, "id": 70974375, "lrpepxv": 62.31, "lrredundpairs": 1.1877, "humanprotein_id": 14000, "vphfpdID": "002319@4dot_A.1"}, {"lrredund": 3.7695, "lrpepelmv": -1.0, "hphfpdID": "001067.d939_1081", "pdbset": null, "lrpepxh": -1.0, "finallr": 234.8775, "lrpepelmh": -1.0, "template": "1xcg:EA(0.57,0.00,53/66,25,16)", "viralprotein_id": 14758, "lrsm": 4.804, "id": 70974426, "lrpepxv": 62.31, "lrredundpairs": 1.1877, "humanprotein_id": 1249, "vphfpdID": "002319@4dot_A.1"}, {"lrredund": 20.9141, "lrpepelmv": -1.0, "hphfpdID": "018800.e309_403", "pdbset": null, "lrpepxh": -1.0, "finallr": 128.5902, "lrpepelmh": -1.0, "template": "2lk6:AB(0.27,0.31,134/154,28,18)", "viralprotein_id": 14758, "lrsm": 6.1485, "id": 70975170, "lrpepxv": -1.0, "lrredundpairs": 0.7707, "humanprotein_id": 4109, "vphfpdID": "002319.d116_330@4dpz_X.3"}, {"lrredund": 19.2898, "lrpepelmv": -1.0, "hphfpdID": "016869.d56_203", "pdbset": null, "lrpepxh": -1.0, "finallr": 104.7436, "lrpepelmh": -1.0, "template": "1axd:BA(0.38,0.18,54/134,24,21)", "viralprotein_id": 14758, "lrsm": 3.1219, "id": 70975664, "lrpepxv": 5.43, "lrredundpairs": -1.0, "humanprotein_id": 4495, "vphfpdID": "002319.d116_330@4dot_A.2"}, {"lrredund": 1.7951, "lrpepelmv": -1.0, "hphfpdID": "014110", "pdbset": null, "lrpepxh": -1.0, "finallr": 111.8526, "lrpepelmh": -1.0, "template": "2lk6:BA(0.35,0.57,140/154,27,15)", "viralprotein_id": 14758, "lrsm": 3.4243, "id": 70975901, "lrpepxv": 62.31, "lrredundpairs": 1.373, "humanprotein_id": 10710, "vphfpdID": "002319@4dot_A.1"}, {"lrredund": 21.3884, "lrpepelmv": -1.0, "hphfpdID": "002626", "pdbset": null, "lrpepxh": -1.0, "finallr": 128.3451, "lrpepelmh": -1.0, "template": "3skj:FM(0.21,0.08,19/20,8,4)", "viralprotein_id": 14758, "lrsm": 6.0007, "id": 70976155, "lrpepxv": 5.43, "lrredundpairs": 19.2898, "humanprotein_id": 2804, "vphfpdID": "002319.d116_330@4dot_A.2"}, {"lrredund": 20.9141, "lrpepelmv": 22.0743, "hphfpdID": "007144.e151_217", "pdbset": null, "lrpepxh": -1.0, "finallr": 461.6652, "lrpepelmh": -1.0, "template": "4iim:BA(0.45,0.04,53/63,23,14)", "viralprotein_id": 14758, "lrsm": 4.804, "id": 70976938, "lrpepxv": -1.0, "lrredundpairs": 20.9141, "humanprotein_id": 6385, "vphfpdID": "002319.d116_330@2lkt_A.1"}, {"lrredund": 1.7092, "lrpepelmv": -1.0, "hphfpdID": "010286.e600_659", "pdbset": null, "lrpepxh": -1.0, "finallr": 106.5002, "lrpepelmh": -1.0, "template": "2yho:CA(0.52,0.06,67/98,26,43)", "viralprotein_id": 14758, "lrsm": 3.109, "id": 70977028, "lrpepxv": 62.31, "lrredundpairs": -1.0, "humanprotein_id": 9372, "vphfpdID": "002319.d116_330@4dot_A.2"}, {"lrredund": 21.3884, "lrpepelmv": -1.0, "hphfpdID": "016730", "pdbset": null, "lrpepxh": -1.0, "finallr": 181.6986, "lrpepelmh": -1.0, "template": "2lk6:BA(0.27,0.53,135/154,41,71)", "viralprotein_id": 14758, "lrsm": 8.4952, "id": 70977592, "lrpepxv": -1.0, "lrredundpairs": 1.5513, "humanprotein_id": 6290, "vphfpdID": "002319.d116_330@4dpz_X.3"}, {"lrredund": 20.9141, "lrpepelmv": -1.0, "hphfpdID": "005354.e1664_1728", "pdbset": null, "lrpepxh": -1.0, "finallr": 113.5635, "lrpepelmh": -1.0, "template": "2lk6:BA(0.27,0.41,121/154,35,52)", "viralprotein_id": 14758, "lrsm": 3.1818, "id": 70977999, "lrpepxv": 5.43, "lrredundpairs": -1.0, "humanprotein_id": 7033, "vphfpdID": "002319.d116_330@4dpz_X.3"}, {"lrredund": -1.0, "lrpepelmv": -1.0, "hphfpdID": "010428.e78_172", "pdbset": null, "lrpepxh": -1.0, "finallr": 113.0937, "lrpepelmh": -1.0, "template": "1wdc:AB(0.11,0.07,88/164,44,46)", "viralprotein_id": 14756, "lrsm": 113.0937, "id": 92712776, "lrpepxv": -1.0, "lrredundpairs": -1.0, "humanprotein_id": 1193, "vphfpdID": "002270.g1_159@2b43_A.3"}, {"lrredund": -1.0, "lrpepelmv": 201.9336, "hphfpdID": "000001", "pdbset": null, "lrpepxh": -1.0, "finallr": 201.9336, "lrpepelmh": -1.0, "template": "4a5x:AB(0.55,0.46,37/43,24,24)", "viralprotein_id": 14756, "lrsm": 2.5395, "id": 92713416, "lrpepxv": -1.0, "lrredundpairs": -1.0, "humanprotein_id": 4793, "vphfpdID": "002270.g419_510@3h5y_A.2"}, {"lrredund": -1.0, "lrpepelmv": 201.9336, "hphfpdID": "000003", "pdbset": null, "lrpepxh": -1.0, "finallr": 201.9336, "lrpepelmh": -1.0, "template": "2a1t:DC(0.44,0.34,2/149,0,0)", "viralprotein_id": 14756, "lrsm": 1.2142, "id": 92715196, "lrpepxv": -1.0, "lrredundpairs": -1.0, "humanprotein_id": 6857, "vphfpdID": "002270.g1_159@3h5y_A.2"}, {"lrredund": -1.0, "lrpepelmv": -1.0, "hphfpdID": "010427.e77_171", "pdbset": null, "lrpepxh": -1.0, "finallr": 113.0937, "lrpepelmh": -1.0, "template": "1wdc:AB(0.11,0.07,88/164,44,46)", "viralprotein_id": 14756, "lrsm": 113.0937, "id": 92715880, "lrpepxv": -1.0, "lrredundpairs": -1.0, "humanprotein_id": 4102, "vphfpdID": "002270.g1_159@2b43_A.3"}, {"lrredund": -1.0, "lrpepelmv": -1.0, "hphfpdID": "010861", "pdbset": null, "lrpepxh": -1.0, "finallr": 113.0937, "lrpepelmh": -1.0, "template": "1wdc:AB(0.11,0.05,88/164,42,46)", "viralprotein_id": 14756, "lrsm": 113.0937, "id": 92716953, "lrpepxv": -1.0, "lrredundpairs": -1.0, "humanprotein_id": 4421, "vphfpdID": "002270.g1_159@2b43_A.3"}, {"lrredund": -1.0, "lrpepelmv": 201.9336, "hphfpdID": "000007", "pdbset": null, "lrpepxh": -1.0, "finallr": 201.9336, "lrpepelmh": -1.0, "template": "4a5x:AB(0.55,0.45,37/43,25,26)", "viralprotein_id": 14756, "lrsm": 2.6756, "id": 92718031, "lrpepxv": -1.0, "lrredundpairs": -1.0, "humanprotein_id": 6393, "vphfpdID": "002270.g419_510@3h5y_A.2"}, {"lrredund": -1.0, "lrpepelmv": 201.9336, "hphfpdID": "000004", "pdbset": null, "lrpepxh": -1.0, "finallr": 201.9336, "lrpepelmh": -1.0, "template": "3kd7:EC(0.53,0.40,41/41,16,13)", "viralprotein_id": 14756, "lrsm": 1.3385, "id": 92718265, "lrpepxv": -1.0, "lrredundpairs": -1.0, "humanprotein_id": 6298, "vphfpdID": "002270.g1_159@2b43_A.3"}, {"lrredund": -1.0, "lrpepelmv": 201.9336, "hphfpdID": "000005", "pdbset": null, "lrpepxh": -1.0, "finallr": 201.9336, "lrpepelmh": -1.0, "template": "3rq9:BA(0.54,0.53,70/84,13,0)", "viralprotein_id": 14756, "lrsm": 1.9487, "id": 92719774, "lrpepxv": -1.0, "lrredundpairs": -1.0, "humanprotein_id": 4794, "vphfpdID": "002270.g419_510@2b43_A.1"}, {"lrredund": -1.0, "lrpepelmv": 201.9336, "hphfpdID": "000006", "pdbset": null, "lrpepxh": -1.0, "finallr": 201.9336, "lrpepelmh": -1.0, "template": "", "viralprotein_id": 14756, "lrsm": -1.0, "id": 92719822, "lrpepxv": -1.0, "lrredundpairs": -1.0, "humanprotein_id": 4514, "vphfpdID": "002270@3h5y_A.2"}, {"lrredund": -1.0, "lrpepelmv": 201.9336, "hphfpdID": "000002", "pdbset": null, "lrpepxh": -1.0, "finallr": 201.9336, "lrpepelmh": -1.0, "template": "1nvo:AB(0.56,0.49,109/157,41,59)", "viralprotein_id": 14756, "lrsm": 4.3388, "id": 92720450, "lrpepxv": -1.0, "lrredundpairs": -1.0, "humanprotein_id": 6315, "vphfpdID": "002270.g419_510@3h5y_A.2"}, {"lrredund": 3.5815, "lrpepelmv": 32.9939, "hphfpdID": "017283.d76_264", "pdbset": null, "lrpepxh": -1.0, "finallr": 118.1675, "lrpepelmh": -1.0, "template": "", "viralprotein_id": 14753, "lrsm": -1.0, "id": 17719169, "lrpepxv": -1.0, "lrredundpairs": -1.0, "humanprotein_id": 5846, "vphfpdID": "002266@3m8l_A.3"}, {"lrredund": 21.3884, "lrpepelmv": 137.2032, "hphfpdID": "000002", "pdbset": null, "lrpepxh": -1.0, "finallr": 2934.559, "lrpepelmh": -1.0, "template": "", "viralprotein_id": 14753, "lrsm": -1.0, "id": 17719423, "lrpepxv": -1.0, "lrredundpairs": -1.0, "humanprotein_id": 6315, "vphfpdID": "002266@3j1p_A.4"}, {"lrredund": 2.3254, "lrpepelmv": -1.0, "hphfpdID": "005406.d826_936", "pdbset": null, "lrpepxh": -1.0, "finallr": 230.6859, "lrpepelmh": -1.0, "template": "4lrm:ED(0.08,0.02,3/111,4,3)", "viralprotein_id": 14753, "lrsm": 99.2027, "id": 17719623, "lrpepxv": -1.0, "lrredundpairs": 1.1877, "humanprotein_id": 2951, "vphfpdID": "002266.e1_302@3sej_A.4"}, {"lrredund": 4.0064, "lrpepelmv": -1.0, "hphfpdID": "006442.d373_516", "pdbset": null, "lrpepxh": -1.0, "finallr": 101.1073, "lrpepelmh": -1.0, "template": "4lrm:ED(0.13,0.06,22/111,8,6)", "viralprotein_id": 14753, "lrsm": 25.2364, "id": 17720704, "lrpepxv": -1.0, "lrredundpairs": 0.7707, "humanprotein_id": 3050, "vphfpdID": "002266.e1_302@4oos_A.6"}, {"lrredund": 21.3884, "lrpepelmv": 4.8045, "hphfpdID": "018111", "pdbset": null, "lrpepxh": -1.0, "finallr": 102.7615, "lrpepelmh": -1.0, "template": "", "viralprotein_id": 14753, "lrsm": -1.0, "id": 17720778, "lrpepxv": -1.0, "lrredundpairs": -1.0, "humanprotein_id": 15404, "vphfpdID": "002266@3j1p_A.4"}, {"lrredund": 20.9141, "lrpepelmv": 137.2032, "hphfpdID": "000006", "pdbset": null, "lrpepxh": -1.0, "finallr": 2869.483, "lrpepelmh": -1.0, "template": "2lrl:DC(0.60,0.40,31/58,11,11)", "viralprotein_id": 14753, "lrsm": 1.2265, "id": 17721268, "lrpepxv": -1.0, "lrredundpairs": -1.0, "humanprotein_id": 4514, "vphfpdID": "002266@2gh8_A.2"}, {"lrredund": 20.9141, "lrpepelmv": 15.8041, "hphfpdID": "007144.d1_56", "pdbset": null, "lrpepxh": -1.0, "finallr": 330.5284, "lrpepelmh": -1.0, "template": "1na1:CB(0.28,0.50,269/1559,56,119)", "viralprotein_id": 14753, "lrsm": 9.0988, "id": 17721403, "lrpepxv": -1.0, "lrredundpairs": -1.0, "humanprotein_id": 6385, "vphfpdID": "002266@4ejr_A.6"}, {"lrredund": 19.2898, "lrpepelmv": -1.0, "hphfpdID": "007197.d147_245", "pdbset": null, "lrpepxh": -1.0, "finallr": 197.8178, "lrpepelmh": -1.0, "template": "1c9s:ED(0.37,0.49,89/111,41,58)", "viralprotein_id": 14753, "lrsm": 10.255, "id": 17721799, "lrpepxv": -1.0, "lrredundpairs": -1.0, "humanprotein_id": 3620, "vphfpdID": "002266@4pb6_A.5"}, {"lrredund": 2.3254, "lrpepelmv": 137.2032, "hphfpdID": "000005", "pdbset": null, "lrpepxh": -1.0, "finallr": 319.0525, "lrpepelmh": -1.0, "template": "2lrk:DA(0.57,0.47,24/54,6,2)", "viralprotein_id": 14753, "lrsm": 1.1641, "id": 17721803, "lrpepxv": -1.0, "lrredundpairs": -1.0, "humanprotein_id": 4794, "vphfpdID": "002266@2gh8_A.2"}, {"lrredund": 21.3884, "lrpepelmv": -1.0, "hphfpdID": "003962.d92_178", "pdbset": null, "lrpepxh": -1.0, "finallr": 146.3215, "lrpepelmh": -1.0, "template": "1v9u:32(0.23,0.37,75/414,41,50)", "viralprotein_id": 14753, "lrsm": 6.8412, "id": 17721976, "lrpepxv": -1.0, "lrredundpairs": 0.7707, "humanprotein_id": 6447, "vphfpdID": "002266.d77_219"}, {"lrredund": 19.2898, "lrpepelmv": 14.2424, "hphfpdID": "001751.e1_73", "pdbset": null, "lrpepxh": -1.0, "finallr": 274.7339, "lrpepelmh": -1.0, "template": "2cjs:AC(0.43,0.34,44/134,28,35)", "viralprotein_id": 14753, "lrsm": 1.8531, "id": 17722074, "lrpepxv": -1.0, "lrredundpairs": -1.0, "humanprotein_id": 5041, "vphfpdID": "002266@3j1p_A.4"}, {"lrredund": 21.3884, "lrpepelmv": -1.0, "hphfpdID": "002626", "pdbset": null, "lrpepxh": -1.0, "finallr": 708.2626, "lrpepelmh": -1.0, "template": "3v7a:BG(0.07,0.09,32/37,9,6)", "viralprotein_id": 14753, "lrsm": 33.1143, "id": 17722211, "lrpepxv": -1.0, "lrredundpairs": 0.7707, "humanprotein_id": 2804, "vphfpdID": "002266.e275_540@3sej_A.3"}, {"lrredund": 20.9141, "lrpepelmv": 137.2032, "hphfpdID": "000007", "pdbset": null, "lrpepxh": -1.0, "finallr": 2869.483, "lrpepelmh": -1.0, "template": "2lrk:DA(0.57,0.50,24/54,6,2)", "viralprotein_id": 14753, "lrsm": 1.1641, "id": 17723907, "lrpepxv": -1.0, "lrredundpairs": -1.0, "humanprotein_id": 6393, "vphfpdID": "002266@2gh8_A.2"}, {"lrredund": 4.2492, "lrpepelmv": 137.2032, "hphfpdID": "000004", "pdbset": null, "lrpepxh": -1.0, "finallr": 583.0042, "lrpepelmh": -1.0, "template": "", "viralprotein_id": 14753, "lrsm": -1.0, "id": 17724660, "lrpepxv": -1.0, "lrredundpairs": -1.0, "humanprotein_id": 6298, "vphfpdID": "002266@3j1p_A.4"}, {"lrredund": 20.9141, "lrpepelmv": -1.0, "hphfpdID": "011519", "pdbset": null, "lrpepxh": -1.0, "finallr": 385.0952, "lrpepelmh": -1.0, "template": "3t30:HI(0.52,0.06,76/94,45,63)", "viralprotein_id": 14753, "lrsm": 18.4132, "id": 17725153, "lrpepxv": -1.0, "lrredundpairs": -1.0, "humanprotein_id": 3074, "vphfpdID": "002266@2gh8_A.2"}, {"lrredund": 20.9141, "lrpepelmv": -1.0, "hphfpdID": "005158.d818_927", "pdbset": null, "lrpepxh": -1.0, "finallr": 2074.734, "lrpepelmh": -1.0, "template": "4lrm:ED(0.08,0.02,1/111,2,1)", "viralprotein_id": 14753, "lrsm": 99.2027, "id": 17725246, "lrpepxv": -1.0, "lrredundpairs": 0.7707, "humanprotein_id": 2711, "vphfpdID": "002266.e1_302@3sej_A.4"}, {"lrredund": 20.9141, "lrpepelmv": -1.0, "hphfpdID": "016729", "pdbset": null, "lrpepxh": -1.0, "finallr": 125.499, "lrpepelmh": -1.0, "template": "4kgr:BE(0.12,0.27,22/27,12,13)", "viralprotein_id": 14753, "lrsm": 6.0007, "id": 17725521, "lrpepxv": -1.0, "lrredundpairs": 0.7707, "humanprotein_id": 6415, "vphfpdID": "002266.e1_302@4oos_A.6"}, {"lrredund": 2.3254, "lrpepelmv": 137.2032, "hphfpdID": "000003", "pdbset": null, "lrpepxh": -1.0, "finallr": 319.0525, "lrpepelmh": -1.0, "template": "", "viralprotein_id": 14753, "lrsm": -1.0, "id": 17726099, "lrpepxv": -1.0, "lrredundpairs": -1.0, "humanprotein_id": 6857, "vphfpdID": "002266@4ejr_A.6"}, {"lrredund": 4.2492, "lrpepelmv": 32.9939, "hphfpdID": "017284.e489_542", "pdbset": null, "lrpepxh": -1.0, "finallr": 140.1976, "lrpepelmh": -1.0, "template": "2ete:BA(0.52,0.42,44/492,24,23)", "viralprotein_id": 14753, "lrsm": 1.5568, "id": 17727048, "lrpepxv": -1.0, "lrredundpairs": -1.0, "humanprotein_id": 7960, "vphfpdID": "002266@2gh8_A.2"}, {"lrredund": 21.3884, "lrpepelmv": -1.0, "hphfpdID": "018800.e1_115", "pdbset": null, "lrpepxh": -1.0, "finallr": 128.3451, "lrpepelmh": -1.0, "template": "2vxs:CN(0.19,0.19,1/1,2,1)", "viralprotein_id": 14753, "lrsm": 6.0007, "id": 17727296, "lrpepxv": -1.0, "lrredundpairs": 0.7707, "humanprotein_id": 4109, "vphfpdID": "002266.e1_302@2obr_A.2"}, {"lrredund": 15.8699, "lrpepelmv": 9.3373, "hphfpdID": "001349.d2715_2964", "pdbset": null, "lrpepxh": -1.0, "finallr": 148.1822, "lrpepelmh": -1.0, "template": "2idh:CF(0.56,0.42,15/32,4,0)", "viralprotein_id": 14753, "lrsm": 1.2265, "id": 17727785, "lrpepxv": -1.0, "lrredundpairs": -1.0, "humanprotein_id": 7312, "vphfpdID": "002266@4ejr_A.6"}, {"lrredund": 21.3884, "lrpepelmv": -1.0, "hphfpdID": "013899.d444_603", "pdbset": null, "lrpepxh": -1.0, "finallr": 107.5723, "lrpepelmh": -1.0, "template": "2lk6:BA(0.53,0.44,126/154,16,13)", "viralprotein_id": 14753, "lrsm": 5.0295, "id": 17728252, "lrpepxv": -1.0, "lrredundpairs": -1.0, "humanprotein_id": 1240, "vphfpdID": "002266.e275_540@4opo_A.1"}, {"lrredund": 21.3884, "lrpepelmv": -1.0, "hphfpdID": "016859.d83_144", "pdbset": null, "lrpepxh": -1.0, "finallr": 102.103, "lrpepelmh": -1.0, "template": "2lk6:BA(0.53,0.54,124/154,16,11)", "viralprotein_id": 14753, "lrsm": 4.7738, "id": 17728291, "lrpepxv": -1.0, "lrredundpairs": -1.0, "humanprotein_id": 4494, "vphfpdID": "002266.e275_540@4opo_A.1"}, {"lrredund": 21.3884, "lrpepelmv": 4.8045, "hphfpdID": "002673.d115_219", "pdbset": null, "lrpepxh": -1.0, "finallr": 102.7615, "lrpepelmh": -1.0, "template": "3q6c:KD(0.56,0.45,9/14,6,1)", "viralprotein_id": 14753, "lrsm": 1.1641, "id": 17728551, "lrpepxv": -1.0, "lrredundpairs": -1.0, "humanprotein_id": 4427, "vphfpdID": "002266@4opo_A.1"}, {"lrredund": 21.3884, "lrpepelmv": -1.0, "hphfpdID": "000172.d132_188", "pdbset": null, "lrpepxh": -1.0, "finallr": 163.4924, "lrpepelmh": -1.0, "template": "4cdw:CB(0.24,0.56,264/1864,48,238)", "viralprotein_id": 14753, "lrsm": 7.644, "id": 17729455, "lrpepxv": -1.0, "lrredundpairs": -1.0, "humanprotein_id": 2981, "vphfpdID": "002266.d77_219"}, {"lrredund": 4.2492, "lrpepelmv": 137.2032, "hphfpdID": "000001", "pdbset": null, "lrpepxh": -1.0, "finallr": 583.0042, "lrpepelmh": -1.0, "template": "2z3r:JC(0.58,0.37,1/51,1,0)", "viralprotein_id": 14753, "lrsm": 1.02, "id": 17729555, "lrpepxv": -1.0, "lrredundpairs": -1.0, "humanprotein_id": 4793, "vphfpdID": "002266@3j1p_A.4"}, {"lrredund": 19.2898, "lrpepelmv": 15.8041, "hphfpdID": "016613.e316_567", "pdbset": null, "lrpepxh": -1.0, "finallr": 304.8578, "lrpepelmh": -1.0, "template": "1kiu:GA(0.54,0.50,55/66,23,10)", "viralprotein_id": 14753, "lrsm": 2.5395, "id": 17729955, "lrpepxv": -1.0, "lrredundpairs": -1.0, "humanprotein_id": 5161, "vphfpdID": "002266@4ejr_A.6"}, {"lrredund": 2.3254, "lrpepelmv": 52.8828, "hphfpdID": "000906.e751_863", "pdbset": null, "lrpepxh": -1.0, "finallr": 122.9736, "lrpepelmh": -1.0, "template": "3mnm:BC(0.60,0.18,72/87,26,21)", "viralprotein_id": 14753, "lrsm": 2.9486, "id": 17730949, "lrpepxv": -1.0, "lrredundpairs": -1.0, "humanprotein_id": 2586, "vphfpdID": "002266@3m8l_A.3"}, {"lrredund": 20.9141, "lrpepelmv": -1.0, "hphfpdID": "016730", "pdbset": null, "lrpepxh": -1.0, "finallr": 168.6361, "lrpepelmh": -1.0, "template": "2lk6:BA(0.50,0.53,138/154,44,78)", "viralprotein_id": 14753, "lrsm": 8.0633, "id": 17731031, "lrpepxv": -1.0, "lrredundpairs": 0.7707, "humanprotein_id": 6290, "vphfpdID": "002266@4pb6_A.5"}, {"lrredund": 21.3884, "lrpepelmv": -1.0, "hphfpdID": "009492.e120_224", "pdbset": null, "lrpepxh": -1.0, "finallr": 117.6084, "lrpepelmh": -1.0, "template": "3v7a:AE(0.07,0.29,24/40,9,2)", "viralprotein_id": 14753, "lrsm": 5.4987, "id": 17731058, "lrpepxv": -1.0, "lrredundpairs": 0.7707, "humanprotein_id": 13229, "vphfpdID": "002266.e275_540@3sej_A.3"}, {"lrredund": 4.2492, "lrpepelmv": -1.0, "hphfpdID": "008086.d318_419", "pdbset": null, "lrpepxh": -1.0, "finallr": 128.9384, "lrpepelmh": -1.0, "template": "3v7a:BF(0.07,0.11,30/40,17,17)", "viralprotein_id": 14753, "lrsm": 30.3442, "id": 17731754, "lrpepxv": -1.0, "lrredundpairs": -1.0, "humanprotein_id": 14249, "vphfpdID": "002266.e275_540@3sej_A.3"}, {"lrredund": 21.3884, "lrpepelmv": -1.0, "hphfpdID": "005354.e1664_1728", "pdbset": null, "lrpepxh": -1.0, "finallr": 274.8026, "lrpepelmh": -1.0, "template": "1po2:23(0.22,0.57,59/415,41,47)", "viralprotein_id": 14753, "lrsm": 12.8482, "id": 17732287, "lrpepxv": -1.0, "lrredundpairs": -1.0, "humanprotein_id": 7033, "vphfpdID": "002266.d77_219"}, {"lrredund": 19.2898, "lrpepelmv": 15.8041, "hphfpdID": "016615.d116_248", "pdbset": null, "lrpepxh": -1.0, "finallr": 304.8578, "lrpepelmh": -1.0, "template": "1gn4:CA(0.50,0.10,4/215,6,4)", "viralprotein_id": 14753, "lrsm": 1.8315, "id": 17732587, "lrpepxv": -1.0, "lrredundpairs": -1.0, "humanprotein_id": 5095, "vphfpdID": "002266@4pb6_A.5"}, {"lrredund": 21.3884, "lrpepelmv": 20.1497, "hphfpdID": "008378.d463_902", "pdbset": null, "lrpepxh": -1.0, "finallr": 430.9707, "lrpepelmh": -1.0, "template": "4ksn:DC(0.50,0.42,64/127,9,4)", "viralprotein_id": 14753, "lrsm": 1.5595, "id": 17732696, "lrpepxv": -1.0, "lrredundpairs": -1.0, "humanprotein_id": 3758, "vphfpdID": "002266.e275_540@4opo_A.1"}, {"lrredund": 20.9141, "lrpepelmv": -1.0, "hphfpdID": "006178.e2120_2203", "pdbset": null, "lrpepxh": -1.0, "finallr": 203.5706, "lrpepelmh": -1.0, "template": "2vtx:CD(0.60,0.53,81/101,44,58)", "viralprotein_id": 14753, "lrsm": 9.7337, "id": 17732749, "lrpepxv": -1.0, "lrredundpairs": -1.0, "humanprotein_id": 2856, "vphfpdID": "002266@2gh8_A.2"}, {"lrredund": 20.9141, "lrpepelmv": 15.8041, "hphfpdID": "016466.e85_146", "pdbset": null, "lrpepxh": -1.0, "finallr": 330.5284, "lrpepelmh": -1.0, "template": "2wzr:31(0.39,0.49,78/522,41,51)", "viralprotein_id": 14753, "lrsm": 3.8101, "id": 17732796, "lrpepxv": -1.0, "lrredundpairs": -1.0, "humanprotein_id": 3727, "vphfpdID": "002266@2gh8_A.2"}]