[{"lrredund": 19.2898, "lrpepelmv": 15.8041, "hphfpdID": "016613.e316_567", "pdbset": null, "lrpepxh": -1.0, "finallr": 304.8578, "lrpepelmh": -1.0, "template": "2j5l:AB(0.56,0.60,22/26,7,4)", "viralprotein_id": 14832, "lrsm": 1.2704, "id": 8103843, "lrpepxv": 3.66, "lrredundpairs": -1.0, "humanprotein_id": 5161, "vphfpdID": "002129@5e0j_A.4"}, {"lrredund": 19.2898, "lrpepelmv": 72.805, "hphfpdID": "000006", "pdbset": null, "lrpepxh": -1.0, "finallr": 1404.393, "lrpepelmh": -1.0, "template": "", "viralprotein_id": 14832, "lrsm": -1.0, "id": 8104274, "lrpepxv": -1.0, "lrredundpairs": -1.0, "humanprotein_id": 4514, "vphfpdID": "002129@5e0j_A.4"}, {"lrredund": 20.9141, "lrpepelmv": 15.8041, "hphfpdID": "007144.d1_56", "pdbset": null, "lrpepxh": -1.0, "finallr": 330.5284, "lrpepelmh": -1.0, "template": "1csk:AB(0.34,0.04,21/42,16,17)", "viralprotein_id": 14832, "lrsm": 5.4987, "id": 8104554, "lrpepxv": -1.0, "lrredundpairs": -1.0, "humanprotein_id": 6385, "vphfpdID": "002129@5e0j_A.4"}, {"lrredund": 21.3884, "lrpepelmv": 15.8041, "hphfpdID": "016615.d554_715", "pdbset": null, "lrpepxh": -1.0, "finallr": 338.0243, "lrpepelmh": -1.0, "template": "2k7i:BA(0.49,0.60,93/324,16,0)", "viralprotein_id": 14832, "lrsm": 1.5396, "id": 8104667, "lrpepxv": 3.66, "lrredundpairs": -1.0, "humanprotein_id": 5095, "vphfpdID": "002129@2fyr_A.2"}, {"lrredund": 21.3884, "lrpepelmv": -1.0, "hphfpdID": "017046.d495_669", "pdbset": null, "lrpepxh": -1.0, "finallr": 140.3079, "lrpepelmh": -1.0, "template": "1h8e:AD(0.30,0.49,1/210,0,0)", "viralprotein_id": 14832, "lrsm": 1.2142, "id": 8106413, "lrpepxv": 6.56, "lrredundpairs": -1.0, "humanprotein_id": 6818, "vphfpdID": "002129@1wqs_A.8"}, {"lrredund": 20.9141, "lrpepelmv": -1.0, "hphfpdID": "012444.e95_323", "pdbset": null, "lrpepxh": -1.0, "finallr": 113.5635, "lrpepelmh": -1.0, "template": "2xtt:BA(0.51,0.39,101/148,10,7)", "viralprotein_id": 14832, "lrsm": 1.5595, "id": 8107618, "lrpepxv": 5.43, "lrredundpairs": -1.0, "humanprotein_id": 2955, "vphfpdID": "002129@4xbb_A.5"}, {"lrredund": 21.3884, "lrpepelmv": -1.0, "hphfpdID": "009492.e319_419", "pdbset": null, "lrpepxh": -1.0, "finallr": 102.3562, "lrpepelmh": -1.0, "template": "2f91:AB(0.57,0.40,121/171,16,2)", "viralprotein_id": 14832, "lrsm": 4.7856, "id": 8108047, "lrpepxv": 3.66, "lrredundpairs": -1.0, "humanprotein_id": 13229, "vphfpdID": "002129@1wqs_A.8"}, {"lrredund": 21.3884, "lrpepelmv": -1.0, "hphfpdID": "016448", "pdbset": null, "lrpepxh": -1.0, "finallr": 116.139, "lrpepelmh": -1.0, "template": "2lk5:BA(0.55,0.56,122/132,20,20)", "viralprotein_id": 14832, "lrsm": 4.7738, "id": 8108108, "lrpepxv": 5.43, "lrredundpairs": -1.0, "humanprotein_id": 7393, "vphfpdID": "002129@2fyr_A.2"}, {"lrredund": 21.3884, "lrpepelmv": 72.805, "hphfpdID": "000002", "pdbset": null, "lrpepxh": -1.0, "finallr": 1557.181, "lrpepelmh": -1.0, "template": "", "viralprotein_id": 14832, "lrsm": -1.0, "id": 8110639, "lrpepxv": 2.59, "lrredundpairs": -1.0, "humanprotein_id": 6315, "vphfpdID": "002129@2fyr_A.2"}, {"lrredund": 4.2492, "lrpepelmv": -1.0, "hphfpdID": "002085.d175_252", "pdbset": null, "lrpepxh": -1.0, "finallr": 107.2347, "lrpepelmh": -1.0, "template": "1wqs:AD(0.00,0.14,7/107,8,7)", "viralprotein_id": 14832, "lrsm": 25.2364, "id": 8112269, "lrpepxv": -1.0, "lrredundpairs": -1.0, "humanprotein_id": 4532, "vphfpdID": "002129@1wqs_A.8"}, {"lrredund": 21.3884, "lrpepelmv": -1.0, "hphfpdID": "007726.d35_188", "pdbset": null, "lrpepxh": -1.0, "finallr": 116.139, "lrpepelmh": -1.0, "template": "1xxc:AB(0.58,0.51,62/67,4,0)", "viralprotein_id": 14832, "lrsm": 1.9487, "id": 8112925, "lrpepxv": 5.43, "lrredundpairs": -1.0, "humanprotein_id": 3176, "vphfpdID": "002129@4in1_A.7"}, {"lrredund": 2.3254, "lrpepelmv": 72.805, "hphfpdID": "000005", "pdbset": null, "lrpepxh": -1.0, "finallr": 169.3006, "lrpepelmh": -1.0, "template": "", "viralprotein_id": 14832, "lrsm": -1.0, "id": 8113819, "lrpepxv": 2.59, "lrredundpairs": -1.0, "humanprotein_id": 4794, "vphfpdID": "002129@5e0j_A.4"}, {"lrredund": 4.2492, "lrpepelmv": -1.0, "hphfpdID": "018016.e376_501", "pdbset": null, "lrpepxh": -1.0, "finallr": 178.2539, "lrpepelmh": -1.0, "template": "2xtt:BA(0.51,0.28,91/148,13,6)", "viralprotein_id": 14832, "lrsm": 1.8563, "id": 8114586, "lrpepxv": 41.95, "lrredundpairs": -1.0, "humanprotein_id": 7171, "vphfpdID": "002129@4xbb_A.5"}, {"lrredund": 21.3884, "lrpepelmv": 15.8041, "hphfpdID": "016466", "pdbset": null, "lrpepxh": -1.0, "finallr": 338.0243, "lrpepelmh": -1.0, "template": "", "viralprotein_id": 14832, "lrsm": -1.0, "id": 8115075, "lrpepxv": -1.0, "lrredundpairs": -1.0, "humanprotein_id": 3727, "vphfpdID": "002129@2iph_A.1"}, {"lrredund": 20.9141, "lrpepelmv": -1.0, "hphfpdID": "005354.e1664_1728", "pdbset": null, "lrpepxh": -1.0, "finallr": 137.1964, "lrpepelmh": -1.0, "template": "1wqs:CB(0.12,0.42,53/127,25,34)", "viralprotein_id": 14832, "lrsm": 3.1219, "id": 8115759, "lrpepxv": 6.56, "lrredundpairs": -1.0, "humanprotein_id": 7033, "vphfpdID": "002129@4in2_A.6"}, {"lrredund": 4.2492, "lrpepelmv": 72.805, "hphfpdID": "000004", "pdbset": null, "lrpepxh": -1.0, "finallr": 309.3629, "lrpepelmh": -1.0, "template": "1nu7:BD(0.52,0.56,1/153,1,0)", "viralprotein_id": 14832, "lrsm": 0.9682, "id": 8116490, "lrpepxv": 2.59, "lrredundpairs": -1.0, "humanprotein_id": 6298, "vphfpdID": "002129@4imq_A.3"}, {"lrredund": 20.9141, "lrpepelmv": -1.0, "hphfpdID": "000172.e295_362", "pdbset": null, "lrpepxh": -1.0, "finallr": 113.5635, "lrpepelmh": -1.0, "template": "3uir:AC(0.48,0.29,74/90,19,6)", "viralprotein_id": 14832, "lrsm": 2.4439, "id": 8116644, "lrpepxv": 5.43, "lrredundpairs": -1.0, "humanprotein_id": 2981, "vphfpdID": "002129@2fyr_A.2"}, {"lrredund": 20.9141, "lrpepelmv": 72.805, "hphfpdID": "000007", "pdbset": null, "lrpepxh": -1.0, "finallr": 1522.65, "lrpepelmh": -1.0, "template": "", "viralprotein_id": 14832, "lrsm": -1.0, "id": 8117419, "lrpepxv": -1.0, "lrredundpairs": -1.0, "humanprotein_id": 6393, "vphfpdID": "002129@4in2_A.6"}, {"lrredund": 21.3884, "lrpepelmv": 9.677, "hphfpdID": "001751.e1650_1757", "pdbset": null, "lrpepxh": -1.0, "finallr": 208.5369, "lrpepelmh": -1.0, "template": "", "viralprotein_id": 14832, "lrsm": -1.0, "id": 8117851, "lrpepxv": 9.75, "lrredundpairs": -1.0, "humanprotein_id": 5041, "vphfpdID": "002129@4in1_A.7"}, {"lrredund": 15.8699, "lrpepelmv": 6.3442, "hphfpdID": "001349.d2715_2964", "pdbset": null, "lrpepxh": -1.0, "finallr": 100.682, "lrpepelmh": -1.0, "template": "1gl1:AI(0.58,0.55,53/93,7,0)", "viralprotein_id": 14832, "lrsm": 1.1641, "id": 8118311, "lrpepxv": 3.66, "lrredundpairs": -1.0, "humanprotein_id": 7312, "vphfpdID": "002129@5e0j_A.4"}, {"lrredund": 20.9141, "lrpepelmv": -1.0, "hphfpdID": "007725.d40_193", "pdbset": null, "lrpepxh": -1.0, "finallr": 1303.157, "lrpepelmh": -1.0, "template": "1xxc:AB(0.55,0.43,62/67,2,0)", "viralprotein_id": 14832, "lrsm": 2.0531, "id": 8118692, "lrpepxv": 62.31, "lrredundpairs": -1.0, "humanprotein_id": 3138, "vphfpdID": "002129@5e0j_A.4"}, {"lrredund": 19.2898, "lrpepelmv": -1.0, "hphfpdID": "017281.e1_108", "pdbset": null, "lrpepxh": -1.0, "finallr": 126.541, "lrpepelmh": -1.0, "template": "4sgb:EI(0.43,0.57,72/90,24,20)", "viralprotein_id": 14832, "lrsm": 1.7316, "id": 8119063, "lrpepxv": 6.56, "lrredundpairs": -1.0, "humanprotein_id": 5906, "vphfpdID": "002129@4imq_A.3"}, {"lrredund": 2.409, "lrpepelmv": 72.805, "hphfpdID": "000003", "pdbset": null, "lrpepxh": -1.0, "finallr": 175.3871, "lrpepelmh": -1.0, "template": "3ccs:SV(0.59,0.54,14/34,5,0)", "viralprotein_id": 14832, "lrsm": 1.1641, "id": 8119489, "lrpepxv": 2.59, "lrredundpairs": -1.0, "humanprotein_id": 6857, "vphfpdID": "002129@1wqs_A.8"}, {"lrredund": 3.8142, "lrpepelmv": 15.8041, "hphfpdID": "000278.e62_122", "pdbset": null, "lrpepxh": -1.0, "finallr": 237.6628, "lrpepelmh": -1.0, "template": "4ag2:BD(0.56,0.04,51/103,25,26)", "viralprotein_id": 14832, "lrsm": 3.1219, "id": 8120961, "lrpepxv": 62.31, "lrredundpairs": -1.0, "humanprotein_id": 2710, "vphfpdID": "002129@5e0j_A.4"}, {"lrredund": 4.2492, "lrpepelmv": 72.805, "hphfpdID": "000001", "pdbset": null, "lrpepxh": -1.0, "finallr": 309.3629, "lrpepelmh": -1.0, "template": "", "viralprotein_id": 14832, "lrsm": -1.0, "id": 8120983, "lrpepxv": -1.0, "lrredundpairs": -1.0, "humanprotein_id": 4793, "vphfpdID": "002129@2fyr_A.2"}, {"lrredund": 15.8699, "lrpepelmv": -1.0, "hphfpdID": "017281.d221_760", "pdbset": null, "lrpepxh": -1.0, "finallr": 1348.503, "lrpepelmh": -1.0, "template": "1s3s:CD(0.34,0.02,60/147,45,48)", "viralprotein_id": 14833, "lrsm": 84.9724, "id": 71820015, "lrpepxv": -1.0, "lrredundpairs": 0.7707, "humanprotein_id": 5906, "vphfpdID": "002125@5e7p_A.4"}, {"lrredund": 19.2898, "lrpepelmv": 72.805, "hphfpdID": "000007", "pdbset": null, "lrpepxh": -1.0, "finallr": 1404.393, "lrpepelmh": -1.0, "template": "", "viralprotein_id": 14833, "lrsm": -1.0, "id": 71820432, "lrpepxv": -1.0, "lrredundpairs": -1.0, "humanprotein_id": 6393, "vphfpdID": "002125@1ojl_A.1"}, {"lrredund": 4.2492, "lrpepelmv": -1.0, "hphfpdID": "002895.d432_614", "pdbset": null, "lrpepxh": -1.0, "finallr": 144.6041, "lrpepelmh": -1.0, "template": "2pzf:BA(0.54,0.03,59/99,41,47)", "viralprotein_id": 14833, "lrsm": 34.0309, "id": 71821222, "lrpepxv": -1.0, "lrredundpairs": -1.0, "humanprotein_id": 3753, "vphfpdID": "002125@5e7p_A.4"}, {"lrredund": 19.2898, "lrpepelmv": 14.9984, "hphfpdID": "007144.e56_156", "pdbset": null, "lrpepxh": -1.0, "finallr": 289.3153, "lrpepelmh": -1.0, "template": "3ej9:BE(0.57,0.58,47/111,24,30)", "viralprotein_id": 14833, "lrsm": 1.6503, "id": 71824256, "lrpepxv": -1.0, "lrredundpairs": -1.0, "humanprotein_id": 6385, "vphfpdID": "002125@5exx_A.3"}, {"lrredund": 4.2492, "lrpepelmv": -1.0, "hphfpdID": "008899", "pdbset": null, "lrpepxh": -1.0, "finallr": 149.4305, "lrpepelmh": -1.0, "template": "2qqe:BA(0.47,0.10,207/241,79,109)", "viralprotein_id": 14833, "lrsm": 35.1668, "id": 71825277, "lrpepxv": -1.0, "lrredundpairs": -1.0, "humanprotein_id": 2925, "vphfpdID": "002125@5exx_A.3"}, {"lrredund": 21.3884, "lrpepelmv": 14.0867, "hphfpdID": "016613.e122_316", "pdbset": null, "lrpepxh": -1.0, "finallr": 301.2919, "lrpepelmh": -1.0, "template": "1bmf:AG(0.58,0.56,1/50,2,1)", "viralprotein_id": 14833, "lrsm": 0.9682, "id": 71826942, "lrpepxv": -1.0, "lrredundpairs": -1.0, "humanprotein_id": 5161, "vphfpdID": "002125@5e7p_A.4"}, {"lrredund": 21.3884, "lrpepelmv": 14.9984, "hphfpdID": "016466", "pdbset": null, "lrpepxh": -1.0, "finallr": 320.7909, "lrpepelmh": -1.0, "template": "", "viralprotein_id": 14833, "lrsm": -1.0, "id": 71826996, "lrpepxv": -1.0, "lrredundpairs": 1.373, "humanprotein_id": 3727, "vphfpdID": "002125@5e7p_A.4"}, {"lrredund": 15.8699, "lrpepelmv": -1.0, "hphfpdID": "009031", "pdbset": null, "lrpepxh": -1.0, "finallr": 108.5685, "lrpepelmh": -1.0, "template": "1f3w:FH(0.59,0.01,99/302,48,61)", "viralprotein_id": 14833, "lrsm": 6.8412, "id": 71827737, "lrpepxv": -1.0, "lrredundpairs": -1.0, "humanprotein_id": 3826, "vphfpdID": "002125.d161_263@4gdf_A.2"}, {"lrredund": 4.2492, "lrpepelmv": 72.805, "hphfpdID": "000004", "pdbset": null, "lrpepxh": -1.0, "finallr": 309.3629, "lrpepelmh": -1.0, "template": "", "viralprotein_id": 14833, "lrsm": -1.0, "id": 71827871, "lrpepxv": -1.0, "lrredundpairs": -1.0, "humanprotein_id": 6298, "vphfpdID": "002125@5exx_A.3"}, {"lrredund": 3.5815, "lrpepelmv": 72.805, "hphfpdID": "000001", "pdbset": null, "lrpepxh": -1.0, "finallr": 260.751, "lrpepelmh": -1.0, "template": "", "viralprotein_id": 14833, "lrsm": -1.0, "id": 71828644, "lrpepxv": -1.0, "lrredundpairs": -1.0, "humanprotein_id": 4793, "vphfpdID": "002125@5ep0_A.2"}, {"lrredund": 21.3884, "lrpepelmv": 9.677, "hphfpdID": "001751.e1_73", "pdbset": null, "lrpepxh": -1.0, "finallr": 206.9754, "lrpepelmh": -1.0, "template": "2orv:BA(0.36,0.12,49/214,22,21)", "viralprotein_id": 14833, "lrsm": 2.7953, "id": 71829347, "lrpepxv": -1.0, "lrredundpairs": -1.0, "humanprotein_id": 5041, "vphfpdID": "002125@5e7p_A.4"}, {"lrredund": 2.0764, "lrpepelmv": 72.805, "hphfpdID": "000003", "pdbset": null, "lrpepxh": -1.0, "finallr": 151.1722, "lrpepelmh": -1.0, "template": "", "viralprotein_id": 14833, "lrsm": -1.0, "id": 71829746, "lrpepxv": -1.0, "lrredundpairs": -1.0, "humanprotein_id": 6857, "vphfpdID": "002125@1ojl_A.1"}, {"lrredund": 21.3884, "lrpepelmv": 72.805, "hphfpdID": "000006", "pdbset": null, "lrpepxh": -1.0, "finallr": 1557.181, "lrpepelmh": -1.0, "template": "", "viralprotein_id": 14833, "lrsm": -1.0, "id": 71830625, "lrpepxv": -1.0, "lrredundpairs": 1.1877, "humanprotein_id": 4514, "vphfpdID": "002125@5e7p_A.4"}, {"lrredund": 21.3884, "lrpepelmv": 72.805, "hphfpdID": "000002", "pdbset": null, "lrpepxh": -1.0, "finallr": 1557.181, "lrpepelmh": -1.0, "template": "", "viralprotein_id": 14833, "lrsm": -1.0, "id": 71830902, "lrpepxv": -1.0, "lrredundpairs": 1.1877, "humanprotein_id": 6315, "vphfpdID": "002125@5e7p_A.4"}, {"lrredund": 20.9141, "lrpepelmv": -1.0, "hphfpdID": "008378.g106_302", "pdbset": null, "lrpepxh": 5.43, "finallr": 113.5635, "lrpepelmh": -1.0, "template": "2jpp:AB(0.58,0.59,155/262,20,11)", "viralprotein_id": 14836, "lrsm": 4.5423, "id": 95158425, "lrpepxv": -1.0, "lrredundpairs": 0.7707, "humanprotein_id": 3758, "vphfpdID": "002344.d116_330@4dot_A.2"}, {"lrredund": 20.9141, "lrpepelmv": -1.0, "hphfpdID": "016730", "pdbset": null, "lrpepxh": -1.0, "finallr": 177.6693, "lrpepelmh": -1.0, "template": "2lk6:BA(0.35,0.53,132/154,41,70)", "viralprotein_id": 14836, "lrsm": 8.4952, "id": 95158642, "lrpepxv": -1.0, "lrredundpairs": 1.1877, "humanprotein_id": 6290, "vphfpdID": "002344@4q95_A.3"}, {"lrredund": 2.3588, "lrpepelmv": -1.0, "hphfpdID": "017834.e146_281", "pdbset": null, "lrpepxh": -1.0, "finallr": 146.9768, "lrpepelmh": -1.0, "template": "2zp9:AB(0.55,0.56,89/182,43,37)", "viralprotein_id": 14836, "lrsm": 4.3388, "id": 95158846, "lrpepxv": 62.31, "lrredundpairs": 0.7707, "humanprotein_id": 5361, "vphfpdID": "002344.d116_330@4dot_A.2"}, {"lrredund": 20.9141, "lrpepelmv": -1.0, "hphfpdID": "007725.d40_193", "pdbset": null, "lrpepxh": 5.43, "finallr": 113.5635, "lrpepelmh": -1.0, "template": "2xcm:FB(0.43,0.06,46/60,19,17)", "viralprotein_id": 14836, "lrsm": 2.2022, "id": 95159492, "lrpepxv": -1.0, "lrredundpairs": 0.7707, "humanprotein_id": 3138, "vphfpdID": "002344.d116_330@4dot_A.2"}, {"lrredund": 20.9141, "lrpepelmv": -1.0, "hphfpdID": "018800.e309_403", "pdbset": null, "lrpepxh": -1.0, "finallr": 128.5902, "lrpepelmh": -1.0, "template": "2lk6:AB(0.27,0.31,134/154,28,18)", "viralprotein_id": 14836, "lrsm": 6.1485, "id": 95159584, "lrpepxv": -1.0, "lrredundpairs": 0.7707, "humanprotein_id": 4109, "vphfpdID": "002344.d116_330@4dpz_X.3"}, {"lrredund": 21.3884, "lrpepelmv": 4.5877, "hphfpdID": "018111", "pdbset": null, "lrpepxh": 5.43, "finallr": 116.139, "lrpepelmh": -1.0, "template": "2jpp:AB(0.58,0.59,144/262,25,23)", "viralprotein_id": 14836, "lrsm": 2.5372, "id": 95159754, "lrpepxv": 3.84, "lrredundpairs": 1.5513, "humanprotein_id": 15404, "vphfpdID": "002344.d116_330@4dot_A.2"}, {"lrredund": 20.9141, "lrpepelmv": 14.0867, "hphfpdID": "016615.d554_715", "pdbset": null, "lrpepxh": 3.51, "finallr": 294.6106, "lrpepelmh": -1.0, "template": "", "viralprotein_id": 14836, "lrsm": -1.0, "id": 95160354, "lrpepxv": -1.0, "lrredundpairs": -1.0, "humanprotein_id": 5095, "vphfpdID": "002344@4dot_A.2"}, {"lrredund": 20.9141, "lrpepelmv": 14.0867, "hphfpdID": "016613.e557_714", "pdbset": null, "lrpepxh": -1.0, "finallr": 294.6106, "lrpepelmh": -1.0, "template": "1rpy:AB(0.60,0.60,79/97,29,21)", "viralprotein_id": 14836, "lrsm": 2.3512, "id": 95160860, "lrpepxv": -1.0, "lrredundpairs": -1.0, "humanprotein_id": 5161, "vphfpdID": "002344.d116_330@2lkt_A.1"}, {"lrredund": 19.2898, "lrpepelmv": -1.0, "hphfpdID": "016859.d83_144", "pdbset": null, "lrpepxh": 5.43, "finallr": 104.7436, "lrpepelmh": -1.0, "template": "2lk6:AB(0.35,0.60,125/154,22,16)", "viralprotein_id": 14836, "lrsm": 3.4243, "id": 95161641, "lrpepxv": -1.0, "lrredundpairs": 0.7707, "humanprotein_id": 4494, "vphfpdID": "002344@4dot_A.2"}, {"lrredund": 3.7695, "lrpepelmv": -1.0, "hphfpdID": "005521.d1_109", "pdbset": null, "lrpepxh": 7.37, "finallr": 234.8775, "lrpepelmh": -1.0, "template": "2k7i:AB(0.60,0.31,143/324,28,33)", "viralprotein_id": 14836, "lrsm": 2.6731, "id": 95162027, "lrpepxv": 62.31, "lrredundpairs": -1.0, "humanprotein_id": 18750, "vphfpdID": "002344@4dot_A.2"}, {"lrredund": 20.9141, "lrpepelmv": 4.5877, "hphfpdID": "002673", "pdbset": null, "lrpepxh": 5.22, "finallr": 109.1716, "lrpepelmh": -1.0, "template": "3kvp:EB(0.59,0.59,57/67,24,17)", "viralprotein_id": 14836, "lrsm": 2.5395, "id": 95162571, "lrpepxv": -1.0, "lrredundpairs": 1.774, "humanprotein_id": 4427, "vphfpdID": "002344.d116_330@4dot_A.2"}, {"lrredund": 20.9141, "lrpepelmv": -1.0, "hphfpdID": "007726.d35_188", "pdbset": null, "lrpepxh": 5.43, "finallr": 113.5635, "lrpepelmh": -1.0, "template": "2xcm:FB(0.43,0.04,46/60,22,19)", "viralprotein_id": 14836, "lrsm": 3.1219, "id": 95162728, "lrpepxv": -1.0, "lrredundpairs": 0.7707, "humanprotein_id": 3176, "vphfpdID": "002344.d116_330@4dot_A.2"}, {"lrredund": 20.9141, "lrpepelmv": -1.0, "hphfpdID": "005158", "pdbset": null, "lrpepxh": 5.22, "finallr": 109.1716, "lrpepelmh": -1.0, "template": "3kvp:EB(0.58,0.52,60/67,22,21)", "viralprotein_id": 14836, "lrsm": 2.5395, "id": 95162739, "lrpepxv": -1.0, "lrredundpairs": 1.5513, "humanprotein_id": 2711, "vphfpdID": "002344@4dot_A.2"}, {"lrredund": 1.7951, "lrpepelmv": 0.0, "hphfpdID": "005999.e835_927", "pdbset": null, "lrpepxh": -1.0, "finallr": 111.8526, "lrpepelmh": -1.0, "template": "2l9h:CA(0.54,0.58,57/141,23,15)", "viralprotein_id": 14836, "lrsm": 1.6503, "id": 95162783, "lrpepxv": 62.31, "lrredundpairs": -1.0, "humanprotein_id": 11443, "vphfpdID": "002344.d116_330@2lkt_A.1"}, {"lrredund": 21.3884, "lrpepelmv": -1.0, "hphfpdID": "016869.d56_203", "pdbset": null, "lrpepxh": -1.0, "finallr": 116.139, "lrpepelmh": -1.0, "template": "1axd:BA(0.38,0.18,54/134,24,21)", "viralprotein_id": 14836, "lrsm": 3.1219, "id": 95162879, "lrpepxv": 5.43, "lrredundpairs": -1.0, "humanprotein_id": 4495, "vphfpdID": "002344.d116_330@4dot_A.2"}, {"lrredund": 20.9141, "lrpepelmv": 4.5877, "hphfpdID": "007227.d178_339", "pdbset": null, "lrpepxh": 5.22, "finallr": 109.1716, "lrpepelmh": -1.0, "template": "1o7y:AB(0.59,0.56,64/74,19,16)", "viralprotein_id": 14836, "lrsm": 1.9487, "id": 95163369, "lrpepxv": -1.0, "lrredundpairs": 1.5513, "humanprotein_id": 5539, "vphfpdID": "002344.d116_330@4dot_A.2"}, {"lrredund": 20.9141, "lrpepelmv": -1.0, "hphfpdID": "006178.e462_515", "pdbset": null, "lrpepxh": 7.37, "finallr": 154.1369, "lrpepelmh": -1.0, "template": "2jpp:AB(0.58,0.16,145/262,42,71)", "viralprotein_id": 14836, "lrsm": 6.3361, "id": 95163469, "lrpepxv": 3.84, "lrredundpairs": 0.7707, "humanprotein_id": 2856, "vphfpdID": "002344.d116_330@4dot_A.2"}, {"lrredund": 20.9141, "lrpepelmv": -1.0, "hphfpdID": "005354.e1664_1728", "pdbset": null, "lrpepxh": -1.0, "finallr": 113.5635, "lrpepelmh": -1.0, "template": "2pvx:GB(0.42,0.32,59/60,21,34)", "viralprotein_id": 14836, "lrsm": 3.1848, "id": 95163941, "lrpepxv": 5.43, "lrredundpairs": -1.0, "humanprotein_id": 7033, "vphfpdID": "002344.d116_330@4dpz_X.3"}, {"lrredund": 1.7951, "lrpepelmv": -1.0, "hphfpdID": "014110", "pdbset": null, "lrpepxh": 2.59, "finallr": 111.8526, "lrpepelmh": -1.0, "template": "2lk6:BA(0.36,0.57,140/154,25,15)", "viralprotein_id": 14836, "lrsm": 3.4243, "id": 95164190, "lrpepxv": 62.31, "lrredundpairs": 1.373, "humanprotein_id": 10710, "vphfpdID": "002344@4dot_A.2"}, {"lrredund": 1.7951, "lrpepelmv": -1.0, "hphfpdID": "005292.d1_108", "pdbset": null, "lrpepxh": 7.37, "finallr": 111.8526, "lrpepelmh": -1.0, "template": "2k7i:AB(0.60,0.39,143/324,26,26)", "viralprotein_id": 14836, "lrsm": 2.6731, "id": 95164258, "lrpepxv": 62.31, "lrredundpairs": -1.0, "humanprotein_id": 12504, "vphfpdID": "002344@4dot_A.2"}, {"lrredund": 3.124, "lrpepelmv": 4.5877, "hphfpdID": "016486.d51_222", "pdbset": null, "lrpepxh": 5.43, "finallr": 194.6564, "lrpepelmh": -1.0, "template": "3kvp:EB(0.59,0.38,59/67,21,14)", "viralprotein_id": 14836, "lrsm": 2.6756, "id": 95164829, "lrpepxv": 62.31, "lrredundpairs": 1.774, "humanprotein_id": 6479, "vphfpdID": "002344.d116_330@4dot_A.2"}, {"lrredund": 3.7695, "lrpepelmv": -1.0, "hphfpdID": "001067.d939_1081", "pdbset": null, "lrpepxh": 3.84, "finallr": 234.8775, "lrpepelmh": -1.0, "template": "1xcg:EA(0.58,0.00,53/66,23,9)", "viralprotein_id": 14836, "lrsm": 4.804, "id": 95164839, "lrpepxv": 62.31, "lrredundpairs": 1.1877, "humanprotein_id": 1249, "vphfpdID": "002344@4dot_A.2"}, {"lrredund": 20.9141, "lrpepelmv": 9.677, "hphfpdID": "001751.e1_73", "pdbset": null, "lrpepxh": -1.0, "finallr": 202.3856, "lrpepelmh": -1.0, "template": "2k7i:BA(0.43,0.58,135/324,30,26)", "viralprotein_id": 14836, "lrsm": 2.5372, "id": 95165250, "lrpepxv": -1.0, "lrredundpairs": 0.7707, "humanprotein_id": 5041, "vphfpdID": "002344.d116_330@4dpz_X.3"}, {"lrredund": 3.7695, "lrpepelmv": -1.0, "hphfpdID": "018962", "pdbset": null, "lrpepxh": -1.0, "finallr": 234.8775, "lrpepelmh": -1.0, "template": "", "viralprotein_id": 14836, "lrsm": -1.0, "id": 95166189, "lrpepxv": 62.31, "lrredundpairs": 1.1877, "humanprotein_id": 14000, "vphfpdID": "002344@4dot_A.2"}, {"lrredund": 3.7695, "lrpepelmv": 14.3222, "hphfpdID": "001184.e945_1006", "pdbset": null, "lrpepxh": -1.0, "finallr": 128.2794, "lrpepelmh": -1.0, "template": "2w10:BA(0.47,0.13,60/81,42,44)", "viralprotein_id": 14836, "lrsm": 34.0309, "id": 95166801, "lrpepxv": -1.0, "lrredundpairs": 0.7707, "humanprotein_id": 1422, "vphfpdID": "002344@4q95_A.3"}, {"lrredund": 20.9141, "lrpepelmv": -1.0, "hphfpdID": "010507.e200_298", "pdbset": null, "lrpepxh": 7.37, "finallr": 154.1369, "lrpepelmh": -1.0, "template": "4e86:LH(0.21,0.18,4/7,2,0)", "viralprotein_id": 14836, "lrsm": 5.4987, "id": 95166868, "lrpepxv": -1.0, "lrredundpairs": 1.1877, "humanprotein_id": 4475, "vphfpdID": "002344@4dot_A.2"}, {"lrredund": 20.9141, "lrpepelmv": -1.0, "hphfpdID": "001154.e176_349", "pdbset": null, "lrpepxh": -1.0, "finallr": 113.5635, "lrpepelmh": -1.0, "template": "2k7i:BA(0.43,0.24,64/324,15,10)", "viralprotein_id": 14836, "lrsm": 1.9308, "id": 95168275, "lrpepxv": 5.43, "lrredundpairs": -1.0, "humanprotein_id": 4803, "vphfpdID": "002344.d116_330@4dpz_X.3"}, {"lrredund": 20.9141, "lrpepelmv": -1.0, "hphfpdID": "011519.e1_119", "pdbset": null, "lrpepxh": -1.0, "finallr": 171.6559, "lrpepelmh": -1.0, "template": "2p1b:HI(0.55,0.01,87/116,42,44)", "viralprotein_id": 14836, "lrsm": 8.2077, "id": 95168475, "lrpepxv": -1.0, "lrredundpairs": -1.0, "humanprotein_id": 3074, "vphfpdID": "002344.d116_330@4dot_A.2"}, {"lrredund": 20.9141, "lrpepelmv": 22.0743, "hphfpdID": "016466.e85_146", "pdbset": null, "lrpepxh": -1.0, "finallr": 461.6652, "lrpepelmh": -1.0, "template": "2gnc:AB(0.55,0.05,41/41,21,14)", "viralprotein_id": 14836, "lrsm": 4.804, "id": 95168776, "lrpepxv": 2.59, "lrredundpairs": 1.5513, "humanprotein_id": 3727, "vphfpdID": "002344@2lkt_A.1"}, {"lrredund": 20.9141, "lrpepelmv": -1.0, "hphfpdID": "007197.g404_654", "pdbset": null, "lrpepxh": 5.43, "finallr": 113.5635, "lrpepelmh": -1.0, "template": "3kvp:EB(0.58,0.52,60/67,23,16)", "viralprotein_id": 14836, "lrsm": 2.5395, "id": 95168825, "lrpepxv": 2.59, "lrredundpairs": 0.7707, "humanprotein_id": 3620, "vphfpdID": "002344@4dot_A.2"}, {"lrredund": 21.3884, "lrpepelmv": -1.0, "hphfpdID": "009492.e120_224", "pdbset": null, "lrpepxh": 5.43, "finallr": 116.139, "lrpepelmh": -1.0, "template": "2lk6:AB(0.35,0.56,126/154,21,12)", "viralprotein_id": 14836, "lrsm": 3.4243, "id": 95169014, "lrpepxv": 3.84, "lrredundpairs": 1.1877, "humanprotein_id": 13229, "vphfpdID": "002344@4dot_A.2"}, {"lrredund": 3.7695, "lrpepelmv": -1.0, "hphfpdID": "012780", "pdbset": null, "lrpepxh": -1.0, "finallr": 234.8775, "lrpepelmh": -1.0, "template": "", "viralprotein_id": 14836, "lrsm": -1.0, "id": 95169781, "lrpepxv": 62.31, "lrredundpairs": -1.0, "humanprotein_id": 6995, "vphfpdID": "002344@4dot_A.2"}, {"lrredund": 20.9141, "lrpepelmv": -1.0, "hphfpdID": "012444.e95_323", "pdbset": null, "lrpepxh": -1.0, "finallr": 113.5635, "lrpepelmh": -1.0, "template": "3aqd:RQ(0.43,0.57,75/92,12,7)", "viralprotein_id": 14836, "lrsm": 2.0531, "id": 95170008, "lrpepxv": 5.43, "lrredundpairs": 1.1877, "humanprotein_id": 2955, "vphfpdID": "002344.d116_330@4dpz_X.3"}, {"lrredund": 3.7695, "lrpepelmv": -1.0, "hphfpdID": "004626", "pdbset": null, "lrpepxh": -1.0, "finallr": 234.8775, "lrpepelmh": -1.0, "template": "", "viralprotein_id": 14836, "lrsm": -1.0, "id": 95170716, "lrpepxv": 62.31, "lrredundpairs": -1.0, "humanprotein_id": 1798, "vphfpdID": "002344@2lkt_A.1"}, {"lrredund": 1.7951, "lrpepelmv": -1.0, "hphfpdID": "004295.e1_234", "pdbset": null, "lrpepxh": -1.0, "finallr": 111.8526, "lrpepelmh": -1.0, "template": "2bnn:AB(0.27,0.32,15/198,8,5)", "viralprotein_id": 14836, "lrsm": 1.8315, "id": 95170786, "lrpepxv": 62.31, "lrredundpairs": 0.7707, "humanprotein_id": 19622, "vphfpdID": "002344.d116_330@2lkt_A.1"}, {"lrredund": 21.3884, "lrpepelmv": -1.0, "hphfpdID": "002626", "pdbset": null, "lrpepxh": -1.0, "finallr": 128.3451, "lrpepelmh": -1.0, "template": "3skj:FM(0.21,0.08,19/20,8,4)", "viralprotein_id": 14836, "lrsm": 6.0007, "id": 95171482, "lrpepxv": 5.43, "lrredundpairs": 15.8699, "humanprotein_id": 2804, "vphfpdID": "002344.d116_330@4dot_A.2"}, {"lrredund": 20.9141, "lrpepelmv": -1.0, "hphfpdID": "005567.d200_296", "pdbset": null, "lrpepxh": -1.0, "finallr": 113.5635, "lrpepelmh": -1.0, "template": "4f7u:AP(0.48,0.28,74/91,31,35)", "viralprotein_id": 14836, "lrsm": 2.9486, "id": 95171761, "lrpepxv": 5.43, "lrredundpairs": 20.9141, "humanprotein_id": 3874, "vphfpdID": "002344.d116_330@4dpz_X.3"}, {"lrredund": 19.2898, "lrpepelmv": -1.0, "hphfpdID": "013899.g1_173", "pdbset": null, "lrpepxh": 3.84, "finallr": 104.7436, "lrpepelmh": -1.0, "template": "2lk5:AB(0.38,0.38,124/132,26,35)", "viralprotein_id": 14836, "lrsm": 4.0761, "id": 95172741, "lrpepxv": 5.43, "lrredundpairs": 0.7707, "humanprotein_id": 1240, "vphfpdID": "002344.d116_330@4dot_A.2"}, {"lrredund": 20.9141, "lrpepelmv": 9.4001, "hphfpdID": "001509.e1_53", "pdbset": null, "lrpepxh": -1.0, "finallr": 250.8713, "lrpepelmh": -1.0, "template": "2idh:BA(0.27,0.06,42/45,21,31)", "viralprotein_id": 14836, "lrsm": 11.9953, "id": 95173479, "lrpepxv": -1.0, "lrredundpairs": 20.9141, "humanprotein_id": 2598, "vphfpdID": "002344.d116_330@4q95_A.4"}, {"lrredund": 3.7695, "lrpepelmv": 22.0743, "hphfpdID": "002585.d111_165", "pdbset": null, "lrpepxh": -1.0, "finallr": 128.2794, "lrpepelmh": -1.0, "template": "2w10:BA(0.47,0.09,56/81,41,42)", "viralprotein_id": 14836, "lrsm": 34.0309, "id": 95173746, "lrpepxv": -1.0, "lrredundpairs": 0.7707, "humanprotein_id": 19757, "vphfpdID": "002344@4q95_A.3"}, {"lrredund": 2.3588, "lrpepelmv": -1.0, "hphfpdID": "015071", "pdbset": null, "lrpepxh": -1.0, "finallr": 108.4487, "lrpepelmh": -1.0, "template": "3s6n:GE(0.36,0.02,87/104,42,65)", "viralprotein_id": 14836, "lrsm": 45.9762, "id": 95174065, "lrpepxv": -1.0, "lrredundpairs": 2.3588, "humanprotein_id": 6322, "vphfpdID": "002344.d116_330@4dpz_X.3"}, {"lrredund": 20.9141, "lrpepelmv": 22.0743, "hphfpdID": "007144", "pdbset": null, "lrpepxh": 13.23, "finallr": 461.6652, "lrpepelmh": -1.0, "template": "1gri:BA(0.52,0.00,103/245,57,53)", "viralprotein_id": 14836, "lrsm": 8.2077, "id": 95174079, "lrpepxv": -1.0, "lrredundpairs": 20.9141, "humanprotein_id": 6385, "vphfpdID": "002344.d116_330@4dot_A.2"}, {"lrredund": 21.3884, "lrpepelmv": 22.0743, "hphfpdID": "001060.e180_274", "pdbset": null, "lrpepxh": 13.23, "finallr": 472.1351, "lrpepelmh": -1.0, "template": "3bw1:AB(0.44,0.28,80/189,45,49)", "viralprotein_id": 14836, "lrsm": 5.4412, "id": 95174456, "lrpepxv": -1.0, "lrredundpairs": 0.7707, "humanprotein_id": 17652, "vphfpdID": "002344.d116_330@4dot_A.2"}, {"lrredund": 1.7092, "lrpepelmv": -1.0, "hphfpdID": "006230.e1_283", "pdbset": null, "lrpepxh": -1.0, "finallr": 106.5002, "lrpepelmh": -1.0, "template": "3nmz:CA(0.58,0.32,44/138,23,21)", "viralprotein_id": 14836, "lrsm": 1.5568, "id": 95174611, "lrpepxv": 62.31, "lrredundpairs": 0.7707, "humanprotein_id": 2506, "vphfpdID": "002344@4dot_A.2"}, {"lrredund": 1.7092, "lrpepelmv": -1.0, "hphfpdID": "010286.e600_659", "pdbset": null, "lrpepxh": -1.0, "finallr": 106.5002, "lrpepelmh": -1.0, "template": "2yho:CA(0.52,0.06,67/98,26,43)", "viralprotein_id": 14836, "lrsm": 3.109, "id": 95174929, "lrpepxv": 62.31, "lrredundpairs": -1.0, "humanprotein_id": 9372, "vphfpdID": "002344.d116_330@4dot_A.2"}, {"lrredund": 20.9141, "lrpepelmv": -1.0, "hphfpdID": "005478.d350_517", "pdbset": null, "lrpepxh": 7.37, "finallr": 154.1369, "lrpepelmh": -1.0, "template": "4ji7:FO(0.52,0.57,2/2,2,1)", "viralprotein_id": 14836, "lrsm": 1.2704, "id": 95175357, "lrpepxv": -1.0, "lrredundpairs": 0.7707, "humanprotein_id": 2880, "vphfpdID": "002344.d116_330@4dot_A.2"}, {"lrredund": 20.9141, "lrpepelmv": -1.0, "hphfpdID": "004076", "pdbset": null, "lrpepxh": -1.0, "finallr": 113.7978, "lrpepelmh": -1.0, "template": "1i7x:DC(0.59,0.08,99/230,41,40)", "viralprotein_id": 14836, "lrsm": 5.4412, "id": 95175593, "lrpepxv": -1.0, "lrredundpairs": -1.0, "humanprotein_id": 4894, "vphfpdID": "002344.d116_330@4q95_A.4"}, {"lrredund": -1.0, "lrpepelmv": 201.9336, "hphfpdID": "000003", "pdbset": null, "lrpepxh": -1.0, "finallr": 201.9336, "lrpepelmh": -1.0, "template": "4hwh:EA(0.48,0.45,39/42,21,20)", "viralprotein_id": 14838, "lrsm": 2.6756, "id": 45883686, "lrpepxv": -1.0, "lrredundpairs": -1.0, "humanprotein_id": 6857, "vphfpdID": "002130.g419_510@2b43_A.1"}, {"lrredund": -1.0, "lrpepelmv": 201.9336, "hphfpdID": "000005", "pdbset": null, "lrpepxh": -1.0, "finallr": 201.9336, "lrpepelmh": -1.0, "template": "3rq9:BA(0.54,0.53,70/84,13,0)", "viralprotein_id": 14838, "lrsm": 1.9487, "id": 45884267, "lrpepxv": -1.0, "lrredundpairs": -1.0, "humanprotein_id": 4794, "vphfpdID": "002130.g419_510@2b43_A.1"}, {"lrredund": -1.0, "lrpepelmv": 201.9336, "hphfpdID": "000002", "pdbset": null, "lrpepxh": -1.0, "finallr": 201.9336, "lrpepelmh": -1.0, "template": "1nvo:AB(0.56,0.49,109/157,41,59)", "viralprotein_id": 14838, "lrsm": 4.3388, "id": 45884281, "lrpepxv": -1.0, "lrredundpairs": -1.0, "humanprotein_id": 6315, "vphfpdID": "002130.g419_510@3h5y_A.2"}, {"lrredund": -1.0, "lrpepelmv": 201.9336, "hphfpdID": "000006", "pdbset": null, "lrpepxh": -1.0, "finallr": 201.9336, "lrpepelmh": -1.0, "template": "", "viralprotein_id": 14838, "lrsm": -1.0, "id": 45885497, "lrpepxv": -1.0, "lrredundpairs": -1.0, "humanprotein_id": 4514, "vphfpdID": "002130@3h5y_A.2"}, {"lrredund": -1.0, "lrpepelmv": 201.9336, "hphfpdID": "000001", "pdbset": null, "lrpepxh": -1.0, "finallr": 201.9336, "lrpepelmh": -1.0, "template": "4a5x:AB(0.55,0.46,37/43,24,24)", "viralprotein_id": 14838, "lrsm": 2.5395, "id": 45885792, "lrpepxv": -1.0, "lrredundpairs": -1.0, "humanprotein_id": 4793, "vphfpdID": "002130.g419_510@3h5y_A.2"}, {"lrredund": -1.0, "lrpepelmv": 201.9336, "hphfpdID": "000007", "pdbset": null, "lrpepxh": -1.0, "finallr": 201.9336, "lrpepelmh": -1.0, "template": "4a5x:AB(0.46,0.45,40/43,25,23)", "viralprotein_id": 14838, "lrsm": 2.6756, "id": 45885857, "lrpepxv": -1.0, "lrredundpairs": -1.0, "humanprotein_id": 6393, "vphfpdID": "002130.g419_510@1sh3_A.3"}, {"lrredund": -1.0, "lrpepelmv": -1.0, "hphfpdID": "010427.e77_171", "pdbset": null, "lrpepxh": -1.0, "finallr": 113.0937, "lrpepelmh": -1.0, "template": "1wdc:AB(0.11,0.07,88/164,44,46)", "viralprotein_id": 14838, "lrsm": 113.0937, "id": 45886960, "lrpepxv": -1.0, "lrredundpairs": -1.0, "humanprotein_id": 4102, "vphfpdID": "002130.g1_159@2b43_A.3"}, {"lrredund": -1.0, "lrpepelmv": 201.9336, "hphfpdID": "000004", "pdbset": null, "lrpepxh": -1.0, "finallr": 201.9336, "lrpepelmh": -1.0, "template": "2rld:CD(0.49,0.47,44/51,22,23)", "viralprotein_id": 14838, "lrsm": 2.6756, "id": 45888268, "lrpepxv": -1.0, "lrredundpairs": -1.0, "humanprotein_id": 6298, "vphfpdID": "002130.g419_510@1sh3_A.3"}, {"lrredund": -1.0, "lrpepelmv": -1.0, "hphfpdID": "010428.e78_172", "pdbset": null, "lrpepxh": -1.0, "finallr": 113.0937, "lrpepelmh": -1.0, "template": "1wdc:AB(0.11,0.07,88/164,44,46)", "viralprotein_id": 14838, "lrsm": 113.0937, "id": 45892079, "lrpepxv": -1.0, "lrredundpairs": -1.0, "humanprotein_id": 1193, "vphfpdID": "002130.g1_159@2b43_A.3"}, {"lrredund": -1.0, "lrpepelmv": -1.0, "hphfpdID": "010861", "pdbset": null, "lrpepxh": -1.0, "finallr": 113.0937, "lrpepelmh": -1.0, "template": "1wdc:AB(0.11,0.05,88/164,42,46)", "viralprotein_id": 14838, "lrsm": 113.0937, "id": 45892428, "lrpepxv": -1.0, "lrredundpairs": -1.0, "humanprotein_id": 4421, "vphfpdID": "002130.g1_159@2b43_A.3"}, {"lrredund": 4.2492, "lrpepelmv": -1.0, "hphfpdID": "001026", "pdbset": null, "lrpepxh": -1.0, "finallr": 107.2347, "lrpepelmh": -1.0, "template": "1ym7:BA(0.16,0.02,3/60,4,3)", "viralprotein_id": 14831, "lrsm": 25.2364, "id": 17858042, "lrpepxv": -1.0, "lrredundpairs": 0.7707, "humanprotein_id": 4437, "vphfpdID": "002342.e1_302@4oos_A.6"}, {"lrredund": 20.9141, "lrpepelmv": 137.2032, "hphfpdID": "000006", "pdbset": null, "lrpepxh": -1.0, "finallr": 2869.483, "lrpepelmh": -1.0, "template": "2lrl:DC(0.60,0.40,31/58,13,12)", "viralprotein_id": 14831, "lrsm": 1.2265, "id": 17858572, "lrpepxv": -1.0, "lrredundpairs": -1.0, "humanprotein_id": 4514, "vphfpdID": "002342@2gh8_A.2"}, {"lrredund": 21.3884, "lrpepelmv": 20.1497, "hphfpdID": "008378.d463_902", "pdbset": null, "lrpepxh": -1.0, "finallr": 430.9707, "lrpepelmh": -1.0, "template": "4ksn:DC(0.50,0.42,64/127,10,5)", "viralprotein_id": 14831, "lrsm": 1.5595, "id": 17858797, "lrpepxv": -1.0, "lrredundpairs": -1.0, "humanprotein_id": 3758, "vphfpdID": "002342.e275_540@4opo_A.1"}, {"lrredund": 1.2535, "lrpepelmv": -1.0, "hphfpdID": "013747", "pdbset": null, "lrpepxh": -1.0, "finallr": 124.3505, "lrpepelmh": -1.0, "template": "3une:ZN(0.08,0.01,1/205,2,1)", "viralprotein_id": 14831, "lrsm": 99.2027, "id": 17859232, "lrpepxv": -1.0, "lrredundpairs": -1.0, "humanprotein_id": 4548, "vphfpdID": "002342.e1_302@4oos_A.6"}, {"lrredund": 21.3884, "lrpepelmv": -1.0, "hphfpdID": "016859.d83_144", "pdbset": null, "lrpepxh": -1.0, "finallr": 117.6084, "lrpepelmh": -1.0, "template": "2bps:BA(0.13,0.25,35/67,11,4)", "viralprotein_id": 14831, "lrsm": 5.4987, "id": 17859469, "lrpepxv": -1.0, "lrredundpairs": -1.0, "humanprotein_id": 4494, "vphfpdID": "002342.e1_302@3sej_A.4"}, {"lrredund": 4.2492, "lrpepelmv": 137.2032, "hphfpdID": "000001", "pdbset": null, "lrpepxh": -1.0, "finallr": 583.0042, "lrpepelmh": -1.0, "template": "", "viralprotein_id": 14831, "lrsm": -1.0, "id": 17860044, "lrpepxv": -1.0, "lrredundpairs": -1.0, "humanprotein_id": 4793, "vphfpdID": "002342@4ejr_A.5"}, {"lrredund": 19.2898, "lrpepelmv": -1.0, "hphfpdID": "016448", "pdbset": null, "lrpepxh": -1.0, "finallr": 3261.861, "lrpepelmh": -1.0, "template": "2ktr:BA(0.09,0.01,44/66,22,38)", "viralprotein_id": 14831, "lrsm": 169.0977, "id": 17860149, "lrpepxv": -1.0, "lrredundpairs": 0.7707, "humanprotein_id": 7393, "vphfpdID": "002342.e1_302@3sej_A.4"}, {"lrredund": 20.9141, "lrpepelmv": 15.8041, "hphfpdID": "016466.e85_146", "pdbset": null, "lrpepxh": -1.0, "finallr": 330.5284, "lrpepelmh": -1.0, "template": "2wzr:31(0.39,0.49,78/522,41,51)", "viralprotein_id": 14831, "lrsm": 3.8101, "id": 17860402, "lrpepxv": -1.0, "lrredundpairs": -1.0, "humanprotein_id": 3727, "vphfpdID": "002342@2gh8_A.2"}, {"lrredund": 19.2898, "lrpepelmv": 15.8041, "hphfpdID": "016615.d116_248", "pdbset": null, "lrpepxh": -1.0, "finallr": 304.8578, "lrpepelmh": -1.0, "template": "1gn4:CA(0.50,0.10,4/215,6,4)", "viralprotein_id": 14831, "lrsm": 1.8315, "id": 17860509, "lrpepxv": -1.0, "lrredundpairs": -1.0, "humanprotein_id": 5095, "vphfpdID": "002342@4pb6_A.6"}, {"lrredund": 2.3254, "lrpepelmv": 52.8828, "hphfpdID": "000906.e751_863", "pdbset": null, "lrpepxh": -1.0, "finallr": 122.9736, "lrpepelmh": -1.0, "template": "3cnk:AB(0.42,0.36,94/100,26,16)", "viralprotein_id": 14831, "lrsm": 2.9486, "id": 17860728, "lrpepxv": -1.0, "lrredundpairs": -1.0, "humanprotein_id": 2586, "vphfpdID": "002342@2gh8_A.2"}, {"lrredund": 1.2535, "lrpepelmv": -1.0, "hphfpdID": "000020.e204_335", "pdbset": null, "lrpepxh": -1.0, "finallr": 124.3505, "lrpepelmh": -1.0, "template": "1a6a:AB(0.07,0.03,5/274,6,5)", "viralprotein_id": 14831, "lrsm": 99.2027, "id": 17860748, "lrpepxv": -1.0, "lrredundpairs": -1.0, "humanprotein_id": 7027, "vphfpdID": "002342.e1_302@3sej_A.4"}, {"lrredund": 21.3884, "lrpepelmv": -1.0, "hphfpdID": "018800.d596_685", "pdbset": null, "lrpepxh": -1.0, "finallr": 128.3451, "lrpepelmh": -1.0, "template": "3v7a:BG(0.07,0.24,34/37,11,10)", "viralprotein_id": 14831, "lrsm": 6.0007, "id": 17861020, "lrpepxv": -1.0, "lrredundpairs": 0.7707, "humanprotein_id": 4109, "vphfpdID": "002342.e275_540@3sej_A.3"}, {"lrredund": 21.3884, "lrpepelmv": 4.8045, "hphfpdID": "018111", "pdbset": null, "lrpepxh": -1.0, "finallr": 102.7615, "lrpepelmh": -1.0, "template": "", "viralprotein_id": 14831, "lrsm": -1.0, "id": 17861500, "lrpepxv": -1.0, "lrredundpairs": -1.0, "humanprotein_id": 15404, "vphfpdID": "002342@3j1p_A.4"}, {"lrredund": 4.2492, "lrpepelmv": -1.0, "hphfpdID": "011266.e244_350", "pdbset": null, "lrpepxh": -1.0, "finallr": 107.2347, "lrpepelmh": -1.0, "template": "3jv6:CA(0.13,0.03,18/50,5,3)", "viralprotein_id": 14831, "lrsm": 25.2364, "id": 17861556, "lrpepxv": -1.0, "lrredundpairs": -1.0, "humanprotein_id": 4137, "vphfpdID": "002342.e1_302@4oos_A.6"}, {"lrredund": 20.9141, "lrpepelmv": 15.8041, "hphfpdID": "007144.e151_217", "pdbset": null, "lrpepxh": -1.0, "finallr": 330.5284, "lrpepelmh": -1.0, "template": "2lk6:BA(0.53,0.46,138/154,28,31)", "viralprotein_id": 14831, "lrsm": 3.4243, "id": 17861810, "lrpepxv": -1.0, "lrredundpairs": -1.0, "humanprotein_id": 6385, "vphfpdID": "002342.e275_540@4opo_A.1"}, {"lrredund": 4.2492, "lrpepelmv": 32.9939, "hphfpdID": "017283", "pdbset": null, "lrpepxh": -1.0, "finallr": 140.1976, "lrpepelmh": -1.0, "template": "", "viralprotein_id": 14831, "lrsm": -1.0, "id": 17861866, "lrpepxv": -1.0, "lrredundpairs": -1.0, "humanprotein_id": 5846, "vphfpdID": "002342@3m8l_A.3"}, {"lrredund": 21.3884, "lrpepelmv": -1.0, "hphfpdID": "002673.d115_219", "pdbset": null, "lrpepxh": -1.0, "finallr": 117.6084, "lrpepelmh": -1.0, "template": "1hz6:BC(0.13,0.25,23/54,12,14)", "viralprotein_id": 14831, "lrsm": 5.4987, "id": 17862215, "lrpepxv": -1.0, "lrredundpairs": 0.7707, "humanprotein_id": 4427, "vphfpdID": "002342.e1_302@4oos_A.6"}, {"lrredund": 15.8699, "lrpepelmv": 9.3373, "hphfpdID": "001349.d2679_3055", "pdbset": null, "lrpepxh": -1.0, "finallr": 148.1822, "lrpepelmh": -1.0, "template": "4eaj:AB(0.52,0.46,31/144,10,7)", "viralprotein_id": 14831, "lrsm": 1.02, "id": 17862452, "lrpepxv": -1.0, "lrredundpairs": -1.0, "humanprotein_id": 7312, "vphfpdID": "002342@3j1p_A.4"}, {"lrredund": 19.2898, "lrpepelmv": 14.2424, "hphfpdID": "001751.e1_73", "pdbset": null, "lrpepxh": -1.0, "finallr": 274.7339, "lrpepelmh": -1.0, "template": "2cjs:AC(0.50,0.34,44/134,22,17)", "viralprotein_id": 14831, "lrsm": 1.5568, "id": 17862742, "lrpepxv": -1.0, "lrredundpairs": -1.0, "humanprotein_id": 5041, "vphfpdID": "002342@3m8l_A.3"}, {"lrredund": 19.2898, "lrpepelmv": 15.8041, "hphfpdID": "016613.e316_567", "pdbset": null, "lrpepxh": -1.0, "finallr": 304.8578, "lrpepelmh": -1.0, "template": "1kiu:GA(0.54,0.50,55/66,23,10)", "viralprotein_id": 14831, "lrsm": 2.5395, "id": 17863494, "lrpepxv": -1.0, "lrredundpairs": -1.0, "humanprotein_id": 5161, "vphfpdID": "002342@4ejr_A.5"}, {"lrredund": 21.3884, "lrpepelmv": -1.0, "hphfpdID": "001452", "pdbset": null, "lrpepxh": -1.0, "finallr": 649.013, "lrpepelmh": -1.0, "template": "4f7m:AE(0.18,0.01,13/27,9,4)", "viralprotein_id": 14831, "lrsm": 30.3442, "id": 17864139, "lrpepxv": -1.0, "lrredundpairs": 0.7707, "humanprotein_id": 6282, "vphfpdID": "002342.e1_302@3sej_A.4"}, {"lrredund": 1.2535, "lrpepelmv": -1.0, "hphfpdID": "000014.e204_335", "pdbset": null, "lrpepxh": -1.0, "finallr": 124.3505, "lrpepelmh": -1.0, "template": "1a6a:AB(0.07,0.02,5/274,6,5)", "viralprotein_id": 14831, "lrsm": 99.2027, "id": 17864269, "lrpepxv": -1.0, "lrredundpairs": -1.0, "humanprotein_id": 7027, "vphfpdID": "002342.e1_302@3sej_A.4"}, {"lrredund": 1.2535, "lrpepelmv": -1.0, "hphfpdID": "018236.d124_217", "pdbset": null, "lrpepxh": -1.0, "finallr": 149.5184, "lrpepelmh": -1.0, "template": "2es3:AB(0.09,0.01,27/56,16,21)", "viralprotein_id": 14831, "lrsm": 119.2807, "id": 17864428, "lrpepxv": -1.0, "lrredundpairs": 0.7707, "humanprotein_id": 3151, "vphfpdID": "002342.e1_302@4oos_A.6"}, {"lrredund": 21.3884, "lrpepelmv": -1.0, "hphfpdID": "018500", "pdbset": null, "lrpepxh": -1.0, "finallr": 166.727, "lrpepelmh": -1.0, "template": "2ktr:BA(0.09,0.28,43/66,23,41)", "viralprotein_id": 14831, "lrsm": 7.7952, "id": 17864579, "lrpepxv": -1.0, "lrredundpairs": -1.0, "humanprotein_id": 3463, "vphfpdID": "002342.e1_302@3sej_A.4"}, {"lrredund": 1.0145, "lrpepelmv": -1.0, "hphfpdID": "013750", "pdbset": null, "lrpepxh": -1.0, "finallr": 100.6411, "lrpepelmh": -1.0, "template": "3une:ZN(0.08,0.02,1/205,2,1)", "viralprotein_id": 14831, "lrsm": 99.2027, "id": 17864636, "lrpepxv": -1.0, "lrredundpairs": -1.0, "humanprotein_id": 4542, "vphfpdID": "002342.e1_302@4oos_A.6"}, {"lrredund": 4.2492, "lrpepelmv": -1.0, "hphfpdID": "005319", "pdbset": null, "lrpepxh": -1.0, "finallr": 107.2347, "lrpepelmh": -1.0, "template": "1ebg:AB(0.11,0.03,14/231,14,14)", "viralprotein_id": 14831, "lrsm": 25.2364, "id": 17864725, "lrpepxv": -1.0, "lrredundpairs": -1.0, "humanprotein_id": 3069, "vphfpdID": "002342.e1_302@3sej_A.4"}, {"lrredund": 20.9141, "lrpepelmv": 137.2032, "hphfpdID": "000007", "pdbset": null, "lrpepxh": -1.0, "finallr": 2869.483, "lrpepelmh": -1.0, "template": "", "viralprotein_id": 14831, "lrsm": -1.0, "id": 17865270, "lrpepxv": -1.0, "lrredundpairs": -1.0, "humanprotein_id": 6393, "vphfpdID": "002342@4pb6_A.6"}, {"lrredund": 20.9141, "lrpepelmv": -1.0, "hphfpdID": "005158.d818_927", "pdbset": null, "lrpepxh": -1.0, "finallr": 2074.734, "lrpepelmh": -1.0, "template": "4lrm:ED(0.08,0.02,1/111,2,1)", "viralprotein_id": 14831, "lrsm": 99.2027, "id": 17865407, "lrpepxv": -1.0, "lrredundpairs": 0.7707, "humanprotein_id": 2711, "vphfpdID": "002342.e1_302@3sej_A.4"}, {"lrredund": 2.3254, "lrpepelmv": 137.2032, "hphfpdID": "000005", "pdbset": null, "lrpepxh": -1.0, "finallr": 319.0525, "lrpepelmh": -1.0, "template": "2lrk:DA(0.57,0.47,24/54,6,2)", "viralprotein_id": 14831, "lrsm": 1.1641, "id": 17865530, "lrpepxv": -1.0, "lrredundpairs": -1.0, "humanprotein_id": 4794, "vphfpdID": "002342@2gh8_A.2"}, {"lrredund": 4.2492, "lrpepelmv": -1.0, "hphfpdID": "017334.e188_289", "pdbset": null, "lrpepxh": -1.0, "finallr": 107.2347, "lrpepelmh": -1.0, "template": "3jv6:CA(0.13,0.03,18/50,4,0)", "viralprotein_id": 14831, "lrsm": 25.2364, "id": 17865674, "lrpepxv": -1.0, "lrredundpairs": -1.0, "humanprotein_id": 6831, "vphfpdID": "002342.e1_302@4oos_A.6"}, {"lrredund": 21.3884, "lrpepelmv": -1.0, "hphfpdID": "000172.d132_188", "pdbset": null, "lrpepxh": -1.0, "finallr": 163.4924, "lrpepelmh": -1.0, "template": "4cdw:CB(0.24,0.56,264/1864,48,238)", "viralprotein_id": 14831, "lrsm": 7.644, "id": 17865702, "lrpepxv": -1.0, "lrredundpairs": -1.0, "humanprotein_id": 2981, "vphfpdID": "002342.d77_219"}, {"lrredund": 21.3884, "lrpepelmv": -1.0, "hphfpdID": "002626", "pdbset": null, "lrpepxh": -1.0, "finallr": 708.2626, "lrpepelmh": -1.0, "template": "3v7a:BG(0.07,0.09,32/37,10,10)", "viralprotein_id": 14831, "lrsm": 33.1143, "id": 17865808, "lrpepxv": -1.0, "lrredundpairs": 0.7707, "humanprotein_id": 2804, "vphfpdID": "002342.e275_540@3sej_A.3"}, {"lrredund": 19.2898, "lrpepelmv": -1.0, "hphfpdID": "007197.d147_245", "pdbset": null, "lrpepxh": -1.0, "finallr": 197.8178, "lrpepelmh": -1.0, "template": "1c9s:ED(0.37,0.49,89/111,41,58)", "viralprotein_id": 14831, "lrsm": 10.255, "id": 17866485, "lrpepxv": -1.0, "lrredundpairs": -1.0, "humanprotein_id": 3620, "vphfpdID": "002342@4pb6_A.6"}, {"lrredund": 4.0064, "lrpepelmv": -1.0, "hphfpdID": "012457.d431_643", "pdbset": null, "lrpepxh": -1.0, "finallr": 101.1073, "lrpepelmh": -1.0, "template": "3blh:AB(0.11,0.08,4/96,4,1)", "viralprotein_id": 14831, "lrsm": 25.2364, "id": 17866531, "lrpepxv": -1.0, "lrredundpairs": -1.0, "humanprotein_id": 4538, "vphfpdID": "002342.e1_302@4oos_A.6"}, {"lrredund": 19.2898, "lrpepelmv": -1.0, "hphfpdID": "018501", "pdbset": null, "lrpepxh": -1.0, "finallr": 150.368, "lrpepelmh": -1.0, "template": "2ktr:BA(0.09,0.27,42/66,21,39)", "viralprotein_id": 14831, "lrsm": 7.7952, "id": 17867020, "lrpepxv": -1.0, "lrredundpairs": 0.7707, "humanprotein_id": 1286, "vphfpdID": "002342.e1_302@3sej_A.4"}, {"lrredund": 2.3254, "lrpepelmv": -1.0, "hphfpdID": "005406.d826_936", "pdbset": null, "lrpepxh": -1.0, "finallr": 230.6859, "lrpepelmh": -1.0, "template": "4lrm:ED(0.08,0.02,3/111,4,3)", "viralprotein_id": 14831, "lrsm": 99.2027, "id": 17867289, "lrpepxv": -1.0, "lrredundpairs": 1.1877, "humanprotein_id": 2951, "vphfpdID": "002342.e1_302@3sej_A.4"}, {"lrredund": 4.2492, "lrpepelmv": -1.0, "hphfpdID": "008086.d318_419", "pdbset": null, "lrpepxh": -1.0, "finallr": 128.9384, "lrpepelmh": -1.0, "template": "3v7a:BF(0.07,0.11,30/40,17,17)", "viralprotein_id": 14831, "lrsm": 30.3442, "id": 17867472, "lrpepxv": -1.0, "lrredundpairs": -1.0, "humanprotein_id": 14249, "vphfpdID": "002342.e275_540@3sej_A.3"}, {"lrredund": 4.2492, "lrpepelmv": 32.9939, "hphfpdID": "017284.e489_542", "pdbset": null, "lrpepxh": -1.0, "finallr": 140.1976, "lrpepelmh": -1.0, "template": "4jv5:FR(0.59,0.54,27/98,22,26)", "viralprotein_id": 14831, "lrsm": 1.4777, "id": 17867559, "lrpepxv": -1.0, "lrredundpairs": -1.0, "humanprotein_id": 7960, "vphfpdID": "002342@4pb6_A.6"}, {"lrredund": 21.3884, "lrpepelmv": -1.0, "hphfpdID": "003962.d92_178", "pdbset": null, "lrpepxh": -1.0, "finallr": 146.3215, "lrpepelmh": -1.0, "template": "1v9u:32(0.23,0.37,75/414,41,50)", "viralprotein_id": 14831, "lrsm": 6.8412, "id": 17867571, "lrpepxv": -1.0, "lrredundpairs": 0.7707, "humanprotein_id": 6447, "vphfpdID": "002342.d77_219"}, {"lrredund": 20.9141, "lrpepelmv": -1.0, "hphfpdID": "016729", "pdbset": null, "lrpepxh": -1.0, "finallr": 163.0298, "lrpepelmh": -1.0, "template": "2ktr:BA(0.09,0.29,42/66,21,39)", "viralprotein_id": 14831, "lrsm": 7.7952, "id": 17867674, "lrpepxv": -1.0, "lrredundpairs": 0.7707, "humanprotein_id": 6415, "vphfpdID": "002342.e1_302@3sej_A.4"}, {"lrredund": 19.2898, "lrpepelmv": -1.0, "hphfpdID": "010507.e1_206", "pdbset": null, "lrpepxh": -1.0, "finallr": 150.368, "lrpepelmh": -1.0, "template": "2ktr:BA(0.09,0.24,44/66,21,38)", "viralprotein_id": 14831, "lrsm": 7.7952, "id": 17868277, "lrpepxv": -1.0, "lrredundpairs": -1.0, "humanprotein_id": 4475, "vphfpdID": "002342.e1_302@3sej_A.4"}, {"lrredund": 20.9141, "lrpepelmv": -1.0, "hphfpdID": "006178.e2120_2203", "pdbset": null, "lrpepxh": -1.0, "finallr": 203.5706, "lrpepelmh": -1.0, "template": "2vtx:CD(0.60,0.53,81/101,44,58)", "viralprotein_id": 14831, "lrsm": 9.7337, "id": 17868368, "lrpepxv": -1.0, "lrredundpairs": -1.0, "humanprotein_id": 2856, "vphfpdID": "002342@2gh8_A.2"}, {"lrredund": 21.3884, "lrpepelmv": -1.0, "hphfpdID": "005567.e1_206", "pdbset": null, "lrpepxh": -1.0, "finallr": 117.6084, "lrpepelmh": -1.0, "template": "2ktr:BA(0.09,0.23,44/66,20,29)", "viralprotein_id": 14831, "lrsm": 5.4987, "id": 17868890, "lrpepxv": -1.0, "lrredundpairs": -1.0, "humanprotein_id": 3874, "vphfpdID": "002342.e1_302@3sej_A.4"}, {"lrredund": 2.409, "lrpepelmv": -1.0, "hphfpdID": "005407.e677_979", "pdbset": null, "lrpepxh": -1.0, "finallr": 238.9792, "lrpepelmh": -1.0, "template": "3kex:BA(0.07,0.02,3/181,2,0)", "viralprotein_id": 14831, "lrsm": 99.2027, "id": 17868931, "lrpepxv": -1.0, "lrredundpairs": 0.7707, "humanprotein_id": 4263, "vphfpdID": "002342.e1_302@3sej_A.4"}, {"lrredund": 21.3884, "lrpepelmv": 137.2032, "hphfpdID": "000002", "pdbset": null, "lrpepxh": -1.0, "finallr": 2934.559, "lrpepelmh": -1.0, "template": "", "viralprotein_id": 14831, "lrsm": -1.0, "id": 17869321, "lrpepxv": -1.0, "lrredundpairs": -1.0, "humanprotein_id": 6315, "vphfpdID": "002342@3j1p_A.4"}, {"lrredund": 21.3884, "lrpepelmv": -1.0, "hphfpdID": "005354.e1664_1728", "pdbset": null, "lrpepxh": -1.0, "finallr": 274.8026, "lrpepelmh": -1.0, "template": "1po2:23(0.22,0.57,59/415,41,47)", "viralprotein_id": 14831, "lrsm": 12.8482, "id": 17869740, "lrpepxv": -1.0, "lrredundpairs": -1.0, "humanprotein_id": 7033, "vphfpdID": "002342.d77_219"}, {"lrredund": 21.3884, "lrpepelmv": -1.0, "hphfpdID": "004076.d484_623", "pdbset": null, "lrpepxh": -1.0, "finallr": 149.2837, "lrpepelmh": -1.0, "template": "1xqs:CA(0.19,0.14,36/115,22,27)", "viralprotein_id": 14831, "lrsm": 6.9797, "id": 17869948, "lrpepxv": -1.0, "lrredundpairs": -1.0, "humanprotein_id": 4894, "vphfpdID": "002342.e1_302@3sej_A.4"}, {"lrredund": 4.2492, "lrpepelmv": -1.0, "hphfpdID": "014800.e339_475", "pdbset": null, "lrpepxh": -1.0, "finallr": 107.2347, "lrpepelmh": -1.0, "template": "2iwg:AB(0.17,0.00,23/70,20,21)", "viralprotein_id": 14831, "lrsm": 25.2364, "id": 17870600, "lrpepxv": -1.0, "lrredundpairs": 0.7707, "humanprotein_id": 4121, "vphfpdID": "002342.e1_302@4oos_A.6"}, {"lrredund": 20.9141, "lrpepelmv": -1.0, "hphfpdID": "011519", "pdbset": null, "lrpepxh": -1.0, "finallr": 385.0952, "lrpepelmh": -1.0, "template": "3t30:HI(0.52,0.06,76/94,45,63)", "viralprotein_id": 14831, "lrsm": 18.4132, "id": 17870603, "lrpepxv": -1.0, "lrredundpairs": -1.0, "humanprotein_id": 3074, "vphfpdID": "002342@2gh8_A.2"}, {"lrredund": 2.3254, "lrpepelmv": 137.2032, "hphfpdID": "000003", "pdbset": null, "lrpepxh": -1.0, "finallr": 319.0525, "lrpepelmh": -1.0, "template": "", "viralprotein_id": 14831, "lrsm": -1.0, "id": 17870802, "lrpepxv": -1.0, "lrredundpairs": -1.0, "humanprotein_id": 6857, "vphfpdID": "002342@4ejr_A.5"}, {"lrredund": 1.2535, "lrpepelmv": -1.0, "hphfpdID": "000015.e204_335", "pdbset": null, "lrpepxh": -1.0, "finallr": 124.3505, "lrpepelmh": -1.0, "template": "1a6a:AB(0.07,0.02,5/274,6,5)", "viralprotein_id": 14831, "lrsm": 99.2027, "id": 17871113, "lrpepxv": -1.0, "lrredundpairs": -1.0, "humanprotein_id": 7027, "vphfpdID": "002342.e1_302@3sej_A.4"}, {"lrredund": 1.7092, "lrpepelmv": -1.0, "hphfpdID": "009373", "pdbset": null, "lrpepxh": -1.0, "finallr": 203.8746, "lrpepelmh": -1.0, "template": "3w58:CB(0.08,0.01,28/38,16,25)", "viralprotein_id": 14831, "lrsm": 119.2807, "id": 17872023, "lrpepxv": -1.0, "lrredundpairs": 0.7707, "humanprotein_id": 3259, "vphfpdID": "002342.e1_302@4oos_A.6"}, {"lrredund": 21.3884, "lrpepelmv": -1.0, "hphfpdID": "009492.e120_224", "pdbset": null, "lrpepxh": -1.0, "finallr": 149.2837, "lrpepelmh": -1.0, "template": "1oau:NJ(0.17,0.20,34/97,22,29)", "viralprotein_id": 14831, "lrsm": 6.9797, "id": 17872207, "lrpepxv": -1.0, "lrredundpairs": 0.7707, "humanprotein_id": 13229, "vphfpdID": "002342.e1_302@4oos_A.6"}, {"lrredund": 20.9141, "lrpepelmv": -1.0, "hphfpdID": "016730", "pdbset": null, "lrpepxh": -1.0, "finallr": 168.6361, "lrpepelmh": -1.0, "template": "2lk6:BA(0.50,0.53,138/154,44,78)", "viralprotein_id": 14831, "lrsm": 8.0633, "id": 17872685, "lrpepxv": -1.0, "lrredundpairs": 0.7707, "humanprotein_id": 6290, "vphfpdID": "002342@4pb6_A.6"}, {"lrredund": 4.2492, "lrpepelmv": 137.2032, "hphfpdID": "000004", "pdbset": null, "lrpepxh": -1.0, "finallr": 583.0042, "lrpepelmh": -1.0, "template": "", "viralprotein_id": 14831, "lrsm": -1.0, "id": 17872819, "lrpepxv": -1.0, "lrredundpairs": -1.0, "humanprotein_id": 6298, "vphfpdID": "002342@3m8l_A.3"}]