[{"lrredund": 15.8699, "lrpepelmv": -1.0, "hphfpdID": "017281.d221_760", "pdbset": null, "lrpepxh": -1.0, "finallr": 1348.503, "lrpepelmh": -1.0, "template": "1s3s:CD(0.34,0.02,60/147,45,48)", "viralprotein_id": 15010, "lrsm": 84.9724, "id": 90646004, "lrpepxv": -1.0, "lrredundpairs": 0.7707, "humanprotein_id": 5906, "vphfpdID": "002125@5e7p_A.4"}, {"lrredund": 19.2898, "lrpepelmv": 72.805, "hphfpdID": "000007", "pdbset": null, "lrpepxh": -1.0, "finallr": 1404.393, "lrpepelmh": -1.0, "template": "", "viralprotein_id": 15010, "lrsm": -1.0, "id": 90646421, "lrpepxv": -1.0, "lrredundpairs": -1.0, "humanprotein_id": 6393, "vphfpdID": "002125@1ojl_A.1"}, {"lrredund": 4.2492, "lrpepelmv": -1.0, "hphfpdID": "002895.d432_614", "pdbset": null, "lrpepxh": -1.0, "finallr": 144.6041, "lrpepelmh": -1.0, "template": "2pzf:BA(0.54,0.03,59/99,41,47)", "viralprotein_id": 15010, "lrsm": 34.0309, "id": 90647211, "lrpepxv": -1.0, "lrredundpairs": -1.0, "humanprotein_id": 3753, "vphfpdID": "002125@5e7p_A.4"}, {"lrredund": 19.2898, "lrpepelmv": 14.9984, "hphfpdID": "007144.e56_156", "pdbset": null, "lrpepxh": -1.0, "finallr": 289.3153, "lrpepelmh": -1.0, "template": "3ej9:BE(0.57,0.58,47/111,24,30)", "viralprotein_id": 15010, "lrsm": 1.6503, "id": 90650245, "lrpepxv": -1.0, "lrredundpairs": -1.0, "humanprotein_id": 6385, "vphfpdID": "002125@5exx_A.3"}, {"lrredund": 4.2492, "lrpepelmv": -1.0, "hphfpdID": "008899", "pdbset": null, "lrpepxh": -1.0, "finallr": 149.4305, "lrpepelmh": -1.0, "template": "2qqe:BA(0.47,0.10,207/241,79,109)", "viralprotein_id": 15010, "lrsm": 35.1668, "id": 90651266, "lrpepxv": -1.0, "lrredundpairs": -1.0, "humanprotein_id": 2925, "vphfpdID": "002125@5exx_A.3"}, {"lrredund": 21.3884, "lrpepelmv": 14.0867, "hphfpdID": "016613.e122_316", "pdbset": null, "lrpepxh": -1.0, "finallr": 301.2919, "lrpepelmh": -1.0, "template": "1bmf:AG(0.58,0.56,1/50,2,1)", "viralprotein_id": 15010, "lrsm": 0.9682, "id": 90652931, "lrpepxv": -1.0, "lrredundpairs": -1.0, "humanprotein_id": 5161, "vphfpdID": "002125@5e7p_A.4"}, {"lrredund": 21.3884, "lrpepelmv": 14.9984, "hphfpdID": "016466", "pdbset": null, "lrpepxh": -1.0, "finallr": 320.7909, "lrpepelmh": -1.0, "template": "", "viralprotein_id": 15010, "lrsm": -1.0, "id": 90652985, "lrpepxv": -1.0, "lrredundpairs": 1.373, "humanprotein_id": 3727, "vphfpdID": "002125@5e7p_A.4"}, {"lrredund": 15.8699, "lrpepelmv": -1.0, "hphfpdID": "009031", "pdbset": null, "lrpepxh": -1.0, "finallr": 108.5685, "lrpepelmh": -1.0, "template": "1f3w:FH(0.59,0.01,99/302,48,61)", "viralprotein_id": 15010, "lrsm": 6.8412, "id": 90653726, "lrpepxv": -1.0, "lrredundpairs": -1.0, "humanprotein_id": 3826, "vphfpdID": "002125.d161_263@4gdf_A.2"}, {"lrredund": 4.2492, "lrpepelmv": 72.805, "hphfpdID": "000004", "pdbset": null, "lrpepxh": -1.0, "finallr": 309.3629, "lrpepelmh": -1.0, "template": "", "viralprotein_id": 15010, "lrsm": -1.0, "id": 90653860, "lrpepxv": -1.0, "lrredundpairs": -1.0, "humanprotein_id": 6298, "vphfpdID": "002125@5exx_A.3"}, {"lrredund": 3.5815, "lrpepelmv": 72.805, "hphfpdID": "000001", "pdbset": null, "lrpepxh": -1.0, "finallr": 260.751, "lrpepelmh": -1.0, "template": "", "viralprotein_id": 15010, "lrsm": -1.0, "id": 90654633, "lrpepxv": -1.0, "lrredundpairs": -1.0, "humanprotein_id": 4793, "vphfpdID": "002125@5ep0_A.2"}, {"lrredund": 21.3884, "lrpepelmv": 9.677, "hphfpdID": "001751.e1_73", "pdbset": null, "lrpepxh": -1.0, "finallr": 206.9754, "lrpepelmh": -1.0, "template": "2orv:BA(0.36,0.12,49/214,22,21)", "viralprotein_id": 15010, "lrsm": 2.7953, "id": 90655336, "lrpepxv": -1.0, "lrredundpairs": -1.0, "humanprotein_id": 5041, "vphfpdID": "002125@5e7p_A.4"}, {"lrredund": 2.0764, "lrpepelmv": 72.805, "hphfpdID": "000003", "pdbset": null, "lrpepxh": -1.0, "finallr": 151.1722, "lrpepelmh": -1.0, "template": "", "viralprotein_id": 15010, "lrsm": -1.0, "id": 90655735, "lrpepxv": -1.0, "lrredundpairs": -1.0, "humanprotein_id": 6857, "vphfpdID": "002125@1ojl_A.1"}, {"lrredund": 21.3884, "lrpepelmv": 72.805, "hphfpdID": "000006", "pdbset": null, "lrpepxh": -1.0, "finallr": 1557.181, "lrpepelmh": -1.0, "template": "", "viralprotein_id": 15010, "lrsm": -1.0, "id": 90656614, "lrpepxv": -1.0, "lrredundpairs": 1.1877, "humanprotein_id": 4514, "vphfpdID": "002125@5e7p_A.4"}, {"lrredund": 21.3884, "lrpepelmv": 72.805, "hphfpdID": "000002", "pdbset": null, "lrpepxh": -1.0, "finallr": 1557.181, "lrpepelmh": -1.0, "template": "", "viralprotein_id": 15010, "lrsm": -1.0, "id": 90656891, "lrpepxv": -1.0, "lrredundpairs": 1.1877, "humanprotein_id": 6315, "vphfpdID": "002125@5e7p_A.4"}, {"lrredund": -1.0, "lrpepelmv": 201.9336, "hphfpdID": "000003", "pdbset": null, "lrpepxh": -1.0, "finallr": 201.9336, "lrpepelmh": -1.0, "template": "4hwh:EA(0.48,0.45,39/42,21,20)", "viralprotein_id": 15011, "lrsm": 2.6756, "id": 92220725, "lrpepxv": -1.0, "lrredundpairs": -1.0, "humanprotein_id": 6857, "vphfpdID": "002130.g419_510@2b43_A.1"}, {"lrredund": -1.0, "lrpepelmv": 201.9336, "hphfpdID": "000005", "pdbset": null, "lrpepxh": -1.0, "finallr": 201.9336, "lrpepelmh": -1.0, "template": "3rq9:BA(0.54,0.53,70/84,13,0)", "viralprotein_id": 15011, "lrsm": 1.9487, "id": 92221306, "lrpepxv": -1.0, "lrredundpairs": -1.0, "humanprotein_id": 4794, "vphfpdID": "002130.g419_510@2b43_A.1"}, {"lrredund": -1.0, "lrpepelmv": 201.9336, "hphfpdID": "000002", "pdbset": null, "lrpepxh": -1.0, "finallr": 201.9336, "lrpepelmh": -1.0, "template": "1nvo:AB(0.56,0.49,109/157,41,59)", "viralprotein_id": 15011, "lrsm": 4.3388, "id": 92221320, "lrpepxv": -1.0, "lrredundpairs": -1.0, "humanprotein_id": 6315, "vphfpdID": "002130.g419_510@3h5y_A.2"}, {"lrredund": -1.0, "lrpepelmv": 201.9336, "hphfpdID": "000006", "pdbset": null, "lrpepxh": -1.0, "finallr": 201.9336, "lrpepelmh": -1.0, "template": "", "viralprotein_id": 15011, "lrsm": -1.0, "id": 92222536, "lrpepxv": -1.0, "lrredundpairs": -1.0, "humanprotein_id": 4514, "vphfpdID": "002130@3h5y_A.2"}, {"lrredund": -1.0, "lrpepelmv": 201.9336, "hphfpdID": "000001", "pdbset": null, "lrpepxh": -1.0, "finallr": 201.9336, "lrpepelmh": -1.0, "template": "4a5x:AB(0.55,0.46,37/43,24,24)", "viralprotein_id": 15011, "lrsm": 2.5395, "id": 92222831, "lrpepxv": -1.0, "lrredundpairs": -1.0, "humanprotein_id": 4793, "vphfpdID": "002130.g419_510@3h5y_A.2"}, {"lrredund": -1.0, "lrpepelmv": 201.9336, "hphfpdID": "000007", "pdbset": null, "lrpepxh": -1.0, "finallr": 201.9336, "lrpepelmh": -1.0, "template": "4a5x:AB(0.46,0.45,40/43,25,23)", "viralprotein_id": 15011, "lrsm": 2.6756, "id": 92222896, "lrpepxv": -1.0, "lrredundpairs": -1.0, "humanprotein_id": 6393, "vphfpdID": "002130.g419_510@1sh3_A.3"}, {"lrredund": -1.0, "lrpepelmv": -1.0, "hphfpdID": "010427.e77_171", "pdbset": null, "lrpepxh": -1.0, "finallr": 113.0937, "lrpepelmh": -1.0, "template": "1wdc:AB(0.11,0.07,88/164,44,46)", "viralprotein_id": 15011, "lrsm": 113.0937, "id": 92223999, "lrpepxv": -1.0, "lrredundpairs": -1.0, "humanprotein_id": 4102, "vphfpdID": "002130.g1_159@2b43_A.3"}, {"lrredund": -1.0, "lrpepelmv": 201.9336, "hphfpdID": "000004", "pdbset": null, "lrpepxh": -1.0, "finallr": 201.9336, "lrpepelmh": -1.0, "template": "2rld:CD(0.49,0.47,44/51,22,23)", "viralprotein_id": 15011, "lrsm": 2.6756, "id": 92225307, "lrpepxv": -1.0, "lrredundpairs": -1.0, "humanprotein_id": 6298, "vphfpdID": "002130.g419_510@1sh3_A.3"}, {"lrredund": -1.0, "lrpepelmv": -1.0, "hphfpdID": "010428.e78_172", "pdbset": null, "lrpepxh": -1.0, "finallr": 113.0937, "lrpepelmh": -1.0, "template": "1wdc:AB(0.11,0.07,88/164,44,46)", "viralprotein_id": 15011, "lrsm": 113.0937, "id": 92229118, "lrpepxv": -1.0, "lrredundpairs": -1.0, "humanprotein_id": 1193, "vphfpdID": "002130.g1_159@2b43_A.3"}, {"lrredund": -1.0, "lrpepelmv": -1.0, "hphfpdID": "010861", "pdbset": null, "lrpepxh": -1.0, "finallr": 113.0937, "lrpepelmh": -1.0, "template": "1wdc:AB(0.11,0.05,88/164,42,46)", "viralprotein_id": 15011, "lrsm": 113.0937, "id": 92229467, "lrpepxv": -1.0, "lrredundpairs": -1.0, "humanprotein_id": 4421, "vphfpdID": "002130.g1_159@2b43_A.3"}, {"lrredund": 3.124, "lrpepelmv": 4.5877, "hphfpdID": "016486.d51_222", "pdbset": null, "lrpepxh": 5.43, "finallr": 194.6564, "lrpepelmh": -1.0, "template": "3kvp:EB(0.59,0.38,59/67,21,14)", "viralprotein_id": 15012, "lrsm": 2.6756, "id": 55487364, "lrpepxv": 62.31, "lrredundpairs": 2.409, "humanprotein_id": 6479, "vphfpdID": "002324.d116_330@4dot_A.2"}, {"lrredund": 2.3588, "lrpepelmv": -1.0, "hphfpdID": "015071", "pdbset": null, "lrpepxh": -1.0, "finallr": 108.4487, "lrpepelmh": -1.0, "template": "3s6n:GE(0.36,0.02,87/104,44,76)", "viralprotein_id": 15012, "lrsm": 45.9762, "id": 55487510, "lrpepxv": -1.0, "lrredundpairs": 2.3588, "humanprotein_id": 6322, "vphfpdID": "002324.d116_330@4dpz_X.3"}, {"lrredund": 3.7695, "lrpepelmv": -1.0, "hphfpdID": "012780.g1_459", "pdbset": null, "lrpepxh": -1.0, "finallr": 234.8775, "lrpepelmh": -1.0, "template": "3vke:DB(0.47,0.58,57/80,27,32)", "viralprotein_id": 15012, "lrsm": 1.6503, "id": 55487961, "lrpepxv": 62.31, "lrredundpairs": -1.0, "humanprotein_id": 6995, "vphfpdID": "002324.d116_330@2lkt_A.1"}, {"lrredund": 20.9141, "lrpepelmv": -1.0, "hphfpdID": "005354.e1664_1728", "pdbset": null, "lrpepxh": -1.0, "finallr": 113.5635, "lrpepelmh": -1.0, "template": "2lk6:BA(0.27,0.41,121/154,35,52)", "viralprotein_id": 15012, "lrsm": 3.1818, "id": 55488488, "lrpepxv": 5.43, "lrredundpairs": -1.0, "humanprotein_id": 7033, "vphfpdID": "002324.d116_330@4dpz_X.3"}, {"lrredund": 20.9141, "lrpepelmv": -1.0, "hphfpdID": "018800.e309_403", "pdbset": null, "lrpepxh": -1.0, "finallr": 128.5902, "lrpepelmh": -1.0, "template": "2lk6:AB(0.27,0.31,134/154,28,18)", "viralprotein_id": 15012, "lrsm": 6.1485, "id": 55488513, "lrpepxv": -1.0, "lrredundpairs": 0.7707, "humanprotein_id": 4109, "vphfpdID": "002324.d116_330@4dpz_X.3"}, {"lrredund": 20.9141, "lrpepelmv": 14.0867, "hphfpdID": "016613.e557_714", "pdbset": null, "lrpepxh": -1.0, "finallr": 294.6106, "lrpepelmh": -1.0, "template": "3bid:GH(0.34,0.57,55/136,21,17)", "viralprotein_id": 15012, "lrsm": 1.7387, "id": 55488633, "lrpepxv": -1.0, "lrredundpairs": -1.0, "humanprotein_id": 5161, "vphfpdID": "002324.d116_330@4dot_A.2"}, {"lrredund": 21.3884, "lrpepelmv": -1.0, "hphfpdID": "009492.e120_224", "pdbset": null, "lrpepxh": 5.43, "finallr": 116.139, "lrpepelmh": -1.0, "template": "2lk6:AB(0.35,0.56,126/154,21,12)", "viralprotein_id": 15012, "lrsm": 3.4243, "id": 55488662, "lrpepxv": 3.84, "lrredundpairs": 1.1877, "humanprotein_id": 13229, "vphfpdID": "002324@4dot_A.1"}, {"lrredund": 20.9141, "lrpepelmv": 22.0743, "hphfpdID": "016466.e85_146", "pdbset": null, "lrpepxh": -1.0, "finallr": 461.6652, "lrpepelmh": -1.0, "template": "2j6k:DC(0.30,0.08,28/35,10,6)", "viralprotein_id": 15012, "lrsm": 6.0007, "id": 55489369, "lrpepxv": -1.0, "lrredundpairs": 1.5513, "humanprotein_id": 3727, "vphfpdID": "002324@4hpe_A.6"}, {"lrredund": 21.3884, "lrpepelmv": 22.0743, "hphfpdID": "001060.e180_274", "pdbset": null, "lrpepxh": -1.0, "finallr": 472.1351, "lrpepelmh": -1.0, "template": "3qsu:NS(0.54,0.37,105/125,50,74)", "viralprotein_id": 15012, "lrsm": 10.255, "id": 55489583, "lrpepxv": -1.0, "lrredundpairs": 0.7707, "humanprotein_id": 17652, "vphfpdID": "002324.d116_330@4dpz_X.3"}, {"lrredund": 21.3884, "lrpepelmv": -1.0, "hphfpdID": "013899.g1_173", "pdbset": null, "lrpepxh": 3.84, "finallr": 116.139, "lrpepelmh": -1.0, "template": "2lk5:AB(0.38,0.38,124/132,26,35)", "viralprotein_id": 15012, "lrsm": 4.0761, "id": 55489593, "lrpepxv": 5.43, "lrredundpairs": 0.7707, "humanprotein_id": 1240, "vphfpdID": "002324.d116_330@4dot_A.2"}, {"lrredund": 20.9141, "lrpepelmv": -1.0, "hphfpdID": "004076", "pdbset": null, "lrpepxh": -1.0, "finallr": 113.7978, "lrpepelmh": -1.0, "template": "1i7x:DC(0.59,0.08,99/230,41,40)", "viralprotein_id": 15012, "lrsm": 5.4412, "id": 55489912, "lrpepxv": -1.0, "lrredundpairs": 0.7707, "humanprotein_id": 4894, "vphfpdID": "002324.d116_330@4q95_A.4"}, {"lrredund": 1.7951, "lrpepelmv": -1.0, "hphfpdID": "005292.d1_108", "pdbset": null, "lrpepxh": -1.0, "finallr": 111.8526, "lrpepelmh": -1.0, "template": "3kvp:FB(0.45,0.22,57/67,22,17)", "viralprotein_id": 15012, "lrsm": 3.1848, "id": 55490239, "lrpepxv": 62.31, "lrredundpairs": -1.0, "humanprotein_id": 12504, "vphfpdID": "002324.d116_330@2lkt_A.1"}, {"lrredund": 3.7695, "lrpepelmv": -1.0, "hphfpdID": "001067.d939_1081", "pdbset": null, "lrpepxh": 3.84, "finallr": 234.8775, "lrpepelmh": -1.0, "template": "1xcg:EA(0.58,0.00,53/66,23,9)", "viralprotein_id": 15012, "lrsm": 4.804, "id": 55490659, "lrpepxv": 62.31, "lrredundpairs": 1.1877, "humanprotein_id": 1249, "vphfpdID": "002324@4dot_A.1"}, {"lrredund": 21.3884, "lrpepelmv": 14.0867, "hphfpdID": "016615.d584_674", "pdbset": null, "lrpepxh": -1.0, "finallr": 301.2919, "lrpepelmh": -1.0, "template": "2zdi:BA(0.40,0.31,44/50,25,28)", "viralprotein_id": 15012, "lrsm": 3.1848, "id": 55490856, "lrpepxv": -1.0, "lrredundpairs": -1.0, "humanprotein_id": 5095, "vphfpdID": "002324.d116_330@4q95_A.4"}, {"lrredund": 21.3884, "lrpepelmv": -1.0, "hphfpdID": "001154.e176_349", "pdbset": null, "lrpepxh": -1.0, "finallr": 116.139, "lrpepelmh": -1.0, "template": "2k7i:BA(0.43,0.24,64/324,15,10)", "viralprotein_id": 15012, "lrsm": 1.9308, "id": 55490964, "lrpepxv": 5.43, "lrredundpairs": -1.0, "humanprotein_id": 4803, "vphfpdID": "002324.d116_330@4dpz_X.3"}, {"lrredund": 20.9141, "lrpepelmv": -1.0, "hphfpdID": "011519.e1_119", "pdbset": null, "lrpepxh": -1.0, "finallr": 171.6559, "lrpepelmh": -1.0, "template": "2p1b:HI(0.55,0.01,87/116,42,44)", "viralprotein_id": 15012, "lrsm": 8.2077, "id": 55491452, "lrpepxv": -1.0, "lrredundpairs": -1.0, "humanprotein_id": 3074, "vphfpdID": "002324.d116_330@4dot_A.2"}, {"lrredund": 20.9141, "lrpepelmv": 22.0743, "hphfpdID": "007144", "pdbset": null, "lrpepxh": 13.23, "finallr": 461.6652, "lrpepelmh": -1.0, "template": "1gri:BA(0.52,0.00,103/245,57,53)", "viralprotein_id": 15012, "lrsm": 8.2077, "id": 55492212, "lrpepxv": -1.0, "lrredundpairs": 20.9141, "humanprotein_id": 6385, "vphfpdID": "002324.d116_330@4dot_A.2"}, {"lrredund": 20.9141, "lrpepelmv": -1.0, "hphfpdID": "005478.d350_517", "pdbset": null, "lrpepxh": 7.37, "finallr": 154.1369, "lrpepelmh": -1.0, "template": "4ji7:FO(0.52,0.57,2/2,2,1)", "viralprotein_id": 15012, "lrsm": 1.2704, "id": 55492853, "lrpepxv": -1.0, "lrredundpairs": 0.7707, "humanprotein_id": 2880, "vphfpdID": "002324.d116_330@4dot_A.2"}, {"lrredund": 1.7951, "lrpepelmv": -1.0, "hphfpdID": "014110.e351_514", "pdbset": null, "lrpepxh": -1.0, "finallr": 111.8526, "lrpepelmh": -1.0, "template": "3bid:GD(0.35,0.24,1/1,1,0)", "viralprotein_id": 15012, "lrsm": 2.4032, "id": 55493416, "lrpepxv": 62.31, "lrredundpairs": 1.7951, "humanprotein_id": 10710, "vphfpdID": "002324.d116_330@2lkt_A.1"}, {"lrredund": 20.9141, "lrpepelmv": 9.677, "hphfpdID": "001751.e1_73", "pdbset": null, "lrpepxh": -1.0, "finallr": 202.3856, "lrpepelmh": -1.0, "template": "1q10:BA(0.57,0.57,152/301,29,36)", "viralprotein_id": 15012, "lrsm": 2.5372, "id": 55493422, "lrpepxv": -1.0, "lrredundpairs": 0.7707, "humanprotein_id": 5041, "vphfpdID": "002324@4q95_A.3"}, {"lrredund": 21.3884, "lrpepelmv": -1.0, "hphfpdID": "005567.d200_296", "pdbset": null, "lrpepxh": -1.0, "finallr": 116.139, "lrpepelmh": -1.0, "template": "4f7u:AP(0.48,0.28,74/91,33,41)", "viralprotein_id": 15012, "lrsm": 2.9486, "id": 55494159, "lrpepxv": 5.43, "lrredundpairs": 20.9141, "humanprotein_id": 3874, "vphfpdID": "002324.d116_330@4dpz_X.3"}, {"lrredund": 20.9141, "lrpepelmv": -1.0, "hphfpdID": "016730", "pdbset": null, "lrpepxh": -1.0, "finallr": 177.6693, "lrpepelmh": -1.0, "template": "2lk6:BA(0.47,0.53,139/154,41,64)", "viralprotein_id": 15012, "lrsm": 8.4952, "id": 55494389, "lrpepxv": -1.0, "lrredundpairs": 20.9141, "humanprotein_id": 6290, "vphfpdID": "002324.d116_330@4dot_A.2"}, {"lrredund": 1.7092, "lrpepelmv": -1.0, "hphfpdID": "006230.e1_283", "pdbset": null, "lrpepxh": -1.0, "finallr": 106.5002, "lrpepelmh": -1.0, "template": "3nmz:CA(0.58,0.32,44/138,23,21)", "viralprotein_id": 15012, "lrsm": 1.5568, "id": 55494569, "lrpepxv": 62.31, "lrredundpairs": 0.7707, "humanprotein_id": 2506, "vphfpdID": "002324@4dot_A.1"}, {"lrredund": 20.9141, "lrpepelmv": -1.0, "hphfpdID": "012444.e95_323", "pdbset": null, "lrpepxh": -1.0, "finallr": 113.5635, "lrpepelmh": -1.0, "template": "3aqd:RQ(0.43,0.57,75/92,11,6)", "viralprotein_id": 15012, "lrsm": 2.0531, "id": 55494689, "lrpepxv": 5.43, "lrredundpairs": 20.9141, "humanprotein_id": 2955, "vphfpdID": "002324.d116_330@4dpz_X.3"}, {"lrredund": 1.7951, "lrpepelmv": 0.0, "hphfpdID": "005999.e835_927", "pdbset": null, "lrpepxh": -1.0, "finallr": 111.8526, "lrpepelmh": -1.0, "template": "3nik:DA(0.47,0.12,19/53,10,10)", "viralprotein_id": 15012, "lrsm": 1.8315, "id": 55494761, "lrpepxv": 62.31, "lrredundpairs": -1.0, "humanprotein_id": 11443, "vphfpdID": "002324.d116_330@4dot_A.2"}, {"lrredund": 1.7092, "lrpepelmv": -1.0, "hphfpdID": "010286.e233_325", "pdbset": null, "lrpepxh": -1.0, "finallr": 106.5002, "lrpepelmh": -1.0, "template": "3vke:DB(0.47,0.22,65/80,34,42)", "viralprotein_id": 15012, "lrsm": 2.9486, "id": 55494979, "lrpepxv": 62.31, "lrredundpairs": -1.0, "humanprotein_id": 9372, "vphfpdID": "002324.d116_330@2lkt_A.1"}, {"lrredund": 3.7695, "lrpepelmv": -1.0, "hphfpdID": "005521.d1_109", "pdbset": null, "lrpepxh": 7.37, "finallr": 234.8775, "lrpepelmh": -1.0, "template": "2k7i:AB(0.60,0.31,143/324,28,33)", "viralprotein_id": 15012, "lrsm": 2.6731, "id": 55495039, "lrpepxv": 62.31, "lrredundpairs": -1.0, "humanprotein_id": 18750, "vphfpdID": "002324@4dot_A.1"}, {"lrredund": 1.7951, "lrpepelmv": -1.0, "hphfpdID": "004295.e1_234", "pdbset": null, "lrpepxh": -1.0, "finallr": 111.8526, "lrpepelmh": -1.0, "template": "3nmz:CA(0.58,0.36,43/138,21,20)", "viralprotein_id": 15012, "lrsm": 1.5568, "id": 55495685, "lrpepxv": 62.31, "lrredundpairs": 0.7707, "humanprotein_id": 19622, "vphfpdID": "002324@4dot_A.1"}, {"lrredund": 21.3884, "lrpepelmv": -1.0, "hphfpdID": "016859.d618_709", "pdbset": null, "lrpepxh": -1.0, "finallr": 108.061, "lrpepelmh": -1.0, "template": "2jpp:BA(0.57,0.47,171/262,41,68)", "viralprotein_id": 15012, "lrsm": 5.0523, "id": 55496714, "lrpepxv": -1.0, "lrredundpairs": -1.0, "humanprotein_id": 4494, "vphfpdID": "002324@2hbw_A.7"}, {"lrredund": 3.7695, "lrpepelmv": -1.0, "hphfpdID": "018962", "pdbset": null, "lrpepxh": -1.0, "finallr": 234.8775, "lrpepelmh": -1.0, "template": "", "viralprotein_id": 15012, "lrsm": -1.0, "id": 55496821, "lrpepxv": 62.31, "lrredundpairs": 1.1877, "humanprotein_id": 14000, "vphfpdID": "002324@4dot_A.1"}, {"lrredund": 20.9141, "lrpepelmv": 9.4001, "hphfpdID": "001509.e1_53", "pdbset": null, "lrpepxh": -1.0, "finallr": 250.8713, "lrpepelmh": -1.0, "template": "2idh:BA(0.27,0.06,42/45,21,31)", "viralprotein_id": 15012, "lrsm": 11.9953, "id": 55496914, "lrpepxv": -1.0, "lrredundpairs": 20.9141, "humanprotein_id": 2598, "vphfpdID": "002324.d116_330@4q95_A.4"}, {"lrredund": 20.9141, "lrpepelmv": 4.5877, "hphfpdID": "002673", "pdbset": null, "lrpepxh": 5.22, "finallr": 109.1716, "lrpepelmh": -1.0, "template": "3kvp:EB(0.59,0.59,57/67,24,17)", "viralprotein_id": 15012, "lrsm": 2.5395, "id": 55497952, "lrpepxv": -1.0, "lrredundpairs": 20.9141, "humanprotein_id": 4427, "vphfpdID": "002324.d116_330@4dot_A.2"}, {"lrredund": 20.9141, "lrpepelmv": -1.0, "hphfpdID": "006178.e228_306", "pdbset": null, "lrpepxh": -1.0, "finallr": 194.3095, "lrpepelmh": -1.0, "template": "2jpp:BA(0.57,0.37,195/262,48,95)", "viralprotein_id": 15012, "lrsm": 9.2908, "id": 55498525, "lrpepxv": -1.0, "lrredundpairs": 0.7707, "humanprotein_id": 2856, "vphfpdID": "002324@2hbw_A.7"}, {"lrredund": 20.9141, "lrpepelmv": 4.5877, "hphfpdID": "007227.d178_339", "pdbset": null, "lrpepxh": 5.22, "finallr": 109.1716, "lrpepelmh": -1.0, "template": "1o7y:AB(0.59,0.56,64/74,19,16)", "viralprotein_id": 15012, "lrsm": 1.9487, "id": 55499532, "lrpepxv": -1.0, "lrredundpairs": 19.2898, "humanprotein_id": 5539, "vphfpdID": "002324.d116_330@4dot_A.2"}, {"lrredund": 20.9141, "lrpepelmv": -1.0, "hphfpdID": "010507.e200_298", "pdbset": null, "lrpepxh": 7.37, "finallr": 154.1369, "lrpepelmh": -1.0, "template": "4e86:LH(0.21,0.18,4/7,2,0)", "viralprotein_id": 15012, "lrsm": 5.4987, "id": 55500322, "lrpepxv": -1.0, "lrredundpairs": 1.1877, "humanprotein_id": 4475, "vphfpdID": "002324@4dot_A.1"}, {"lrredund": 2.3588, "lrpepelmv": -1.0, "hphfpdID": "017834.e146_281", "pdbset": null, "lrpepxh": -1.0, "finallr": 146.9768, "lrpepelmh": -1.0, "template": "2zp9:AB(0.55,0.56,89/182,43,37)", "viralprotein_id": 15012, "lrsm": 4.3388, "id": 55501281, "lrpepxv": 62.31, "lrredundpairs": 0.7707, "humanprotein_id": 5361, "vphfpdID": "002324.d116_330@4dot_A.2"}, {"lrredund": 19.2898, "lrpepelmv": -1.0, "hphfpdID": "002626", "pdbset": null, "lrpepxh": -1.0, "finallr": 115.7521, "lrpepelmh": -1.0, "template": "3skj:FM(0.21,0.08,19/20,8,4)", "viralprotein_id": 15012, "lrsm": 6.0007, "id": 55501463, "lrpepxv": 5.43, "lrredundpairs": 15.8699, "humanprotein_id": 2804, "vphfpdID": "002324.d116_330@4dot_A.2"}, {"lrredund": 20.9141, "lrpepelmv": -1.0, "hphfpdID": "007197.g404_654", "pdbset": null, "lrpepxh": 5.43, "finallr": 113.5635, "lrpepelmh": -1.0, "template": "3kvp:EB(0.58,0.52,60/67,23,16)", "viralprotein_id": 15012, "lrsm": 2.5395, "id": 55501541, "lrpepxv": 2.59, "lrredundpairs": 0.7707, "humanprotein_id": 3620, "vphfpdID": "002324@4dot_A.1"}, {"lrredund": 21.3884, "lrpepelmv": -1.0, "hphfpdID": "016869.d56_203", "pdbset": null, "lrpepxh": -1.0, "finallr": 116.139, "lrpepelmh": -1.0, "template": "1axd:BA(0.38,0.18,54/134,24,21)", "viralprotein_id": 15012, "lrsm": 3.1219, "id": 55502441, "lrpepxv": 5.43, "lrredundpairs": -1.0, "humanprotein_id": 4495, "vphfpdID": "002324.d116_330@4dot_A.2"}, {"lrredund": 3.7695, "lrpepelmv": -1.0, "hphfpdID": "004626", "pdbset": null, "lrpepxh": -1.0, "finallr": 234.8775, "lrpepelmh": -1.0, "template": "", "viralprotein_id": 15012, "lrsm": -1.0, "id": 55503132, "lrpepxv": 62.31, "lrredundpairs": -1.0, "humanprotein_id": 1798, "vphfpdID": "002324@2lkt_A.2"}, {"lrredund": 1.7951, "lrpepelmv": -1.0, "hphfpdID": "019328", "pdbset": null, "lrpepxh": -1.0, "finallr": 111.8526, "lrpepelmh": -1.0, "template": "2awn:BD(0.54,0.56,3/7,4,3)", "viralprotein_id": 15012, "lrsm": 1.1641, "id": 55503174, "lrpepxv": 62.31, "lrredundpairs": -1.0, "humanprotein_id": 5510, "vphfpdID": "002324.d116_330@2lkt_A.1"}, {"lrredund": 20.9141, "lrpepelmv": -1.0, "hphfpdID": "005158", "pdbset": null, "lrpepxh": 5.22, "finallr": 109.1716, "lrpepelmh": -1.0, "template": "3kvp:EB(0.58,0.52,60/67,22,21)", "viralprotein_id": 15012, "lrsm": 2.5395, "id": 55503526, "lrpepxv": -1.0, "lrredundpairs": 1.5513, "humanprotein_id": 2711, "vphfpdID": "002324@4dot_A.1"}, {"lrredund": 20.9141, "lrpepelmv": -1.0, "hphfpdID": "007726.d35_188", "pdbset": null, "lrpepxh": 5.43, "finallr": 113.5635, "lrpepelmh": -1.0, "template": "2xcm:FB(0.43,0.04,46/60,22,19)", "viralprotein_id": 15012, "lrsm": 3.1219, "id": 55504232, "lrpepxv": -1.0, "lrredundpairs": 0.7707, "humanprotein_id": 3176, "vphfpdID": "002324.d116_330@4dot_A.2"}, {"lrredund": 21.3884, "lrpepelmv": -1.0, "hphfpdID": "008378.g106_302", "pdbset": null, "lrpepxh": 5.43, "finallr": 116.139, "lrpepelmh": -1.0, "template": "2jpp:AB(0.58,0.59,155/262,20,11)", "viralprotein_id": 15012, "lrsm": 4.5423, "id": 55504493, "lrpepxv": -1.0, "lrredundpairs": 19.2898, "humanprotein_id": 3758, "vphfpdID": "002324.d116_330@4dot_A.2"}, {"lrredund": 20.9141, "lrpepelmv": -1.0, "hphfpdID": "007725.d40_193", "pdbset": null, "lrpepxh": 5.43, "finallr": 113.5635, "lrpepelmh": -1.0, "template": "2xcm:FB(0.43,0.06,46/60,19,17)", "viralprotein_id": 15012, "lrsm": 2.2022, "id": 55504637, "lrpepxv": -1.0, "lrredundpairs": 0.7707, "humanprotein_id": 3138, "vphfpdID": "002324.d116_330@4dot_A.2"}, {"lrredund": 19.2898, "lrpepelmv": 15.8041, "hphfpdID": "016613.e316_567", "pdbset": null, "lrpepxh": -1.0, "finallr": 304.8578, "lrpepelmh": -1.0, "template": "2j5l:AB(0.56,0.60,22/26,7,4)", "viralprotein_id": 15014, "lrsm": 1.2704, "id": 74597257, "lrpepxv": 3.66, "lrredundpairs": -1.0, "humanprotein_id": 5161, "vphfpdID": "002129@5e0j_A.4"}, {"lrredund": 19.2898, "lrpepelmv": 72.805, "hphfpdID": "000006", "pdbset": null, "lrpepxh": -1.0, "finallr": 1404.393, "lrpepelmh": -1.0, "template": "", "viralprotein_id": 15014, "lrsm": -1.0, "id": 74597688, "lrpepxv": -1.0, "lrredundpairs": -1.0, "humanprotein_id": 4514, "vphfpdID": "002129@5e0j_A.4"}, {"lrredund": 20.9141, "lrpepelmv": 15.8041, "hphfpdID": "007144.d1_56", "pdbset": null, "lrpepxh": -1.0, "finallr": 330.5284, "lrpepelmh": -1.0, "template": "1csk:AB(0.34,0.04,21/42,16,17)", "viralprotein_id": 15014, "lrsm": 5.4987, "id": 74597968, "lrpepxv": -1.0, "lrredundpairs": -1.0, "humanprotein_id": 6385, "vphfpdID": "002129@5e0j_A.4"}, {"lrredund": 21.3884, "lrpepelmv": 15.8041, "hphfpdID": "016615.d554_715", "pdbset": null, "lrpepxh": -1.0, "finallr": 338.0243, "lrpepelmh": -1.0, "template": "2k7i:BA(0.49,0.60,93/324,16,0)", "viralprotein_id": 15014, "lrsm": 1.5396, "id": 74598081, "lrpepxv": 3.66, "lrredundpairs": -1.0, "humanprotein_id": 5095, "vphfpdID": "002129@2fyr_A.2"}, {"lrredund": 21.3884, "lrpepelmv": -1.0, "hphfpdID": "017046.d495_669", "pdbset": null, "lrpepxh": -1.0, "finallr": 140.3079, "lrpepelmh": -1.0, "template": "1h8e:AD(0.30,0.49,1/210,0,0)", "viralprotein_id": 15014, "lrsm": 1.2142, "id": 74599827, "lrpepxv": 6.56, "lrredundpairs": -1.0, "humanprotein_id": 6818, "vphfpdID": "002129@1wqs_A.8"}, {"lrredund": 20.9141, "lrpepelmv": -1.0, "hphfpdID": "012444.e95_323", "pdbset": null, "lrpepxh": -1.0, "finallr": 113.5635, "lrpepelmh": -1.0, "template": "2xtt:BA(0.51,0.39,101/148,10,7)", "viralprotein_id": 15014, "lrsm": 1.5595, "id": 74601032, "lrpepxv": 5.43, "lrredundpairs": -1.0, "humanprotein_id": 2955, "vphfpdID": "002129@4xbb_A.5"}, {"lrredund": 21.3884, "lrpepelmv": -1.0, "hphfpdID": "009492.e319_419", "pdbset": null, "lrpepxh": -1.0, "finallr": 102.3562, "lrpepelmh": -1.0, "template": "2f91:AB(0.57,0.40,121/171,16,2)", "viralprotein_id": 15014, "lrsm": 4.7856, "id": 74601461, "lrpepxv": 3.66, "lrredundpairs": -1.0, "humanprotein_id": 13229, "vphfpdID": "002129@1wqs_A.8"}, {"lrredund": 21.3884, "lrpepelmv": -1.0, "hphfpdID": "016448", "pdbset": null, "lrpepxh": -1.0, "finallr": 116.139, "lrpepelmh": -1.0, "template": "2lk5:BA(0.55,0.56,122/132,20,20)", "viralprotein_id": 15014, "lrsm": 4.7738, "id": 74601522, "lrpepxv": 5.43, "lrredundpairs": -1.0, "humanprotein_id": 7393, "vphfpdID": "002129@2fyr_A.2"}, {"lrredund": 21.3884, "lrpepelmv": 72.805, "hphfpdID": "000002", "pdbset": null, "lrpepxh": -1.0, "finallr": 1557.181, "lrpepelmh": -1.0, "template": "", "viralprotein_id": 15014, "lrsm": -1.0, "id": 74604053, "lrpepxv": 2.59, "lrredundpairs": -1.0, "humanprotein_id": 6315, "vphfpdID": "002129@2fyr_A.2"}, {"lrredund": 4.2492, "lrpepelmv": -1.0, "hphfpdID": "002085.d175_252", "pdbset": null, "lrpepxh": -1.0, "finallr": 107.2347, "lrpepelmh": -1.0, "template": "1wqs:AD(0.00,0.14,7/107,8,7)", "viralprotein_id": 15014, "lrsm": 25.2364, "id": 74605683, "lrpepxv": -1.0, "lrredundpairs": -1.0, "humanprotein_id": 4532, "vphfpdID": "002129@1wqs_A.8"}, {"lrredund": 21.3884, "lrpepelmv": -1.0, "hphfpdID": "007726.d35_188", "pdbset": null, "lrpepxh": -1.0, "finallr": 116.139, "lrpepelmh": -1.0, "template": "1xxc:AB(0.58,0.51,62/67,4,0)", "viralprotein_id": 15014, "lrsm": 1.9487, "id": 74606339, "lrpepxv": 5.43, "lrredundpairs": -1.0, "humanprotein_id": 3176, "vphfpdID": "002129@4in1_A.7"}, {"lrredund": 2.3254, "lrpepelmv": 72.805, "hphfpdID": "000005", "pdbset": null, "lrpepxh": -1.0, "finallr": 169.3006, "lrpepelmh": -1.0, "template": "", "viralprotein_id": 15014, "lrsm": -1.0, "id": 74607233, "lrpepxv": 2.59, "lrredundpairs": -1.0, "humanprotein_id": 4794, "vphfpdID": "002129@5e0j_A.4"}, {"lrredund": 4.2492, "lrpepelmv": -1.0, "hphfpdID": "018016.e376_501", "pdbset": null, "lrpepxh": -1.0, "finallr": 178.2539, "lrpepelmh": -1.0, "template": "2xtt:BA(0.51,0.28,91/148,13,6)", "viralprotein_id": 15014, "lrsm": 1.8563, "id": 74608000, "lrpepxv": 41.95, "lrredundpairs": -1.0, "humanprotein_id": 7171, "vphfpdID": "002129@4xbb_A.5"}, {"lrredund": 21.3884, "lrpepelmv": 15.8041, "hphfpdID": "016466", "pdbset": null, "lrpepxh": -1.0, "finallr": 338.0243, "lrpepelmh": -1.0, "template": "", "viralprotein_id": 15014, "lrsm": -1.0, "id": 74608489, "lrpepxv": -1.0, "lrredundpairs": -1.0, "humanprotein_id": 3727, "vphfpdID": "002129@2iph_A.1"}, {"lrredund": 20.9141, "lrpepelmv": -1.0, "hphfpdID": "005354.e1664_1728", "pdbset": null, "lrpepxh": -1.0, "finallr": 137.1964, "lrpepelmh": -1.0, "template": "1wqs:CB(0.12,0.42,53/127,25,34)", "viralprotein_id": 15014, "lrsm": 3.1219, "id": 74609173, "lrpepxv": 6.56, "lrredundpairs": -1.0, "humanprotein_id": 7033, "vphfpdID": "002129@4in2_A.6"}, {"lrredund": 4.2492, "lrpepelmv": 72.805, "hphfpdID": "000004", "pdbset": null, "lrpepxh": -1.0, "finallr": 309.3629, "lrpepelmh": -1.0, "template": "1nu7:BD(0.52,0.56,1/153,1,0)", "viralprotein_id": 15014, "lrsm": 0.9682, "id": 74609904, "lrpepxv": 2.59, "lrredundpairs": -1.0, "humanprotein_id": 6298, "vphfpdID": "002129@4imq_A.3"}, {"lrredund": 20.9141, "lrpepelmv": -1.0, "hphfpdID": "000172.e295_362", "pdbset": null, "lrpepxh": -1.0, "finallr": 113.5635, "lrpepelmh": -1.0, "template": "3uir:AC(0.48,0.29,74/90,19,6)", "viralprotein_id": 15014, "lrsm": 2.4439, "id": 74610058, "lrpepxv": 5.43, "lrredundpairs": -1.0, "humanprotein_id": 2981, "vphfpdID": "002129@2fyr_A.2"}, {"lrredund": 20.9141, "lrpepelmv": 72.805, "hphfpdID": "000007", "pdbset": null, "lrpepxh": -1.0, "finallr": 1522.65, "lrpepelmh": -1.0, "template": "", "viralprotein_id": 15014, "lrsm": -1.0, "id": 74610833, "lrpepxv": -1.0, "lrredundpairs": -1.0, "humanprotein_id": 6393, "vphfpdID": "002129@4in2_A.6"}, {"lrredund": 21.3884, "lrpepelmv": 9.677, "hphfpdID": "001751.e1650_1757", "pdbset": null, "lrpepxh": -1.0, "finallr": 208.5369, "lrpepelmh": -1.0, "template": "", "viralprotein_id": 15014, "lrsm": -1.0, "id": 74611265, "lrpepxv": 9.75, "lrredundpairs": -1.0, "humanprotein_id": 5041, "vphfpdID": "002129@4in1_A.7"}, {"lrredund": 15.8699, "lrpepelmv": 6.3442, "hphfpdID": "001349.d2715_2964", "pdbset": null, "lrpepxh": -1.0, "finallr": 100.682, "lrpepelmh": -1.0, "template": "1gl1:AI(0.58,0.55,53/93,7,0)", "viralprotein_id": 15014, "lrsm": 1.1641, "id": 74611725, "lrpepxv": 3.66, "lrredundpairs": -1.0, "humanprotein_id": 7312, "vphfpdID": "002129@5e0j_A.4"}, {"lrredund": 20.9141, "lrpepelmv": -1.0, "hphfpdID": "007725.d40_193", "pdbset": null, "lrpepxh": -1.0, "finallr": 1303.157, "lrpepelmh": -1.0, "template": "1xxc:AB(0.55,0.43,62/67,2,0)", "viralprotein_id": 15014, "lrsm": 2.0531, "id": 74612106, "lrpepxv": 62.31, "lrredundpairs": -1.0, "humanprotein_id": 3138, "vphfpdID": "002129@5e0j_A.4"}, {"lrredund": 19.2898, "lrpepelmv": -1.0, "hphfpdID": "017281.e1_108", "pdbset": null, "lrpepxh": -1.0, "finallr": 126.541, "lrpepelmh": -1.0, "template": "4sgb:EI(0.43,0.57,72/90,24,20)", "viralprotein_id": 15014, "lrsm": 1.7316, "id": 74612477, "lrpepxv": 6.56, "lrredundpairs": -1.0, "humanprotein_id": 5906, "vphfpdID": "002129@4imq_A.3"}, {"lrredund": 2.409, "lrpepelmv": 72.805, "hphfpdID": "000003", "pdbset": null, "lrpepxh": -1.0, "finallr": 175.3871, "lrpepelmh": -1.0, "template": "3ccs:SV(0.59,0.54,14/34,5,0)", "viralprotein_id": 15014, "lrsm": 1.1641, "id": 74612903, "lrpepxv": 2.59, "lrredundpairs": -1.0, "humanprotein_id": 6857, "vphfpdID": "002129@1wqs_A.8"}, {"lrredund": 3.8142, "lrpepelmv": 15.8041, "hphfpdID": "000278.e62_122", "pdbset": null, "lrpepxh": -1.0, "finallr": 237.6628, "lrpepelmh": -1.0, "template": "4ag2:BD(0.56,0.04,51/103,25,26)", "viralprotein_id": 15014, "lrsm": 3.1219, "id": 74614375, "lrpepxv": 62.31, "lrredundpairs": -1.0, "humanprotein_id": 2710, "vphfpdID": "002129@5e0j_A.4"}, {"lrredund": 4.2492, "lrpepelmv": 72.805, "hphfpdID": "000001", "pdbset": null, "lrpepxh": -1.0, "finallr": 309.3629, "lrpepelmh": -1.0, "template": "", "viralprotein_id": 15014, "lrsm": -1.0, "id": 74614397, "lrpepxv": -1.0, "lrredundpairs": -1.0, "humanprotein_id": 4793, "vphfpdID": "002129@2fyr_A.2"}, {"lrredund": -1.0, "lrpepelmv": -1.0, "hphfpdID": "004144.e68_179", "pdbset": null, "lrpepxh": -1.0, "finallr": 151.4063, "lrpepelmh": -1.0, "template": "3opk:AC(0.06,0.02,41/120,24,35)", "viralprotein_id": 15009, "lrsm": 151.4063, "id": 14865745, "lrpepxv": -1.0, "lrredundpairs": -1.0, "humanprotein_id": 1874, "vphfpdID": "002387.e1_302@3sej_A.4"}, {"lrredund": 4.2492, "lrpepelmv": 137.2032, "hphfpdID": "000001", "pdbset": null, "lrpepxh": -1.0, "finallr": 583.0042, "lrpepelmh": -1.0, "template": "", "viralprotein_id": 15009, "lrsm": -1.0, "id": 14866342, "lrpepxv": -1.0, "lrredundpairs": -1.0, "humanprotein_id": 4793, "vphfpdID": "002387@3m8l_A.3"}, {"lrredund": 21.3884, "lrpepelmv": 4.8045, "hphfpdID": "018111", "pdbset": null, "lrpepxh": -1.0, "finallr": 102.7615, "lrpepelmh": -1.0, "template": "", "viralprotein_id": 15009, "lrsm": -1.0, "id": 14866378, "lrpepxv": -1.0, "lrredundpairs": -1.0, "humanprotein_id": 15404, "vphfpdID": "002387@4ejr_A.6"}, {"lrredund": 2.409, "lrpepelmv": -1.0, "hphfpdID": "005407.e677_979", "pdbset": null, "lrpepxh": -1.0, "finallr": 238.9792, "lrpepelmh": -1.0, "template": "3kex:BA(0.07,0.02,3/181,2,0)", "viralprotein_id": 15009, "lrsm": 99.2027, "id": 14866563, "lrpepxv": -1.0, "lrredundpairs": 0.7707, "humanprotein_id": 4263, "vphfpdID": "002387.e1_302@3sej_A.4"}, {"lrredund": 19.2898, "lrpepelmv": -1.0, "hphfpdID": "011519.e1_119", "pdbset": null, "lrpepxh": -1.0, "finallr": 355.1866, "lrpepelmh": -1.0, "template": "2p1b:IG(0.56,0.01,108/130,43,51)", "viralprotein_id": 15009, "lrsm": 18.4132, "id": 14866661, "lrpepxv": -1.0, "lrredundpairs": -1.0, "humanprotein_id": 3074, "vphfpdID": "002387@3m8l_A.3"}, {"lrredund": 21.3884, "lrpepelmv": -1.0, "hphfpdID": "001452", "pdbset": null, "lrpepxh": -1.0, "finallr": 649.013, "lrpepelmh": -1.0, "template": "4f7m:AE(0.18,0.01,13/27,9,4)", "viralprotein_id": 15009, "lrsm": 30.3442, "id": 14866702, "lrpepxv": -1.0, "lrredundpairs": 0.7707, "humanprotein_id": 6282, "vphfpdID": "002387.e1_302@3sej_A.4"}, {"lrredund": 19.2898, "lrpepelmv": 137.2032, "hphfpdID": "000006", "pdbset": null, "lrpepxh": -1.0, "finallr": 2646.624, "lrpepelmh": -1.0, "template": "", "viralprotein_id": 15009, "lrsm": -1.0, "id": 14866712, "lrpepxv": -1.0, "lrredundpairs": -1.0, "humanprotein_id": 4514, "vphfpdID": "002387@3j1p_A.4"}, {"lrredund": 4.2492, "lrpepelmv": -1.0, "hphfpdID": "008086.d318_419", "pdbset": null, "lrpepxh": -1.0, "finallr": 128.9384, "lrpepelmh": -1.0, "template": "3v7a:BF(0.07,0.11,30/40,17,17)", "viralprotein_id": 15009, "lrsm": 30.3442, "id": 14867130, "lrpepxv": -1.0, "lrredundpairs": -1.0, "humanprotein_id": 14249, "vphfpdID": "002387.e275_540@3sej_A.3"}, {"lrredund": 21.3884, "lrpepelmv": -1.0, "hphfpdID": "009492.e120_224", "pdbset": null, "lrpepxh": -1.0, "finallr": 117.6084, "lrpepelmh": -1.0, "template": "3v7a:AE(0.09,0.29,24/40,12,8)", "viralprotein_id": 15009, "lrsm": 5.4987, "id": 14867665, "lrpepxv": -1.0, "lrredundpairs": 0.7707, "humanprotein_id": 13229, "vphfpdID": "002387.e275_540@4oos_A.2"}, {"lrredund": 21.3884, "lrpepelmv": -1.0, "hphfpdID": "005567.e1_206", "pdbset": null, "lrpepxh": -1.0, "finallr": 117.6084, "lrpepelmh": -1.0, "template": "2ktr:BA(0.09,0.23,44/66,20,29)", "viralprotein_id": 15009, "lrsm": 5.4987, "id": 14868320, "lrpepxv": -1.0, "lrredundpairs": -1.0, "humanprotein_id": 3874, "vphfpdID": "002387.e1_302@3sej_A.4"}, {"lrredund": 2.3254, "lrpepelmv": 137.2032, "hphfpdID": "000005", "pdbset": null, "lrpepxh": -1.0, "finallr": 319.0525, "lrpepelmh": -1.0, "template": "", "viralprotein_id": 15009, "lrsm": -1.0, "id": 14868326, "lrpepxv": -1.0, "lrredundpairs": -1.0, "humanprotein_id": 4794, "vphfpdID": "002387@4ejr_A.6"}, {"lrredund": 20.9141, "lrpepelmv": -1.0, "hphfpdID": "005158.d818_927", "pdbset": null, "lrpepxh": -1.0, "finallr": 2074.734, "lrpepelmh": -1.0, "template": "4lrm:ED(0.08,0.02,1/111,2,1)", "viralprotein_id": 15009, "lrsm": 99.2027, "id": 14868403, "lrpepxv": -1.0, "lrredundpairs": 0.7707, "humanprotein_id": 2711, "vphfpdID": "002387.e1_302@3sej_A.4"}, {"lrredund": 21.3884, "lrpepelmv": 4.8045, "hphfpdID": "002673.d115_219", "pdbset": null, "lrpepxh": -1.0, "finallr": 102.7615, "lrpepelmh": -1.0, "template": "3q6c:KD(0.56,0.45,9/14,7,3)", "viralprotein_id": 15009, "lrsm": 1.1641, "id": 14869453, "lrpepxv": -1.0, "lrredundpairs": -1.0, "humanprotein_id": 4427, "vphfpdID": "002387@4opo_A.1"}, {"lrredund": 21.3884, "lrpepelmv": -1.0, "hphfpdID": "004076.d484_623", "pdbset": null, "lrpepxh": -1.0, "finallr": 149.2837, "lrpepelmh": -1.0, "template": "1xqs:CA(0.19,0.14,36/115,22,27)", "viralprotein_id": 15009, "lrsm": 6.9797, "id": 14869827, "lrpepxv": -1.0, "lrredundpairs": -1.0, "humanprotein_id": 4894, "vphfpdID": "002387.e1_302@3sej_A.4"}, {"lrredund": 4.0064, "lrpepelmv": -1.0, "hphfpdID": "006442.d373_516", "pdbset": null, "lrpepxh": -1.0, "finallr": 101.1073, "lrpepelmh": -1.0, "template": "4lrm:ED(0.13,0.06,22/111,8,6)", "viralprotein_id": 15009, "lrsm": 25.2364, "id": 14870207, "lrpepxv": -1.0, "lrredundpairs": 0.7707, "humanprotein_id": 3050, "vphfpdID": "002387.e1_302@4oos_A.6"}, {"lrredund": 20.9141, "lrpepelmv": 137.2032, "hphfpdID": "000007", "pdbset": null, "lrpepxh": -1.0, "finallr": 2869.483, "lrpepelmh": -1.0, "template": "", "viralprotein_id": 15009, "lrsm": -1.0, "id": 14870263, "lrpepxv": -1.0, "lrredundpairs": -1.0, "humanprotein_id": 6393, "vphfpdID": "002387@4pb6_A.5"}, {"lrredund": 21.3884, "lrpepelmv": -1.0, "hphfpdID": "002626", "pdbset": null, "lrpepxh": -1.0, "finallr": 708.2626, "lrpepelmh": -1.0, "template": "3v7a:BG(0.07,0.09,32/37,9,6)", "viralprotein_id": 15009, "lrsm": 33.1143, "id": 14870388, "lrpepxv": -1.0, "lrredundpairs": 0.7707, "humanprotein_id": 2804, "vphfpdID": "002387.e275_540@3sej_A.3"}, {"lrredund": 19.2898, "lrpepelmv": 15.8041, "hphfpdID": "016613.e316_567", "pdbset": null, "lrpepxh": -1.0, "finallr": 304.8578, "lrpepelmh": -1.0, "template": "1qun:JI(0.51,0.49,67/186,25,29)", "viralprotein_id": 15009, "lrsm": 1.6809, "id": 14870618, "lrpepxv": -1.0, "lrredundpairs": -1.0, "humanprotein_id": 5161, "vphfpdID": "002387@4pb6_A.5"}, {"lrredund": 19.2898, "lrpepelmv": -1.0, "hphfpdID": "007197.d147_245", "pdbset": null, "lrpepxh": -1.0, "finallr": 197.8178, "lrpepelmh": -1.0, "template": "1c9s:ED(0.37,0.49,89/111,41,58)", "viralprotein_id": 15009, "lrsm": 10.255, "id": 14870736, "lrpepxv": -1.0, "lrredundpairs": -1.0, "humanprotein_id": 3620, "vphfpdID": "002387@4pb6_A.5"}, {"lrredund": 19.2898, "lrpepelmv": 14.2424, "hphfpdID": "001751.e1_73", "pdbset": null, "lrpepxh": -1.0, "finallr": 274.7339, "lrpepelmh": -1.0, "template": "3qhs:IB(0.60,0.59,1/1,1,0)", "viralprotein_id": 15009, "lrsm": 1.2704, "id": 14871204, "lrpepxv": -1.0, "lrredundpairs": -1.0, "humanprotein_id": 5041, "vphfpdID": "002387.e275_540@4opo_A.1"}, {"lrredund": 19.2898, "lrpepelmv": -1.0, "hphfpdID": "010507.e1_206", "pdbset": null, "lrpepxh": -1.0, "finallr": 150.368, "lrpepelmh": -1.0, "template": "2ktr:BA(0.09,0.24,44/66,21,38)", "viralprotein_id": 15009, "lrsm": 7.7952, "id": 14871219, "lrpepxv": -1.0, "lrredundpairs": -1.0, "humanprotein_id": 4475, "vphfpdID": "002387.e1_302@3sej_A.4"}, {"lrredund": 1.2535, "lrpepelmv": -1.0, "hphfpdID": "000014.e204_335", "pdbset": null, "lrpepxh": -1.0, "finallr": 124.3505, "lrpepelmh": -1.0, "template": "1a6a:AB(0.07,0.02,5/274,6,5)", "viralprotein_id": 15009, "lrsm": 99.2027, "id": 14871256, "lrpepxv": -1.0, "lrredundpairs": -1.0, "humanprotein_id": 7027, "vphfpdID": "002387.e1_302@3sej_A.4"}, {"lrredund": 21.3884, "lrpepelmv": -1.0, "hphfpdID": "016859.d83_144", "pdbset": null, "lrpepxh": -1.0, "finallr": 117.6084, "lrpepelmh": -1.0, "template": "2bps:BA(0.13,0.25,35/67,11,4)", "viralprotein_id": 15009, "lrsm": 5.4987, "id": 14871566, "lrpepxv": -1.0, "lrredundpairs": -1.0, "humanprotein_id": 4494, "vphfpdID": "002387.e1_302@3sej_A.4"}, {"lrredund": 15.8699, "lrpepelmv": 9.3373, "hphfpdID": "001349.d2679_3055", "pdbset": null, "lrpepxh": -1.0, "finallr": 148.1822, "lrpepelmh": -1.0, "template": "4eaj:AB(0.52,0.46,31/144,10,7)", "viralprotein_id": 15009, "lrsm": 1.02, "id": 14872053, "lrpepxv": -1.0, "lrredundpairs": -1.0, "humanprotein_id": 7312, "vphfpdID": "002387@3j1p_A.4"}, {"lrredund": 20.9141, "lrpepelmv": -1.0, "hphfpdID": "016729", "pdbset": null, "lrpepxh": -1.0, "finallr": 163.0298, "lrpepelmh": -1.0, "template": "2ktr:BA(0.09,0.29,42/66,21,39)", "viralprotein_id": 15009, "lrsm": 7.7952, "id": 14872437, "lrpepxv": -1.0, "lrredundpairs": 0.7707, "humanprotein_id": 6415, "vphfpdID": "002387.e1_302@3sej_A.4"}, {"lrredund": 21.3884, "lrpepelmv": -1.0, "hphfpdID": "000172.d132_188", "pdbset": null, "lrpepxh": -1.0, "finallr": 163.4924, "lrpepelmh": -1.0, "template": "4cdw:CB(0.24,0.56,264/1864,48,238)", "viralprotein_id": 15009, "lrsm": 7.644, "id": 14872888, "lrpepxv": -1.0, "lrredundpairs": -1.0, "humanprotein_id": 2981, "vphfpdID": "002387.d77_219"}, {"lrredund": 21.3884, "lrpepelmv": 137.2032, "hphfpdID": "000002", "pdbset": null, "lrpepxh": -1.0, "finallr": 2934.559, "lrpepelmh": -1.0, "template": "", "viralprotein_id": 15009, "lrsm": -1.0, "id": 14872970, "lrpepxv": -1.0, "lrredundpairs": -1.0, "humanprotein_id": 6315, "vphfpdID": "002387@3j1p_A.4"}, {"lrredund": 2.3254, "lrpepelmv": 137.2032, "hphfpdID": "000003", "pdbset": null, "lrpepxh": -1.0, "finallr": 319.0525, "lrpepelmh": -1.0, "template": "1gn4:CA(0.50,0.49,35/215,24,28)", "viralprotein_id": 15009, "lrsm": 1.5568, "id": 14873075, "lrpepxv": -1.0, "lrredundpairs": -1.0, "humanprotein_id": 6857, "vphfpdID": "002387@4pb6_A.5"}, {"lrredund": 4.2492, "lrpepelmv": -1.0, "hphfpdID": "004699", "pdbset": null, "lrpepxh": -1.0, "finallr": 107.2347, "lrpepelmh": -1.0, "template": "1lo5:AB(0.09,0.10,5/247,4,3)", "viralprotein_id": 15009, "lrsm": 25.2364, "id": 14873522, "lrpepxv": -1.0, "lrredundpairs": 0.7707, "humanprotein_id": 4544, "vphfpdID": "002387.e1_302@3sej_A.4"}, {"lrredund": 21.3884, "lrpepelmv": -1.0, "hphfpdID": "013899.d444_603", "pdbset": null, "lrpepxh": -1.0, "finallr": 107.5723, "lrpepelmh": -1.0, "template": "2lk6:BA(0.53,0.44,126/154,16,13)", "viralprotein_id": 15009, "lrsm": 5.0295, "id": 14873794, "lrpepxv": -1.0, "lrredundpairs": -1.0, "humanprotein_id": 1240, "vphfpdID": "002387.e275_540@4opo_A.1"}, {"lrredund": 20.9141, "lrpepelmv": -1.0, "hphfpdID": "016730", "pdbset": null, "lrpepxh": -1.0, "finallr": 168.6361, "lrpepelmh": -1.0, "template": "2lk6:BA(0.50,0.53,138/154,44,78)", "viralprotein_id": 15009, "lrsm": 8.0633, "id": 14873857, "lrpepxv": -1.0, "lrredundpairs": 0.7707, "humanprotein_id": 6290, "vphfpdID": "002387@4pb6_A.5"}, {"lrredund": 19.2898, "lrpepelmv": -1.0, "hphfpdID": "016448", "pdbset": null, "lrpepxh": -1.0, "finallr": 3261.861, "lrpepelmh": -1.0, "template": "2ktr:BA(0.09,0.01,44/66,22,38)", "viralprotein_id": 15009, "lrsm": 169.0977, "id": 14873865, "lrpepxv": -1.0, "lrredundpairs": 0.7707, "humanprotein_id": 7393, "vphfpdID": "002387.e1_302@3sej_A.4"}, {"lrredund": 20.9141, "lrpepelmv": 15.8041, "hphfpdID": "007144.d1_56", "pdbset": null, "lrpepxh": -1.0, "finallr": 330.5284, "lrpepelmh": -1.0, "template": "1na1:CB(0.24,0.50,266/1559,57,128)", "viralprotein_id": 15009, "lrsm": 9.0988, "id": 14873867, "lrpepxv": -1.0, "lrredundpairs": -1.0, "humanprotein_id": 6385, "vphfpdID": "002387@3j1p_A.4"}, {"lrredund": 19.2898, "lrpepelmv": -1.0, "hphfpdID": "018501", "pdbset": null, "lrpepxh": -1.0, "finallr": 150.368, "lrpepelmh": -1.0, "template": "2ktr:BA(0.09,0.27,42/66,21,39)", "viralprotein_id": 15009, "lrsm": 7.7952, "id": 14874261, "lrpepxv": -1.0, "lrredundpairs": 0.7707, "humanprotein_id": 1286, "vphfpdID": "002387.e1_302@3sej_A.4"}, {"lrredund": 4.2492, "lrpepelmv": 32.9939, "hphfpdID": "017284.e489_542", "pdbset": null, "lrpepxh": -1.0, "finallr": 140.1976, "lrpepelmh": -1.0, "template": "4jv5:FR(0.59,0.54,27/98,22,26)", "viralprotein_id": 15009, "lrsm": 1.4777, "id": 14874503, "lrpepxv": -1.0, "lrredundpairs": -1.0, "humanprotein_id": 7960, "vphfpdID": "002387@4pb6_A.5"}, {"lrredund": 2.3254, "lrpepelmv": 52.8828, "hphfpdID": "000906.e852_977", "pdbset": null, "lrpepxh": -1.0, "finallr": 122.9736, "lrpepelmh": -1.0, "template": "2bti:BA(0.52,0.60,90/181,21,14)", "viralprotein_id": 15009, "lrsm": 1.6435, "id": 14874857, "lrpepxv": -1.0, "lrredundpairs": -1.0, "humanprotein_id": 2586, "vphfpdID": "002387.e275_540@4opo_A.1"}, {"lrredund": 21.3884, "lrpepelmv": -1.0, "hphfpdID": "001509.e1_53", "pdbset": null, "lrpepxh": -1.0, "finallr": 128.3451, "lrpepelmh": -1.0, "template": "2idh:CA(0.23,0.06,26/27,10,4)", "viralprotein_id": 15009, "lrsm": 6.0007, "id": 14875204, "lrpepxv": -1.0, "lrredundpairs": 0.7707, "humanprotein_id": 2598, "vphfpdID": "002387.e275_540@4oos_A.2"}, {"lrredund": 20.9141, "lrpepelmv": 15.8041, "hphfpdID": "016466.e142_262", "pdbset": null, "lrpepxh": -1.0, "finallr": 330.5284, "lrpepelmh": -1.0, "template": "3m7f:BA(0.51,0.07,54/93,21,26)", "viralprotein_id": 15009, "lrsm": 3.1219, "id": 14875344, "lrpepxv": -1.0, "lrredundpairs": 0.7707, "humanprotein_id": 3727, "vphfpdID": "002387@2gh8_A.2"}, {"lrredund": 19.2898, "lrpepelmv": 15.8041, "hphfpdID": "016615.e320_574", "pdbset": null, "lrpepxh": -1.0, "finallr": 304.8578, "lrpepelmh": -1.0, "template": "1kiu:GA(0.54,0.53,55/66,22,10)", "viralprotein_id": 15009, "lrsm": 2.5395, "id": 14875404, "lrpepxv": -1.0, "lrredundpairs": -1.0, "humanprotein_id": 5095, "vphfpdID": "002387@4ejr_A.6"}, {"lrredund": 20.9141, "lrpepelmv": -1.0, "hphfpdID": "006178.e1085_1174", "pdbset": null, "lrpepxh": -1.0, "finallr": 203.5706, "lrpepelmh": -1.0, "template": "1gtn:TU(0.54,0.58,98/121,41,61)", "viralprotein_id": 15009, "lrsm": 9.7337, "id": 14876330, "lrpepxv": -1.0, "lrredundpairs": -1.0, "humanprotein_id": 2856, "vphfpdID": "002387@3j1p_A.4"}, {"lrredund": 4.2492, "lrpepelmv": 137.2032, "hphfpdID": "000004", "pdbset": null, "lrpepxh": -1.0, "finallr": 583.0042, "lrpepelmh": -1.0, "template": "1hr0:FO(0.49,0.56,1/2,1,0)", "viralprotein_id": 15009, "lrsm": 1.1641, "id": 14876478, "lrpepxv": -1.0, "lrredundpairs": -1.0, "humanprotein_id": 6298, "vphfpdID": "002387@2gh8_A.2"}, {"lrredund": 21.3884, "lrpepelmv": 20.1497, "hphfpdID": "008378.d463_902", "pdbset": null, "lrpepxh": -1.0, "finallr": 430.9707, "lrpepelmh": -1.0, "template": "4ksn:DC(0.50,0.42,64/127,9,4)", "viralprotein_id": 15009, "lrsm": 1.5595, "id": 14876672, "lrpepxv": -1.0, "lrredundpairs": -1.0, "humanprotein_id": 3758, "vphfpdID": "002387.e275_540@4opo_A.1"}, {"lrredund": 21.3884, "lrpepelmv": -1.0, "hphfpdID": "003962.d92_178", "pdbset": null, "lrpepxh": -1.0, "finallr": 146.3215, "lrpepelmh": -1.0, "template": "1v9u:32(0.23,0.37,75/414,41,50)", "viralprotein_id": 15009, "lrsm": 6.8412, "id": 14876691, "lrpepxv": -1.0, "lrredundpairs": 0.7707, "humanprotein_id": 6447, "vphfpdID": "002387.d77_219"}, {"lrredund": 1.2535, "lrpepelmv": -1.0, "hphfpdID": "000020.e204_335", "pdbset": null, "lrpepxh": -1.0, "finallr": 124.3505, "lrpepelmh": -1.0, "template": "1a6a:AB(0.07,0.03,5/274,6,5)", "viralprotein_id": 15009, "lrsm": 99.2027, "id": 14876855, "lrpepxv": -1.0, "lrredundpairs": -1.0, "humanprotein_id": 7027, "vphfpdID": "002387.e1_302@3sej_A.4"}, {"lrredund": 21.3884, "lrpepelmv": -1.0, "hphfpdID": "005354.e1664_1728", "pdbset": null, "lrpepxh": -1.0, "finallr": 274.8026, "lrpepelmh": -1.0, "template": "1po2:23(0.22,0.57,59/415,41,47)", "viralprotein_id": 15009, "lrsm": 12.8482, "id": 14877326, "lrpepxv": -1.0, "lrredundpairs": -1.0, "humanprotein_id": 7033, "vphfpdID": "002387.d77_219"}, {"lrredund": 21.3884, "lrpepelmv": -1.0, "hphfpdID": "018800.d596_685", "pdbset": null, "lrpepxh": -1.0, "finallr": 128.3451, "lrpepelmh": -1.0, "template": "3v7a:BG(0.09,0.24,34/37,12,11)", "viralprotein_id": 15009, "lrsm": 6.0007, "id": 14877489, "lrpepxv": -1.0, "lrredundpairs": 0.7707, "humanprotein_id": 4109, "vphfpdID": "002387.e275_540@4oos_A.2"}, {"lrredund": 1.2535, "lrpepelmv": -1.0, "hphfpdID": "000015.e204_335", "pdbset": null, "lrpepxh": -1.0, "finallr": 124.3505, "lrpepelmh": -1.0, "template": "1a6a:AB(0.07,0.02,5/274,6,5)", "viralprotein_id": 15009, "lrsm": 99.2027, "id": 14877855, "lrpepxv": -1.0, "lrredundpairs": -1.0, "humanprotein_id": 7027, "vphfpdID": "002387.e1_302@3sej_A.4"}, {"lrredund": 4.2492, "lrpepelmv": -1.0, "hphfpdID": "005319", "pdbset": null, "lrpepxh": -1.0, "finallr": 107.2347, "lrpepelmh": -1.0, "template": "1ebg:AB(0.11,0.03,14/231,14,14)", "viralprotein_id": 15009, "lrsm": 25.2364, "id": 14879052, "lrpepxv": -1.0, "lrredundpairs": -1.0, "humanprotein_id": 3069, "vphfpdID": "002387.e1_302@3sej_A.4"}, {"lrredund": 21.3884, "lrpepelmv": -1.0, "hphfpdID": "018500", "pdbset": null, "lrpepxh": -1.0, "finallr": 166.727, "lrpepelmh": -1.0, "template": "2ktr:BA(0.09,0.28,43/66,23,41)", "viralprotein_id": 15009, "lrsm": 7.7952, "id": 14879521, "lrpepxv": -1.0, "lrredundpairs": -1.0, "humanprotein_id": 3463, "vphfpdID": "002387.e1_302@3sej_A.4"}, {"lrredund": 4.2492, "lrpepelmv": 32.9939, "hphfpdID": "017283.e380_439", "pdbset": null, "lrpepxh": -1.0, "finallr": 140.1976, "lrpepelmh": -1.0, "template": "5cro:BA(0.59,0.31,34/84,17,16)", "viralprotein_id": 15009, "lrsm": 1.2265, "id": 14879535, "lrpepxv": -1.0, "lrredundpairs": -1.0, "humanprotein_id": 5846, "vphfpdID": "002387.e275_540@4opo_A.1"}, {"lrredund": 2.3254, "lrpepelmv": -1.0, "hphfpdID": "005406.d826_936", "pdbset": null, "lrpepxh": -1.0, "finallr": 230.6859, "lrpepelmh": -1.0, "template": "4lrm:ED(0.08,0.02,3/111,4,3)", "viralprotein_id": 15009, "lrsm": 99.2027, "id": 14880077, "lrpepxv": -1.0, "lrredundpairs": 1.1877, "humanprotein_id": 2951, "vphfpdID": "002387.e1_302@3sej_A.4"}]