[{"lrredund": 21.3884, "lrpepelmv": 137.2032, "hphfpdID": "000007", "pdbset": null, "lrpepxh": -1.0, "finallr": 2934.559, "lrpepelmh": -1.0, "template": "", "viralprotein_id": 15079, "lrsm": -1.0, "id": 70530809, "lrpepxv": -1.0, "lrredundpairs": -1.0, "humanprotein_id": 6393, "vphfpdID": "000438@2obr_A.2"}, {"lrredund": 4.2492, "lrpepelmv": 32.9939, "hphfpdID": "017283.e380_439", "pdbset": null, "lrpepxh": -1.0, "finallr": 140.1976, "lrpepelmh": -1.0, "template": "1w1w:AE(0.18,0.36,36/110,22,30)", "viralprotein_id": 15079, "lrsm": 2.7953, "id": 70531319, "lrpepxv": -1.0, "lrredundpairs": -1.0, "humanprotein_id": 5846, "vphfpdID": "000438.e1_302@4oos_A.4"}, {"lrredund": 4.0064, "lrpepelmv": 15.8041, "hphfpdID": "012457.d431_643", "pdbset": null, "lrpepxh": -1.0, "finallr": 101.1073, "lrpepelmh": -1.0, "template": "3blh:AB(0.11,0.08,4/96,4,1)", "viralprotein_id": 15079, "lrsm": 25.2364, "id": 70531323, "lrpepxv": -1.0, "lrredundpairs": -1.0, "humanprotein_id": 4538, "vphfpdID": "000438.e1_302@4oos_A.4"}, {"lrredund": 20.9141, "lrpepelmv": -1.0, "hphfpdID": "016448", "pdbset": null, "lrpepxh": -1.0, "finallr": 3536.526, "lrpepelmh": -1.0, "template": "2ktr:BA(0.09,0.01,44/66,22,38)", "viralprotein_id": 15079, "lrsm": 169.0977, "id": 70531585, "lrpepxv": -1.0, "lrredundpairs": 0.7707, "humanprotein_id": 7393, "vphfpdID": "000438.e1_302@3sej_A.3"}, {"lrredund": 19.2898, "lrpepelmv": -1.0, "hphfpdID": "018501", "pdbset": null, "lrpepxh": -1.0, "finallr": 150.368, "lrpepelmh": -1.0, "template": "2ktr:BA(0.09,0.27,42/66,21,39)", "viralprotein_id": 15079, "lrsm": 7.7952, "id": 70531740, "lrpepxv": -1.0, "lrredundpairs": 0.7707, "humanprotein_id": 1286, "vphfpdID": "000438.e1_302@3sej_A.3"}, {"lrredund": 4.2492, "lrpepelmv": -1.0, "hphfpdID": "017334.e188_289", "pdbset": null, "lrpepxh": -1.0, "finallr": 107.2347, "lrpepelmh": -1.0, "template": "3jv6:CA(0.13,0.03,18/50,4,0)", "viralprotein_id": 15079, "lrsm": 25.2364, "id": 70532046, "lrpepxv": -1.0, "lrredundpairs": -1.0, "humanprotein_id": 6831, "vphfpdID": "000438.e1_302@4oos_A.4"}, {"lrredund": 20.9141, "lrpepelmv": -1.0, "hphfpdID": "011519", "pdbset": null, "lrpepxh": -1.0, "finallr": 385.0952, "lrpepelmh": -1.0, "template": "3t30:IJ(0.53,0.07,90/104,50,73)", "viralprotein_id": 15079, "lrsm": 18.4132, "id": 70532087, "lrpepxv": -1.0, "lrredundpairs": -1.0, "humanprotein_id": 3074, "vphfpdID": "000438@2gh8_A.5"}, {"lrredund": 2.3254, "lrpepelmv": 137.2032, "hphfpdID": "000005", "pdbset": null, "lrpepxh": -1.0, "finallr": 319.0525, "lrpepelmh": -1.0, "template": "", "viralprotein_id": 15079, "lrsm": -1.0, "id": 70532175, "lrpepxv": -1.0, "lrredundpairs": -1.0, "humanprotein_id": 4794, "vphfpdID": "000438@3j1p_A.7"}, {"lrredund": 21.3884, "lrpepelmv": -1.0, "hphfpdID": "005354.e1664_1728", "pdbset": null, "lrpepxh": -1.0, "finallr": 274.8026, "lrpepelmh": -1.0, "template": "1po2:23(0.22,0.57,59/415,42,48)", "viralprotein_id": 15079, "lrsm": 12.8482, "id": 70532418, "lrpepxv": -1.0, "lrredundpairs": -1.0, "humanprotein_id": 7033, "vphfpdID": "000438.d77_219"}, {"lrredund": 20.9141, "lrpepelmv": 137.2032, "hphfpdID": "000006", "pdbset": null, "lrpepxh": -1.0, "finallr": 2869.483, "lrpepelmh": -1.0, "template": "", "viralprotein_id": 15079, "lrsm": -1.0, "id": 70532424, "lrpepxv": -1.0, "lrredundpairs": -1.0, "humanprotein_id": 4514, "vphfpdID": "000438@3j1p_A.7"}, {"lrredund": 2.3254, "lrpepelmv": 52.8828, "hphfpdID": "000906.e1_591", "pdbset": null, "lrpepxh": -1.0, "finallr": 122.9736, "lrpepelmh": -1.0, "template": "4hmy:SA(0.51,0.32,56/281,42,50)", "viralprotein_id": 15079, "lrsm": 10.7938, "id": 70532563, "lrpepxv": -1.0, "lrredundpairs": -1.0, "humanprotein_id": 2586, "vphfpdID": "000438.e1_302@3sej_A.3"}, {"lrredund": 1.0145, "lrpepelmv": -1.0, "hphfpdID": "013747", "pdbset": null, "lrpepxh": -1.0, "finallr": 100.6411, "lrpepelmh": -1.0, "template": "3une:ZN(0.08,0.01,1/205,2,1)", "viralprotein_id": 15079, "lrsm": 99.2027, "id": 70532602, "lrpepxv": -1.0, "lrredundpairs": -1.0, "humanprotein_id": 4548, "vphfpdID": "000438.e1_302@4oos_A.4"}, {"lrredund": 21.3884, "lrpepelmv": -1.0, "hphfpdID": "002626", "pdbset": null, "lrpepxh": -1.0, "finallr": 708.2626, "lrpepelmh": -1.0, "template": "3v7a:BG(0.09,0.09,32/37,9,6)", "viralprotein_id": 15079, "lrsm": 33.1143, "id": 70532675, "lrpepxv": -1.0, "lrredundpairs": 0.7707, "humanprotein_id": 2804, "vphfpdID": "000438.e275_540@4opo_A.2"}, {"lrredund": 21.3884, "lrpepelmv": -1.0, "hphfpdID": "016859.d83_144", "pdbset": null, "lrpepxh": -1.0, "finallr": 117.6084, "lrpepelmh": -1.0, "template": "2bps:BA(0.13,0.25,35/67,11,4)", "viralprotein_id": 15079, "lrsm": 5.4987, "id": 70533374, "lrpepxv": -1.0, "lrredundpairs": -1.0, "humanprotein_id": 4494, "vphfpdID": "000438.e1_302@3sej_A.3"}, {"lrredund": 4.2492, "lrpepelmv": -1.0, "hphfpdID": "014800.e339_475", "pdbset": null, "lrpepxh": -1.0, "finallr": 107.2347, "lrpepelmh": -1.0, "template": "2iwg:AB(0.17,0.00,23/70,20,21)", "viralprotein_id": 15079, "lrsm": 25.2364, "id": 70533935, "lrpepxv": -1.0, "lrredundpairs": -1.0, "humanprotein_id": 4121, "vphfpdID": "000438.e1_302@4oos_A.4"}, {"lrredund": 1.0145, "lrpepelmv": -1.0, "hphfpdID": "000015.e204_335", "pdbset": null, "lrpepxh": -1.0, "finallr": 100.6411, "lrpepelmh": -1.0, "template": "1a6a:AB(0.07,0.02,5/274,6,5)", "viralprotein_id": 15079, "lrsm": 99.2027, "id": 70534423, "lrpepxv": -1.0, "lrredundpairs": -1.0, "humanprotein_id": 7027, "vphfpdID": "000438.e1_302@3sej_A.3"}, {"lrredund": 2.409, "lrpepelmv": 137.2032, "hphfpdID": "000003", "pdbset": null, "lrpepxh": -1.0, "finallr": 330.5227, "lrpepelmh": -1.0, "template": "1p7g:LI(0.59,0.59,44/299,24,20)", "viralprotein_id": 15079, "lrsm": 1.4777, "id": 70534580, "lrpepxv": -1.0, "lrredundpairs": -1.0, "humanprotein_id": 6857, "vphfpdID": "000438@4pb6_A.9"}, {"lrredund": 4.2492, "lrpepelmv": -1.0, "hphfpdID": "008086.d318_419", "pdbset": null, "lrpepxh": -1.0, "finallr": 128.9384, "lrpepelmh": -1.0, "template": "3v7a:BF(0.08,0.11,30/40,17,13)", "viralprotein_id": 15079, "lrsm": 30.3442, "id": 70534875, "lrpepxv": -1.0, "lrredundpairs": 0.7707, "humanprotein_id": 14249, "vphfpdID": "000438.e275_540@2obr_A.4"}, {"lrredund": 1.2535, "lrpepelmv": -1.0, "hphfpdID": "018236.d124_217", "pdbset": null, "lrpepxh": -1.0, "finallr": 149.5184, "lrpepelmh": -1.0, "template": "2es3:AB(0.09,0.01,27/56,16,21)", "viralprotein_id": 15079, "lrsm": 119.2807, "id": 70535037, "lrpepxv": -1.0, "lrredundpairs": 0.7707, "humanprotein_id": 3151, "vphfpdID": "000438.e1_302@4oos_A.4"}, {"lrredund": 21.3884, "lrpepelmv": -1.0, "hphfpdID": "018500", "pdbset": null, "lrpepxh": -1.0, "finallr": 166.727, "lrpepelmh": -1.0, "template": "2ktr:BA(0.09,0.28,43/66,23,41)", "viralprotein_id": 15079, "lrsm": 7.7952, "id": 70535125, "lrpepxv": -1.0, "lrredundpairs": 0.7707, "humanprotein_id": 3463, "vphfpdID": "000438.e1_302@3sej_A.3"}, {"lrredund": 21.3884, "lrpepelmv": 15.8041, "hphfpdID": "016613.e316_567", "pdbset": null, "lrpepxh": -1.0, "finallr": 338.0243, "lrpepelmh": -1.0, "template": "1ind:LH(0.12,0.44,24/180,13,13)", "viralprotein_id": 15079, "lrsm": 1.8315, "id": 70535781, "lrpepxv": -1.0, "lrredundpairs": -1.0, "humanprotein_id": 5161, "vphfpdID": "000438.e1_302@4oos_A.4"}, {"lrredund": 4.2492, "lrpepelmv": 32.9939, "hphfpdID": "017284.e489_542", "pdbset": null, "lrpepxh": -1.0, "finallr": 140.1976, "lrpepelmh": -1.0, "template": "5cro:BA(0.59,0.39,37/84,20,18)", "viralprotein_id": 15079, "lrsm": 1.2265, "id": 70536265, "lrpepxv": -1.0, "lrredundpairs": -1.0, "humanprotein_id": 7960, "vphfpdID": "000438.e275_540@4opo_A.2"}, {"lrredund": 21.3884, "lrpepelmv": 11.4911, "hphfpdID": "001060.e180_274", "pdbset": null, "lrpepxh": -1.0, "finallr": 245.7766, "lrpepelmh": -1.0, "template": "1zuy:BA(0.45,0.05,35/57,20,16)", "viralprotein_id": 15079, "lrsm": 2.2022, "id": 70536289, "lrpepxv": -1.0, "lrredundpairs": -1.0, "humanprotein_id": 17652, "vphfpdID": "000438.e275_540@2obr_A.4"}, {"lrredund": 21.3884, "lrpepelmv": -1.0, "hphfpdID": "008850.e118_222", "pdbset": null, "lrpepxh": -1.0, "finallr": 149.2837, "lrpepelmh": -1.0, "template": "1a6w:LH(0.16,0.23,37/103,21,28)", "viralprotein_id": 15079, "lrsm": 6.9797, "id": 70536455, "lrpepxv": -1.0, "lrredundpairs": -1.0, "humanprotein_id": 7761, "vphfpdID": "000438.e1_302@4oos_A.4"}, {"lrredund": 21.3884, "lrpepelmv": 20.1497, "hphfpdID": "008378.d463_902", "pdbset": null, "lrpepxh": -1.0, "finallr": 430.9707, "lrpepelmh": -1.0, "template": "4ksn:DC(0.50,0.42,64/127,9,4)", "viralprotein_id": 15079, "lrsm": 1.5595, "id": 70536600, "lrpepxv": -1.0, "lrredundpairs": -1.0, "humanprotein_id": 3758, "vphfpdID": "000438.e275_540@4opo_A.2"}, {"lrredund": 4.2492, "lrpepelmv": 4.1527, "hphfpdID": "001026", "pdbset": null, "lrpepxh": -1.0, "finallr": 107.2347, "lrpepelmh": -1.0, "template": "1ym7:BA(0.16,0.02,3/60,4,3)", "viralprotein_id": 15079, "lrsm": 25.2364, "id": 70536623, "lrpepxv": -1.0, "lrredundpairs": 0.7707, "humanprotein_id": 4437, "vphfpdID": "000438.e1_302@4oos_A.4"}, {"lrredund": 1.0145, "lrpepelmv": -1.0, "hphfpdID": "000014.e204_335", "pdbset": null, "lrpepxh": -1.0, "finallr": 100.6411, "lrpepelmh": -1.0, "template": "1a6a:AB(0.07,0.02,5/274,6,5)", "viralprotein_id": 15079, "lrsm": 99.2027, "id": 70537513, "lrpepxv": -1.0, "lrredundpairs": -1.0, "humanprotein_id": 7027, "vphfpdID": "000438.e1_302@3sej_A.3"}, {"lrredund": 4.2492, "lrpepelmv": 137.2032, "hphfpdID": "000004", "pdbset": null, "lrpepxh": -1.0, "finallr": 583.0042, "lrpepelmh": -1.0, "template": "", "viralprotein_id": 15079, "lrsm": -1.0, "id": 70537601, "lrpepxv": -1.0, "lrredundpairs": -1.0, "humanprotein_id": 6298, "vphfpdID": "000438@4ejr_A.8"}, {"lrredund": 21.3884, "lrpepelmv": -1.0, "hphfpdID": "009492.e120_224", "pdbset": null, "lrpepxh": -1.0, "finallr": 149.2837, "lrpepelmh": -1.0, "template": "1oau:NJ(0.17,0.20,34/97,22,29)", "viralprotein_id": 15079, "lrsm": 6.9797, "id": 70537961, "lrpepxv": -1.0, "lrredundpairs": 0.7707, "humanprotein_id": 13229, "vphfpdID": "000438.e1_302@4oos_A.4"}, {"lrredund": 1.0145, "lrpepelmv": -1.0, "hphfpdID": "000020.e204_335", "pdbset": null, "lrpepxh": -1.0, "finallr": 100.6411, "lrpepelmh": -1.0, "template": "1a6a:AB(0.07,0.03,5/274,6,5)", "viralprotein_id": 15079, "lrsm": 99.2027, "id": 70538042, "lrpepxv": -1.0, "lrredundpairs": -1.0, "humanprotein_id": 7027, "vphfpdID": "000438.e1_302@3sej_A.3"}, {"lrredund": 2.409, "lrpepelmv": -1.0, "hphfpdID": "005407.e677_979", "pdbset": null, "lrpepxh": -1.0, "finallr": 238.9792, "lrpepelmh": -1.0, "template": "3kex:BA(0.07,0.02,3/181,2,0)", "viralprotein_id": 15079, "lrsm": 99.2027, "id": 70538173, "lrpepxv": -1.0, "lrredundpairs": 0.7707, "humanprotein_id": 4263, "vphfpdID": "000438.e1_302@3sej_A.3"}, {"lrredund": 1.7092, "lrpepelmv": -1.0, "hphfpdID": "009373", "pdbset": null, "lrpepxh": -1.0, "finallr": 203.8746, "lrpepelmh": -1.0, "template": "3w58:CB(0.08,0.01,28/38,16,25)", "viralprotein_id": 15079, "lrsm": 119.2807, "id": 70538560, "lrpepxv": -1.0, "lrredundpairs": 0.7707, "humanprotein_id": 3259, "vphfpdID": "000438.e1_302@4oos_A.4"}, {"lrredund": 21.3884, "lrpepelmv": -1.0, "hphfpdID": "000172.d132_188", "pdbset": null, "lrpepxh": -1.0, "finallr": 163.4924, "lrpepelmh": -1.0, "template": "4cdw:CB(0.29,0.56,286/1864,42,174)", "viralprotein_id": 15079, "lrsm": 7.644, "id": 70539115, "lrpepxv": -1.0, "lrredundpairs": -1.0, "humanprotein_id": 2981, "vphfpdID": "000438.e1_302@1ihm_A.1"}, {"lrredund": 20.9141, "lrpepelmv": 15.8041, "hphfpdID": "007144.d1_56", "pdbset": null, "lrpepxh": -1.0, "finallr": 330.5284, "lrpepelmh": -1.0, "template": "1ex4:BA(0.18,0.20,4/207,5,4)", "viralprotein_id": 15079, "lrsm": 4.5731, "id": 70539211, "lrpepxv": -1.0, "lrredundpairs": -1.0, "humanprotein_id": 6385, "vphfpdID": "000438.e1_302@4oos_A.4"}, {"lrredund": 20.9141, "lrpepelmv": -1.0, "hphfpdID": "016729", "pdbset": null, "lrpepxh": -1.0, "finallr": 163.0298, "lrpepelmh": -1.0, "template": "2ktr:BA(0.09,0.29,42/66,21,39)", "viralprotein_id": 15079, "lrsm": 7.7952, "id": 70539498, "lrpepxv": -1.0, "lrredundpairs": 0.7707, "humanprotein_id": 6415, "vphfpdID": "000438.e1_302@3sej_A.3"}, {"lrredund": 20.9141, "lrpepelmv": -1.0, "hphfpdID": "005158.d818_927", "pdbset": null, "lrpepxh": -1.0, "finallr": 2074.734, "lrpepelmh": -1.0, "template": "4lrm:ED(0.08,0.02,1/111,2,1)", "viralprotein_id": 15079, "lrsm": 99.2027, "id": 70540431, "lrpepxv": -1.0, "lrredundpairs": 0.7707, "humanprotein_id": 2711, "vphfpdID": "000438.e1_302@3sej_A.3"}, {"lrredund": 19.2898, "lrpepelmv": -1.0, "hphfpdID": "006178.e559_615", "pdbset": null, "lrpepxh": -1.0, "finallr": 208.2111, "lrpepelmh": -1.0, "template": "4gh4:BC(0.36,0.54,55/376,41,42)", "viralprotein_id": 15079, "lrsm": 10.7938, "id": 70540476, "lrpepxv": -1.0, "lrredundpairs": -1.0, "humanprotein_id": 2856, "vphfpdID": "000438@3m8l_A.6"}, {"lrredund": 21.3884, "lrpepelmv": -1.0, "hphfpdID": "018800.e503_596", "pdbset": null, "lrpepxh": -1.0, "finallr": 149.2837, "lrpepelmh": -1.0, "template": "1hez:EC(0.19,0.20,32/81,22,26)", "viralprotein_id": 15079, "lrsm": 6.9797, "id": 70540674, "lrpepxv": -1.0, "lrredundpairs": 0.7707, "humanprotein_id": 4109, "vphfpdID": "000438.e1_302@4oos_A.4"}, {"lrredund": 19.2898, "lrpepelmv": -1.0, "hphfpdID": "005567.e1_206", "pdbset": null, "lrpepxh": -1.0, "finallr": 106.0689, "lrpepelmh": -1.0, "template": "2ktr:BA(0.09,0.23,44/66,20,29)", "viralprotein_id": 15079, "lrsm": 5.4987, "id": 70540798, "lrpepxv": -1.0, "lrredundpairs": -1.0, "humanprotein_id": 3874, "vphfpdID": "000438.e1_302@3sej_A.3"}, {"lrredund": 21.3884, "lrpepelmv": 15.8041, "hphfpdID": "016466.e85_146", "pdbset": null, "lrpepxh": -1.0, "finallr": 338.0243, "lrpepelmh": -1.0, "template": "2lk6:BA(0.53,0.51,136/154,28,32)", "viralprotein_id": 15079, "lrsm": 3.2502, "id": 70541341, "lrpepxv": -1.0, "lrredundpairs": 0.7707, "humanprotein_id": 3727, "vphfpdID": "000438.e275_540@4opo_A.2"}, {"lrredund": 21.3884, "lrpepelmv": -1.0, "hphfpdID": "001452", "pdbset": null, "lrpepxh": -1.0, "finallr": 649.013, "lrpepelmh": -1.0, "template": "4f7m:AE(0.18,0.01,13/27,9,4)", "viralprotein_id": 15079, "lrsm": 30.3442, "id": 70542355, "lrpepxv": -1.0, "lrredundpairs": 0.7707, "humanprotein_id": 6282, "vphfpdID": "000438.e1_302@3sej_A.3"}, {"lrredund": 21.3884, "lrpepelmv": -1.0, "hphfpdID": "009491.e1_122", "pdbset": null, "lrpepxh": -1.0, "finallr": 166.727, "lrpepelmh": -1.0, "template": "1hez:EC(0.19,0.20,37/81,24,34)", "viralprotein_id": 15079, "lrsm": 7.7952, "id": 70542887, "lrpepxv": -1.0, "lrredundpairs": -1.0, "humanprotein_id": 12198, "vphfpdID": "000438.e1_302@4oos_A.4"}, {"lrredund": 2.409, "lrpepelmv": -1.0, "hphfpdID": "005406.d826_936", "pdbset": null, "lrpepxh": -1.0, "finallr": 238.9792, "lrpepelmh": -1.0, "template": "4lrm:ED(0.08,0.02,3/111,4,3)", "viralprotein_id": 15079, "lrsm": 99.2027, "id": 70542998, "lrpepxv": -1.0, "lrredundpairs": 0.7707, "humanprotein_id": 2951, "vphfpdID": "000438.e1_302@3sej_A.3"}, {"lrredund": 21.3884, "lrpepelmv": 9.677, "hphfpdID": "001751.e1_73", "pdbset": null, "lrpepxh": -1.0, "finallr": 206.9754, "lrpepelmh": -1.0, "template": "4ksn:BC(0.45,0.47,10/22,5,3)", "viralprotein_id": 15079, "lrsm": 1.2265, "id": 70543302, "lrpepxv": -1.0, "lrredundpairs": -1.0, "humanprotein_id": 5041, "vphfpdID": "000438.e275_540@2obr_A.4"}, {"lrredund": 3.124, "lrpepelmv": -1.0, "hphfpdID": "006208.e2514_2647", "pdbset": null, "lrpepxh": -1.0, "finallr": 143.6297, "lrpepelmh": -1.0, "template": "3cnk:BA(0.35,0.00,96/100,45,50)", "viralprotein_id": 15079, "lrsm": 45.9762, "id": 70543339, "lrpepxv": -1.0, "lrredundpairs": -1.0, "humanprotein_id": 4231, "vphfpdID": "000438@3j1p_A.7"}, {"lrredund": 4.2492, "lrpepelmv": 137.2032, "hphfpdID": "000001", "pdbset": null, "lrpepxh": -1.0, "finallr": 583.0042, "lrpepelmh": -1.0, "template": "3ccm:SV(0.46,0.54,4/32,2,0)", "viralprotein_id": 15079, "lrsm": 1.02, "id": 70543361, "lrpepxv": -1.0, "lrredundpairs": -1.0, "humanprotein_id": 4793, "vphfpdID": "000438.e1_302@3sej_A.3"}, {"lrredund": 19.2898, "lrpepelmv": 4.1527, "hphfpdID": "003962.d133_182", "pdbset": null, "lrpepxh": -1.0, "finallr": 106.0689, "lrpepelmh": -1.0, "template": "2f0x:GF(0.16,0.19,14/34,4,2)", "viralprotein_id": 15079, "lrsm": 5.4987, "id": 70543416, "lrpepxv": -1.0, "lrredundpairs": 0.7707, "humanprotein_id": 6447, "vphfpdID": "000438@4pb6_A.9"}, {"lrredund": 21.3884, "lrpepelmv": -1.0, "hphfpdID": "004076.d484_623", "pdbset": null, "lrpepxh": -1.0, "finallr": 149.2837, "lrpepelmh": -1.0, "template": "1xqs:CA(0.19,0.14,36/115,22,27)", "viralprotein_id": 15079, "lrsm": 6.9797, "id": 70543569, "lrpepxv": -1.0, "lrredundpairs": -1.0, "humanprotein_id": 4894, "vphfpdID": "000438.e1_302@3sej_A.3"}, {"lrredund": 19.2898, "lrpepelmv": 15.8041, "hphfpdID": "016615.d584_674", "pdbset": null, "lrpepxh": -1.0, "finallr": 304.8578, "lrpepelmh": -1.0, "template": "", "viralprotein_id": 15079, "lrsm": -1.0, "id": 70543614, "lrpepxv": -1.0, "lrredundpairs": -1.0, "humanprotein_id": 5095, "vphfpdID": "000438@4pb6_A.9"}, {"lrredund": 19.2898, "lrpepelmv": -1.0, "hphfpdID": "010507.e1_206", "pdbset": null, "lrpepxh": -1.0, "finallr": 150.368, "lrpepelmh": -1.0, "template": "2ktr:BA(0.09,0.24,44/66,21,38)", "viralprotein_id": 15079, "lrsm": 7.7952, "id": 70544588, "lrpepxv": -1.0, "lrredundpairs": -1.0, "humanprotein_id": 4475, "vphfpdID": "000438.e1_302@3sej_A.3"}, {"lrredund": 19.2898, "lrpepelmv": 137.2032, "hphfpdID": "000002", "pdbset": null, "lrpepxh": -1.0, "finallr": 2646.624, "lrpepelmh": -1.0, "template": "", "viralprotein_id": 15079, "lrsm": -1.0, "id": 70544722, "lrpepxv": -1.0, "lrredundpairs": -1.0, "humanprotein_id": 6315, "vphfpdID": "000438@4pb6_A.9"}, {"lrredund": 21.3884, "lrpepelmv": 4.1527, "hphfpdID": "002673.d115_219", "pdbset": null, "lrpepxh": -1.0, "finallr": 117.6084, "lrpepelmh": -1.0, "template": "1hz6:BC(0.13,0.25,23/54,12,14)", "viralprotein_id": 15079, "lrsm": 5.4987, "id": 70544785, "lrpepxv": -1.0, "lrredundpairs": 0.7707, "humanprotein_id": 4427, "vphfpdID": "000438.e1_302@4oos_A.4"}, {"lrredund": 21.3884, "lrpepelmv": -1.0, "hphfpdID": "016730", "pdbset": null, "lrpepxh": -1.0, "finallr": 166.727, "lrpepelmh": -1.0, "template": "2ktr:BA(0.09,0.30,43/66,23,41)", "viralprotein_id": 15079, "lrsm": 7.7952, "id": 70544880, "lrpepxv": -1.0, "lrredundpairs": 0.7707, "humanprotein_id": 6290, "vphfpdID": "000438.e1_302@3sej_A.3"}, {"lrredund": 21.3884, "lrpepelmv": 9.3373, "hphfpdID": "001349.d2679_3055", "pdbset": null, "lrpepxh": -1.0, "finallr": 199.7102, "lrpepelmh": -1.0, "template": "3kvp:EB(0.44,0.49,37/67,22,22)", "viralprotein_id": 15079, "lrsm": 1.7387, "id": 70544978, "lrpepxv": -1.0, "lrredundpairs": -1.0, "humanprotein_id": 7312, "vphfpdID": "000438.e1_302@2obr_A.2"}, {"lrredund": 21.3884, "lrpepelmv": 4.1867, "hphfpdID": "001509.e1_53", "pdbset": null, "lrpepxh": -1.0, "finallr": 128.3451, "lrpepelmh": -1.0, "template": "2idh:CA(0.33,0.06,26/27,10,3)", "viralprotein_id": 15079, "lrsm": 6.0007, "id": 70545056, "lrpepxv": -1.0, "lrredundpairs": 0.7707, "humanprotein_id": 2598, "vphfpdID": "000438.e275_540@2obr_A.4"}, {"lrredund": 21.3884, "lrpepelmv": -1.0, "hphfpdID": "013899.d444_603", "pdbset": null, "lrpepxh": -1.0, "finallr": 107.5723, "lrpepelmh": -1.0, "template": "2lk6:BA(0.53,0.44,126/154,15,12)", "viralprotein_id": 15079, "lrsm": 5.0295, "id": 70545084, "lrpepxv": -1.0, "lrredundpairs": -1.0, "humanprotein_id": 1240, "vphfpdID": "000438.e275_540@4opo_A.2"}, {"lrredund": 4.2492, "lrpepelmv": -1.0, "hphfpdID": "011266.e244_350", "pdbset": null, "lrpepxh": -1.0, "finallr": 107.2347, "lrpepelmh": -1.0, "template": "3jv6:CA(0.13,0.03,18/50,5,3)", "viralprotein_id": 15079, "lrsm": 25.2364, "id": 70545319, "lrpepxv": -1.0, "lrredundpairs": -1.0, "humanprotein_id": 4137, "vphfpdID": "000438.e1_302@4oos_A.4"}, {"lrredund": 15.8699, "lrpepelmv": 14.0867, "hphfpdID": "016613.e557_714", "pdbset": null, "lrpepxh": -1.0, "finallr": 223.5545, "lrpepelmh": -1.0, "template": "", "viralprotein_id": 15080, "lrsm": -1.0, "id": 35502242, "lrpepxv": -1.0, "lrredundpairs": -1.0, "humanprotein_id": 5161, "vphfpdID": "002148"}, {"lrredund": 4.2492, "lrpepelmv": -1.0, "hphfpdID": "008899", "pdbset": null, "lrpepxh": -1.0, "finallr": 149.4305, "lrpepelmh": -1.0, "template": "2qqe:BA(0.48,0.10,212/241,79,109)", "viralprotein_id": 15080, "lrsm": 35.1668, "id": 35504614, "lrpepxv": -1.0, "lrredundpairs": -1.0, "humanprotein_id": 2925, "vphfpdID": "002148"}, {"lrredund": 15.8699, "lrpepelmv": 72.805, "hphfpdID": "000002", "pdbset": null, "lrpepxh": -1.0, "finallr": 1155.407, "lrpepelmh": -1.0, "template": "", "viralprotein_id": 15080, "lrsm": -1.0, "id": 35504636, "lrpepxv": -1.0, "lrredundpairs": 0.7707, "humanprotein_id": 6315, "vphfpdID": "002148"}, {"lrredund": 4.2492, "lrpepelmv": 72.805, "hphfpdID": "000004", "pdbset": null, "lrpepxh": -1.0, "finallr": 309.3629, "lrpepelmh": -1.0, "template": "", "viralprotein_id": 15080, "lrsm": -1.0, "id": 35504999, "lrpepxv": -1.0, "lrredundpairs": 0.7707, "humanprotein_id": 6298, "vphfpdID": "002148"}, {"lrredund": 19.2898, "lrpepelmv": 72.805, "hphfpdID": "000007", "pdbset": null, "lrpepxh": -1.0, "finallr": 1404.393, "lrpepelmh": -1.0, "template": "", "viralprotein_id": 15080, "lrsm": -1.0, "id": 35505472, "lrpepxv": -1.0, "lrredundpairs": 0.7707, "humanprotein_id": 6393, "vphfpdID": "002148"}, {"lrredund": 3.5815, "lrpepelmv": 72.805, "hphfpdID": "000001", "pdbset": null, "lrpepxh": -1.0, "finallr": 260.751, "lrpepelmh": -1.0, "template": "4io9:GN(0.58,0.36,4/49,4,0)", "viralprotein_id": 15080, "lrsm": 1.02, "id": 35506039, "lrpepxv": -1.0, "lrredundpairs": 0.7707, "humanprotein_id": 4793, "vphfpdID": "002148.e133_310"}, {"lrredund": 15.8699, "lrpepelmv": 72.805, "hphfpdID": "000006", "pdbset": null, "lrpepxh": -1.0, "finallr": 1155.407, "lrpepelmh": -1.0, "template": "", "viralprotein_id": 15080, "lrsm": -1.0, "id": 35507575, "lrpepxv": -1.0, "lrredundpairs": 0.7707, "humanprotein_id": 4514, "vphfpdID": "002148"}, {"lrredund": 21.3884, "lrpepelmv": 14.9984, "hphfpdID": "016466.e142_262", "pdbset": null, "lrpepxh": -1.0, "finallr": 320.7909, "lrpepelmh": -1.0, "template": "1bjp:DC(0.45,0.54,61/106,13,5)", "viralprotein_id": 15080, "lrsm": 1.5595, "id": 35507953, "lrpepxv": -1.0, "lrredundpairs": 1.373, "humanprotein_id": 3727, "vphfpdID": "002148"}, {"lrredund": 21.3884, "lrpepelmv": -1.0, "hphfpdID": "017046.e457_686", "pdbset": null, "lrpepxh": -1.0, "finallr": 116.3786, "lrpepelmh": -1.0, "template": "1xef:BA(0.46,0.20,75/130,41,61)", "viralprotein_id": 15080, "lrsm": 5.4412, "id": 35508121, "lrpepxv": -1.0, "lrredundpairs": -1.0, "humanprotein_id": 6818, "vphfpdID": "002148.d161_263@5he9_A.1"}, {"lrredund": 15.8699, "lrpepelmv": -1.0, "hphfpdID": "009031", "pdbset": null, "lrpepxh": -1.0, "finallr": 108.5685, "lrpepelmh": -1.0, "template": "1f3w:FH(0.59,0.01,99/302,46,59)", "viralprotein_id": 15080, "lrsm": 6.8412, "id": 35508245, "lrpepxv": -1.0, "lrredundpairs": -1.0, "humanprotein_id": 3826, "vphfpdID": "002148.d161_263@4gdf_A.2"}, {"lrredund": 2.0764, "lrpepelmv": 72.805, "hphfpdID": "000003", "pdbset": null, "lrpepxh": -1.0, "finallr": 151.1722, "lrpepelmh": -1.0, "template": "1xpr:EF(0.60,0.42,1/136,1,0)", "viralprotein_id": 15080, "lrsm": 0.9682, "id": 35508920, "lrpepxv": -1.0, "lrredundpairs": 0.7707, "humanprotein_id": 6857, "vphfpdID": "002148.e133_310"}, {"lrredund": 19.2898, "lrpepelmv": 14.9984, "hphfpdID": "007144.e56_156", "pdbset": null, "lrpepxh": -1.0, "finallr": 289.3153, "lrpepelmh": -1.0, "template": "1o9b:BA(0.44,0.55,42/93,21,20)", "viralprotein_id": 15080, "lrsm": 1.7387, "id": 35509211, "lrpepxv": -1.0, "lrredundpairs": 0.7707, "humanprotein_id": 6385, "vphfpdID": "002148.e133_310"}, {"lrredund": 15.8699, "lrpepelmv": -1.0, "hphfpdID": "017281.d474_687", "pdbset": null, "lrpepxh": -1.0, "finallr": 358.0329, "lrpepelmh": -1.0, "template": "1ny6:HI(0.30,0.34,59/137,43,43)", "viralprotein_id": 15080, "lrsm": 22.5605, "id": 35510391, "lrpepxv": -1.0, "lrredundpairs": -1.0, "humanprotein_id": 5906, "vphfpdID": "002148"}, {"lrredund": 15.8699, "lrpepelmv": 9.677, "hphfpdID": "001751.e1_73", "pdbset": null, "lrpepxh": -1.0, "finallr": 153.5729, "lrpepelmh": -1.0, "template": "2orv:BA(0.47,0.12,44/214,23,26)", "viralprotein_id": 15080, "lrsm": 2.7953, "id": 35511368, "lrpepxv": -1.0, "lrredundpairs": -1.0, "humanprotein_id": 5041, "vphfpdID": "002148.e133_310"}, {"lrredund": 4.2492, "lrpepelmv": -1.0, "hphfpdID": "002895.d432_614", "pdbset": null, "lrpepxh": -1.0, "finallr": 144.6041, "lrpepelmh": -1.0, "template": "2pze:BA(0.57,0.03,58/89,43,49)", "viralprotein_id": 15080, "lrsm": 34.0309, "id": 35511416, "lrpepxv": -1.0, "lrredundpairs": -1.0, "humanprotein_id": 3753, "vphfpdID": "002148"}, {"lrredund": 15.8699, "lrpepelmv": 6.3442, "hphfpdID": "001349.d2679_3055", "pdbset": null, "lrpepxh": -1.0, "finallr": 100.682, "lrpepelmh": -1.0, "template": "1ca0:HG(0.56,0.56,69/354,16,2)", "viralprotein_id": 15081, "lrsm": 1.5396, "id": 70942756, "lrpepxv": 3.66, "lrredundpairs": -1.0, "humanprotein_id": 7312, "vphfpdID": "002141@4xbb_A.5"}, {"lrredund": 4.2492, "lrpepelmv": -1.0, "hphfpdID": "002085.d175_252", "pdbset": null, "lrpepxh": -1.0, "finallr": 107.2347, "lrpepelmh": -1.0, "template": "1wqs:AD(0.00,0.14,7/107,8,7)", "viralprotein_id": 15081, "lrsm": 25.2364, "id": 70942796, "lrpepxv": -1.0, "lrredundpairs": -1.0, "humanprotein_id": 4532, "vphfpdID": "002141@1wqs_A.8"}, {"lrredund": 21.3884, "lrpepelmv": 9.677, "hphfpdID": "001751.e1725_1863", "pdbset": null, "lrpepxh": -1.0, "finallr": 208.5369, "lrpepelmh": -1.0, "template": "", "viralprotein_id": 15081, "lrsm": -1.0, "id": 70943519, "lrpepxv": 9.75, "lrredundpairs": -1.0, "humanprotein_id": 5041, "vphfpdID": "002141@4in1_A.7"}, {"lrredund": 21.3884, "lrpepelmv": -1.0, "hphfpdID": "007726.d35_188", "pdbset": null, "lrpepxh": -1.0, "finallr": 116.139, "lrpepelmh": -1.0, "template": "1xxc:AB(0.58,0.51,62/67,4,0)", "viralprotein_id": 15081, "lrsm": 1.9487, "id": 70943597, "lrpepxv": 5.43, "lrredundpairs": -1.0, "humanprotein_id": 3176, "vphfpdID": "002141@4in1_A.7"}, {"lrredund": 4.2492, "lrpepelmv": 72.805, "hphfpdID": "000004", "pdbset": null, "lrpepxh": -1.0, "finallr": 309.3629, "lrpepelmh": -1.0, "template": "1nu7:BD(0.57,0.56,5/153,1,0)", "viralprotein_id": 15081, "lrsm": 0.9682, "id": 70945946, "lrpepxv": 2.59, "lrredundpairs": -1.0, "humanprotein_id": 6298, "vphfpdID": "002141@2iph_A.1"}, {"lrredund": 21.3884, "lrpepelmv": -1.0, "hphfpdID": "017046.d495_669", "pdbset": null, "lrpepxh": -1.0, "finallr": 140.3079, "lrpepelmh": -1.0, "template": "1h8e:AD(0.30,0.49,1/210,0,0)", "viralprotein_id": 15081, "lrsm": 1.2142, "id": 70946003, "lrpepxv": 6.56, "lrredundpairs": -1.0, "humanprotein_id": 6818, "vphfpdID": "002141@1wqs_A.8"}, {"lrredund": 4.2492, "lrpepelmv": 72.805, "hphfpdID": "000001", "pdbset": null, "lrpepxh": -1.0, "finallr": 309.3629, "lrpepelmh": -1.0, "template": "", "viralprotein_id": 15081, "lrsm": -1.0, "id": 70946176, "lrpepxv": -1.0, "lrredundpairs": -1.0, "humanprotein_id": 4793, "vphfpdID": "002141@4in1_A.7"}, {"lrredund": 20.9141, "lrpepelmv": -1.0, "hphfpdID": "007725.d40_193", "pdbset": null, "lrpepxh": -1.0, "finallr": 1303.157, "lrpepelmh": -1.0, "template": "1xxc:AB(0.55,0.43,62/67,1,0)", "viralprotein_id": 15081, "lrsm": 2.0531, "id": 70947136, "lrpepxv": 62.31, "lrredundpairs": -1.0, "humanprotein_id": 3138, "vphfpdID": "002141@5e0j_A.4"}, {"lrredund": 2.409, "lrpepelmv": 72.805, "hphfpdID": "000005", "pdbset": null, "lrpepxh": -1.0, "finallr": 175.3871, "lrpepelmh": -1.0, "template": "3ccl:SV(0.59,0.53,13/32,6,2)", "viralprotein_id": 15081, "lrsm": 1.1641, "id": 70947497, "lrpepxv": -1.0, "lrredundpairs": -1.0, "humanprotein_id": 4794, "vphfpdID": "002141@1wqs_A.8"}, {"lrredund": 2.409, "lrpepelmv": 72.805, "hphfpdID": "000003", "pdbset": null, "lrpepxh": -1.0, "finallr": 175.3871, "lrpepelmh": -1.0, "template": "3ccs:SV(0.59,0.54,14/34,6,2)", "viralprotein_id": 15081, "lrsm": 1.1641, "id": 70949398, "lrpepxv": 2.59, "lrredundpairs": -1.0, "humanprotein_id": 6857, "vphfpdID": "002141@1wqs_A.8"}, {"lrredund": 20.9141, "lrpepelmv": -1.0, "hphfpdID": "012444.e95_323", "pdbset": null, "lrpepxh": -1.0, "finallr": 113.5635, "lrpepelmh": -1.0, "template": "2xtt:BA(0.47,0.39,92/148,12,11)", "viralprotein_id": 15081, "lrsm": 1.5595, "id": 70949585, "lrpepxv": 5.43, "lrredundpairs": -1.0, "humanprotein_id": 2955, "vphfpdID": "002141@4xbb_A.5"}, {"lrredund": 19.2898, "lrpepelmv": 72.805, "hphfpdID": "000006", "pdbset": null, "lrpepxh": -1.0, "finallr": 1404.393, "lrpepelmh": -1.0, "template": "", "viralprotein_id": 15081, "lrsm": -1.0, "id": 70950127, "lrpepxv": 2.59, "lrredundpairs": -1.0, "humanprotein_id": 4514, "vphfpdID": "002141@4xbb_A.5"}, {"lrredund": 21.3884, "lrpepelmv": -1.0, "hphfpdID": "016448", "pdbset": null, "lrpepxh": -1.0, "finallr": 116.139, "lrpepelmh": -1.0, "template": "2lk5:BA(0.55,0.56,122/132,20,20)", "viralprotein_id": 15081, "lrsm": 4.7738, "id": 70950252, "lrpepxv": 5.43, "lrredundpairs": -1.0, "humanprotein_id": 7393, "vphfpdID": "002141@2fyr_A.2"}, {"lrredund": 3.8142, "lrpepelmv": 15.8041, "hphfpdID": "000278.e62_122", "pdbset": null, "lrpepxh": -1.0, "finallr": 237.6628, "lrpepelmh": -1.0, "template": "4afq:BD(0.52,0.05,52/104,25,34)", "viralprotein_id": 15081, "lrsm": 3.1219, "id": 70950377, "lrpepxv": 62.31, "lrredundpairs": -1.0, "humanprotein_id": 2710, "vphfpdID": "002141@4imq_A.3"}, {"lrredund": 20.9141, "lrpepelmv": -1.0, "hphfpdID": "000172.e295_362", "pdbset": null, "lrpepxh": -1.0, "finallr": 113.5635, "lrpepelmh": -1.0, "template": "3uir:AC(0.48,0.29,74/90,19,6)", "viralprotein_id": 15081, "lrsm": 2.4439, "id": 70951466, "lrpepxv": 5.43, "lrredundpairs": -1.0, "humanprotein_id": 2981, "vphfpdID": "002141@2fyr_A.2"}, {"lrredund": 20.9141, "lrpepelmv": 15.8041, "hphfpdID": "007144.d1_56", "pdbset": null, "lrpepxh": -1.0, "finallr": 330.5284, "lrpepelmh": -1.0, "template": "1csk:AB(0.34,0.04,21/42,16,17)", "viralprotein_id": 15081, "lrsm": 5.4987, "id": 70953199, "lrpepxv": -1.0, "lrredundpairs": -1.0, "humanprotein_id": 6385, "vphfpdID": "002141@5e0j_A.4"}, {"lrredund": 21.3884, "lrpepelmv": 72.805, "hphfpdID": "000002", "pdbset": null, "lrpepxh": -1.0, "finallr": 1557.181, "lrpepelmh": -1.0, "template": "", "viralprotein_id": 15081, "lrsm": -1.0, "id": 70953354, "lrpepxv": 2.59, "lrredundpairs": -1.0, "humanprotein_id": 6315, "vphfpdID": "002141@4in1_A.7"}, {"lrredund": 21.3884, "lrpepelmv": 15.8041, "hphfpdID": "016615.d584_674", "pdbset": null, "lrpepxh": -1.0, "finallr": 338.0243, "lrpepelmh": -1.0, "template": "3igm:BA(0.47,0.29,7/147,5,1)", "viralprotein_id": 15081, "lrsm": 1.2142, "id": 70954951, "lrpepxv": 3.66, "lrredundpairs": -1.0, "humanprotein_id": 5095, "vphfpdID": "002141@2iph_A.1"}, {"lrredund": 4.2492, "lrpepelmv": -1.0, "hphfpdID": "018016", "pdbset": null, "lrpepxh": -1.0, "finallr": 178.2539, "lrpepelmh": -1.0, "template": "3kvp:DC(0.49,0.26,65/72,6,0)", "viralprotein_id": 15081, "lrsm": 2.4439, "id": 70955252, "lrpepxv": 41.95, "lrredundpairs": -1.0, "humanprotein_id": 7171, "vphfpdID": "002141@2fyr_A.2"}, {"lrredund": 19.2898, "lrpepelmv": -1.0, "hphfpdID": "017281.e1_108", "pdbset": null, "lrpepxh": -1.0, "finallr": 126.541, "lrpepelmh": -1.0, "template": "4sgb:EI(0.43,0.57,72/90,25,23)", "viralprotein_id": 15081, "lrsm": 1.7316, "id": 70956727, "lrpepxv": 6.56, "lrredundpairs": -1.0, "humanprotein_id": 5906, "vphfpdID": "002141@4imq_A.3"}, {"lrredund": 20.9141, "lrpepelmv": -1.0, "hphfpdID": "005354.e1664_1728", "pdbset": null, "lrpepxh": -1.0, "finallr": 137.1964, "lrpepelmh": -1.0, "template": "1wqs:CB(0.12,0.42,53/127,25,33)", "viralprotein_id": 15081, "lrsm": 3.1219, "id": 70956969, "lrpepxv": 6.56, "lrredundpairs": -1.0, "humanprotein_id": 7033, "vphfpdID": "002141@4in2_A.6"}, {"lrredund": 19.2898, "lrpepelmv": 15.8041, "hphfpdID": "016613.e316_567", "pdbset": null, "lrpepxh": -1.0, "finallr": 304.8578, "lrpepelmh": -1.0, "template": "1xiw:FD(0.57,0.46,1/2,1,0)", "viralprotein_id": 15081, "lrsm": 1.1641, "id": 70959758, "lrpepxv": 3.66, "lrredundpairs": -1.0, "humanprotein_id": 5161, "vphfpdID": "002141@4imq_A.3"}, {"lrredund": 21.3884, "lrpepelmv": 15.8041, "hphfpdID": "016466.e142_262", "pdbset": null, "lrpepxh": -1.0, "finallr": 338.0243, "lrpepelmh": -1.0, "template": "", "viralprotein_id": 15081, "lrsm": -1.0, "id": 70959791, "lrpepxv": -1.0, "lrredundpairs": -1.0, "humanprotein_id": 3727, "vphfpdID": "002141@2iph_A.1"}, {"lrredund": 20.9141, "lrpepelmv": 72.805, "hphfpdID": "000007", "pdbset": null, "lrpepxh": -1.0, "finallr": 1522.65, "lrpepelmh": -1.0, "template": "", "viralprotein_id": 15081, "lrsm": -1.0, "id": 70960205, "lrpepxv": -1.0, "lrredundpairs": -1.0, "humanprotein_id": 6393, "vphfpdID": "002141@1wqs_A.8"}, {"lrredund": 1.7951, "lrpepelmv": -1.0, "hphfpdID": "005292.d1_108", "pdbset": null, "lrpepxh": 7.37, "finallr": 111.8526, "lrpepelmh": -1.0, "template": "3qsu:FE(0.55,0.46,52/63,29,29)", "viralprotein_id": 15082, "lrsm": 2.5395, "id": 21813556, "lrpepxv": 62.31, "lrredundpairs": -1.0, "humanprotein_id": 12504, "vphfpdID": "002282.d116_330@4dpz_X.3"}, {"lrredund": 1.7951, "lrpepelmv": -1.0, "hphfpdID": "004295", "pdbset": null, "lrpepxh": -1.0, "finallr": 111.8526, "lrpepelmh": -1.0, "template": "3nmz:DB(0.60,0.50,59/140,23,22)", "viralprotein_id": 15082, "lrsm": 1.6503, "id": 21813641, "lrpepxv": 62.31, "lrredundpairs": 0.7707, "humanprotein_id": 19622, "vphfpdID": "002282.d116_330@4dpz_X.3"}, {"lrredund": 20.9141, "lrpepelmv": 14.0867, "hphfpdID": "016615.d586_639", "pdbset": null, "lrpepxh": -1.0, "finallr": 294.6106, "lrpepelmh": -1.0, "template": "", "viralprotein_id": 15082, "lrsm": -1.0, "id": 21813780, "lrpepxv": -1.0, "lrredundpairs": -1.0, "humanprotein_id": 5095, "vphfpdID": "002282@4dot_A.1"}, {"lrredund": 20.9141, "lrpepelmv": -1.0, "hphfpdID": "005478.d350_517", "pdbset": null, "lrpepxh": 5.22, "finallr": 109.1716, "lrpepelmh": -1.0, "template": "4jv5:FO(0.58,0.53,1/1,2,1)", "viralprotein_id": 15082, "lrsm": 1.2704, "id": 21814076, "lrpepxv": -1.0, "lrredundpairs": 0.7707, "humanprotein_id": 2880, "vphfpdID": "002282.d116_330@4dpz_X.3"}, {"lrredund": 1.7092, "lrpepelmv": -1.0, "hphfpdID": "010286.e233_325", "pdbset": null, "lrpepxh": -1.0, "finallr": 106.5002, "lrpepelmh": -1.0, "template": "2pqu:AB(0.51,0.20,59/71,24,16)", "viralprotein_id": 15082, "lrsm": 3.1848, "id": 21814520, "lrpepxv": 62.31, "lrredundpairs": -1.0, "humanprotein_id": 9372, "vphfpdID": "002282@4dot_A.1"}, {"lrredund": 21.3884, "lrpepelmv": -1.0, "hphfpdID": "002626", "pdbset": null, "lrpepxh": -1.0, "finallr": 128.3451, "lrpepelmh": -1.0, "template": "3skj:FM(0.21,0.08,19/20,7,3)", "viralprotein_id": 15082, "lrsm": 6.0007, "id": 21815876, "lrpepxv": 5.43, "lrredundpairs": 15.8699, "humanprotein_id": 2804, "vphfpdID": "002282.d116_330@4dot_A.2"}, {"lrredund": 20.9141, "lrpepelmv": -1.0, "hphfpdID": "000172.d30_131", "pdbset": null, "lrpepxh": -1.0, "finallr": 170.2408, "lrpepelmh": -1.0, "template": "2k7i:AB(0.59,0.49,186/324,16,15)", "viralprotein_id": 15082, "lrsm": 8.14, "id": 21815990, "lrpepxv": -1.0, "lrredundpairs": -1.0, "humanprotein_id": 2981, "vphfpdID": "002282@2lkt_A.2"}, {"lrredund": 21.3884, "lrpepelmv": -1.0, "hphfpdID": "013899.g1_173", "pdbset": null, "lrpepxh": -1.0, "finallr": 128.0462, "lrpepelmh": -1.0, "template": "2lk5:AB(0.41,0.38,124/132,19,20)", "viralprotein_id": 15082, "lrsm": 5.9867, "id": 21816777, "lrpepxv": 5.43, "lrredundpairs": 0.7707, "humanprotein_id": 1240, "vphfpdID": "002282.d116_330@4dot_A.2"}, {"lrredund": 21.3884, "lrpepelmv": 14.0867, "hphfpdID": "016613.e557_714", "pdbset": null, "lrpepxh": -1.0, "finallr": 301.2919, "lrpepelmh": -1.0, "template": "1rpy:AB(0.60,0.60,79/97,30,23)", "viralprotein_id": 15082, "lrsm": 2.3512, "id": 21817324, "lrpepxv": -1.0, "lrredundpairs": -1.0, "humanprotein_id": 5161, "vphfpdID": "002282.d116_330@2lkt_A.1"}, {"lrredund": 20.9141, "lrpepelmv": -1.0, "hphfpdID": "016730", "pdbset": null, "lrpepxh": -1.0, "finallr": 111.3247, "lrpepelmh": -1.0, "template": "2lk6:BA(0.37,0.53,123/154,41,68)", "viralprotein_id": 15082, "lrsm": 5.323, "id": 21817684, "lrpepxv": -1.0, "lrredundpairs": 20.9141, "humanprotein_id": 6290, "vphfpdID": "002282.d116_330@4q95_A.4"}, {"lrredund": 20.9141, "lrpepelmv": -1.0, "hphfpdID": "006178.e228_306", "pdbset": null, "lrpepxh": -1.0, "finallr": 194.3095, "lrpepelmh": -1.0, "template": "2jpp:AB(0.53,0.36,182/262,42,72)", "viralprotein_id": 15082, "lrsm": 9.2908, "id": 21817685, "lrpepxv": 3.84, "lrredundpairs": 0.7707, "humanprotein_id": 2856, "vphfpdID": "002282@4dot_A.1"}, {"lrredund": 20.9141, "lrpepelmv": -1.0, "hphfpdID": "007197.d147_245", "pdbset": null, "lrpepxh": 5.43, "finallr": 113.5635, "lrpepelmh": -1.0, "template": "2jpp:AB(0.59,0.58,132/262,39,49)", "viralprotein_id": 15082, "lrsm": 2.5372, "id": 21817924, "lrpepxv": 2.59, "lrredundpairs": 20.9141, "humanprotein_id": 3620, "vphfpdID": "002282.d116_330@4dpz_X.3"}, {"lrredund": 20.9141, "lrpepelmv": -1.0, "hphfpdID": "004076", "pdbset": null, "lrpepxh": -1.0, "finallr": 171.6559, "lrpepelmh": -1.0, "template": "1i7x:DC(0.52,0.08,100/230,42,41)", "viralprotein_id": 15082, "lrsm": 8.2077, "id": 21818924, "lrpepxv": -1.0, "lrredundpairs": -1.0, "humanprotein_id": 4894, "vphfpdID": "002282@4q95_A.4"}, {"lrredund": 20.9141, "lrpepelmv": -1.0, "hphfpdID": "005209", "pdbset": null, "lrpepxh": -1.0, "finallr": 105.1868, "lrpepelmh": -1.0, "template": "2lk6:BA(0.30,0.59,137/154,18,16)", "viralprotein_id": 15082, "lrsm": 5.0295, "id": 21820265, "lrpepxv": -1.0, "lrredundpairs": 20.9141, "humanprotein_id": 8007, "vphfpdID": "002282.d116_330@4dot_A.2"}, {"lrredund": 3.7695, "lrpepelmv": -1.0, "hphfpdID": "018962", "pdbset": null, "lrpepxh": -1.0, "finallr": 234.8775, "lrpepelmh": -1.0, "template": "", "viralprotein_id": 15082, "lrsm": -1.0, "id": 21821615, "lrpepxv": 62.31, "lrredundpairs": 1.373, "humanprotein_id": 14000, "vphfpdID": "002282@4dpz_X.3"}, {"lrredund": 21.3884, "lrpepelmv": -1.0, "hphfpdID": "016869.d56_203", "pdbset": null, "lrpepxh": -1.0, "finallr": 116.139, "lrpepelmh": -1.0, "template": "1bye:AB(0.35,0.24,51/127,26,35)", "viralprotein_id": 15082, "lrsm": 3.1219, "id": 21822006, "lrpepxv": 5.43, "lrredundpairs": -1.0, "humanprotein_id": 4495, "vphfpdID": "002282.d116_330@4dpz_X.3"}, {"lrredund": 1.7092, "lrpepelmv": -1.0, "hphfpdID": "006230", "pdbset": null, "lrpepxh": -1.0, "finallr": 106.5002, "lrpepelmh": -1.0, "template": "3nmz:DB(0.60,0.34,56/140,22,22)", "viralprotein_id": 15082, "lrsm": 1.5568, "id": 21822143, "lrpepxv": 62.31, "lrredundpairs": 0.7707, "humanprotein_id": 2506, "vphfpdID": "002282.d116_330@4dpz_X.3"}, {"lrredund": 20.9141, "lrpepelmv": 4.5877, "hphfpdID": "007227.d178_339", "pdbset": null, "lrpepxh": 5.22, "finallr": 109.1716, "lrpepelmh": -1.0, "template": "3hp3:IG(0.59,0.52,66/80,27,34)", "viralprotein_id": 15082, "lrsm": 2.3512, "id": 21822516, "lrpepxv": -1.0, "lrredundpairs": 1.373, "humanprotein_id": 5539, "vphfpdID": "002282@4dpz_X.3"}, {"lrredund": 1.7951, "lrpepelmv": -1.0, "hphfpdID": "004803.g1_114", "pdbset": null, "lrpepxh": -1.0, "finallr": 111.8526, "lrpepelmh": -1.0, "template": "2drp:AD(0.38,0.20,1/40,2,1)", "viralprotein_id": 15082, "lrsm": 1.8315, "id": 21822695, "lrpepxv": 62.31, "lrredundpairs": -1.0, "humanprotein_id": 13585, "vphfpdID": "002282.d116_330@4dpz_X.3"}, {"lrredund": 2.3588, "lrpepelmv": -1.0, "hphfpdID": "015071", "pdbset": null, "lrpepxh": 3.84, "finallr": 108.4487, "lrpepelmh": -1.0, "template": "3s6n:GE(0.33,0.02,87/104,43,72)", "viralprotein_id": 15082, "lrsm": 45.9762, "id": 21823106, "lrpepxv": -1.0, "lrredundpairs": 1.774, "humanprotein_id": 6322, "vphfpdID": "002282@4dpz_X.3"}, {"lrredund": 20.9141, "lrpepelmv": 9.677, "hphfpdID": "001751.e1_73", "pdbset": null, "lrpepxh": -1.0, "finallr": 202.3856, "lrpepelmh": -1.0, "template": "2k7i:BA(0.44,0.58,142/324,30,33)", "viralprotein_id": 15082, "lrsm": 2.5372, "id": 21823158, "lrpepxv": -1.0, "lrredundpairs": 0.7707, "humanprotein_id": 5041, "vphfpdID": "002282.d116_330@4dot_A.2"}, {"lrredund": 20.9141, "lrpepelmv": 22.0743, "hphfpdID": "007144", "pdbset": null, "lrpepxh": 13.23, "finallr": 461.6652, "lrpepelmh": -1.0, "template": "1gri:AB(0.38,0.00,117/245,58,60)", "viralprotein_id": 15082, "lrsm": 20.4939, "id": 21823341, "lrpepxv": -1.0, "lrredundpairs": 1.5513, "humanprotein_id": 6385, "vphfpdID": "002282@4dpz_X.3"}, {"lrredund": 3.7695, "lrpepelmv": -1.0, "hphfpdID": "012780", "pdbset": null, "lrpepxh": -1.0, "finallr": 234.8775, "lrpepelmh": -1.0, "template": "", "viralprotein_id": 15082, "lrsm": -1.0, "id": 21823368, "lrpepxv": 62.31, "lrredundpairs": -1.0, "humanprotein_id": 6995, "vphfpdID": "002282@4dpz_X.3"}, {"lrredund": 20.9141, "lrpepelmv": -1.0, "hphfpdID": "017454.e64_147", "pdbset": null, "lrpepxh": -1.0, "finallr": 100.4723, "lrpepelmh": -1.0, "template": "2pvx:BG(0.34,0.24,50/60,21,27)", "viralprotein_id": 15082, "lrsm": 4.804, "id": 21823618, "lrpepxv": 3.84, "lrredundpairs": -1.0, "humanprotein_id": 7296, "vphfpdID": "002282@4dpz_X.3"}, {"lrredund": 1.7951, "lrpepelmv": -1.0, "hphfpdID": "001067.d939_1081", "pdbset": null, "lrpepxh": -1.0, "finallr": 111.8526, "lrpepelmh": -1.0, "template": "2k7i:AB(0.54,0.55,130/324,27,35)", "viralprotein_id": 15082, "lrsm": 2.5372, "id": 21823725, "lrpepxv": 62.31, "lrredundpairs": 1.7951, "humanprotein_id": 1249, "vphfpdID": "002282.d116_330@4dot_A.2"}, {"lrredund": 20.9141, "lrpepelmv": -1.0, "hphfpdID": "005567.d200_296", "pdbset": null, "lrpepxh": 3.51, "finallr": 113.5635, "lrpepelmh": -1.0, "template": "4f7u:AP(0.41,0.28,74/91,29,27)", "viralprotein_id": 15082, "lrsm": 2.9486, "id": 21824002, "lrpepxv": 5.43, "lrredundpairs": 20.9141, "humanprotein_id": 3874, "vphfpdID": "002282.d116_330@4dpz_X.3"}, {"lrredund": 20.9141, "lrpepelmv": -1.0, "hphfpdID": "007725.d40_193", "pdbset": null, "lrpepxh": 5.43, "finallr": 113.5635, "lrpepelmh": -1.0, "template": "2xcm:FB(0.51,0.06,46/60,21,24)", "viralprotein_id": 15082, "lrsm": 3.1219, "id": 21824661, "lrpepxv": -1.0, "lrredundpairs": 0.7707, "humanprotein_id": 3138, "vphfpdID": "002282@4dpz_X.3"}, {"lrredund": 20.9141, "lrpepelmv": -1.0, "hphfpdID": "011519.e1_119", "pdbset": null, "lrpepxh": -1.0, "finallr": 128.5902, "lrpepelmh": -1.0, "template": "2lk6:AB(0.21,0.39,132/154,38,54)", "viralprotein_id": 15082, "lrsm": 6.1485, "id": 21824706, "lrpepxv": -1.0, "lrredundpairs": -1.0, "humanprotein_id": 3074, "vphfpdID": "002282.d116_330@4dpz_X.3"}, {"lrredund": 21.3884, "lrpepelmv": -1.0, "hphfpdID": "009492.e120_224", "pdbset": null, "lrpepxh": 5.43, "finallr": 116.139, "lrpepelmh": -1.0, "template": "2lk6:AB(0.21,0.56,123/154,21,8)", "viralprotein_id": 15082, "lrsm": 3.1818, "id": 21825005, "lrpepxv": 3.84, "lrredundpairs": 1.1877, "humanprotein_id": 13229, "vphfpdID": "002282.d116_330@4dpz_X.3"}, {"lrredund": 20.9141, "lrpepelmv": -1.0, "hphfpdID": "008378.g106_302", "pdbset": null, "lrpepxh": 5.43, "finallr": 113.5635, "lrpepelmh": -1.0, "template": "2jpp:AB(0.59,0.59,151/262,20,11)", "viralprotein_id": 15082, "lrsm": 4.5423, "id": 21825963, "lrpepxv": -1.0, "lrredundpairs": 0.7707, "humanprotein_id": 3758, "vphfpdID": "002282.d116_330@4dpz_X.3"}, {"lrredund": 21.3884, "lrpepelmv": -1.0, "hphfpdID": "001452.e40_119", "pdbset": null, "lrpepxh": -1.0, "finallr": 102.3562, "lrpepelmh": -1.0, "template": "2jpp:AB(0.48,0.48,127/262,13,3)", "viralprotein_id": 15082, "lrsm": 4.7856, "id": 21825996, "lrpepxv": -1.0, "lrredundpairs": 1.373, "humanprotein_id": 6282, "vphfpdID": "002282.d116_330@4dot_A.2"}, {"lrredund": 3.7695, "lrpepelmv": -1.0, "hphfpdID": "005521.d1_109", "pdbset": null, "lrpepxh": 7.37, "finallr": 234.8775, "lrpepelmh": -1.0, "template": "3qsu:CD(0.56,0.58,60/67,27,22)", "viralprotein_id": 15082, "lrsm": 2.5395, "id": 21826064, "lrpepxv": 62.31, "lrredundpairs": -1.0, "humanprotein_id": 18750, "vphfpdID": "002282.d116_330@4dpz_X.3"}, {"lrredund": 21.3884, "lrpepelmv": 4.5877, "hphfpdID": "018111", "pdbset": null, "lrpepxh": 5.43, "finallr": 116.139, "lrpepelmh": -1.0, "template": "2jpp:AB(0.59,0.59,140/262,25,19)", "viralprotein_id": 15082, "lrsm": 2.5372, "id": 21826414, "lrpepxv": 3.84, "lrredundpairs": 1.5513, "humanprotein_id": 15404, "vphfpdID": "002282.d116_330@4dpz_X.3"}, {"lrredund": 19.2898, "lrpepelmv": -1.0, "hphfpdID": "016859.d618_709", "pdbset": null, "lrpepxh": 5.43, "finallr": 104.7436, "lrpepelmh": -1.0, "template": "3nrl:AB(0.27,0.33,39/96,21,24)", "viralprotein_id": 15082, "lrsm": 3.1219, "id": 21826900, "lrpepxv": -1.0, "lrredundpairs": 0.7707, "humanprotein_id": 4494, "vphfpdID": "002282@4dpz_X.3"}, {"lrredund": 20.9141, "lrpepelmv": 9.4001, "hphfpdID": "001509.e1_53", "pdbset": null, "lrpepxh": -1.0, "finallr": 250.8713, "lrpepelmh": -1.0, "template": "2idh:BA(0.27,0.06,42/45,22,32)", "viralprotein_id": 15082, "lrsm": 11.9953, "id": 21826938, "lrpepxv": -1.0, "lrredundpairs": 1.373, "humanprotein_id": 2598, "vphfpdID": "002282.d116_330@4q95_A.4"}, {"lrredund": 2.3588, "lrpepelmv": -1.0, "hphfpdID": "017834.e146_281", "pdbset": null, "lrpepxh": -1.0, "finallr": 146.9768, "lrpepelmh": -1.0, "template": "2zp9:AB(0.51,0.56,98/182,44,36)", "viralprotein_id": 15082, "lrsm": 4.3388, "id": 21828286, "lrpepxv": 62.31, "lrredundpairs": 0.7707, "humanprotein_id": 5361, "vphfpdID": "002282@4dot_A.1"}, {"lrredund": 20.9141, "lrpepelmv": -1.0, "hphfpdID": "018800.e309_403", "pdbset": null, "lrpepxh": -1.0, "finallr": 128.5902, "lrpepelmh": -1.0, "template": "2lk6:AB(0.29,0.31,134/154,21,12)", "viralprotein_id": 15082, "lrsm": 6.1485, "id": 21828442, "lrpepxv": -1.0, "lrredundpairs": 0.7707, "humanprotein_id": 4109, "vphfpdID": "002282.d116_330@4dot_A.2"}, {"lrredund": 3.7695, "lrpepelmv": -1.0, "hphfpdID": "004626.d329_570", "pdbset": null, "lrpepxh": -1.0, "finallr": 234.8775, "lrpepelmh": -1.0, "template": "3n7r:BC(0.56,0.52,44/93,19,23)", "viralprotein_id": 15082, "lrsm": 1.1641, "id": 21828645, "lrpepxv": 62.31, "lrredundpairs": -1.0, "humanprotein_id": 1798, "vphfpdID": "002282@4dot_A.1"}, {"lrredund": 20.9141, "lrpepelmv": -1.0, "hphfpdID": "005158.d704_1019", "pdbset": null, "lrpepxh": 5.22, "finallr": 109.1716, "lrpepelmh": -1.0, "template": "1k9a:CA(0.44,0.12,1/1,1,0)", "viralprotein_id": 15082, "lrsm": 2.4032, "id": 21828939, "lrpepxv": -1.0, "lrredundpairs": 20.9141, "humanprotein_id": 2711, "vphfpdID": "002282.d116_330@4dpz_X.3"}, {"lrredund": 1.7951, "lrpepelmv": 0.0, "hphfpdID": "005999.e835_927", "pdbset": null, "lrpepxh": -1.0, "finallr": 111.8526, "lrpepelmh": -1.0, "template": "2lk5:BA(0.32,0.47,89/132,23,21)", "viralprotein_id": 15082, "lrsm": 2.0611, "id": 21828983, "lrpepxv": 62.31, "lrredundpairs": -1.0, "humanprotein_id": 11443, "vphfpdID": "002282.d116_330@4dpz_X.3"}, {"lrredund": 1.7951, "lrpepelmv": -1.0, "hphfpdID": "019328.d1641_1793", "pdbset": null, "lrpepxh": -1.0, "finallr": 111.8526, "lrpepelmh": -1.0, "template": "3bsu:BG(0.44,0.49,2/2,1,0)", "viralprotein_id": 15082, "lrsm": 1.3385, "id": 21829012, "lrpepxv": 62.31, "lrredundpairs": -1.0, "humanprotein_id": 5510, "vphfpdID": "002282.d116_330@4dot_A.2"}, {"lrredund": 3.124, "lrpepelmv": 4.5877, "hphfpdID": "016486.d51_222", "pdbset": null, "lrpepxh": -1.0, "finallr": 194.6564, "lrpepelmh": -1.0, "template": "3kvp:BF(0.59,0.32,60/67,22,16)", "viralprotein_id": 15082, "lrsm": 2.6756, "id": 21829101, "lrpepxv": 62.31, "lrredundpairs": 3.124, "humanprotein_id": 6479, "vphfpdID": "002282.d116_330@4dot_A.2"}, {"lrredund": 20.9141, "lrpepelmv": -1.0, "hphfpdID": "010507.e200_298", "pdbset": null, "lrpepxh": 7.37, "finallr": 154.1369, "lrpepelmh": -1.0, "template": "4e86:LH(0.20,0.18,4/7,2,0)", "viralprotein_id": 15082, "lrsm": 5.4987, "id": 21829406, "lrpepxv": -1.0, "lrredundpairs": 19.2898, "humanprotein_id": 4475, "vphfpdID": "002282.d116_330@4dpz_X.3"}, {"lrredund": 20.9141, "lrpepelmv": -1.0, "hphfpdID": "007726.d35_188", "pdbset": null, "lrpepxh": 5.43, "finallr": 113.5635, "lrpepelmh": -1.0, "template": "2xcm:FB(0.48,0.04,46/60,22,22)", "viralprotein_id": 15082, "lrsm": 3.1219, "id": 21829758, "lrpepxv": -1.0, "lrredundpairs": 0.7707, "humanprotein_id": 3176, "vphfpdID": "002282.d116_330@4dpz_X.3"}, {"lrredund": 21.3884, "lrpepelmv": 22.0743, "hphfpdID": "001060.e180_274", "pdbset": null, "lrpepxh": -1.0, "finallr": 472.1351, "lrpepelmh": -1.0, "template": "4iim:BA(0.32,0.06,47/63,22,12)", "viralprotein_id": 15082, "lrsm": 7.7952, "id": 21830368, "lrpepxv": -1.0, "lrredundpairs": 0.7707, "humanprotein_id": 17652, "vphfpdID": "002282@4dot_A.1"}, {"lrredund": 20.9141, "lrpepelmv": 22.0743, "hphfpdID": "016466.e142_262", "pdbset": null, "lrpepxh": -1.0, "finallr": 461.6652, "lrpepelmh": -1.0, "template": "1r1s:GA(0.54,0.09,50/55,21,36)", "viralprotein_id": 15082, "lrsm": 3.1848, "id": 21830455, "lrpepxv": -1.0, "lrredundpairs": -1.0, "humanprotein_id": 3727, "vphfpdID": "002282@4eyz_A.5"}, {"lrredund": -1.0, "lrpepelmv": -1.0, "hphfpdID": "010427.e77_171", "pdbset": null, "lrpepxh": -1.0, "finallr": 113.0937, "lrpepelmh": -1.0, "template": "1wdc:AB(0.11,0.07,88/164,44,51)", "viralprotein_id": 15086, "lrsm": 113.0937, "id": 24235168, "lrpepxv": -1.0, "lrredundpairs": -1.0, "humanprotein_id": 4102, "vphfpdID": "002179.g1_159@2b43_A.3"}, {"lrredund": -1.0, "lrpepelmv": -1.0, "hphfpdID": "010861", "pdbset": null, "lrpepxh": -1.0, "finallr": 113.0937, "lrpepelmh": -1.0, "template": "1wdc:AB(0.11,0.05,88/164,42,51)", "viralprotein_id": 15086, "lrsm": 113.0937, "id": 24239112, "lrpepxv": -1.0, "lrredundpairs": -1.0, "humanprotein_id": 4421, "vphfpdID": "002179.g1_159@2b43_A.3"}, {"lrredund": -1.0, "lrpepelmv": -1.0, "hphfpdID": "010428.e78_172", "pdbset": null, "lrpepxh": -1.0, "finallr": 113.0937, "lrpepelmh": -1.0, "template": "1wdc:AB(0.11,0.07,88/164,44,51)", "viralprotein_id": 15086, "lrsm": 113.0937, "id": 24242477, "lrpepxv": -1.0, "lrredundpairs": -1.0, "humanprotein_id": 1193, "vphfpdID": "002179.g1_159@2b43_A.3"}]