[{"lrredund": -1.0, "lrpepelmv": 201.9336, "hphfpdID": "000003", "pdbset": null, "lrpepxh": -1.0, "finallr": 201.9336, "lrpepelmh": -1.0, "template": "4hwh:EA(0.48,0.45,39/42,21,20)", "viralprotein_id": 15119, "lrsm": 2.6756, "id": 61987722, "lrpepxv": -1.0, "lrredundpairs": -1.0, "humanprotein_id": 6857, "vphfpdID": "002130.g419_510@2b43_A.1"}, {"lrredund": -1.0, "lrpepelmv": 201.9336, "hphfpdID": "000005", "pdbset": null, "lrpepxh": -1.0, "finallr": 201.9336, "lrpepelmh": -1.0, "template": "3rq9:BA(0.54,0.53,70/84,13,0)", "viralprotein_id": 15119, "lrsm": 1.9487, "id": 61988303, "lrpepxv": -1.0, "lrredundpairs": -1.0, "humanprotein_id": 4794, "vphfpdID": "002130.g419_510@2b43_A.1"}, {"lrredund": -1.0, "lrpepelmv": 201.9336, "hphfpdID": "000002", "pdbset": null, "lrpepxh": -1.0, "finallr": 201.9336, "lrpepelmh": -1.0, "template": "1nvo:AB(0.56,0.49,109/157,41,59)", "viralprotein_id": 15119, "lrsm": 4.3388, "id": 61988317, "lrpepxv": -1.0, "lrredundpairs": -1.0, "humanprotein_id": 6315, "vphfpdID": "002130.g419_510@3h5y_A.2"}, {"lrredund": -1.0, "lrpepelmv": 201.9336, "hphfpdID": "000006", "pdbset": null, "lrpepxh": -1.0, "finallr": 201.9336, "lrpepelmh": -1.0, "template": "", "viralprotein_id": 15119, "lrsm": -1.0, "id": 61989533, "lrpepxv": -1.0, "lrredundpairs": -1.0, "humanprotein_id": 4514, "vphfpdID": "002130@3h5y_A.2"}, {"lrredund": -1.0, "lrpepelmv": 201.9336, "hphfpdID": "000001", "pdbset": null, "lrpepxh": -1.0, "finallr": 201.9336, "lrpepelmh": -1.0, "template": "4a5x:AB(0.55,0.46,37/43,24,24)", "viralprotein_id": 15119, "lrsm": 2.5395, "id": 61989828, "lrpepxv": -1.0, "lrredundpairs": -1.0, "humanprotein_id": 4793, "vphfpdID": "002130.g419_510@3h5y_A.2"}, {"lrredund": -1.0, "lrpepelmv": 201.9336, "hphfpdID": "000007", "pdbset": null, "lrpepxh": -1.0, "finallr": 201.9336, "lrpepelmh": -1.0, "template": "4a5x:AB(0.46,0.45,40/43,25,23)", "viralprotein_id": 15119, "lrsm": 2.6756, "id": 61989893, "lrpepxv": -1.0, "lrredundpairs": -1.0, "humanprotein_id": 6393, "vphfpdID": "002130.g419_510@1sh3_A.3"}, {"lrredund": -1.0, "lrpepelmv": -1.0, "hphfpdID": "010427.e77_171", "pdbset": null, "lrpepxh": -1.0, "finallr": 113.0937, "lrpepelmh": -1.0, "template": "1wdc:AB(0.11,0.07,88/164,44,46)", "viralprotein_id": 15119, "lrsm": 113.0937, "id": 61990996, "lrpepxv": -1.0, "lrredundpairs": -1.0, "humanprotein_id": 4102, "vphfpdID": "002130.g1_159@2b43_A.3"}, {"lrredund": -1.0, "lrpepelmv": 201.9336, "hphfpdID": "000004", "pdbset": null, "lrpepxh": -1.0, "finallr": 201.9336, "lrpepelmh": -1.0, "template": "2rld:CD(0.49,0.47,44/51,22,23)", "viralprotein_id": 15119, "lrsm": 2.6756, "id": 61992304, "lrpepxv": -1.0, "lrredundpairs": -1.0, "humanprotein_id": 6298, "vphfpdID": "002130.g419_510@1sh3_A.3"}, {"lrredund": -1.0, "lrpepelmv": -1.0, "hphfpdID": "010428.e78_172", "pdbset": null, "lrpepxh": -1.0, "finallr": 113.0937, "lrpepelmh": -1.0, "template": "1wdc:AB(0.11,0.07,88/164,44,46)", "viralprotein_id": 15119, "lrsm": 113.0937, "id": 61996115, "lrpepxv": -1.0, "lrredundpairs": -1.0, "humanprotein_id": 1193, "vphfpdID": "002130.g1_159@2b43_A.3"}, {"lrredund": -1.0, "lrpepelmv": -1.0, "hphfpdID": "010861", "pdbset": null, "lrpepxh": -1.0, "finallr": 113.0937, "lrpepelmh": -1.0, "template": "1wdc:AB(0.11,0.05,88/164,42,46)", "viralprotein_id": 15119, "lrsm": 113.0937, "id": 61996464, "lrpepxv": -1.0, "lrredundpairs": -1.0, "humanprotein_id": 4421, "vphfpdID": "002130.g1_159@2b43_A.3"}, {"lrredund": 1.7951, "lrpepelmv": -1.0, "hphfpdID": "019328", "pdbset": null, "lrpepxh": -1.0, "finallr": 111.8526, "lrpepelmh": -1.0, "template": "2awn:BD(0.55,0.56,3/7,4,3)", "viralprotein_id": 15121, "lrsm": 1.1641, "id": 70286435, "lrpepxv": 62.31, "lrredundpairs": -1.0, "humanprotein_id": 5510, "vphfpdID": "002418.d116_330@2lkt_A.1"}, {"lrredund": 20.9141, "lrpepelmv": 9.4001, "hphfpdID": "001509.e1_53", "pdbset": null, "lrpepxh": -1.0, "finallr": 196.5943, "lrpepelmh": -1.0, "template": "1xni:BA(0.36,0.23,26/49,8,0)", "viralprotein_id": 15121, "lrsm": 2.2022, "id": 70286472, "lrpepxv": -1.0, "lrredundpairs": 1.5513, "humanprotein_id": 2598, "vphfpdID": "002418@4hpe_A.6"}, {"lrredund": 21.3884, "lrpepelmv": -1.0, "hphfpdID": "005567.d93_206", "pdbset": null, "lrpepxh": 3.51, "finallr": 116.139, "lrpepelmh": -1.0, "template": "2d11:CB(0.58,0.01,60/138,21,9)", "viralprotein_id": 15121, "lrsm": 3.1219, "id": 70286679, "lrpepxv": 5.43, "lrredundpairs": 20.9141, "humanprotein_id": 3874, "vphfpdID": "002418.d116_330@4dot_A.2"}, {"lrredund": 20.9141, "lrpepelmv": 22.0743, "hphfpdID": "016466.e85_146", "pdbset": null, "lrpepxh": -1.0, "finallr": 461.6652, "lrpepelmh": -1.0, "template": "2df6:AB(0.36,0.02,3/7,2,0)", "viralprotein_id": 15121, "lrsm": 5.4987, "id": 70287080, "lrpepxv": -1.0, "lrredundpairs": 1.5513, "humanprotein_id": 3727, "vphfpdID": "002418@2hbw_A.7"}, {"lrredund": 20.9141, "lrpepelmv": -1.0, "hphfpdID": "018800.e309_403", "pdbset": null, "lrpepxh": 5.43, "finallr": 128.5902, "lrpepelmh": -1.0, "template": "2lk6:BA(0.22,0.34,140/154,28,26)", "viralprotein_id": 15121, "lrsm": 6.1485, "id": 70287308, "lrpepxv": -1.0, "lrredundpairs": 20.9141, "humanprotein_id": 4109, "vphfpdID": "002418.d116_330@4dpz_X.3"}, {"lrredund": 21.3884, "lrpepelmv": -1.0, "hphfpdID": "002626", "pdbset": null, "lrpepxh": -1.0, "finallr": 128.3451, "lrpepelmh": -1.0, "template": "3skj:FM(0.21,0.08,19/20,9,9)", "viralprotein_id": 15121, "lrsm": 6.0007, "id": 70287358, "lrpepxv": 5.43, "lrredundpairs": 15.8699, "humanprotein_id": 2804, "vphfpdID": "002418.d116_330@4dot_A.2"}, {"lrredund": 2.3588, "lrpepelmv": -1.0, "hphfpdID": "015071", "pdbset": null, "lrpepxh": 3.84, "finallr": 108.4487, "lrpepelmh": -1.0, "template": "3s6n:GE(0.32,0.02,85/104,41,60)", "viralprotein_id": 15121, "lrsm": 45.9762, "id": 70287576, "lrpepxv": -1.0, "lrredundpairs": 2.3588, "humanprotein_id": 6322, "vphfpdID": "002418.d116_330@4dpz_X.3"}, {"lrredund": 2.3588, "lrpepelmv": -1.0, "hphfpdID": "017834.e146_281", "pdbset": null, "lrpepxh": -1.0, "finallr": 146.9768, "lrpepelmh": -1.0, "template": "2zp9:AB(0.53,0.56,92/182,45,43)", "viralprotein_id": 15121, "lrsm": 4.3388, "id": 70287979, "lrpepxv": 62.31, "lrredundpairs": 0.7707, "humanprotein_id": 5361, "vphfpdID": "002418.d116_330@4dot_A.2"}, {"lrredund": 20.9141, "lrpepelmv": 14.0867, "hphfpdID": "016613.e557_714", "pdbset": null, "lrpepxh": -1.0, "finallr": 294.6106, "lrpepelmh": -1.0, "template": "3bid:BA(0.53,0.56,55/139,21,16)", "viralprotein_id": 15121, "lrsm": 1.4777, "id": 70288017, "lrpepxv": -1.0, "lrredundpairs": -1.0, "humanprotein_id": 5161, "vphfpdID": "002418@2hbw_A.7"}, {"lrredund": 1.7951, "lrpepelmv": -1.0, "hphfpdID": "014184.d456_528", "pdbset": null, "lrpepxh": 7.37, "finallr": 111.8526, "lrpepelmh": -1.0, "template": "2hiq:AB(0.56,0.38,81/186,44,64)", "viralprotein_id": 15121, "lrsm": 4.5712, "id": 70288273, "lrpepxv": 62.31, "lrredundpairs": -1.0, "humanprotein_id": 15473, "vphfpdID": "002418.d116_330@4dot_A.2"}, {"lrredund": 20.9141, "lrpepelmv": 14.0867, "hphfpdID": "016615", "pdbset": null, "lrpepxh": 3.51, "finallr": 294.6106, "lrpepelmh": -1.0, "template": "", "viralprotein_id": 15121, "lrsm": -1.0, "id": 70288309, "lrpepxv": -1.0, "lrredundpairs": -1.0, "humanprotein_id": 5095, "vphfpdID": "002418@4dpz_X.4"}, {"lrredund": 1.7951, "lrpepelmv": -1.0, "hphfpdID": "001067.d939_1081", "pdbset": null, "lrpepxh": 3.84, "finallr": 111.8526, "lrpepelmh": -1.0, "template": "1xcg:EA(0.55,0.00,53/66,21,11)", "viralprotein_id": 15121, "lrsm": 4.804, "id": 70288315, "lrpepxv": 62.31, "lrredundpairs": 0.7707, "humanprotein_id": 1249, "vphfpdID": "002418@4dot_A.1"}, {"lrredund": 1.7951, "lrpepelmv": -1.0, "hphfpdID": "014110", "pdbset": null, "lrpepxh": 2.59, "finallr": 111.8526, "lrpepelmh": -1.0, "template": "2lk6:BA(0.40,0.57,125/154,19,7)", "viralprotein_id": 15121, "lrsm": 5.0295, "id": 70288422, "lrpepxv": 62.31, "lrredundpairs": 1.373, "humanprotein_id": 10710, "vphfpdID": "002418.d116_330@4dot_A.2"}, {"lrredund": 20.9141, "lrpepelmv": -1.0, "hphfpdID": "007725.d40_193", "pdbset": null, "lrpepxh": 5.43, "finallr": 113.5635, "lrpepelmh": -1.0, "template": "2xcm:FB(0.47,0.06,46/60,20,27)", "viralprotein_id": 15121, "lrsm": 2.2022, "id": 70288894, "lrpepxv": -1.0, "lrredundpairs": 20.9141, "humanprotein_id": 3138, "vphfpdID": "002418.d116_330@4dot_A.2"}, {"lrredund": 20.9141, "lrpepelmv": 22.0743, "hphfpdID": "007144", "pdbset": null, "lrpepxh": 13.23, "finallr": 461.6652, "lrpepelmh": -1.0, "template": "1gri:BA(0.57,0.00,109/245,63,68)", "viralprotein_id": 15121, "lrsm": 8.2077, "id": 70289118, "lrpepxv": -1.0, "lrredundpairs": 20.9141, "humanprotein_id": 6385, "vphfpdID": "002418.d116_330@4dot_A.2"}, {"lrredund": 20.9141, "lrpepelmv": -1.0, "hphfpdID": "006178.e228_306", "pdbset": null, "lrpepxh": -1.0, "finallr": 194.3095, "lrpepelmh": -1.0, "template": "2jpp:AB(0.60,0.36,193/262,41,53)", "viralprotein_id": 15121, "lrsm": 9.2908, "id": 70289142, "lrpepxv": -1.0, "lrredundpairs": 0.7707, "humanprotein_id": 2856, "vphfpdID": "002418@2hbw_A.7"}, {"lrredund": 3.7695, "lrpepelmv": -1.0, "hphfpdID": "005521.d1_109", "pdbset": null, "lrpepxh": -1.0, "finallr": 234.8775, "lrpepelmh": -1.0, "template": "2iyb:EA(0.54,0.05,44/84,22,5)", "viralprotein_id": 15121, "lrsm": 3.1219, "id": 70289224, "lrpepxv": 62.31, "lrredundpairs": -1.0, "humanprotein_id": 18750, "vphfpdID": "002418@2lkt_A.2"}, {"lrredund": 20.9141, "lrpepelmv": -1.0, "hphfpdID": "005209.e1_96", "pdbset": null, "lrpepxh": -1.0, "finallr": 162.3567, "lrpepelmh": -1.0, "template": "4a8x:BA(0.26,0.04,73/94,22,19)", "viralprotein_id": 15121, "lrsm": 7.763, "id": 70289344, "lrpepxv": -1.0, "lrredundpairs": 1.774, "humanprotein_id": 8007, "vphfpdID": "002418@2hbw_A.7"}, {"lrredund": 21.3884, "lrpepelmv": -1.0, "hphfpdID": "009492.e120_224", "pdbset": null, "lrpepxh": 5.43, "finallr": 121.8374, "lrpepelmh": -1.0, "template": "2lk6:AB(0.21,0.56,123/154,19,17)", "viralprotein_id": 15121, "lrsm": 5.6964, "id": 70289372, "lrpepxv": -1.0, "lrredundpairs": 21.3884, "humanprotein_id": 13229, "vphfpdID": "002418.d116_330@4dpz_X.3"}, {"lrredund": 20.9141, "lrpepelmv": -1.0, "hphfpdID": "011519.e1_119", "pdbset": null, "lrpepxh": -1.0, "finallr": 128.5902, "lrpepelmh": -1.0, "template": "2lk6:AB(0.21,0.39,132/154,36,58)", "viralprotein_id": 15121, "lrsm": 6.1485, "id": 70289830, "lrpepxv": -1.0, "lrredundpairs": -1.0, "humanprotein_id": 3074, "vphfpdID": "002418.d116_330@4dpz_X.3"}, {"lrredund": 20.9141, "lrpepelmv": -1.0, "hphfpdID": "005478.d350_517", "pdbset": null, "lrpepxh": 7.37, "finallr": 154.1369, "lrpepelmh": -1.0, "template": "4ji7:FO(0.48,0.57,2/2,1,0)", "viralprotein_id": 15121, "lrsm": 1.2704, "id": 70290049, "lrpepxv": -1.0, "lrredundpairs": 20.9141, "humanprotein_id": 2880, "vphfpdID": "002418.d116_330@4dot_A.2"}, {"lrredund": 20.9141, "lrpepelmv": 4.5877, "hphfpdID": "007227.d178_339", "pdbset": null, "lrpepxh": 5.22, "finallr": 109.1716, "lrpepelmh": -1.0, "template": "1o7y:AB(0.59,0.56,64/74,17,14)", "viralprotein_id": 15121, "lrsm": 1.9487, "id": 70290351, "lrpepxv": -1.0, "lrredundpairs": 20.9141, "humanprotein_id": 5539, "vphfpdID": "002418.d116_330@4dot_A.2"}, {"lrredund": 21.3884, "lrpepelmv": -1.0, "hphfpdID": "008378.d463_902", "pdbset": null, "lrpepxh": 5.43, "finallr": 116.139, "lrpepelmh": -1.0, "template": "1ha4:BA(0.43,0.60,51/55,21,22)", "viralprotein_id": 15121, "lrsm": 2.5395, "id": 70290705, "lrpepxv": -1.0, "lrredundpairs": 19.2898, "humanprotein_id": 3758, "vphfpdID": "002418.d116_330@4dot_A.2"}, {"lrredund": 20.9141, "lrpepelmv": -1.0, "hphfpdID": "016730", "pdbset": null, "lrpepxh": -1.0, "finallr": 211.4847, "lrpepelmh": -1.0, "template": "2lk6:BA(0.24,0.53,133/154,41,71)", "viralprotein_id": 15121, "lrsm": 10.1121, "id": 70290744, "lrpepxv": -1.0, "lrredundpairs": 1.774, "humanprotein_id": 6290, "vphfpdID": "002418@4dpz_X.4"}, {"lrredund": 20.9141, "lrpepelmv": -1.0, "hphfpdID": "007197.d147_245", "pdbset": null, "lrpepxh": 5.43, "finallr": 113.5635, "lrpepelmh": -1.0, "template": "2jpp:AB(0.60,0.58,144/262,42,71)", "viralprotein_id": 15121, "lrsm": 5.0523, "id": 70290853, "lrpepxv": -1.0, "lrredundpairs": 1.373, "humanprotein_id": 3620, "vphfpdID": "002418@4dpz_X.4"}, {"lrredund": 20.9141, "lrpepelmv": 9.677, "hphfpdID": "001751.e1650_1757", "pdbset": null, "lrpepxh": -1.0, "finallr": 202.3856, "lrpepelmh": -1.0, "template": "", "viralprotein_id": 15121, "lrsm": -1.0, "id": 70291253, "lrpepxv": -1.0, "lrredundpairs": -1.0, "humanprotein_id": 5041, "vphfpdID": "002418@4hpe_A.6"}, {"lrredund": 21.3884, "lrpepelmv": 22.0743, "hphfpdID": "001060.e180_274", "pdbset": null, "lrpepxh": -1.0, "finallr": 472.1351, "lrpepelmh": -1.0, "template": "4iim:BA(0.35,0.06,54/63,28,35)", "viralprotein_id": 15121, "lrsm": 4.804, "id": 70291945, "lrpepxv": -1.0, "lrredundpairs": 0.7707, "humanprotein_id": 17652, "vphfpdID": "002418.d116_330@4q95_A.4"}, {"lrredund": 1.7951, "lrpepelmv": -1.0, "hphfpdID": "004295.e1_234", "pdbset": null, "lrpepxh": -1.0, "finallr": 111.8526, "lrpepelmh": -1.0, "template": "3nmz:DB(0.59,0.35,61/140,22,11)", "viralprotein_id": 15121, "lrsm": 1.7316, "id": 70292300, "lrpepxv": 62.31, "lrredundpairs": 0.7707, "humanprotein_id": 19622, "vphfpdID": "002418@4dot_A.1"}, {"lrredund": 3.7695, "lrpepelmv": -1.0, "hphfpdID": "004626", "pdbset": null, "lrpepxh": -1.0, "finallr": 234.8775, "lrpepelmh": -1.0, "template": "", "viralprotein_id": 15121, "lrsm": -1.0, "id": 70292932, "lrpepxv": 62.31, "lrredundpairs": -1.0, "humanprotein_id": 1798, "vphfpdID": "002418@2lkt_A.2"}, {"lrredund": 3.7695, "lrpepelmv": -1.0, "hphfpdID": "012780.g1_459", "pdbset": null, "lrpepxh": -1.0, "finallr": 234.8775, "lrpepelmh": -1.0, "template": "3vke:DB(0.51,0.58,57/80,24,24)", "viralprotein_id": 15121, "lrsm": 1.6503, "id": 70293574, "lrpepxv": 62.31, "lrredundpairs": -1.0, "humanprotein_id": 6995, "vphfpdID": "002418.d116_330@2lkt_A.1"}, {"lrredund": 20.9141, "lrpepelmv": -1.0, "hphfpdID": "005158.d742_909", "pdbset": null, "lrpepxh": 5.22, "finallr": 109.1716, "lrpepelmh": -1.0, "template": "", "viralprotein_id": 15121, "lrsm": -1.0, "id": 70294733, "lrpepxv": -1.0, "lrredundpairs": 1.774, "humanprotein_id": 2711, "vphfpdID": "002418@4dpz_X.4"}, {"lrredund": 21.3884, "lrpepelmv": -1.0, "hphfpdID": "016869.d56_203", "pdbset": null, "lrpepxh": -1.0, "finallr": 116.139, "lrpepelmh": -1.0, "template": "1axd:BA(0.38,0.18,54/134,21,14)", "viralprotein_id": 15121, "lrsm": 3.1219, "id": 70294851, "lrpepxv": 5.43, "lrredundpairs": -1.0, "humanprotein_id": 4495, "vphfpdID": "002418.d116_330@4dot_A.2"}, {"lrredund": 1.7951, "lrpepelmv": 0.0, "hphfpdID": "005999.e835_927", "pdbset": null, "lrpepxh": -1.0, "finallr": 111.8526, "lrpepelmh": -1.0, "template": "2l9h:CA(0.54,0.58,57/141,21,15)", "viralprotein_id": 15121, "lrsm": 1.6503, "id": 70295478, "lrpepxv": 62.31, "lrredundpairs": -1.0, "humanprotein_id": 11443, "vphfpdID": "002418.d116_330@2lkt_A.1"}, {"lrredund": 0.9127, "lrpepelmv": -1.0, "hphfpdID": "018182", "pdbset": null, "lrpepxh": -1.0, "finallr": 103.2207, "lrpepelmh": -1.0, "template": "2xtt:AB(0.17,0.01,115/148,41,67)", "viralprotein_id": 15121, "lrsm": 113.0937, "id": 70295669, "lrpepxv": -1.0, "lrredundpairs": 1.1877, "humanprotein_id": 3121, "vphfpdID": "002418.d116_330@4q95_A.4"}, {"lrredund": 1.7092, "lrpepelmv": -1.0, "hphfpdID": "010286.e600_659", "pdbset": null, "lrpepxh": -1.0, "finallr": 106.5002, "lrpepelmh": -1.0, "template": "2yho:CA(0.44,0.06,67/98,26,39)", "viralprotein_id": 15121, "lrsm": 3.109, "id": 70296121, "lrpepxv": 62.31, "lrredundpairs": -1.0, "humanprotein_id": 9372, "vphfpdID": "002418@4dot_A.1"}, {"lrredund": 3.7695, "lrpepelmv": 14.3222, "hphfpdID": "015772.e256_352", "pdbset": null, "lrpepxh": -1.0, "finallr": 128.2794, "lrpepelmh": -1.0, "template": "2w10:AB(0.50,0.07,58/81,41,50)", "viralprotein_id": 15121, "lrsm": 34.0309, "id": 70296451, "lrpepxv": -1.0, "lrredundpairs": 3.7695, "humanprotein_id": 15686, "vphfpdID": "002418.d116_330@4q95_A.4"}, {"lrredund": 19.2898, "lrpepelmv": -1.0, "hphfpdID": "013899.d444_603", "pdbset": null, "lrpepxh": 3.84, "finallr": 109.8829, "lrpepelmh": -1.0, "template": "2lk6:AB(0.21,0.44,123/154,19,21)", "viralprotein_id": 15121, "lrsm": 5.6964, "id": 70296469, "lrpepxv": -1.0, "lrredundpairs": 0.7707, "humanprotein_id": 1240, "vphfpdID": "002418.d116_330@4dpz_X.3"}, {"lrredund": 20.9141, "lrpepelmv": -1.0, "hphfpdID": "010507.d93_206", "pdbset": null, "lrpepxh": 7.37, "finallr": 154.1369, "lrpepelmh": -1.0, "template": "2d11:CB(0.58,0.01,61/138,9,5)", "viralprotein_id": 15121, "lrsm": 2.8001, "id": 70297669, "lrpepxv": -1.0, "lrredundpairs": 1.1877, "humanprotein_id": 4475, "vphfpdID": "002418@4dot_A.1"}, {"lrredund": 20.9141, "lrpepelmv": 4.5877, "hphfpdID": "002673.d6_152", "pdbset": null, "lrpepxh": 5.22, "finallr": 109.1716, "lrpepelmh": -1.0, "template": "2dwv:AB(0.55,0.57,93/102,22,15)", "viralprotein_id": 15121, "lrsm": 2.3512, "id": 70298481, "lrpepxv": -1.0, "lrredundpairs": 20.9141, "humanprotein_id": 4427, "vphfpdID": "002418.d116_330@4dot_A.2"}, {"lrredund": 1.7951, "lrpepelmv": -1.0, "hphfpdID": "005292.d1_108", "pdbset": null, "lrpepxh": -1.0, "finallr": 111.8526, "lrpepelmh": -1.0, "template": "3kvp:FB(0.45,0.22,57/67,23,22)", "viralprotein_id": 15121, "lrsm": 3.1848, "id": 70299616, "lrpepxv": 62.31, "lrredundpairs": -1.0, "humanprotein_id": 12504, "vphfpdID": "002418.d116_330@2lkt_A.1"}, {"lrredund": 1.7951, "lrpepelmv": -1.0, "hphfpdID": "018962", "pdbset": null, "lrpepxh": -1.0, "finallr": 111.8526, "lrpepelmh": -1.0, "template": "", "viralprotein_id": 15121, "lrsm": -1.0, "id": 70300025, "lrpepxv": 62.31, "lrredundpairs": 1.1877, "humanprotein_id": 14000, "vphfpdID": "002418@4dot_A.1"}, {"lrredund": 20.9141, "lrpepelmv": -1.0, "hphfpdID": "004076", "pdbset": null, "lrpepxh": -1.0, "finallr": 113.7978, "lrpepelmh": -1.0, "template": "1i7x:DC(0.59,0.08,99/230,42,42)", "viralprotein_id": 15121, "lrsm": 5.4412, "id": 70300029, "lrpepxv": -1.0, "lrredundpairs": -1.0, "humanprotein_id": 4894, "vphfpdID": "002418.d116_330@4q95_A.4"}, {"lrredund": 3.124, "lrpepelmv": 4.5877, "hphfpdID": "016486.d51_222", "pdbset": null, "lrpepxh": -1.0, "finallr": 194.6564, "lrpepelmh": -1.0, "template": "3kvp:BE(0.52,0.21,54/67,26,25)", "viralprotein_id": 15121, "lrsm": 3.1848, "id": 70300233, "lrpepxv": 62.31, "lrredundpairs": 3.124, "humanprotein_id": 6479, "vphfpdID": "002418.d116_330@2lkt_A.1"}, {"lrredund": 20.9141, "lrpepelmv": -1.0, "hphfpdID": "005354.g1197_1305", "pdbset": null, "lrpepxh": -1.0, "finallr": 113.7978, "lrpepelmh": -1.0, "template": "2jra:BA(0.37,0.41,112/219,42,76)", "viralprotein_id": 15121, "lrsm": 5.4412, "id": 70300291, "lrpepxv": -1.0, "lrredundpairs": -1.0, "humanprotein_id": 7033, "vphfpdID": "002418.d116_330@4q95_A.4"}, {"lrredund": 20.9141, "lrpepelmv": -1.0, "hphfpdID": "007726.d35_188", "pdbset": null, "lrpepxh": 5.43, "finallr": 113.5635, "lrpepelmh": -1.0, "template": "2xcm:FB(0.47,0.04,46/60,23,30)", "viralprotein_id": 15121, "lrsm": 3.1219, "id": 70301478, "lrpepxv": -1.0, "lrredundpairs": 20.9141, "humanprotein_id": 3176, "vphfpdID": "002418.d116_330@4dot_A.2"}, {"lrredund": 1.7092, "lrpepelmv": -1.0, "hphfpdID": "006230", "pdbset": null, "lrpepxh": -1.0, "finallr": 106.5002, "lrpepelmh": -1.0, "template": "", "viralprotein_id": 15121, "lrsm": -1.0, "id": 70303033, "lrpepxv": 62.31, "lrredundpairs": 0.7707, "humanprotein_id": 2506, "vphfpdID": "002418@2lkt_A.2"}, {"lrredund": 21.3884, "lrpepelmv": -1.0, "hphfpdID": "016859.d618_709", "pdbset": null, "lrpepxh": 5.43, "finallr": 116.139, "lrpepelmh": -1.0, "template": "2jra:BA(0.44,0.48,127/219,37,55)", "viralprotein_id": 15121, "lrsm": 2.6731, "id": 70303035, "lrpepxv": -1.0, "lrredundpairs": 0.7707, "humanprotein_id": 4494, "vphfpdID": "002418.d116_330@4dot_A.2"}, {"lrredund": 19.2898, "lrpepelmv": 4.5877, "hphfpdID": "018111", "pdbset": null, "lrpepxh": 5.43, "finallr": 104.7436, "lrpepelmh": -1.0, "template": "2jpp:AB(0.60,0.59,152/262,29,22)", "viralprotein_id": 15121, "lrsm": 2.5372, "id": 70303249, "lrpepxv": -1.0, "lrredundpairs": 1.7812, "humanprotein_id": 15404, "vphfpdID": "002418@4dpz_X.4"}, {"lrredund": 19.2898, "lrpepelmv": 15.8041, "hphfpdID": "016613.e316_567", "pdbset": null, "lrpepxh": -1.0, "finallr": 304.8578, "lrpepelmh": -1.0, "template": "2j5l:AB(0.56,0.60,22/26,7,4)", "viralprotein_id": 15122, "lrsm": 1.2704, "id": 60604084, "lrpepxv": 3.66, "lrredundpairs": -1.0, "humanprotein_id": 5161, "vphfpdID": "002129@5e0j_A.4"}, {"lrredund": 19.2898, "lrpepelmv": 72.805, "hphfpdID": "000006", "pdbset": null, "lrpepxh": -1.0, "finallr": 1404.393, "lrpepelmh": -1.0, "template": "", "viralprotein_id": 15122, "lrsm": -1.0, "id": 60604515, "lrpepxv": -1.0, "lrredundpairs": -1.0, "humanprotein_id": 4514, "vphfpdID": "002129@5e0j_A.4"}, {"lrredund": 20.9141, "lrpepelmv": 15.8041, "hphfpdID": "007144.d1_56", "pdbset": null, "lrpepxh": -1.0, "finallr": 330.5284, "lrpepelmh": -1.0, "template": "1csk:AB(0.34,0.04,21/42,16,17)", "viralprotein_id": 15122, "lrsm": 5.4987, "id": 60604795, "lrpepxv": -1.0, "lrredundpairs": -1.0, "humanprotein_id": 6385, "vphfpdID": "002129@5e0j_A.4"}, {"lrredund": 21.3884, "lrpepelmv": 15.8041, "hphfpdID": "016615.d554_715", "pdbset": null, "lrpepxh": -1.0, "finallr": 338.0243, "lrpepelmh": -1.0, "template": "2k7i:BA(0.49,0.60,93/324,16,0)", "viralprotein_id": 15122, "lrsm": 1.5396, "id": 60604908, "lrpepxv": 3.66, "lrredundpairs": -1.0, "humanprotein_id": 5095, "vphfpdID": "002129@2fyr_A.2"}, {"lrredund": 21.3884, "lrpepelmv": -1.0, "hphfpdID": "017046.d495_669", "pdbset": null, "lrpepxh": -1.0, "finallr": 140.3079, "lrpepelmh": -1.0, "template": "1h8e:AD(0.30,0.49,1/210,0,0)", "viralprotein_id": 15122, "lrsm": 1.2142, "id": 60606654, "lrpepxv": 6.56, "lrredundpairs": -1.0, "humanprotein_id": 6818, "vphfpdID": "002129@1wqs_A.8"}, {"lrredund": 20.9141, "lrpepelmv": -1.0, "hphfpdID": "012444.e95_323", "pdbset": null, "lrpepxh": -1.0, "finallr": 113.5635, "lrpepelmh": -1.0, "template": "2xtt:BA(0.51,0.39,101/148,10,7)", "viralprotein_id": 15122, "lrsm": 1.5595, "id": 60607859, "lrpepxv": 5.43, "lrredundpairs": -1.0, "humanprotein_id": 2955, "vphfpdID": "002129@4xbb_A.5"}, {"lrredund": 21.3884, "lrpepelmv": -1.0, "hphfpdID": "009492.e319_419", "pdbset": null, "lrpepxh": -1.0, "finallr": 102.3562, "lrpepelmh": -1.0, "template": "2f91:AB(0.57,0.40,121/171,16,2)", "viralprotein_id": 15122, "lrsm": 4.7856, "id": 60608288, "lrpepxv": 3.66, "lrredundpairs": -1.0, "humanprotein_id": 13229, "vphfpdID": "002129@1wqs_A.8"}, {"lrredund": 21.3884, "lrpepelmv": -1.0, "hphfpdID": "016448", "pdbset": null, "lrpepxh": -1.0, "finallr": 116.139, "lrpepelmh": -1.0, "template": "2lk5:BA(0.55,0.56,122/132,20,20)", "viralprotein_id": 15122, "lrsm": 4.7738, "id": 60608349, "lrpepxv": 5.43, "lrredundpairs": -1.0, "humanprotein_id": 7393, "vphfpdID": "002129@2fyr_A.2"}, {"lrredund": 21.3884, "lrpepelmv": 72.805, "hphfpdID": "000002", "pdbset": null, "lrpepxh": -1.0, "finallr": 1557.181, "lrpepelmh": -1.0, "template": "", "viralprotein_id": 15122, "lrsm": -1.0, "id": 60610880, "lrpepxv": 2.59, "lrredundpairs": -1.0, "humanprotein_id": 6315, "vphfpdID": "002129@2fyr_A.2"}, {"lrredund": 4.2492, "lrpepelmv": -1.0, "hphfpdID": "002085.d175_252", "pdbset": null, "lrpepxh": -1.0, "finallr": 107.2347, "lrpepelmh": -1.0, "template": "1wqs:AD(0.00,0.14,7/107,8,7)", "viralprotein_id": 15122, "lrsm": 25.2364, "id": 60612510, "lrpepxv": -1.0, "lrredundpairs": -1.0, "humanprotein_id": 4532, "vphfpdID": "002129@1wqs_A.8"}, {"lrredund": 21.3884, "lrpepelmv": -1.0, "hphfpdID": "007726.d35_188", "pdbset": null, "lrpepxh": -1.0, "finallr": 116.139, "lrpepelmh": -1.0, "template": "1xxc:AB(0.58,0.51,62/67,4,0)", "viralprotein_id": 15122, "lrsm": 1.9487, "id": 60613166, "lrpepxv": 5.43, "lrredundpairs": -1.0, "humanprotein_id": 3176, "vphfpdID": "002129@4in1_A.7"}, {"lrredund": 2.3254, "lrpepelmv": 72.805, "hphfpdID": "000005", "pdbset": null, "lrpepxh": -1.0, "finallr": 169.3006, "lrpepelmh": -1.0, "template": "", "viralprotein_id": 15122, "lrsm": -1.0, "id": 60614060, "lrpepxv": 2.59, "lrredundpairs": -1.0, "humanprotein_id": 4794, "vphfpdID": "002129@5e0j_A.4"}, {"lrredund": 4.2492, "lrpepelmv": -1.0, "hphfpdID": "018016.e376_501", "pdbset": null, "lrpepxh": -1.0, "finallr": 178.2539, "lrpepelmh": -1.0, "template": "2xtt:BA(0.51,0.28,91/148,13,6)", "viralprotein_id": 15122, "lrsm": 1.8563, "id": 60614827, "lrpepxv": 41.95, "lrredundpairs": -1.0, "humanprotein_id": 7171, "vphfpdID": "002129@4xbb_A.5"}, {"lrredund": 21.3884, "lrpepelmv": 15.8041, "hphfpdID": "016466", "pdbset": null, "lrpepxh": -1.0, "finallr": 338.0243, "lrpepelmh": -1.0, "template": "", "viralprotein_id": 15122, "lrsm": -1.0, "id": 60615316, "lrpepxv": -1.0, "lrredundpairs": -1.0, "humanprotein_id": 3727, "vphfpdID": "002129@2iph_A.1"}, {"lrredund": 20.9141, "lrpepelmv": -1.0, "hphfpdID": "005354.e1664_1728", "pdbset": null, "lrpepxh": -1.0, "finallr": 137.1964, "lrpepelmh": -1.0, "template": "1wqs:CB(0.12,0.42,53/127,25,34)", "viralprotein_id": 15122, "lrsm": 3.1219, "id": 60616000, "lrpepxv": 6.56, "lrredundpairs": -1.0, "humanprotein_id": 7033, "vphfpdID": "002129@4in2_A.6"}, {"lrredund": 4.2492, "lrpepelmv": 72.805, "hphfpdID": "000004", "pdbset": null, "lrpepxh": -1.0, "finallr": 309.3629, "lrpepelmh": -1.0, "template": "1nu7:BD(0.52,0.56,1/153,1,0)", "viralprotein_id": 15122, "lrsm": 0.9682, "id": 60616731, "lrpepxv": 2.59, "lrredundpairs": -1.0, "humanprotein_id": 6298, "vphfpdID": "002129@4imq_A.3"}, {"lrredund": 20.9141, "lrpepelmv": -1.0, "hphfpdID": "000172.e295_362", "pdbset": null, "lrpepxh": -1.0, "finallr": 113.5635, "lrpepelmh": -1.0, "template": "3uir:AC(0.48,0.29,74/90,19,6)", "viralprotein_id": 15122, "lrsm": 2.4439, "id": 60616885, "lrpepxv": 5.43, "lrredundpairs": -1.0, "humanprotein_id": 2981, "vphfpdID": "002129@2fyr_A.2"}, {"lrredund": 20.9141, "lrpepelmv": 72.805, "hphfpdID": "000007", "pdbset": null, "lrpepxh": -1.0, "finallr": 1522.65, "lrpepelmh": -1.0, "template": "", "viralprotein_id": 15122, "lrsm": -1.0, "id": 60617660, "lrpepxv": -1.0, "lrredundpairs": -1.0, "humanprotein_id": 6393, "vphfpdID": "002129@4in2_A.6"}, {"lrredund": 21.3884, "lrpepelmv": 9.677, "hphfpdID": "001751.e1650_1757", "pdbset": null, "lrpepxh": -1.0, "finallr": 208.5369, "lrpepelmh": -1.0, "template": "", "viralprotein_id": 15122, "lrsm": -1.0, "id": 60618092, "lrpepxv": 9.75, "lrredundpairs": -1.0, "humanprotein_id": 5041, "vphfpdID": "002129@4in1_A.7"}, {"lrredund": 15.8699, "lrpepelmv": 6.3442, "hphfpdID": "001349.d2715_2964", "pdbset": null, "lrpepxh": -1.0, "finallr": 100.682, "lrpepelmh": -1.0, "template": "1gl1:AI(0.58,0.55,53/93,7,0)", "viralprotein_id": 15122, "lrsm": 1.1641, "id": 60618552, "lrpepxv": 3.66, "lrredundpairs": -1.0, "humanprotein_id": 7312, "vphfpdID": "002129@5e0j_A.4"}, {"lrredund": 20.9141, "lrpepelmv": -1.0, "hphfpdID": "007725.d40_193", "pdbset": null, "lrpepxh": -1.0, "finallr": 1303.157, "lrpepelmh": -1.0, "template": "1xxc:AB(0.55,0.43,62/67,2,0)", "viralprotein_id": 15122, "lrsm": 2.0531, "id": 60618933, "lrpepxv": 62.31, "lrredundpairs": -1.0, "humanprotein_id": 3138, "vphfpdID": "002129@5e0j_A.4"}, {"lrredund": 19.2898, "lrpepelmv": -1.0, "hphfpdID": "017281.e1_108", "pdbset": null, "lrpepxh": -1.0, "finallr": 126.541, "lrpepelmh": -1.0, "template": "4sgb:EI(0.43,0.57,72/90,24,20)", "viralprotein_id": 15122, "lrsm": 1.7316, "id": 60619304, "lrpepxv": 6.56, "lrredundpairs": -1.0, "humanprotein_id": 5906, "vphfpdID": "002129@4imq_A.3"}, {"lrredund": 2.409, "lrpepelmv": 72.805, "hphfpdID": "000003", "pdbset": null, "lrpepxh": -1.0, "finallr": 175.3871, "lrpepelmh": -1.0, "template": "3ccs:SV(0.59,0.54,14/34,5,0)", "viralprotein_id": 15122, "lrsm": 1.1641, "id": 60619730, "lrpepxv": 2.59, "lrredundpairs": -1.0, "humanprotein_id": 6857, "vphfpdID": "002129@1wqs_A.8"}, {"lrredund": 3.8142, "lrpepelmv": 15.8041, "hphfpdID": "000278.e62_122", "pdbset": null, "lrpepxh": -1.0, "finallr": 237.6628, "lrpepelmh": -1.0, "template": "4ag2:BD(0.56,0.04,51/103,25,26)", "viralprotein_id": 15122, "lrsm": 3.1219, "id": 60621202, "lrpepxv": 62.31, "lrredundpairs": -1.0, "humanprotein_id": 2710, "vphfpdID": "002129@5e0j_A.4"}, {"lrredund": 4.2492, "lrpepelmv": 72.805, "hphfpdID": "000001", "pdbset": null, "lrpepxh": -1.0, "finallr": 309.3629, "lrpepelmh": -1.0, "template": "", "viralprotein_id": 15122, "lrsm": -1.0, "id": 60621224, "lrpepxv": -1.0, "lrredundpairs": -1.0, "humanprotein_id": 4793, "vphfpdID": "002129@2fyr_A.2"}, {"lrredund": 15.8699, "lrpepelmv": -1.0, "hphfpdID": "017281.d221_760", "pdbset": null, "lrpepxh": -1.0, "finallr": 1348.503, "lrpepelmh": -1.0, "template": "1s3s:CD(0.34,0.02,60/147,45,48)", "viralprotein_id": 15124, "lrsm": 84.9724, "id": 51343219, "lrpepxv": -1.0, "lrredundpairs": 0.7707, "humanprotein_id": 5906, "vphfpdID": "002125@5e7p_A.4"}, {"lrredund": 19.2898, "lrpepelmv": 72.805, "hphfpdID": "000007", "pdbset": null, "lrpepxh": -1.0, "finallr": 1404.393, "lrpepelmh": -1.0, "template": "", "viralprotein_id": 15124, "lrsm": -1.0, "id": 51343636, "lrpepxv": -1.0, "lrredundpairs": -1.0, "humanprotein_id": 6393, "vphfpdID": "002125@1ojl_A.1"}, {"lrredund": 4.2492, "lrpepelmv": -1.0, "hphfpdID": "002895.d432_614", "pdbset": null, "lrpepxh": -1.0, "finallr": 144.6041, "lrpepelmh": -1.0, "template": "2pzf:BA(0.54,0.03,59/99,41,47)", "viralprotein_id": 15124, "lrsm": 34.0309, "id": 51344426, "lrpepxv": -1.0, "lrredundpairs": -1.0, "humanprotein_id": 3753, "vphfpdID": "002125@5e7p_A.4"}, {"lrredund": 19.2898, "lrpepelmv": 14.9984, "hphfpdID": "007144.e56_156", "pdbset": null, "lrpepxh": -1.0, "finallr": 289.3153, "lrpepelmh": -1.0, "template": "3ej9:BE(0.57,0.58,47/111,24,30)", "viralprotein_id": 15124, "lrsm": 1.6503, "id": 51347460, "lrpepxv": -1.0, "lrredundpairs": -1.0, "humanprotein_id": 6385, "vphfpdID": "002125@5exx_A.3"}, {"lrredund": 4.2492, "lrpepelmv": -1.0, "hphfpdID": "008899", "pdbset": null, "lrpepxh": -1.0, "finallr": 149.4305, "lrpepelmh": -1.0, "template": "2qqe:BA(0.47,0.10,207/241,79,109)", "viralprotein_id": 15124, "lrsm": 35.1668, "id": 51348481, "lrpepxv": -1.0, "lrredundpairs": -1.0, "humanprotein_id": 2925, "vphfpdID": "002125@5exx_A.3"}, {"lrredund": 3.5815, "lrpepelmv": 72.805, "hphfpdID": "000001", "pdbset": null, "lrpepxh": -1.0, "finallr": 260.751, "lrpepelmh": -1.0, "template": "", "viralprotein_id": 15124, "lrsm": -1.0, "id": 51351848, "lrpepxv": -1.0, "lrredundpairs": -1.0, "humanprotein_id": 4793, "vphfpdID": "002125@5ep0_A.2"}, {"lrredund": 21.3884, "lrpepelmv": 72.805, "hphfpdID": "000006", "pdbset": null, "lrpepxh": -1.0, "finallr": 1557.181, "lrpepelmh": -1.0, "template": "", "viralprotein_id": 15124, "lrsm": -1.0, "id": 51353829, "lrpepxv": -1.0, "lrredundpairs": 1.1877, "humanprotein_id": 4514, "vphfpdID": "002125@5e7p_A.4"}, {"lrredund": 21.3884, "lrpepelmv": 14.0867, "hphfpdID": "016613.e122_316", "pdbset": null, "lrpepxh": -1.0, "finallr": 301.2919, "lrpepelmh": -1.0, "template": "1bmf:AG(0.58,0.56,1/50,2,1)", "viralprotein_id": 15124, "lrsm": 0.9682, "id": 51350146, "lrpepxv": -1.0, "lrredundpairs": -1.0, "humanprotein_id": 5161, "vphfpdID": "002125@5e7p_A.4"}, {"lrredund": 21.3884, "lrpepelmv": 14.9984, "hphfpdID": "016466", "pdbset": null, "lrpepxh": -1.0, "finallr": 320.7909, "lrpepelmh": -1.0, "template": "", "viralprotein_id": 15124, "lrsm": -1.0, "id": 51350200, "lrpepxv": -1.0, "lrredundpairs": 1.373, "humanprotein_id": 3727, "vphfpdID": "002125@5e7p_A.4"}, {"lrredund": 15.8699, "lrpepelmv": -1.0, "hphfpdID": "009031", "pdbset": null, "lrpepxh": -1.0, "finallr": 108.5685, "lrpepelmh": -1.0, "template": "1f3w:FH(0.59,0.01,99/302,48,61)", "viralprotein_id": 15124, "lrsm": 6.8412, "id": 51350941, "lrpepxv": -1.0, "lrredundpairs": -1.0, "humanprotein_id": 3826, "vphfpdID": "002125.d161_263@4gdf_A.2"}, {"lrredund": 4.2492, "lrpepelmv": 72.805, "hphfpdID": "000004", "pdbset": null, "lrpepxh": -1.0, "finallr": 309.3629, "lrpepelmh": -1.0, "template": "", "viralprotein_id": 15124, "lrsm": -1.0, "id": 51351075, "lrpepxv": -1.0, "lrredundpairs": -1.0, "humanprotein_id": 6298, "vphfpdID": "002125@5exx_A.3"}, {"lrredund": 21.3884, "lrpepelmv": 9.677, "hphfpdID": "001751.e1_73", "pdbset": null, "lrpepxh": -1.0, "finallr": 206.9754, "lrpepelmh": -1.0, "template": "2orv:BA(0.36,0.12,49/214,22,21)", "viralprotein_id": 15124, "lrsm": 2.7953, "id": 51352551, "lrpepxv": -1.0, "lrredundpairs": -1.0, "humanprotein_id": 5041, "vphfpdID": "002125@5e7p_A.4"}, {"lrredund": 2.0764, "lrpepelmv": 72.805, "hphfpdID": "000003", "pdbset": null, "lrpepxh": -1.0, "finallr": 151.1722, "lrpepelmh": -1.0, "template": "", "viralprotein_id": 15124, "lrsm": -1.0, "id": 51352950, "lrpepxv": -1.0, "lrredundpairs": -1.0, "humanprotein_id": 6857, "vphfpdID": "002125@1ojl_A.1"}, {"lrredund": 21.3884, "lrpepelmv": 72.805, "hphfpdID": "000002", "pdbset": null, "lrpepxh": -1.0, "finallr": 1557.181, "lrpepelmh": -1.0, "template": "", "viralprotein_id": 15124, "lrsm": -1.0, "id": 51354106, "lrpepxv": -1.0, "lrredundpairs": 1.1877, "humanprotein_id": 6315, "vphfpdID": "002125@5e7p_A.4"}, {"lrredund": 1.2535, "lrpepelmv": -1.0, "hphfpdID": "000015.e204_335", "pdbset": null, "lrpepxh": -1.0, "finallr": 124.3505, "lrpepelmh": -1.0, "template": "1a6a:AB(0.07,0.02,5/274,6,5)", "viralprotein_id": 15125, "lrsm": 99.2027, "id": 30104271, "lrpepxv": -1.0, "lrredundpairs": -1.0, "humanprotein_id": 7027, "vphfpdID": "002420.e1_302@3sej_A.4"}, {"lrredund": 4.2492, "lrpepelmv": -1.0, "hphfpdID": "008086.d318_419", "pdbset": null, "lrpepxh": -1.0, "finallr": 128.9384, "lrpepelmh": -1.0, "template": "3v7a:BF(0.07,0.11,30/40,17,17)", "viralprotein_id": 15125, "lrsm": 30.3442, "id": 30104472, "lrpepxv": -1.0, "lrredundpairs": -1.0, "humanprotein_id": 14249, "vphfpdID": "002420.e275_540@3sej_A.3"}, {"lrredund": 2.3254, "lrpepelmv": 52.8828, "hphfpdID": "000906.e751_863", "pdbset": null, "lrpepxh": -1.0, "finallr": 122.9736, "lrpepelmh": -1.0, "template": "3cnk:BA(0.53,0.38,95/100,29,23)", "viralprotein_id": 15125, "lrsm": 2.4771, "id": 30104507, "lrpepxv": -1.0, "lrredundpairs": -1.0, "humanprotein_id": 2586, "vphfpdID": "002420@3m8l_A.3"}, {"lrredund": 20.9141, "lrpepelmv": 15.8041, "hphfpdID": "016466.e85_146", "pdbset": null, "lrpepxh": -1.0, "finallr": 330.5284, "lrpepelmh": -1.0, "template": "2lk6:BA(0.50,0.51,131/154,40,71)", "viralprotein_id": 15125, "lrsm": 3.2502, "id": 30104585, "lrpepxv": -1.0, "lrredundpairs": 0.7707, "humanprotein_id": 3727, "vphfpdID": "002420@4pb6_A.5"}, {"lrredund": 4.2492, "lrpepelmv": 32.9939, "hphfpdID": "017283", "pdbset": null, "lrpepxh": -1.0, "finallr": 140.1976, "lrpepelmh": -1.0, "template": "", "viralprotein_id": 15125, "lrsm": -1.0, "id": 30104942, "lrpepxv": -1.0, "lrredundpairs": -1.0, "humanprotein_id": 5846, "vphfpdID": "002420@3m8l_A.3"}, {"lrredund": 4.2492, "lrpepelmv": 137.2032, "hphfpdID": "000004", "pdbset": null, "lrpepxh": -1.0, "finallr": 583.0042, "lrpepelmh": -1.0, "template": "", "viralprotein_id": 15125, "lrsm": -1.0, "id": 30105156, "lrpepxv": -1.0, "lrredundpairs": -1.0, "humanprotein_id": 6298, "vphfpdID": "002420@3j1p_A.4"}, {"lrredund": 1.2535, "lrpepelmv": -1.0, "hphfpdID": "000014.e204_335", "pdbset": null, "lrpepxh": -1.0, "finallr": 124.3505, "lrpepelmh": -1.0, "template": "1a6a:AB(0.07,0.02,5/274,6,5)", "viralprotein_id": 15125, "lrsm": 99.2027, "id": 30105399, "lrpepxv": -1.0, "lrredundpairs": -1.0, "humanprotein_id": 7027, "vphfpdID": "002420.e1_302@3sej_A.4"}, {"lrredund": 21.3884, "lrpepelmv": -1.0, "hphfpdID": "018500", "pdbset": null, "lrpepxh": -1.0, "finallr": 166.727, "lrpepelmh": -1.0, "template": "2ktr:BA(0.09,0.28,43/66,23,41)", "viralprotein_id": 15125, "lrsm": 7.7952, "id": 30105416, "lrpepxv": -1.0, "lrredundpairs": -1.0, "humanprotein_id": 3463, "vphfpdID": "002420.e1_302@3sej_A.4"}, {"lrredund": 21.3884, "lrpepelmv": -1.0, "hphfpdID": "002626", "pdbset": null, "lrpepxh": -1.0, "finallr": 708.2626, "lrpepelmh": -1.0, "template": "3v7a:BG(0.09,0.09,32/37,10,10)", "viralprotein_id": 15125, "lrsm": 33.1143, "id": 30105434, "lrpepxv": -1.0, "lrredundpairs": 0.7707, "humanprotein_id": 2804, "vphfpdID": "002420.e275_540@4opo_A.1"}, {"lrredund": 21.3884, "lrpepelmv": -1.0, "hphfpdID": "001452", "pdbset": null, "lrpepxh": -1.0, "finallr": 649.013, "lrpepelmh": -1.0, "template": "4f7m:AE(0.18,0.01,13/27,9,4)", "viralprotein_id": 15125, "lrsm": 30.3442, "id": 30105667, "lrpepxv": -1.0, "lrredundpairs": 0.7707, "humanprotein_id": 6282, "vphfpdID": "002420.e1_302@3sej_A.4"}, {"lrredund": 21.3884, "lrpepelmv": -1.0, "hphfpdID": "004076.d484_623", "pdbset": null, "lrpepxh": -1.0, "finallr": 149.2837, "lrpepelmh": -1.0, "template": "1xqs:CA(0.19,0.14,36/115,22,27)", "viralprotein_id": 15125, "lrsm": 6.9797, "id": 30107693, "lrpepxv": -1.0, "lrredundpairs": -1.0, "humanprotein_id": 4894, "vphfpdID": "002420.e1_302@3sej_A.4"}, {"lrredund": 21.3884, "lrpepelmv": -1.0, "hphfpdID": "003962.d92_178", "pdbset": null, "lrpepxh": -1.0, "finallr": 146.3215, "lrpepelmh": -1.0, "template": "1v9u:32(0.23,0.37,75/414,41,50)", "viralprotein_id": 15125, "lrsm": 6.8412, "id": 30107941, "lrpepxv": -1.0, "lrredundpairs": 0.7707, "humanprotein_id": 6447, "vphfpdID": "002420.d77_219"}, {"lrredund": 21.3884, "lrpepelmv": 20.1497, "hphfpdID": "008378.d463_902", "pdbset": null, "lrpepxh": -1.0, "finallr": 430.9707, "lrpepelmh": -1.0, "template": "4ksn:DC(0.50,0.42,64/127,11,7)", "viralprotein_id": 15125, "lrsm": 1.5595, "id": 30108390, "lrpepxv": -1.0, "lrredundpairs": -1.0, "humanprotein_id": 3758, "vphfpdID": "002420.e275_540@4opo_A.1"}, {"lrredund": 21.3884, "lrpepelmv": -1.0, "hphfpdID": "005567.e1_206", "pdbset": null, "lrpepxh": -1.0, "finallr": 117.6084, "lrpepelmh": -1.0, "template": "2ktr:BA(0.09,0.23,44/66,20,29)", "viralprotein_id": 15125, "lrsm": 5.4987, "id": 30108625, "lrpepxv": -1.0, "lrredundpairs": -1.0, "humanprotein_id": 3874, "vphfpdID": "002420.e1_302@3sej_A.4"}, {"lrredund": 21.3884, "lrpepelmv": -1.0, "hphfpdID": "005354.e1664_1728", "pdbset": null, "lrpepxh": -1.0, "finallr": 274.8026, "lrpepelmh": -1.0, "template": "1po2:23(0.22,0.57,59/415,41,47)", "viralprotein_id": 15125, "lrsm": 12.8482, "id": 30108887, "lrpepxv": -1.0, "lrredundpairs": -1.0, "humanprotein_id": 7033, "vphfpdID": "002420.d77_219"}, {"lrredund": 20.9141, "lrpepelmv": -1.0, "hphfpdID": "006178.e2120_2203", "pdbset": null, "lrpepxh": -1.0, "finallr": 203.5706, "lrpepelmh": -1.0, "template": "2vtx:CD(0.60,0.53,81/101,44,58)", "viralprotein_id": 15125, "lrsm": 9.7337, "id": 30109476, "lrpepxv": -1.0, "lrredundpairs": -1.0, "humanprotein_id": 2856, "vphfpdID": "002420@2gh8_A.2"}, {"lrredund": 19.2898, "lrpepelmv": -1.0, "hphfpdID": "016448", "pdbset": null, "lrpepxh": -1.0, "finallr": 3261.861, "lrpepelmh": -1.0, "template": "2ktr:BA(0.09,0.01,44/66,22,38)", "viralprotein_id": 15125, "lrsm": 169.0977, "id": 30109671, "lrpepxv": -1.0, "lrredundpairs": 0.7707, "humanprotein_id": 7393, "vphfpdID": "002420.e1_302@3sej_A.4"}, {"lrredund": 21.3884, "lrpepelmv": -1.0, "hphfpdID": "000172.d132_188", "pdbset": null, "lrpepxh": -1.0, "finallr": 163.4924, "lrpepelmh": -1.0, "template": "4cdw:CB(0.29,0.56,286/1864,43,194)", "viralprotein_id": 15125, "lrsm": 7.644, "id": 30110221, "lrpepxv": -1.0, "lrredundpairs": -1.0, "humanprotein_id": 2981, "vphfpdID": "002420.e1_302@1ihm_A.1"}, {"lrredund": 2.3254, "lrpepelmv": 137.2032, "hphfpdID": "000005", "pdbset": null, "lrpepxh": -1.0, "finallr": 319.0525, "lrpepelmh": -1.0, "template": "", "viralprotein_id": 15125, "lrsm": -1.0, "id": 30110302, "lrpepxv": -1.0, "lrredundpairs": -1.0, "humanprotein_id": 4794, "vphfpdID": "002420@4ejr_A.6"}, {"lrredund": 20.9141, "lrpepelmv": -1.0, "hphfpdID": "011519", "pdbset": null, "lrpepxh": -1.0, "finallr": 385.0952, "lrpepelmh": -1.0, "template": "3t30:HI(0.52,0.06,76/94,45,63)", "viralprotein_id": 15125, "lrsm": 18.4132, "id": 30111438, "lrpepxv": -1.0, "lrredundpairs": -1.0, "humanprotein_id": 3074, "vphfpdID": "002420@2gh8_A.2"}, {"lrredund": 4.2492, "lrpepelmv": 137.2032, "hphfpdID": "000001", "pdbset": null, "lrpepxh": -1.0, "finallr": 583.0042, "lrpepelmh": -1.0, "template": "", "viralprotein_id": 15125, "lrsm": -1.0, "id": 30111626, "lrpepxv": -1.0, "lrredundpairs": -1.0, "humanprotein_id": 4793, "vphfpdID": "002420@3m8l_A.3"}, {"lrredund": 21.3884, "lrpepelmv": -1.0, "hphfpdID": "009492.e120_224", "pdbset": null, "lrpepxh": -1.0, "finallr": 117.6084, "lrpepelmh": -1.0, "template": "3v7a:AE(0.09,0.29,24/40,10,6)", "viralprotein_id": 15125, "lrsm": 5.4987, "id": 30112660, "lrpepxv": -1.0, "lrredundpairs": 0.7707, "humanprotein_id": 13229, "vphfpdID": "002420.e275_540@4opo_A.1"}, {"lrredund": 20.9141, "lrpepelmv": -1.0, "hphfpdID": "005158.d818_927", "pdbset": null, "lrpepxh": -1.0, "finallr": 2074.734, "lrpepelmh": -1.0, "template": "4lrm:ED(0.08,0.02,1/111,2,1)", "viralprotein_id": 15125, "lrsm": 99.2027, "id": 30112808, "lrpepxv": -1.0, "lrredundpairs": 0.7707, "humanprotein_id": 2711, "vphfpdID": "002420.e1_302@3sej_A.4"}, {"lrredund": 19.2898, "lrpepelmv": 14.2424, "hphfpdID": "001751.e1_73", "pdbset": null, "lrpepxh": -1.0, "finallr": 274.7339, "lrpepelmh": -1.0, "template": "2cjs:AC(0.50,0.34,44/134,22,17)", "viralprotein_id": 15125, "lrsm": 1.5568, "id": 30113464, "lrpepxv": -1.0, "lrredundpairs": -1.0, "humanprotein_id": 5041, "vphfpdID": "002420@3m8l_A.3"}, {"lrredund": 4.2492, "lrpepelmv": -1.0, "hphfpdID": "005319", "pdbset": null, "lrpepxh": -1.0, "finallr": 107.2347, "lrpepelmh": -1.0, "template": "1ebg:AB(0.11,0.03,14/231,14,14)", "viralprotein_id": 15125, "lrsm": 25.2364, "id": 30113982, "lrpepxv": -1.0, "lrredundpairs": -1.0, "humanprotein_id": 3069, "vphfpdID": "002420.e1_302@3sej_A.4"}, {"lrredund": 21.3884, "lrpepelmv": 4.8045, "hphfpdID": "002673.d115_219", "pdbset": null, "lrpepxh": -1.0, "finallr": 102.7615, "lrpepelmh": -1.0, "template": "3q6c:KD(0.56,0.45,9/14,6,1)", "viralprotein_id": 15125, "lrsm": 1.1641, "id": 30114003, "lrpepxv": -1.0, "lrredundpairs": -1.0, "humanprotein_id": 4427, "vphfpdID": "002420@4opo_A.1"}, {"lrredund": 19.2898, "lrpepelmv": -1.0, "hphfpdID": "018501", "pdbset": null, "lrpepxh": -1.0, "finallr": 150.368, "lrpepelmh": -1.0, "template": "2ktr:BA(0.09,0.27,42/66,21,39)", "viralprotein_id": 15125, "lrsm": 7.7952, "id": 30114030, "lrpepxv": -1.0, "lrredundpairs": 0.7707, "humanprotein_id": 1286, "vphfpdID": "002420.e1_302@3sej_A.4"}, {"lrredund": 19.2898, "lrpepelmv": 15.8041, "hphfpdID": "016613.e316_567", "pdbset": null, "lrpepxh": -1.0, "finallr": 304.8578, "lrpepelmh": -1.0, "template": "1kiu:GA(0.54,0.50,55/66,23,10)", "viralprotein_id": 15125, "lrsm": 2.5395, "id": 30114165, "lrpepxv": -1.0, "lrredundpairs": -1.0, "humanprotein_id": 5161, "vphfpdID": "002420@4ejr_A.6"}, {"lrredund": 20.9141, "lrpepelmv": 137.2032, "hphfpdID": "000007", "pdbset": null, "lrpepxh": -1.0, "finallr": 2869.483, "lrpepelmh": -1.0, "template": "2lrk:DA(0.57,0.50,24/54,6,2)", "viralprotein_id": 15125, "lrsm": 1.1641, "id": 30114287, "lrpepxv": -1.0, "lrredundpairs": -1.0, "humanprotein_id": 6393, "vphfpdID": "002420@2gh8_A.2"}, {"lrredund": 19.2898, "lrpepelmv": -1.0, "hphfpdID": "007197.d147_245", "pdbset": null, "lrpepxh": -1.0, "finallr": 197.8178, "lrpepelmh": -1.0, "template": "1c9s:ED(0.37,0.49,89/111,41,58)", "viralprotein_id": 15125, "lrsm": 10.255, "id": 30114439, "lrpepxv": -1.0, "lrredundpairs": -1.0, "humanprotein_id": 3620, "vphfpdID": "002420@4pb6_A.5"}, {"lrredund": 4.0064, "lrpepelmv": -1.0, "hphfpdID": "006442.d373_516", "pdbset": null, "lrpepxh": -1.0, "finallr": 101.1073, "lrpepelmh": -1.0, "template": "4lrm:ED(0.13,0.06,22/111,8,6)", "viralprotein_id": 15125, "lrsm": 25.2364, "id": 30115145, "lrpepxv": -1.0, "lrredundpairs": 0.7707, "humanprotein_id": 3050, "vphfpdID": "002420.e1_302@4oos_A.6"}, {"lrredund": 20.9141, "lrpepelmv": -1.0, "hphfpdID": "016729", "pdbset": null, "lrpepxh": -1.0, "finallr": 163.0298, "lrpepelmh": -1.0, "template": "2ktr:BA(0.09,0.29,42/66,21,39)", "viralprotein_id": 15125, "lrsm": 7.7952, "id": 30115355, "lrpepxv": -1.0, "lrredundpairs": 0.7707, "humanprotein_id": 6415, "vphfpdID": "002420.e1_302@3sej_A.4"}, {"lrredund": 4.2492, "lrpepelmv": 32.9939, "hphfpdID": "017284.e489_542", "pdbset": null, "lrpepxh": -1.0, "finallr": 140.1976, "lrpepelmh": -1.0, "template": "4jv5:FR(0.59,0.54,27/98,22,26)", "viralprotein_id": 15125, "lrsm": 1.4777, "id": 30115696, "lrpepxv": -1.0, "lrredundpairs": -1.0, "humanprotein_id": 7960, "vphfpdID": "002420@4pb6_A.5"}, {"lrredund": 21.3884, "lrpepelmv": -1.0, "hphfpdID": "018800.d596_685", "pdbset": null, "lrpepxh": -1.0, "finallr": 128.3451, "lrpepelmh": -1.0, "template": "3v7a:BG(0.09,0.24,34/37,14,18)", "viralprotein_id": 15125, "lrsm": 6.0007, "id": 30115727, "lrpepxv": -1.0, "lrredundpairs": 0.7707, "humanprotein_id": 4109, "vphfpdID": "002420.e275_540@4oos_A.2"}, {"lrredund": 19.2898, "lrpepelmv": -1.0, "hphfpdID": "010507.e1_206", "pdbset": null, "lrpepxh": -1.0, "finallr": 150.368, "lrpepelmh": -1.0, "template": "2ktr:BA(0.09,0.24,44/66,21,38)", "viralprotein_id": 15125, "lrsm": 7.7952, "id": 30115916, "lrpepxv": -1.0, "lrredundpairs": -1.0, "humanprotein_id": 4475, "vphfpdID": "002420.e1_302@3sej_A.4"}, {"lrredund": 21.3884, "lrpepelmv": 4.8045, "hphfpdID": "018111", "pdbset": null, "lrpepxh": -1.0, "finallr": 102.7615, "lrpepelmh": -1.0, "template": "", "viralprotein_id": 15125, "lrsm": -1.0, "id": 30116223, "lrpepxv": -1.0, "lrredundpairs": -1.0, "humanprotein_id": 15404, "vphfpdID": "002420@3j1p_A.4"}, {"lrredund": 2.3254, "lrpepelmv": -1.0, "hphfpdID": "005406.d826_936", "pdbset": null, "lrpepxh": -1.0, "finallr": 230.6859, "lrpepelmh": -1.0, "template": "4lrm:ED(0.08,0.02,3/111,4,3)", "viralprotein_id": 15125, "lrsm": 99.2027, "id": 30116251, "lrpepxv": -1.0, "lrredundpairs": 1.1877, "humanprotein_id": 2951, "vphfpdID": "002420.e1_302@3sej_A.4"}, {"lrredund": 21.3884, "lrpepelmv": 137.2032, "hphfpdID": "000002", "pdbset": null, "lrpepxh": -1.0, "finallr": 2934.559, "lrpepelmh": -1.0, "template": "", "viralprotein_id": 15125, "lrsm": -1.0, "id": 30116626, "lrpepxv": -1.0, "lrredundpairs": -1.0, "humanprotein_id": 6315, "vphfpdID": "002420@3j1p_A.4"}, {"lrredund": 1.2535, "lrpepelmv": -1.0, "hphfpdID": "000020.e204_335", "pdbset": null, "lrpepxh": -1.0, "finallr": 124.3505, "lrpepelmh": -1.0, "template": "1a6a:AB(0.07,0.03,5/274,6,5)", "viralprotein_id": 15125, "lrsm": 99.2027, "id": 30116737, "lrpepxv": -1.0, "lrredundpairs": -1.0, "humanprotein_id": 7027, "vphfpdID": "002420.e1_302@3sej_A.4"}, {"lrredund": 2.409, "lrpepelmv": -1.0, "hphfpdID": "005407.e677_979", "pdbset": null, "lrpepxh": -1.0, "finallr": 238.9792, "lrpepelmh": -1.0, "template": "3kex:BA(0.07,0.02,3/181,2,0)", "viralprotein_id": 15125, "lrsm": 99.2027, "id": 30116816, "lrpepxv": -1.0, "lrredundpairs": 0.7707, "humanprotein_id": 4263, "vphfpdID": "002420.e1_302@3sej_A.4"}, {"lrredund": 2.3254, "lrpepelmv": 137.2032, "hphfpdID": "000003", "pdbset": null, "lrpepxh": -1.0, "finallr": 319.0525, "lrpepelmh": -1.0, "template": "", "viralprotein_id": 15125, "lrsm": -1.0, "id": 30117481, "lrpepxv": -1.0, "lrredundpairs": -1.0, "humanprotein_id": 6857, "vphfpdID": "002420@3m8l_A.3"}, {"lrredund": 20.9141, "lrpepelmv": 15.8041, "hphfpdID": "007144.e151_217", "pdbset": null, "lrpepxh": -1.0, "finallr": 330.5284, "lrpepelmh": -1.0, "template": "2lk6:BA(0.53,0.46,138/154,28,31)", "viralprotein_id": 15125, "lrsm": 3.4243, "id": 30118197, "lrpepxv": -1.0, "lrredundpairs": -1.0, "humanprotein_id": 6385, "vphfpdID": "002420.e275_540@4opo_A.1"}, {"lrredund": 15.8699, "lrpepelmv": 9.3373, "hphfpdID": "001349.d2679_3055", "pdbset": null, "lrpepxh": -1.0, "finallr": 148.1822, "lrpepelmh": -1.0, "template": "2lmc:AB(0.51,0.55,80/115,22,17)", "viralprotein_id": 15125, "lrsm": 1.6435, "id": 30118379, "lrpepxv": -1.0, "lrredundpairs": -1.0, "humanprotein_id": 7312, "vphfpdID": "002420@4pb6_A.5"}, {"lrredund": 20.9141, "lrpepelmv": 137.2032, "hphfpdID": "000006", "pdbset": null, "lrpepxh": -1.0, "finallr": 2869.483, "lrpepelmh": -1.0, "template": "2lrl:DC(0.60,0.40,31/58,13,12)", "viralprotein_id": 15125, "lrsm": 1.2265, "id": 30118467, "lrpepxv": -1.0, "lrredundpairs": -1.0, "humanprotein_id": 4514, "vphfpdID": "002420@2gh8_A.2"}, {"lrredund": 19.2898, "lrpepelmv": 15.8041, "hphfpdID": "016615.e320_574", "pdbset": null, "lrpepxh": -1.0, "finallr": 304.8578, "lrpepelmh": -1.0, "template": "1kiu:GA(0.54,0.53,55/66,22,10)", "viralprotein_id": 15125, "lrsm": 2.5395, "id": 30118598, "lrpepxv": -1.0, "lrredundpairs": -1.0, "humanprotein_id": 5095, "vphfpdID": "002420@4ejr_A.6"}, {"lrredund": 20.9141, "lrpepelmv": -1.0, "hphfpdID": "016730", "pdbset": null, "lrpepxh": -1.0, "finallr": 168.6361, "lrpepelmh": -1.0, "template": "2lk6:BA(0.50,0.53,138/154,44,78)", "viralprotein_id": 15125, "lrsm": 8.0633, "id": 30118841, "lrpepxv": -1.0, "lrredundpairs": 0.7707, "humanprotein_id": 6290, "vphfpdID": "002420@4pb6_A.5"}, {"lrredund": 21.3884, "lrpepelmv": -1.0, "hphfpdID": "016859.d83_144", "pdbset": null, "lrpepxh": -1.0, "finallr": 117.6084, "lrpepelmh": -1.0, "template": "2bps:BA(0.13,0.25,35/67,11,4)", "viralprotein_id": 15125, "lrsm": 5.4987, "id": 30118862, "lrpepxv": -1.0, "lrredundpairs": -1.0, "humanprotein_id": 4494, "vphfpdID": "002420.e1_302@3sej_A.4"}]