[{"lrredund": 15.8699, "lrpepelmv": 14.0867, "hphfpdID": "016613", "pdbset": null, "lrpepxh": -1.0, "finallr": 223.5545, "lrpepelmh": -1.0, "template": "", "viralprotein_id": 15173, "lrsm": -1.0, "id": 67654773, "lrpepxv": -1.0, "lrredundpairs": -1.0, "humanprotein_id": 5161, "vphfpdID": "002424"}, {"lrredund": 3.5815, "lrpepelmv": 72.805, "hphfpdID": "000001", "pdbset": null, "lrpepxh": -1.0, "finallr": 260.751, "lrpepelmh": -1.0, "template": "", "viralprotein_id": 15173, "lrsm": -1.0, "id": 67656202, "lrpepxv": -1.0, "lrredundpairs": -1.0, "humanprotein_id": 4793, "vphfpdID": "002424"}, {"lrredund": 4.2492, "lrpepelmv": -1.0, "hphfpdID": "008899", "pdbset": null, "lrpepxh": -1.0, "finallr": 182.7888, "lrpepelmh": -1.0, "template": "1w4r:GH(0.19,0.00,47/69,25,21)", "viralprotein_id": 15173, "lrsm": 43.0172, "id": 67657091, "lrpepxv": -1.0, "lrredundpairs": -1.0, "humanprotein_id": 2925, "vphfpdID": "002424.d161_263@5he9_A.1"}, {"lrredund": 15.8699, "lrpepelmv": 9.677, "hphfpdID": "001751.e1_73", "pdbset": null, "lrpepxh": -1.0, "finallr": 153.5729, "lrpepelmh": -1.0, "template": "2orv:AB(0.55,0.24,37/214,21,21)", "viralprotein_id": 15173, "lrsm": 1.8531, "id": 67658462, "lrpepxv": -1.0, "lrredundpairs": -1.0, "humanprotein_id": 5041, "vphfpdID": "002424"}, {"lrredund": 21.3884, "lrpepelmv": -1.0, "hphfpdID": "017281.d510_649", "pdbset": null, "lrpepxh": -1.0, "finallr": 1035.023, "lrpepelmh": -1.0, "template": "3cf0:MB(0.39,0.00,55/263,41,46)", "viralprotein_id": 15173, "lrsm": 48.3918, "id": 67659356, "lrpepxv": -1.0, "lrredundpairs": -1.0, "humanprotein_id": 5906, "vphfpdID": "002424.d161_263@4gdf_A.2"}, {"lrredund": 15.8699, "lrpepelmv": 72.805, "hphfpdID": "000002", "pdbset": null, "lrpepxh": -1.0, "finallr": 1155.407, "lrpepelmh": -1.0, "template": "", "viralprotein_id": 15173, "lrsm": -1.0, "id": 67660743, "lrpepxv": -1.0, "lrredundpairs": -1.0, "humanprotein_id": 6315, "vphfpdID": "002424"}, {"lrredund": 15.8699, "lrpepelmv": 14.9984, "hphfpdID": "007144.e56_156", "pdbset": null, "lrpepxh": -1.0, "finallr": 238.0224, "lrpepelmh": -1.0, "template": "1h8h:CD(0.60,0.35,1/308,2,1)", "viralprotein_id": 15173, "lrsm": 1.02, "id": 67661973, "lrpepxv": -1.0, "lrredundpairs": -1.0, "humanprotein_id": 6385, "vphfpdID": "002424"}, {"lrredund": 15.8699, "lrpepelmv": 72.805, "hphfpdID": "000006", "pdbset": null, "lrpepxh": -1.0, "finallr": 1155.407, "lrpepelmh": -1.0, "template": "", "viralprotein_id": 15173, "lrsm": -1.0, "id": 67662125, "lrpepxv": -1.0, "lrredundpairs": -1.0, "humanprotein_id": 4514, "vphfpdID": "002424"}, {"lrredund": 4.2492, "lrpepelmv": 72.805, "hphfpdID": "000004", "pdbset": null, "lrpepxh": -1.0, "finallr": 309.3629, "lrpepelmh": -1.0, "template": "", "viralprotein_id": 15173, "lrsm": -1.0, "id": 67662649, "lrpepxv": -1.0, "lrredundpairs": -1.0, "humanprotein_id": 6298, "vphfpdID": "002424"}, {"lrredund": 19.2898, "lrpepelmv": 72.805, "hphfpdID": "000007", "pdbset": null, "lrpepxh": -1.0, "finallr": 1404.393, "lrpepelmh": -1.0, "template": "", "viralprotein_id": 15173, "lrsm": -1.0, "id": 67663708, "lrpepxv": -1.0, "lrredundpairs": -1.0, "humanprotein_id": 6393, "vphfpdID": "002424"}, {"lrredund": 15.8699, "lrpepelmv": -1.0, "hphfpdID": "009031", "pdbset": null, "lrpepxh": -1.0, "finallr": 271.0869, "lrpepelmh": -1.0, "template": "1aqf:GE(0.38,0.01,88/263,42,40)", "viralprotein_id": 15173, "lrsm": 17.0818, "id": 67664686, "lrpepxv": -1.0, "lrredundpairs": -1.0, "humanprotein_id": 3826, "vphfpdID": "002424.d161_263@5he9_A.1"}, {"lrredund": 2.0764, "lrpepelmv": 72.805, "hphfpdID": "000003", "pdbset": null, "lrpepxh": -1.0, "finallr": 151.1722, "lrpepelmh": -1.0, "template": "", "viralprotein_id": 15173, "lrsm": -1.0, "id": 67665781, "lrpepxv": -1.0, "lrredundpairs": -1.0, "humanprotein_id": 6857, "vphfpdID": "002424"}, {"lrredund": 21.3884, "lrpepelmv": 14.9984, "hphfpdID": "016466.e142_262", "pdbset": null, "lrpepxh": -1.0, "finallr": 320.7909, "lrpepelmh": -1.0, "template": "", "viralprotein_id": 15173, "lrsm": -1.0, "id": 67666756, "lrpepxv": -1.0, "lrredundpairs": -1.0, "humanprotein_id": 3727, "vphfpdID": "002424"}, {"lrredund": 3.124, "lrpepelmv": 4.5877, "hphfpdID": "016486.d51_222", "pdbset": null, "lrpepxh": 5.43, "finallr": 194.6564, "lrpepelmh": -1.0, "template": "3kvp:EB(0.59,0.38,59/67,21,14)", "viralprotein_id": 15167, "lrsm": 2.6756, "id": 987129, "lrpepxv": 62.31, "lrredundpairs": 2.409, "humanprotein_id": 6479, "vphfpdID": "002324.d116_330@4dot_A.2"}, {"lrredund": 2.3588, "lrpepelmv": -1.0, "hphfpdID": "015071", "pdbset": null, "lrpepxh": -1.0, "finallr": 108.4487, "lrpepelmh": -1.0, "template": "3s6n:GE(0.36,0.02,87/104,44,76)", "viralprotein_id": 15167, "lrsm": 45.9762, "id": 987275, "lrpepxv": -1.0, "lrredundpairs": 2.3588, "humanprotein_id": 6322, "vphfpdID": "002324.d116_330@4dpz_X.3"}, {"lrredund": 3.7695, "lrpepelmv": -1.0, "hphfpdID": "012780.g1_459", "pdbset": null, "lrpepxh": -1.0, "finallr": 234.8775, "lrpepelmh": -1.0, "template": "3vke:DB(0.47,0.58,57/80,27,32)", "viralprotein_id": 15167, "lrsm": 1.6503, "id": 987726, "lrpepxv": 62.31, "lrredundpairs": -1.0, "humanprotein_id": 6995, "vphfpdID": "002324.d116_330@2lkt_A.1"}, {"lrredund": 20.9141, "lrpepelmv": -1.0, "hphfpdID": "005354.e1664_1728", "pdbset": null, "lrpepxh": -1.0, "finallr": 113.5635, "lrpepelmh": -1.0, "template": "2lk6:BA(0.27,0.41,121/154,35,52)", "viralprotein_id": 15167, "lrsm": 3.1818, "id": 988253, "lrpepxv": 5.43, "lrredundpairs": -1.0, "humanprotein_id": 7033, "vphfpdID": "002324.d116_330@4dpz_X.3"}, {"lrredund": 20.9141, "lrpepelmv": -1.0, "hphfpdID": "018800.e309_403", "pdbset": null, "lrpepxh": -1.0, "finallr": 128.5902, "lrpepelmh": -1.0, "template": "2lk6:AB(0.27,0.31,134/154,28,18)", "viralprotein_id": 15167, "lrsm": 6.1485, "id": 988278, "lrpepxv": -1.0, "lrredundpairs": 0.7707, "humanprotein_id": 4109, "vphfpdID": "002324.d116_330@4dpz_X.3"}, {"lrredund": 20.9141, "lrpepelmv": 14.0867, "hphfpdID": "016613.e557_714", "pdbset": null, "lrpepxh": -1.0, "finallr": 294.6106, "lrpepelmh": -1.0, "template": "3bid:GH(0.34,0.57,55/136,21,17)", "viralprotein_id": 15167, "lrsm": 1.7387, "id": 988398, "lrpepxv": -1.0, "lrredundpairs": -1.0, "humanprotein_id": 5161, "vphfpdID": "002324.d116_330@4dot_A.2"}, {"lrredund": 21.3884, "lrpepelmv": -1.0, "hphfpdID": "009492.e120_224", "pdbset": null, "lrpepxh": 5.43, "finallr": 116.139, "lrpepelmh": -1.0, "template": "2lk6:AB(0.35,0.56,126/154,21,12)", "viralprotein_id": 15167, "lrsm": 3.4243, "id": 988427, "lrpepxv": 3.84, "lrredundpairs": 1.1877, "humanprotein_id": 13229, "vphfpdID": "002324@4dot_A.1"}, {"lrredund": 20.9141, "lrpepelmv": 22.0743, "hphfpdID": "016466.e85_146", "pdbset": null, "lrpepxh": -1.0, "finallr": 461.6652, "lrpepelmh": -1.0, "template": "2j6k:DC(0.30,0.08,28/35,10,6)", "viralprotein_id": 15167, "lrsm": 6.0007, "id": 989134, "lrpepxv": -1.0, "lrredundpairs": 1.5513, "humanprotein_id": 3727, "vphfpdID": "002324@4hpe_A.6"}, {"lrredund": 21.3884, "lrpepelmv": 22.0743, "hphfpdID": "001060.e180_274", "pdbset": null, "lrpepxh": -1.0, "finallr": 472.1351, "lrpepelmh": -1.0, "template": "3qsu:NS(0.54,0.37,105/125,50,74)", "viralprotein_id": 15167, "lrsm": 10.255, "id": 989348, "lrpepxv": -1.0, "lrredundpairs": 0.7707, "humanprotein_id": 17652, "vphfpdID": "002324.d116_330@4dpz_X.3"}, {"lrredund": 21.3884, "lrpepelmv": -1.0, "hphfpdID": "013899.g1_173", "pdbset": null, "lrpepxh": 3.84, "finallr": 116.139, "lrpepelmh": -1.0, "template": "2lk5:AB(0.38,0.38,124/132,26,35)", "viralprotein_id": 15167, "lrsm": 4.0761, "id": 989358, "lrpepxv": 5.43, "lrredundpairs": 0.7707, "humanprotein_id": 1240, "vphfpdID": "002324.d116_330@4dot_A.2"}, {"lrredund": 20.9141, "lrpepelmv": -1.0, "hphfpdID": "004076", "pdbset": null, "lrpepxh": -1.0, "finallr": 113.7978, "lrpepelmh": -1.0, "template": "1i7x:DC(0.59,0.08,99/230,41,40)", "viralprotein_id": 15167, "lrsm": 5.4412, "id": 989677, "lrpepxv": -1.0, "lrredundpairs": 0.7707, "humanprotein_id": 4894, "vphfpdID": "002324.d116_330@4q95_A.4"}, {"lrredund": 1.7951, "lrpepelmv": -1.0, "hphfpdID": "005292.d1_108", "pdbset": null, "lrpepxh": -1.0, "finallr": 111.8526, "lrpepelmh": -1.0, "template": "3kvp:FB(0.45,0.22,57/67,22,17)", "viralprotein_id": 15167, "lrsm": 3.1848, "id": 990004, "lrpepxv": 62.31, "lrredundpairs": -1.0, "humanprotein_id": 12504, "vphfpdID": "002324.d116_330@2lkt_A.1"}, {"lrredund": 3.7695, "lrpepelmv": -1.0, "hphfpdID": "001067.d939_1081", "pdbset": null, "lrpepxh": 3.84, "finallr": 234.8775, "lrpepelmh": -1.0, "template": "1xcg:EA(0.58,0.00,53/66,23,9)", "viralprotein_id": 15167, "lrsm": 4.804, "id": 990424, "lrpepxv": 62.31, "lrredundpairs": 1.1877, "humanprotein_id": 1249, "vphfpdID": "002324@4dot_A.1"}, {"lrredund": 21.3884, "lrpepelmv": 14.0867, "hphfpdID": "016615.d584_674", "pdbset": null, "lrpepxh": -1.0, "finallr": 301.2919, "lrpepelmh": -1.0, "template": "2zdi:BA(0.40,0.31,44/50,25,28)", "viralprotein_id": 15167, "lrsm": 3.1848, "id": 990621, "lrpepxv": -1.0, "lrredundpairs": -1.0, "humanprotein_id": 5095, "vphfpdID": "002324.d116_330@4q95_A.4"}, {"lrredund": 21.3884, "lrpepelmv": -1.0, "hphfpdID": "001154.e176_349", "pdbset": null, "lrpepxh": -1.0, "finallr": 116.139, "lrpepelmh": -1.0, "template": "2k7i:BA(0.43,0.24,64/324,15,10)", "viralprotein_id": 15167, "lrsm": 1.9308, "id": 990729, "lrpepxv": 5.43, "lrredundpairs": -1.0, "humanprotein_id": 4803, "vphfpdID": "002324.d116_330@4dpz_X.3"}, {"lrredund": 20.9141, "lrpepelmv": -1.0, "hphfpdID": "011519.e1_119", "pdbset": null, "lrpepxh": -1.0, "finallr": 171.6559, "lrpepelmh": -1.0, "template": "2p1b:HI(0.55,0.01,87/116,42,44)", "viralprotein_id": 15167, "lrsm": 8.2077, "id": 991217, "lrpepxv": -1.0, "lrredundpairs": -1.0, "humanprotein_id": 3074, "vphfpdID": "002324.d116_330@4dot_A.2"}, {"lrredund": 20.9141, "lrpepelmv": 22.0743, "hphfpdID": "007144", "pdbset": null, "lrpepxh": 13.23, "finallr": 461.6652, "lrpepelmh": -1.0, "template": "1gri:BA(0.52,0.00,103/245,57,53)", "viralprotein_id": 15167, "lrsm": 8.2077, "id": 991977, "lrpepxv": -1.0, "lrredundpairs": 20.9141, "humanprotein_id": 6385, "vphfpdID": "002324.d116_330@4dot_A.2"}, {"lrredund": 20.9141, "lrpepelmv": -1.0, "hphfpdID": "005478.d350_517", "pdbset": null, "lrpepxh": 7.37, "finallr": 154.1369, "lrpepelmh": -1.0, "template": "4ji7:FO(0.52,0.57,2/2,2,1)", "viralprotein_id": 15167, "lrsm": 1.2704, "id": 992618, "lrpepxv": -1.0, "lrredundpairs": 0.7707, "humanprotein_id": 2880, "vphfpdID": "002324.d116_330@4dot_A.2"}, {"lrredund": 1.7951, "lrpepelmv": -1.0, "hphfpdID": "014110.e351_514", "pdbset": null, "lrpepxh": -1.0, "finallr": 111.8526, "lrpepelmh": -1.0, "template": "3bid:GD(0.35,0.24,1/1,1,0)", "viralprotein_id": 15167, "lrsm": 2.4032, "id": 993181, "lrpepxv": 62.31, "lrredundpairs": 1.7951, "humanprotein_id": 10710, "vphfpdID": "002324.d116_330@2lkt_A.1"}, {"lrredund": 20.9141, "lrpepelmv": 9.677, "hphfpdID": "001751.e1_73", "pdbset": null, "lrpepxh": -1.0, "finallr": 202.3856, "lrpepelmh": -1.0, "template": "1q10:BA(0.57,0.57,152/301,29,36)", "viralprotein_id": 15167, "lrsm": 2.5372, "id": 993187, "lrpepxv": -1.0, "lrredundpairs": 0.7707, "humanprotein_id": 5041, "vphfpdID": "002324@4q95_A.3"}, {"lrredund": 21.3884, "lrpepelmv": -1.0, "hphfpdID": "005567.d200_296", "pdbset": null, "lrpepxh": -1.0, "finallr": 116.139, "lrpepelmh": -1.0, "template": "4f7u:AP(0.48,0.28,74/91,33,41)", "viralprotein_id": 15167, "lrsm": 2.9486, "id": 993924, "lrpepxv": 5.43, "lrredundpairs": 20.9141, "humanprotein_id": 3874, "vphfpdID": "002324.d116_330@4dpz_X.3"}, {"lrredund": 20.9141, "lrpepelmv": -1.0, "hphfpdID": "016730", "pdbset": null, "lrpepxh": -1.0, "finallr": 177.6693, "lrpepelmh": -1.0, "template": "2lk6:BA(0.47,0.53,139/154,41,64)", "viralprotein_id": 15167, "lrsm": 8.4952, "id": 994154, "lrpepxv": -1.0, "lrredundpairs": 20.9141, "humanprotein_id": 6290, "vphfpdID": "002324.d116_330@4dot_A.2"}, {"lrredund": 1.7092, "lrpepelmv": -1.0, "hphfpdID": "006230.e1_283", "pdbset": null, "lrpepxh": -1.0, "finallr": 106.5002, "lrpepelmh": -1.0, "template": "3nmz:CA(0.58,0.32,44/138,23,21)", "viralprotein_id": 15167, "lrsm": 1.5568, "id": 994334, "lrpepxv": 62.31, "lrredundpairs": 0.7707, "humanprotein_id": 2506, "vphfpdID": "002324@4dot_A.1"}, {"lrredund": 20.9141, "lrpepelmv": -1.0, "hphfpdID": "012444.e95_323", "pdbset": null, "lrpepxh": -1.0, "finallr": 113.5635, "lrpepelmh": -1.0, "template": "3aqd:RQ(0.43,0.57,75/92,11,6)", "viralprotein_id": 15167, "lrsm": 2.0531, "id": 994454, "lrpepxv": 5.43, "lrredundpairs": 20.9141, "humanprotein_id": 2955, "vphfpdID": "002324.d116_330@4dpz_X.3"}, {"lrredund": 1.7951, "lrpepelmv": 0.0, "hphfpdID": "005999.e835_927", "pdbset": null, "lrpepxh": -1.0, "finallr": 111.8526, "lrpepelmh": -1.0, "template": "3nik:DA(0.47,0.12,19/53,10,10)", "viralprotein_id": 15167, "lrsm": 1.8315, "id": 994526, "lrpepxv": 62.31, "lrredundpairs": -1.0, "humanprotein_id": 11443, "vphfpdID": "002324.d116_330@4dot_A.2"}, {"lrredund": 1.7092, "lrpepelmv": -1.0, "hphfpdID": "010286.e233_325", "pdbset": null, "lrpepxh": -1.0, "finallr": 106.5002, "lrpepelmh": -1.0, "template": "3vke:DB(0.47,0.22,65/80,34,42)", "viralprotein_id": 15167, "lrsm": 2.9486, "id": 994744, "lrpepxv": 62.31, "lrredundpairs": -1.0, "humanprotein_id": 9372, "vphfpdID": "002324.d116_330@2lkt_A.1"}, {"lrredund": 3.7695, "lrpepelmv": -1.0, "hphfpdID": "005521.d1_109", "pdbset": null, "lrpepxh": 7.37, "finallr": 234.8775, "lrpepelmh": -1.0, "template": "2k7i:AB(0.60,0.31,143/324,28,33)", "viralprotein_id": 15167, "lrsm": 2.6731, "id": 994804, "lrpepxv": 62.31, "lrredundpairs": -1.0, "humanprotein_id": 18750, "vphfpdID": "002324@4dot_A.1"}, {"lrredund": 1.7951, "lrpepelmv": -1.0, "hphfpdID": "004295.e1_234", "pdbset": null, "lrpepxh": -1.0, "finallr": 111.8526, "lrpepelmh": -1.0, "template": "3nmz:CA(0.58,0.36,43/138,21,20)", "viralprotein_id": 15167, "lrsm": 1.5568, "id": 995450, "lrpepxv": 62.31, "lrredundpairs": 0.7707, "humanprotein_id": 19622, "vphfpdID": "002324@4dot_A.1"}, {"lrredund": 21.3884, "lrpepelmv": -1.0, "hphfpdID": "016859.d618_709", "pdbset": null, "lrpepxh": -1.0, "finallr": 108.061, "lrpepelmh": -1.0, "template": "2jpp:BA(0.57,0.47,171/262,41,68)", "viralprotein_id": 15167, "lrsm": 5.0523, "id": 996479, "lrpepxv": -1.0, "lrredundpairs": -1.0, "humanprotein_id": 4494, "vphfpdID": "002324@2hbw_A.7"}, {"lrredund": 3.7695, "lrpepelmv": -1.0, "hphfpdID": "018962", "pdbset": null, "lrpepxh": -1.0, "finallr": 234.8775, "lrpepelmh": -1.0, "template": "", "viralprotein_id": 15167, "lrsm": -1.0, "id": 996586, "lrpepxv": 62.31, "lrredundpairs": 1.1877, "humanprotein_id": 14000, "vphfpdID": "002324@4dot_A.1"}, {"lrredund": 20.9141, "lrpepelmv": 9.4001, "hphfpdID": "001509.e1_53", "pdbset": null, "lrpepxh": -1.0, "finallr": 250.8713, "lrpepelmh": -1.0, "template": "2idh:BA(0.27,0.06,42/45,21,31)", "viralprotein_id": 15167, "lrsm": 11.9953, "id": 996679, "lrpepxv": -1.0, "lrredundpairs": 20.9141, "humanprotein_id": 2598, "vphfpdID": "002324.d116_330@4q95_A.4"}, {"lrredund": 20.9141, "lrpepelmv": 4.5877, "hphfpdID": "002673", "pdbset": null, "lrpepxh": 5.22, "finallr": 109.1716, "lrpepelmh": -1.0, "template": "3kvp:EB(0.59,0.59,57/67,24,17)", "viralprotein_id": 15167, "lrsm": 2.5395, "id": 997717, "lrpepxv": -1.0, "lrredundpairs": 20.9141, "humanprotein_id": 4427, "vphfpdID": "002324.d116_330@4dot_A.2"}, {"lrredund": 20.9141, "lrpepelmv": -1.0, "hphfpdID": "006178.e228_306", "pdbset": null, "lrpepxh": -1.0, "finallr": 194.3095, "lrpepelmh": -1.0, "template": "2jpp:BA(0.57,0.37,195/262,48,95)", "viralprotein_id": 15167, "lrsm": 9.2908, "id": 998290, "lrpepxv": -1.0, "lrredundpairs": 0.7707, "humanprotein_id": 2856, "vphfpdID": "002324@2hbw_A.7"}, {"lrredund": 20.9141, "lrpepelmv": 4.5877, "hphfpdID": "007227.d178_339", "pdbset": null, "lrpepxh": 5.22, "finallr": 109.1716, "lrpepelmh": -1.0, "template": "1o7y:AB(0.59,0.56,64/74,19,16)", "viralprotein_id": 15167, "lrsm": 1.9487, "id": 999297, "lrpepxv": -1.0, "lrredundpairs": 19.2898, "humanprotein_id": 5539, "vphfpdID": "002324.d116_330@4dot_A.2"}, {"lrredund": 20.9141, "lrpepelmv": -1.0, "hphfpdID": "010507.e200_298", "pdbset": null, "lrpepxh": 7.37, "finallr": 154.1369, "lrpepelmh": -1.0, "template": "4e86:LH(0.21,0.18,4/7,2,0)", "viralprotein_id": 15167, "lrsm": 5.4987, "id": 1000087, "lrpepxv": -1.0, "lrredundpairs": 1.1877, "humanprotein_id": 4475, "vphfpdID": "002324@4dot_A.1"}, {"lrredund": 2.3588, "lrpepelmv": -1.0, "hphfpdID": "017834.e146_281", "pdbset": null, "lrpepxh": -1.0, "finallr": 146.9768, "lrpepelmh": -1.0, "template": "2zp9:AB(0.55,0.56,89/182,43,37)", "viralprotein_id": 15167, "lrsm": 4.3388, "id": 1001046, "lrpepxv": 62.31, "lrredundpairs": 0.7707, "humanprotein_id": 5361, "vphfpdID": "002324.d116_330@4dot_A.2"}, {"lrredund": 19.2898, "lrpepelmv": -1.0, "hphfpdID": "002626", "pdbset": null, "lrpepxh": -1.0, "finallr": 115.7521, "lrpepelmh": -1.0, "template": "3skj:FM(0.21,0.08,19/20,8,4)", "viralprotein_id": 15167, "lrsm": 6.0007, "id": 1001228, "lrpepxv": 5.43, "lrredundpairs": 15.8699, "humanprotein_id": 2804, "vphfpdID": "002324.d116_330@4dot_A.2"}, {"lrredund": 20.9141, "lrpepelmv": -1.0, "hphfpdID": "007197.g404_654", "pdbset": null, "lrpepxh": 5.43, "finallr": 113.5635, "lrpepelmh": -1.0, "template": "3kvp:EB(0.58,0.52,60/67,23,16)", "viralprotein_id": 15167, "lrsm": 2.5395, "id": 1001306, "lrpepxv": 2.59, "lrredundpairs": 0.7707, "humanprotein_id": 3620, "vphfpdID": "002324@4dot_A.1"}, {"lrredund": 21.3884, "lrpepelmv": -1.0, "hphfpdID": "016869.d56_203", "pdbset": null, "lrpepxh": -1.0, "finallr": 116.139, "lrpepelmh": -1.0, "template": "1axd:BA(0.38,0.18,54/134,24,21)", "viralprotein_id": 15167, "lrsm": 3.1219, "id": 1002206, "lrpepxv": 5.43, "lrredundpairs": -1.0, "humanprotein_id": 4495, "vphfpdID": "002324.d116_330@4dot_A.2"}, {"lrredund": 3.7695, "lrpepelmv": -1.0, "hphfpdID": "004626", "pdbset": null, "lrpepxh": -1.0, "finallr": 234.8775, "lrpepelmh": -1.0, "template": "", "viralprotein_id": 15167, "lrsm": -1.0, "id": 1002897, "lrpepxv": 62.31, "lrredundpairs": -1.0, "humanprotein_id": 1798, "vphfpdID": "002324@2lkt_A.2"}, {"lrredund": 1.7951, "lrpepelmv": -1.0, "hphfpdID": "019328", "pdbset": null, "lrpepxh": -1.0, "finallr": 111.8526, "lrpepelmh": -1.0, "template": "2awn:BD(0.54,0.56,3/7,4,3)", "viralprotein_id": 15167, "lrsm": 1.1641, "id": 1002939, "lrpepxv": 62.31, "lrredundpairs": -1.0, "humanprotein_id": 5510, "vphfpdID": "002324.d116_330@2lkt_A.1"}, {"lrredund": 20.9141, "lrpepelmv": -1.0, "hphfpdID": "005158", "pdbset": null, "lrpepxh": 5.22, "finallr": 109.1716, "lrpepelmh": -1.0, "template": "3kvp:EB(0.58,0.52,60/67,22,21)", "viralprotein_id": 15167, "lrsm": 2.5395, "id": 1003291, "lrpepxv": -1.0, "lrredundpairs": 1.5513, "humanprotein_id": 2711, "vphfpdID": "002324@4dot_A.1"}, {"lrredund": 20.9141, "lrpepelmv": -1.0, "hphfpdID": "007726.d35_188", "pdbset": null, "lrpepxh": 5.43, "finallr": 113.5635, "lrpepelmh": -1.0, "template": "2xcm:FB(0.43,0.04,46/60,22,19)", "viralprotein_id": 15167, "lrsm": 3.1219, "id": 1003997, "lrpepxv": -1.0, "lrredundpairs": 0.7707, "humanprotein_id": 3176, "vphfpdID": "002324.d116_330@4dot_A.2"}, {"lrredund": 21.3884, "lrpepelmv": -1.0, "hphfpdID": "008378.g106_302", "pdbset": null, "lrpepxh": 5.43, "finallr": 116.139, "lrpepelmh": -1.0, "template": "2jpp:AB(0.58,0.59,155/262,20,11)", "viralprotein_id": 15167, "lrsm": 4.5423, "id": 1004258, "lrpepxv": -1.0, "lrredundpairs": 19.2898, "humanprotein_id": 3758, "vphfpdID": "002324.d116_330@4dot_A.2"}, {"lrredund": 20.9141, "lrpepelmv": -1.0, "hphfpdID": "007725.d40_193", "pdbset": null, "lrpepxh": 5.43, "finallr": 113.5635, "lrpepelmh": -1.0, "template": "2xcm:FB(0.43,0.06,46/60,19,17)", "viralprotein_id": 15167, "lrsm": 2.2022, "id": 1004402, "lrpepxv": -1.0, "lrredundpairs": 0.7707, "humanprotein_id": 3138, "vphfpdID": "002324.d116_330@4dot_A.2"}, {"lrredund": 0.9127, "lrpepelmv": -1.0, "hphfpdID": "004144.e68_179", "pdbset": null, "lrpepxh": -1.0, "finallr": 138.1886, "lrpepelmh": -1.0, "template": "3opk:AC(0.06,0.02,41/120,24,35)", "viralprotein_id": 15169, "lrsm": 151.4063, "id": 38474320, "lrpepxv": -1.0, "lrredundpairs": -1.0, "humanprotein_id": 1874, "vphfpdID": "002370.e1_302@3sej_A.4"}, {"lrredund": 21.3884, "lrpepelmv": -1.0, "hphfpdID": "018800.d596_685", "pdbset": null, "lrpepxh": -1.0, "finallr": 128.3451, "lrpepelmh": -1.0, "template": "3v7a:BG(0.09,0.24,34/37,12,11)", "viralprotein_id": 15169, "lrsm": 6.0007, "id": 38474793, "lrpepxv": -1.0, "lrredundpairs": 0.7707, "humanprotein_id": 4109, "vphfpdID": "002370.e275_540@4oos_A.2"}, {"lrredund": 21.3884, "lrpepelmv": -1.0, "hphfpdID": "003962.d92_178", "pdbset": null, "lrpepxh": -1.0, "finallr": 146.3215, "lrpepelmh": -1.0, "template": "1v9u:32(0.23,0.37,75/414,42,55)", "viralprotein_id": 15169, "lrsm": 6.8412, "id": 38475373, "lrpepxv": -1.0, "lrredundpairs": 0.7707, "humanprotein_id": 6447, "vphfpdID": "002370.d77_219"}, {"lrredund": 19.2898, "lrpepelmv": 14.2424, "hphfpdID": "001751.e1_73", "pdbset": null, "lrpepxh": -1.0, "finallr": 274.7339, "lrpepelmh": -1.0, "template": "2cjs:AC(0.43,0.34,44/134,27,33)", "viralprotein_id": 15169, "lrsm": 1.8531, "id": 38476342, "lrpepxv": -1.0, "lrredundpairs": -1.0, "humanprotein_id": 5041, "vphfpdID": "002370@3j1p_A.4"}, {"lrredund": 4.2492, "lrpepelmv": 32.9939, "hphfpdID": "017283.e380_439", "pdbset": null, "lrpepxh": -1.0, "finallr": 140.1976, "lrpepelmh": -1.0, "template": "5cro:BA(0.59,0.31,34/84,17,16)", "viralprotein_id": 15169, "lrsm": 1.2265, "id": 38476494, "lrpepxv": -1.0, "lrredundpairs": -1.0, "humanprotein_id": 5846, "vphfpdID": "002370.e275_540@4opo_A.1"}, {"lrredund": 21.3884, "lrpepelmv": -1.0, "hphfpdID": "000172.d132_188", "pdbset": null, "lrpepxh": -1.0, "finallr": 163.4924, "lrpepelmh": -1.0, "template": "4cdw:CB(0.29,0.56,286/1864,42,176)", "viralprotein_id": 15169, "lrsm": 7.644, "id": 38477175, "lrpepxv": -1.0, "lrredundpairs": -1.0, "humanprotein_id": 2981, "vphfpdID": "002370.e1_302@1ihm_A.1"}, {"lrredund": 1.2535, "lrpepelmv": -1.0, "hphfpdID": "000020.e204_335", "pdbset": null, "lrpepxh": -1.0, "finallr": 124.3505, "lrpepelmh": -1.0, "template": "1a6a:AB(0.07,0.03,5/274,6,5)", "viralprotein_id": 15169, "lrsm": 99.2027, "id": 38477537, "lrpepxv": -1.0, "lrredundpairs": -1.0, "humanprotein_id": 7027, "vphfpdID": "002370.e1_302@3sej_A.4"}, {"lrredund": 4.2492, "lrpepelmv": 137.2032, "hphfpdID": "000004", "pdbset": null, "lrpepxh": -1.0, "finallr": 583.0042, "lrpepelmh": -1.0, "template": "", "viralprotein_id": 15169, "lrsm": -1.0, "id": 38478400, "lrpepxv": -1.0, "lrredundpairs": -1.0, "humanprotein_id": 6298, "vphfpdID": "002370@3m8l_A.3"}, {"lrredund": 20.9141, "lrpepelmv": -1.0, "hphfpdID": "011519", "pdbset": null, "lrpepxh": -1.0, "finallr": 385.0952, "lrpepelmh": -1.0, "template": "1nlq:EC(0.37,0.05,83/101,42,66)", "viralprotein_id": 15169, "lrsm": 18.4132, "id": 38478416, "lrpepxv": -1.0, "lrredundpairs": -1.0, "humanprotein_id": 3074, "vphfpdID": "002370.d77_219"}, {"lrredund": 20.9141, "lrpepelmv": -1.0, "hphfpdID": "018501", "pdbset": null, "lrpepxh": -1.0, "finallr": 163.0298, "lrpepelmh": -1.0, "template": "2ktr:BA(0.09,0.27,42/66,21,39)", "viralprotein_id": 15169, "lrsm": 7.7952, "id": 38478923, "lrpepxv": -1.0, "lrredundpairs": 0.7707, "humanprotein_id": 1286, "vphfpdID": "002370.e1_302@3sej_A.4"}, {"lrredund": 20.9141, "lrpepelmv": -1.0, "hphfpdID": "016730", "pdbset": null, "lrpepxh": -1.0, "finallr": 168.6361, "lrpepelmh": -1.0, "template": "2lk6:BA(0.52,0.53,138/154,44,81)", "viralprotein_id": 15169, "lrsm": 8.0633, "id": 38479108, "lrpepxv": -1.0, "lrredundpairs": 0.7707, "humanprotein_id": 6290, "vphfpdID": "002370@4pb6_A.6"}, {"lrredund": 19.2898, "lrpepelmv": 137.2032, "hphfpdID": "000002", "pdbset": null, "lrpepxh": -1.0, "finallr": 2646.624, "lrpepelmh": -1.0, "template": "1gn4:CA(0.51,0.50,35/215,26,34)", "viralprotein_id": 15169, "lrsm": 1.4777, "id": 38479117, "lrpepxv": -1.0, "lrredundpairs": -1.0, "humanprotein_id": 6315, "vphfpdID": "002370@4pb6_A.6"}, {"lrredund": 21.3884, "lrpepelmv": 4.8045, "hphfpdID": "018111", "pdbset": null, "lrpepxh": -1.0, "finallr": 102.7615, "lrpepelmh": -1.0, "template": "", "viralprotein_id": 15169, "lrsm": -1.0, "id": 38479170, "lrpepxv": -1.0, "lrredundpairs": -1.0, "humanprotein_id": 15404, "vphfpdID": "002370@3m8l_A.3"}, {"lrredund": 21.3884, "lrpepelmv": -1.0, "hphfpdID": "018500", "pdbset": null, "lrpepxh": -1.0, "finallr": 166.727, "lrpepelmh": -1.0, "template": "2ktr:BA(0.09,0.28,43/66,23,41)", "viralprotein_id": 15169, "lrsm": 7.7952, "id": 38479876, "lrpepxv": -1.0, "lrredundpairs": -1.0, "humanprotein_id": 3463, "vphfpdID": "002370.e1_302@3sej_A.4"}, {"lrredund": 21.3884, "lrpepelmv": 20.1497, "hphfpdID": "008378.d463_902", "pdbset": null, "lrpepxh": -1.0, "finallr": 430.9707, "lrpepelmh": -1.0, "template": "4ksn:DC(0.50,0.42,64/127,9,4)", "viralprotein_id": 15169, "lrsm": 1.5595, "id": 38479907, "lrpepxv": -1.0, "lrredundpairs": -1.0, "humanprotein_id": 3758, "vphfpdID": "002370.e275_540@4opo_A.1"}, {"lrredund": 4.0064, "lrpepelmv": -1.0, "hphfpdID": "006442.d373_516", "pdbset": null, "lrpepxh": -1.0, "finallr": 101.1073, "lrpepelmh": -1.0, "template": "4lrm:ED(0.13,0.06,22/111,8,6)", "viralprotein_id": 15169, "lrsm": 25.2364, "id": 38480017, "lrpepxv": -1.0, "lrredundpairs": 0.7707, "humanprotein_id": 3050, "vphfpdID": "002370.e1_302@4oos_A.6"}, {"lrredund": 19.2898, "lrpepelmv": -1.0, "hphfpdID": "010507.e1_206", "pdbset": null, "lrpepxh": -1.0, "finallr": 150.368, "lrpepelmh": -1.0, "template": "2ktr:BA(0.09,0.24,44/66,21,38)", "viralprotein_id": 15169, "lrsm": 7.7952, "id": 38480056, "lrpepxv": -1.0, "lrredundpairs": -1.0, "humanprotein_id": 4475, "vphfpdID": "002370.e1_302@3sej_A.4"}, {"lrredund": 20.9141, "lrpepelmv": 137.2032, "hphfpdID": "000007", "pdbset": null, "lrpepxh": -1.0, "finallr": 2869.483, "lrpepelmh": -1.0, "template": "1gn2:CA(0.59,0.59,41/216,27,34)", "viralprotein_id": 15169, "lrsm": 1.4777, "id": 38480498, "lrpepxv": -1.0, "lrredundpairs": -1.0, "humanprotein_id": 6393, "vphfpdID": "002370@4pb6_A.6"}, {"lrredund": 20.9141, "lrpepelmv": -1.0, "hphfpdID": "016729", "pdbset": null, "lrpepxh": -1.0, "finallr": 163.0298, "lrpepelmh": -1.0, "template": "2ktr:BA(0.09,0.29,42/66,21,39)", "viralprotein_id": 15169, "lrsm": 7.7952, "id": 38480537, "lrpepxv": -1.0, "lrredundpairs": 0.7707, "humanprotein_id": 6415, "vphfpdID": "002370.e1_302@3sej_A.4"}, {"lrredund": 19.2898, "lrpepelmv": -1.0, "hphfpdID": "001509.e1_53", "pdbset": null, "lrpepxh": -1.0, "finallr": 115.7521, "lrpepelmh": -1.0, "template": "2idh:CA(0.23,0.06,26/27,10,4)", "viralprotein_id": 15169, "lrsm": 6.0007, "id": 38480590, "lrpepxv": -1.0, "lrredundpairs": 0.7707, "humanprotein_id": 2598, "vphfpdID": "002370.e275_540@4oos_A.2"}, {"lrredund": 19.2898, "lrpepelmv": -1.0, "hphfpdID": "005567.e1_206", "pdbset": null, "lrpepxh": -1.0, "finallr": 106.0689, "lrpepelmh": -1.0, "template": "2ktr:BA(0.09,0.23,44/66,20,29)", "viralprotein_id": 15169, "lrsm": 5.4987, "id": 38481211, "lrpepxv": -1.0, "lrredundpairs": -1.0, "humanprotein_id": 3874, "vphfpdID": "002370.e1_302@3sej_A.4"}, {"lrredund": 2.3254, "lrpepelmv": 52.8828, "hphfpdID": "000906.e852_977", "pdbset": null, "lrpepxh": -1.0, "finallr": 122.9736, "lrpepelmh": -1.0, "template": "2bti:BA(0.52,0.60,90/181,21,14)", "viralprotein_id": 15169, "lrsm": 1.6435, "id": 38481511, "lrpepxv": -1.0, "lrredundpairs": -1.0, "humanprotein_id": 2586, "vphfpdID": "002370.e275_540@4opo_A.1"}, {"lrredund": 2.409, "lrpepelmv": -1.0, "hphfpdID": "006208.e2514_2647", "pdbset": null, "lrpepxh": -1.0, "finallr": 110.7567, "lrpepelmh": -1.0, "template": "3cnk:BA(0.39,0.00,95/100,42,43)", "viralprotein_id": 15169, "lrsm": 45.9762, "id": 38481784, "lrpepxv": -1.0, "lrredundpairs": -1.0, "humanprotein_id": 4231, "vphfpdID": "002370@4ejr_A.5"}, {"lrredund": 20.9141, "lrpepelmv": -1.0, "hphfpdID": "016448", "pdbset": null, "lrpepxh": -1.0, "finallr": 3536.526, "lrpepelmh": -1.0, "template": "2ktr:BA(0.09,0.01,44/66,22,38)", "viralprotein_id": 15169, "lrsm": 169.0977, "id": 38482004, "lrpepxv": -1.0, "lrredundpairs": 0.7707, "humanprotein_id": 7393, "vphfpdID": "002370.e1_302@3sej_A.4"}, {"lrredund": 21.3884, "lrpepelmv": -1.0, "hphfpdID": "009491.e318_418", "pdbset": null, "lrpepxh": -1.0, "finallr": 128.3451, "lrpepelmh": -1.0, "template": "3v7a:BG(0.09,0.26,32/37,10,10)", "viralprotein_id": 15169, "lrsm": 6.0007, "id": 38482177, "lrpepxv": -1.0, "lrredundpairs": -1.0, "humanprotein_id": 12198, "vphfpdID": "002370.e275_540@4oos_A.2"}, {"lrredund": 21.3884, "lrpepelmv": -1.0, "hphfpdID": "002626", "pdbset": null, "lrpepxh": -1.0, "finallr": 708.2626, "lrpepelmh": -1.0, "template": "3v7a:BG(0.09,0.09,32/37,11,11)", "viralprotein_id": 15169, "lrsm": 33.1143, "id": 38482329, "lrpepxv": -1.0, "lrredundpairs": -1.0, "humanprotein_id": 2804, "vphfpdID": "002370.e275_540@4oos_A.2"}, {"lrredund": 20.9141, "lrpepelmv": 137.2032, "hphfpdID": "000006", "pdbset": null, "lrpepxh": -1.0, "finallr": 2869.483, "lrpepelmh": -1.0, "template": "2lrl:DC(0.60,0.40,31/58,12,11)", "viralprotein_id": 15169, "lrsm": 1.2265, "id": 38482615, "lrpepxv": -1.0, "lrredundpairs": -1.0, "humanprotein_id": 4514, "vphfpdID": "002370@2gh8_A.2"}, {"lrredund": 2.409, "lrpepelmv": -1.0, "hphfpdID": "005407.e677_979", "pdbset": null, "lrpepxh": -1.0, "finallr": 238.9792, "lrpepelmh": -1.0, "template": "3kex:BA(0.07,0.02,3/181,2,0)", "viralprotein_id": 15169, "lrsm": 99.2027, "id": 38483140, "lrpepxv": -1.0, "lrredundpairs": 0.7707, "humanprotein_id": 4263, "vphfpdID": "002370.e1_302@3sej_A.4"}, {"lrredund": 21.3884, "lrpepelmv": 4.8045, "hphfpdID": "002673.d115_219", "pdbset": null, "lrpepxh": -1.0, "finallr": 102.7615, "lrpepelmh": -1.0, "template": "3q6c:KD(0.56,0.45,9/14,6,1)", "viralprotein_id": 15169, "lrsm": 1.1641, "id": 38483217, "lrpepxv": -1.0, "lrredundpairs": -1.0, "humanprotein_id": 4427, "vphfpdID": "002370@4opo_A.1"}, {"lrredund": 2.409, "lrpepelmv": -1.0, "hphfpdID": "005406.d826_936", "pdbset": null, "lrpepxh": -1.0, "finallr": 238.9792, "lrpepelmh": -1.0, "template": "4lrm:ED(0.08,0.02,3/111,4,3)", "viralprotein_id": 15169, "lrsm": 99.2027, "id": 38483489, "lrpepxv": -1.0, "lrredundpairs": 0.7707, "humanprotein_id": 2951, "vphfpdID": "002370.e1_302@3sej_A.4"}, {"lrredund": 20.9141, "lrpepelmv": -1.0, "hphfpdID": "005158.d818_927", "pdbset": null, "lrpepxh": -1.0, "finallr": 2074.734, "lrpepelmh": -1.0, "template": "4lrm:ED(0.08,0.02,1/111,2,1)", "viralprotein_id": 15169, "lrsm": 99.2027, "id": 38483503, "lrpepxv": -1.0, "lrredundpairs": 0.7707, "humanprotein_id": 2711, "vphfpdID": "002370.e1_302@3sej_A.4"}, {"lrredund": 21.3884, "lrpepelmv": -1.0, "hphfpdID": "001452", "pdbset": null, "lrpepxh": -1.0, "finallr": 649.013, "lrpepelmh": -1.0, "template": "4f7m:AE(0.18,0.01,13/27,9,4)", "viralprotein_id": 15169, "lrsm": 30.3442, "id": 38483600, "lrpepxv": -1.0, "lrredundpairs": 0.7707, "humanprotein_id": 6282, "vphfpdID": "002370.e1_302@3sej_A.4"}, {"lrredund": 2.3254, "lrpepelmv": 137.2032, "hphfpdID": "000005", "pdbset": null, "lrpepxh": -1.0, "finallr": 319.0525, "lrpepelmh": -1.0, "template": "2lrk:DA(0.57,0.47,24/54,6,2)", "viralprotein_id": 15169, "lrsm": 1.1641, "id": 38484260, "lrpepxv": -1.0, "lrredundpairs": -1.0, "humanprotein_id": 4794, "vphfpdID": "002370@2gh8_A.2"}, {"lrredund": 21.3884, "lrpepelmv": -1.0, "hphfpdID": "009492.e120_224", "pdbset": null, "lrpepxh": -1.0, "finallr": 117.6084, "lrpepelmh": -1.0, "template": "3v7a:AE(0.07,0.29,24/40,9,2)", "viralprotein_id": 15169, "lrsm": 5.4987, "id": 38484378, "lrpepxv": -1.0, "lrredundpairs": 0.7707, "humanprotein_id": 13229, "vphfpdID": "002370.e275_540@3sej_A.3"}, {"lrredund": 4.2492, "lrpepelmv": 137.2032, "hphfpdID": "000001", "pdbset": null, "lrpepxh": -1.0, "finallr": 583.0042, "lrpepelmh": -1.0, "template": "", "viralprotein_id": 15169, "lrsm": -1.0, "id": 38484395, "lrpepxv": -1.0, "lrredundpairs": -1.0, "humanprotein_id": 4793, "vphfpdID": "002370@4ejr_A.5"}, {"lrredund": 1.2535, "lrpepelmv": -1.0, "hphfpdID": "000015.e204_335", "pdbset": null, "lrpepxh": -1.0, "finallr": 124.3505, "lrpepelmh": -1.0, "template": "1a6a:AB(0.07,0.02,5/274,6,5)", "viralprotein_id": 15169, "lrsm": 99.2027, "id": 38484572, "lrpepxv": -1.0, "lrredundpairs": -1.0, "humanprotein_id": 7027, "vphfpdID": "002370.e1_302@3sej_A.4"}, {"lrredund": 21.3884, "lrpepelmv": -1.0, "hphfpdID": "008850.e118_222", "pdbset": null, "lrpepxh": -1.0, "finallr": 128.3451, "lrpepelmh": -1.0, "template": "3v7a:BG(0.07,0.32,32/37,9,5)", "viralprotein_id": 15169, "lrsm": 6.0007, "id": 38484804, "lrpepxv": -1.0, "lrredundpairs": -1.0, "humanprotein_id": 7761, "vphfpdID": "002370.e275_540@3sej_A.3"}, {"lrredund": 20.9141, "lrpepelmv": 15.8041, "hphfpdID": "007144.d1_56", "pdbset": null, "lrpepxh": -1.0, "finallr": 330.5284, "lrpepelmh": -1.0, "template": "1na1:CB(0.34,0.50,269/1559,59,128)", "viralprotein_id": 15169, "lrsm": 7.644, "id": 38484945, "lrpepxv": -1.0, "lrredundpairs": -1.0, "humanprotein_id": 6385, "vphfpdID": "002370@3m8l_A.3"}, {"lrredund": 20.9141, "lrpepelmv": 15.8041, "hphfpdID": "016466.e85_146", "pdbset": null, "lrpepxh": -1.0, "finallr": 330.5284, "lrpepelmh": -1.0, "template": "2lk6:BA(0.52,0.51,131/154,40,75)", "viralprotein_id": 15169, "lrsm": 3.2502, "id": 38485625, "lrpepxv": -1.0, "lrredundpairs": 0.7707, "humanprotein_id": 3727, "vphfpdID": "002370@4pb6_A.6"}, {"lrredund": 4.2492, "lrpepelmv": -1.0, "hphfpdID": "005319", "pdbset": null, "lrpepxh": -1.0, "finallr": 107.2347, "lrpepelmh": -1.0, "template": "1ebg:AB(0.11,0.03,14/231,14,14)", "viralprotein_id": 15169, "lrsm": 25.2364, "id": 38485732, "lrpepxv": -1.0, "lrredundpairs": -1.0, "humanprotein_id": 3069, "vphfpdID": "002370.e1_302@3sej_A.4"}, {"lrredund": 19.2898, "lrpepelmv": 15.8041, "hphfpdID": "016613.e316_567", "pdbset": null, "lrpepxh": -1.0, "finallr": 304.8578, "lrpepelmh": -1.0, "template": "3bwu:FC(0.59,0.55,81/164,34,45)", "viralprotein_id": 15169, "lrsm": 1.6435, "id": 38486077, "lrpepxv": -1.0, "lrredundpairs": -1.0, "humanprotein_id": 5161, "vphfpdID": "002370@4pb6_A.6"}, {"lrredund": 1.2535, "lrpepelmv": -1.0, "hphfpdID": "000014.e204_335", "pdbset": null, "lrpepxh": -1.0, "finallr": 124.3505, "lrpepelmh": -1.0, "template": "1a6a:AB(0.07,0.02,5/274,6,5)", "viralprotein_id": 15169, "lrsm": 99.2027, "id": 38487660, "lrpepxv": -1.0, "lrredundpairs": -1.0, "humanprotein_id": 7027, "vphfpdID": "002370.e1_302@3sej_A.4"}, {"lrredund": 21.3884, "lrpepelmv": -1.0, "hphfpdID": "016859.d83_144", "pdbset": null, "lrpepxh": -1.0, "finallr": 117.6084, "lrpepelmh": -1.0, "template": "2bps:BA(0.13,0.25,35/67,11,4)", "viralprotein_id": 15169, "lrsm": 5.4987, "id": 38487677, "lrpepxv": -1.0, "lrredundpairs": -1.0, "humanprotein_id": 4494, "vphfpdID": "002370.e1_302@3sej_A.4"}, {"lrredund": 21.3884, "lrpepelmv": -1.0, "hphfpdID": "013899.d444_603", "pdbset": null, "lrpepxh": -1.0, "finallr": 107.5723, "lrpepelmh": -1.0, "template": "2lk6:BA(0.53,0.44,126/154,16,13)", "viralprotein_id": 15169, "lrsm": 5.0295, "id": 38487827, "lrpepxv": -1.0, "lrredundpairs": -1.0, "humanprotein_id": 1240, "vphfpdID": "002370.e275_540@4opo_A.1"}, {"lrredund": 21.3884, "lrpepelmv": -1.0, "hphfpdID": "005354.e1664_1728", "pdbset": null, "lrpepxh": -1.0, "finallr": 230.863, "lrpepelmh": -1.0, "template": "1po2:23(0.23,0.57,59/415,41,47)", "viralprotein_id": 15169, "lrsm": 10.7938, "id": 38487909, "lrpepxv": -1.0, "lrredundpairs": -1.0, "humanprotein_id": 7033, "vphfpdID": "002370.d77_219"}, {"lrredund": 19.2898, "lrpepelmv": 9.3373, "hphfpdID": "001349.d2715_2964", "pdbset": null, "lrpepxh": -1.0, "finallr": 180.1149, "lrpepelmh": -1.0, "template": "2idh:CF(0.57,0.42,15/32,5,0)", "viralprotein_id": 15169, "lrsm": 1.2265, "id": 38488271, "lrpepxv": -1.0, "lrredundpairs": -1.0, "humanprotein_id": 7312, "vphfpdID": "002370@4ejr_A.5"}, {"lrredund": 4.2492, "lrpepelmv": -1.0, "hphfpdID": "008086.d318_419", "pdbset": null, "lrpepxh": -1.0, "finallr": 128.9384, "lrpepelmh": -1.0, "template": "3v7a:BF(0.07,0.11,30/40,17,17)", "viralprotein_id": 15169, "lrsm": 30.3442, "id": 38489063, "lrpepxv": -1.0, "lrredundpairs": -1.0, "humanprotein_id": 14249, "vphfpdID": "002370.e275_540@3sej_A.3"}, {"lrredund": 19.2898, "lrpepelmv": 15.8041, "hphfpdID": "016615.e320_574", "pdbset": null, "lrpepxh": -1.0, "finallr": 304.8578, "lrpepelmh": -1.0, "template": "1qun:GA(0.59,0.50,55/65,23,13)", "viralprotein_id": 15169, "lrsm": 2.5395, "id": 38489419, "lrpepxv": -1.0, "lrredundpairs": -1.0, "humanprotein_id": 5095, "vphfpdID": "002370@4ejr_A.5"}, {"lrredund": 2.409, "lrpepelmv": 137.2032, "hphfpdID": "000003", "pdbset": null, "lrpepxh": -1.0, "finallr": 330.5227, "lrpepelmh": -1.0, "template": "1gn4:CA(0.51,0.49,35/215,25,33)", "viralprotein_id": 15169, "lrsm": 1.5568, "id": 38489568, "lrpepxv": -1.0, "lrredundpairs": -1.0, "humanprotein_id": 6857, "vphfpdID": "002370@4pb6_A.6"}, {"lrredund": 21.3884, "lrpepelmv": -1.0, "hphfpdID": "004076.d484_623", "pdbset": null, "lrpepxh": -1.0, "finallr": 149.2837, "lrpepelmh": -1.0, "template": "1xqs:CA(0.19,0.14,36/115,22,27)", "viralprotein_id": 15169, "lrsm": 6.9797, "id": 38489872, "lrpepxv": -1.0, "lrredundpairs": -1.0, "humanprotein_id": 4894, "vphfpdID": "002370.e1_302@3sej_A.4"}, {"lrredund": 4.2492, "lrpepelmv": 32.9939, "hphfpdID": "017284.e489_542", "pdbset": null, "lrpepxh": -1.0, "finallr": 140.1976, "lrpepelmh": -1.0, "template": "5cro:BA(0.59,0.39,37/84,20,18)", "viralprotein_id": 15169, "lrsm": 1.2265, "id": 38490271, "lrpepxv": -1.0, "lrredundpairs": -1.0, "humanprotein_id": 7960, "vphfpdID": "002370.e275_540@4opo_A.1"}, {"lrredund": 21.3884, "lrpepelmv": 11.4911, "hphfpdID": "001060.e180_274", "pdbset": null, "lrpepxh": -1.0, "finallr": 245.7766, "lrpepelmh": -1.0, "template": "3fif:EG(0.58,0.54,25/27,21,25)", "viralprotein_id": 15169, "lrsm": 2.5395, "id": 38490363, "lrpepxv": -1.0, "lrredundpairs": -1.0, "humanprotein_id": 17652, "vphfpdID": "002370@4ejr_A.5"}, {"lrredund": 20.9141, "lrpepelmv": -1.0, "hphfpdID": "006178.e2120_2203", "pdbset": null, "lrpepxh": -1.0, "finallr": 203.5706, "lrpepelmh": -1.0, "template": "2vtx:CD(0.60,0.53,81/101,42,49)", "viralprotein_id": 15169, "lrsm": 9.7337, "id": 38490373, "lrpepxv": -1.0, "lrredundpairs": -1.0, "humanprotein_id": 2856, "vphfpdID": "002370@2gh8_A.2"}, {"lrredund": -1.0, "lrpepelmv": 201.9336, "hphfpdID": "000003", "pdbset": null, "lrpepxh": -1.0, "finallr": 201.9336, "lrpepelmh": -1.0, "template": "4hwh:EA(0.48,0.45,39/42,21,20)", "viralprotein_id": 15168, "lrsm": 2.6756, "id": 53939765, "lrpepxv": -1.0, "lrredundpairs": -1.0, "humanprotein_id": 6857, "vphfpdID": "002130.g419_510@2b43_A.1"}, {"lrredund": -1.0, "lrpepelmv": 201.9336, "hphfpdID": "000005", "pdbset": null, "lrpepxh": -1.0, "finallr": 201.9336, "lrpepelmh": -1.0, "template": "3rq9:BA(0.54,0.53,70/84,13,0)", "viralprotein_id": 15168, "lrsm": 1.9487, "id": 53940346, "lrpepxv": -1.0, "lrredundpairs": -1.0, "humanprotein_id": 4794, "vphfpdID": "002130.g419_510@2b43_A.1"}, {"lrredund": -1.0, "lrpepelmv": 201.9336, "hphfpdID": "000002", "pdbset": null, "lrpepxh": -1.0, "finallr": 201.9336, "lrpepelmh": -1.0, "template": "1nvo:AB(0.56,0.49,109/157,41,59)", "viralprotein_id": 15168, "lrsm": 4.3388, "id": 53940360, "lrpepxv": -1.0, "lrredundpairs": -1.0, "humanprotein_id": 6315, "vphfpdID": "002130.g419_510@3h5y_A.2"}, {"lrredund": -1.0, "lrpepelmv": 201.9336, "hphfpdID": "000006", "pdbset": null, "lrpepxh": -1.0, "finallr": 201.9336, "lrpepelmh": -1.0, "template": "", "viralprotein_id": 15168, "lrsm": -1.0, "id": 53941576, "lrpepxv": -1.0, "lrredundpairs": -1.0, "humanprotein_id": 4514, "vphfpdID": "002130@3h5y_A.2"}, {"lrredund": -1.0, "lrpepelmv": 201.9336, "hphfpdID": "000001", "pdbset": null, "lrpepxh": -1.0, "finallr": 201.9336, "lrpepelmh": -1.0, "template": "4a5x:AB(0.55,0.46,37/43,24,24)", "viralprotein_id": 15168, "lrsm": 2.5395, "id": 53941871, "lrpepxv": -1.0, "lrredundpairs": -1.0, "humanprotein_id": 4793, "vphfpdID": "002130.g419_510@3h5y_A.2"}, {"lrredund": -1.0, "lrpepelmv": 201.9336, "hphfpdID": "000007", "pdbset": null, "lrpepxh": -1.0, "finallr": 201.9336, "lrpepelmh": -1.0, "template": "4a5x:AB(0.46,0.45,40/43,25,23)", "viralprotein_id": 15168, "lrsm": 2.6756, "id": 53941936, "lrpepxv": -1.0, "lrredundpairs": -1.0, "humanprotein_id": 6393, "vphfpdID": "002130.g419_510@1sh3_A.3"}, {"lrredund": -1.0, "lrpepelmv": -1.0, "hphfpdID": "010427.e77_171", "pdbset": null, "lrpepxh": -1.0, "finallr": 113.0937, "lrpepelmh": -1.0, "template": "1wdc:AB(0.11,0.07,88/164,44,46)", "viralprotein_id": 15168, "lrsm": 113.0937, "id": 53943039, "lrpepxv": -1.0, "lrredundpairs": -1.0, "humanprotein_id": 4102, "vphfpdID": "002130.g1_159@2b43_A.3"}, {"lrredund": -1.0, "lrpepelmv": 201.9336, "hphfpdID": "000004", "pdbset": null, "lrpepxh": -1.0, "finallr": 201.9336, "lrpepelmh": -1.0, "template": "2rld:CD(0.49,0.47,44/51,22,23)", "viralprotein_id": 15168, "lrsm": 2.6756, "id": 53944347, "lrpepxv": -1.0, "lrredundpairs": -1.0, "humanprotein_id": 6298, "vphfpdID": "002130.g419_510@1sh3_A.3"}, {"lrredund": -1.0, "lrpepelmv": -1.0, "hphfpdID": "010428.e78_172", "pdbset": null, "lrpepxh": -1.0, "finallr": 113.0937, "lrpepelmh": -1.0, "template": "1wdc:AB(0.11,0.07,88/164,44,46)", "viralprotein_id": 15168, "lrsm": 113.0937, "id": 53948158, "lrpepxv": -1.0, "lrredundpairs": -1.0, "humanprotein_id": 1193, "vphfpdID": "002130.g1_159@2b43_A.3"}, {"lrredund": -1.0, "lrpepelmv": -1.0, "hphfpdID": "010861", "pdbset": null, "lrpepxh": -1.0, "finallr": 113.0937, "lrpepelmh": -1.0, "template": "1wdc:AB(0.11,0.05,88/164,42,46)", "viralprotein_id": 15168, "lrsm": 113.0937, "id": 53948507, "lrpepxv": -1.0, "lrredundpairs": -1.0, "humanprotein_id": 4421, "vphfpdID": "002130.g1_159@2b43_A.3"}, {"lrredund": 19.2898, "lrpepelmv": 15.8041, "hphfpdID": "016613.e316_567", "pdbset": null, "lrpepxh": -1.0, "finallr": 304.8578, "lrpepelmh": -1.0, "template": "2j5l:AB(0.56,0.60,22/26,7,4)", "viralprotein_id": 15174, "lrsm": 1.2704, "id": 19122682, "lrpepxv": 3.66, "lrredundpairs": -1.0, "humanprotein_id": 5161, "vphfpdID": "002129@5e0j_A.4"}, {"lrredund": 19.2898, "lrpepelmv": 72.805, "hphfpdID": "000006", "pdbset": null, "lrpepxh": -1.0, "finallr": 1404.393, "lrpepelmh": -1.0, "template": "", "viralprotein_id": 15174, "lrsm": -1.0, "id": 19123113, "lrpepxv": -1.0, "lrredundpairs": -1.0, "humanprotein_id": 4514, "vphfpdID": "002129@5e0j_A.4"}, {"lrredund": 20.9141, "lrpepelmv": 15.8041, "hphfpdID": "007144.d1_56", "pdbset": null, "lrpepxh": -1.0, "finallr": 330.5284, "lrpepelmh": -1.0, "template": "1csk:AB(0.34,0.04,21/42,16,17)", "viralprotein_id": 15174, "lrsm": 5.4987, "id": 19123393, "lrpepxv": -1.0, "lrredundpairs": -1.0, "humanprotein_id": 6385, "vphfpdID": "002129@5e0j_A.4"}, {"lrredund": 21.3884, "lrpepelmv": 15.8041, "hphfpdID": "016615.d554_715", "pdbset": null, "lrpepxh": -1.0, "finallr": 338.0243, "lrpepelmh": -1.0, "template": "2k7i:BA(0.49,0.60,93/324,16,0)", "viralprotein_id": 15174, "lrsm": 1.5396, "id": 19123506, "lrpepxv": 3.66, "lrredundpairs": -1.0, "humanprotein_id": 5095, "vphfpdID": "002129@2fyr_A.2"}, {"lrredund": 21.3884, "lrpepelmv": -1.0, "hphfpdID": "017046.d495_669", "pdbset": null, "lrpepxh": -1.0, "finallr": 140.3079, "lrpepelmh": -1.0, "template": "1h8e:AD(0.30,0.49,1/210,0,0)", "viralprotein_id": 15174, "lrsm": 1.2142, "id": 19125252, "lrpepxv": 6.56, "lrredundpairs": -1.0, "humanprotein_id": 6818, "vphfpdID": "002129@1wqs_A.8"}, {"lrredund": 20.9141, "lrpepelmv": -1.0, "hphfpdID": "012444.e95_323", "pdbset": null, "lrpepxh": -1.0, "finallr": 113.5635, "lrpepelmh": -1.0, "template": "2xtt:BA(0.51,0.39,101/148,10,7)", "viralprotein_id": 15174, "lrsm": 1.5595, "id": 19126457, "lrpepxv": 5.43, "lrredundpairs": -1.0, "humanprotein_id": 2955, "vphfpdID": "002129@4xbb_A.5"}, {"lrredund": 21.3884, "lrpepelmv": -1.0, "hphfpdID": "009492.e319_419", "pdbset": null, "lrpepxh": -1.0, "finallr": 102.3562, "lrpepelmh": -1.0, "template": "2f91:AB(0.57,0.40,121/171,16,2)", "viralprotein_id": 15174, "lrsm": 4.7856, "id": 19126886, "lrpepxv": 3.66, "lrredundpairs": -1.0, "humanprotein_id": 13229, "vphfpdID": "002129@1wqs_A.8"}, {"lrredund": 21.3884, "lrpepelmv": -1.0, "hphfpdID": "016448", "pdbset": null, "lrpepxh": -1.0, "finallr": 116.139, "lrpepelmh": -1.0, "template": "2lk5:BA(0.55,0.56,122/132,20,20)", "viralprotein_id": 15174, "lrsm": 4.7738, "id": 19126947, "lrpepxv": 5.43, "lrredundpairs": -1.0, "humanprotein_id": 7393, "vphfpdID": "002129@2fyr_A.2"}, {"lrredund": 21.3884, "lrpepelmv": 72.805, "hphfpdID": "000002", "pdbset": null, "lrpepxh": -1.0, "finallr": 1557.181, "lrpepelmh": -1.0, "template": "", "viralprotein_id": 15174, "lrsm": -1.0, "id": 19129478, "lrpepxv": 2.59, "lrredundpairs": -1.0, "humanprotein_id": 6315, "vphfpdID": "002129@2fyr_A.2"}, {"lrredund": 4.2492, "lrpepelmv": -1.0, "hphfpdID": "002085.d175_252", "pdbset": null, "lrpepxh": -1.0, "finallr": 107.2347, "lrpepelmh": -1.0, "template": "1wqs:AD(0.00,0.14,7/107,8,7)", "viralprotein_id": 15174, "lrsm": 25.2364, "id": 19131108, "lrpepxv": -1.0, "lrredundpairs": -1.0, "humanprotein_id": 4532, "vphfpdID": "002129@1wqs_A.8"}, {"lrredund": 21.3884, "lrpepelmv": -1.0, "hphfpdID": "007726.d35_188", "pdbset": null, "lrpepxh": -1.0, "finallr": 116.139, "lrpepelmh": -1.0, "template": "1xxc:AB(0.58,0.51,62/67,4,0)", "viralprotein_id": 15174, "lrsm": 1.9487, "id": 19131764, "lrpepxv": 5.43, "lrredundpairs": -1.0, "humanprotein_id": 3176, "vphfpdID": "002129@4in1_A.7"}, {"lrredund": 2.3254, "lrpepelmv": 72.805, "hphfpdID": "000005", "pdbset": null, "lrpepxh": -1.0, "finallr": 169.3006, "lrpepelmh": -1.0, "template": "", "viralprotein_id": 15174, "lrsm": -1.0, "id": 19132658, "lrpepxv": 2.59, "lrredundpairs": -1.0, "humanprotein_id": 4794, "vphfpdID": "002129@5e0j_A.4"}, {"lrredund": 4.2492, "lrpepelmv": -1.0, "hphfpdID": "018016.e376_501", "pdbset": null, "lrpepxh": -1.0, "finallr": 178.2539, "lrpepelmh": -1.0, "template": "2xtt:BA(0.51,0.28,91/148,13,6)", "viralprotein_id": 15174, "lrsm": 1.8563, "id": 19133425, "lrpepxv": 41.95, "lrredundpairs": -1.0, "humanprotein_id": 7171, "vphfpdID": "002129@4xbb_A.5"}, {"lrredund": 21.3884, "lrpepelmv": 15.8041, "hphfpdID": "016466", "pdbset": null, "lrpepxh": -1.0, "finallr": 338.0243, "lrpepelmh": -1.0, "template": "", "viralprotein_id": 15174, "lrsm": -1.0, "id": 19133914, "lrpepxv": -1.0, "lrredundpairs": -1.0, "humanprotein_id": 3727, "vphfpdID": "002129@2iph_A.1"}, {"lrredund": 20.9141, "lrpepelmv": -1.0, "hphfpdID": "005354.e1664_1728", "pdbset": null, "lrpepxh": -1.0, "finallr": 137.1964, "lrpepelmh": -1.0, "template": "1wqs:CB(0.12,0.42,53/127,25,34)", "viralprotein_id": 15174, "lrsm": 3.1219, "id": 19134598, "lrpepxv": 6.56, "lrredundpairs": -1.0, "humanprotein_id": 7033, "vphfpdID": "002129@4in2_A.6"}, {"lrredund": 4.2492, "lrpepelmv": 72.805, "hphfpdID": "000004", "pdbset": null, "lrpepxh": -1.0, "finallr": 309.3629, "lrpepelmh": -1.0, "template": "1nu7:BD(0.52,0.56,1/153,1,0)", "viralprotein_id": 15174, "lrsm": 0.9682, "id": 19135329, "lrpepxv": 2.59, "lrredundpairs": -1.0, "humanprotein_id": 6298, "vphfpdID": "002129@4imq_A.3"}, {"lrredund": 20.9141, "lrpepelmv": -1.0, "hphfpdID": "000172.e295_362", "pdbset": null, "lrpepxh": -1.0, "finallr": 113.5635, "lrpepelmh": -1.0, "template": "3uir:AC(0.48,0.29,74/90,19,6)", "viralprotein_id": 15174, "lrsm": 2.4439, "id": 19135483, "lrpepxv": 5.43, "lrredundpairs": -1.0, "humanprotein_id": 2981, "vphfpdID": "002129@2fyr_A.2"}, {"lrredund": 20.9141, "lrpepelmv": 72.805, "hphfpdID": "000007", "pdbset": null, "lrpepxh": -1.0, "finallr": 1522.65, "lrpepelmh": -1.0, "template": "", "viralprotein_id": 15174, "lrsm": -1.0, "id": 19136258, "lrpepxv": -1.0, "lrredundpairs": -1.0, "humanprotein_id": 6393, "vphfpdID": "002129@4in2_A.6"}, {"lrredund": 21.3884, "lrpepelmv": 9.677, "hphfpdID": "001751.e1650_1757", "pdbset": null, "lrpepxh": -1.0, "finallr": 208.5369, "lrpepelmh": -1.0, "template": "", "viralprotein_id": 15174, "lrsm": -1.0, "id": 19136690, "lrpepxv": 9.75, "lrredundpairs": -1.0, "humanprotein_id": 5041, "vphfpdID": "002129@4in1_A.7"}, {"lrredund": 15.8699, "lrpepelmv": 6.3442, "hphfpdID": "001349.d2715_2964", "pdbset": null, "lrpepxh": -1.0, "finallr": 100.682, "lrpepelmh": -1.0, "template": "1gl1:AI(0.58,0.55,53/93,7,0)", "viralprotein_id": 15174, "lrsm": 1.1641, "id": 19137150, "lrpepxv": 3.66, "lrredundpairs": -1.0, "humanprotein_id": 7312, "vphfpdID": "002129@5e0j_A.4"}, {"lrredund": 20.9141, "lrpepelmv": -1.0, "hphfpdID": "007725.d40_193", "pdbset": null, "lrpepxh": -1.0, "finallr": 1303.157, "lrpepelmh": -1.0, "template": "1xxc:AB(0.55,0.43,62/67,2,0)", "viralprotein_id": 15174, "lrsm": 2.0531, "id": 19137531, "lrpepxv": 62.31, "lrredundpairs": -1.0, "humanprotein_id": 3138, "vphfpdID": "002129@5e0j_A.4"}, {"lrredund": 19.2898, "lrpepelmv": -1.0, "hphfpdID": "017281.e1_108", "pdbset": null, "lrpepxh": -1.0, "finallr": 126.541, "lrpepelmh": -1.0, "template": "4sgb:EI(0.43,0.57,72/90,24,20)", "viralprotein_id": 15174, "lrsm": 1.7316, "id": 19137902, "lrpepxv": 6.56, "lrredundpairs": -1.0, "humanprotein_id": 5906, "vphfpdID": "002129@4imq_A.3"}, {"lrredund": 2.409, "lrpepelmv": 72.805, "hphfpdID": "000003", "pdbset": null, "lrpepxh": -1.0, "finallr": 175.3871, "lrpepelmh": -1.0, "template": "3ccs:SV(0.59,0.54,14/34,5,0)", "viralprotein_id": 15174, "lrsm": 1.1641, "id": 19138328, "lrpepxv": 2.59, "lrredundpairs": -1.0, "humanprotein_id": 6857, "vphfpdID": "002129@1wqs_A.8"}, {"lrredund": 3.8142, "lrpepelmv": 15.8041, "hphfpdID": "000278.e62_122", "pdbset": null, "lrpepxh": -1.0, "finallr": 237.6628, "lrpepelmh": -1.0, "template": "4ag2:BD(0.56,0.04,51/103,25,26)", "viralprotein_id": 15174, "lrsm": 3.1219, "id": 19139800, "lrpepxv": 62.31, "lrredundpairs": -1.0, "humanprotein_id": 2710, "vphfpdID": "002129@5e0j_A.4"}, {"lrredund": 4.2492, "lrpepelmv": 72.805, "hphfpdID": "000001", "pdbset": null, "lrpepxh": -1.0, "finallr": 309.3629, "lrpepelmh": -1.0, "template": "", "viralprotein_id": 15174, "lrsm": -1.0, "id": 19139822, "lrpepxv": -1.0, "lrredundpairs": -1.0, "humanprotein_id": 4793, "vphfpdID": "002129@2fyr_A.2"}]