[{"lrredund": 21.3884, "lrpepelmv": 20.7326, "hphfpdID": "016613.e316_567", "pdbset": null, "lrpepxh": -1.0, "finallr": 443.4368, "lrpepelmh": -1.0, "template": "2idh:CA(0.30,0.56,26/27,5,0)", "viralprotein_id": 12753, "lrsm": 1.3385, "id": 38490666, "lrpepxv": -1.0, "lrredundpairs": -1.0, "humanprotein_id": 5161, "vphfpdID": "000530.e275_548@5f4m_A.2"}, {"lrredund": 3.5815, "lrpepelmv": -1.0, "hphfpdID": "006463", "pdbset": null, "lrpepxh": -1.0, "finallr": 137.9475, "lrpepelmh": -1.0, "template": "2b4r:RQ(0.16,0.03,35/239,25,32)", "viralprotein_id": 12753, "lrsm": 38.5167, "id": 38490934, "lrpepxv": -1.0, "lrredundpairs": -1.0, "humanprotein_id": 2943, "vphfpdID": "000530.e1_316@3sej_A.13"}, {"lrredund": 4.2492, "lrpepelmv": 137.2032, "hphfpdID": "000004", "pdbset": null, "lrpepxh": -1.0, "finallr": 583.0042, "lrpepelmh": -1.0, "template": "", "viralprotein_id": 12753, "lrsm": -1.0, "id": 38491064, "lrpepxv": -1.0, "lrredundpairs": -1.0, "humanprotein_id": 6298, "vphfpdID": "000530@5f4m_A.3"}, {"lrredund": 21.3884, "lrpepelmv": 20.7326, "hphfpdID": "016466.e142_262", "pdbset": null, "lrpepxh": -1.0, "finallr": 443.4368, "lrpepelmh": -1.0, "template": "3m7f:BA(0.49,0.07,56/93,25,28)", "viralprotein_id": 12753, "lrsm": 3.1219, "id": 38491494, "lrpepxv": -1.0, "lrredundpairs": -1.0, "humanprotein_id": 3727, "vphfpdID": "000530.e1_316@1ihm_A.1"}, {"lrredund": 2.0764, "lrpepelmv": 52.8828, "hphfpdID": "000906.e751_863", "pdbset": null, "lrpepxh": -1.0, "finallr": 109.8058, "lrpepelmh": -1.0, "template": "2dwv:BA(0.59,0.45,97/102,11,0)", "viralprotein_id": 12753, "lrsm": 1.9487, "id": 38492764, "lrpepxv": -1.0, "lrredundpairs": -1.0, "humanprotein_id": 2586, "vphfpdID": "000530.e275_548@5f4m_A.2"}, {"lrredund": 21.3884, "lrpepelmv": -1.0, "hphfpdID": "000172.d132_188", "pdbset": null, "lrpepxh": -1.0, "finallr": 194.6095, "lrpepelmh": -1.0, "template": "4cdw:CB(0.21,0.56,264/1864,48,238)", "viralprotein_id": 12753, "lrsm": 9.0988, "id": 38492855, "lrpepxv": -1.0, "lrredundpairs": -1.0, "humanprotein_id": 2981, "vphfpdID": "000530.d86_219"}, {"lrredund": 21.3884, "lrpepelmv": -1.0, "hphfpdID": "001509.e1_53", "pdbset": null, "lrpepxh": -1.0, "finallr": 128.3451, "lrpepelmh": -1.0, "template": "2idh:CA(0.29,0.06,26/27,10,3)", "viralprotein_id": 12753, "lrsm": 6.0007, "id": 38494084, "lrpepxv": -1.0, "lrredundpairs": -1.0, "humanprotein_id": 2598, "vphfpdID": "000530.e275_548@3r6j_A.6"}, {"lrredund": -1.0, "lrpepelmv": -1.0, "hphfpdID": "010813.d72_137", "pdbset": null, "lrpepxh": -1.0, "finallr": 119.2807, "lrpepelmh": -1.0, "template": "3v7a:AE(0.06,0.04,25/40,14,20)", "viralprotein_id": 12753, "lrsm": 119.2807, "id": 38494616, "lrpepxv": -1.0, "lrredundpairs": -1.0, "humanprotein_id": 15815, "vphfpdID": "000530.e275_548@3r6j_A.6"}, {"lrredund": 2.0764, "lrpepelmv": 137.2032, "hphfpdID": "000003", "pdbset": null, "lrpepxh": -1.0, "finallr": 284.8889, "lrpepelmh": -1.0, "template": "", "viralprotein_id": 12753, "lrsm": -1.0, "id": 38495085, "lrpepxv": -1.0, "lrredundpairs": -1.0, "humanprotein_id": 6857, "vphfpdID": "000530@5f4j_A.2"}, {"lrredund": 15.8699, "lrpepelmv": -1.0, "hphfpdID": "003962.d92_178", "pdbset": null, "lrpepxh": -1.0, "finallr": 108.5685, "lrpepelmh": -1.0, "template": "1v9u:32(0.20,0.37,75/414,42,55)", "viralprotein_id": 12753, "lrsm": 6.8412, "id": 38495123, "lrpepxv": -1.0, "lrredundpairs": -1.0, "humanprotein_id": 6447, "vphfpdID": "000530.d86_219"}, {"lrredund": 21.3884, "lrpepelmv": 20.7326, "hphfpdID": "007144.e151_217", "pdbset": null, "lrpepxh": -1.0, "finallr": 443.4368, "lrpepelmh": -1.0, "template": "3swn:RQ(0.55,0.33,49/83,23,23)", "viralprotein_id": 12753, "lrsm": 1.7387, "id": 38495132, "lrpepxv": -1.0, "lrredundpairs": -1.0, "humanprotein_id": 6385, "vphfpdID": "000530.e275_548@5f4j_A.1"}, {"lrredund": 21.3884, "lrpepelmv": 137.2032, "hphfpdID": "000007", "pdbset": null, "lrpepxh": -1.0, "finallr": 2934.559, "lrpepelmh": -1.0, "template": "", "viralprotein_id": 12753, "lrsm": -1.0, "id": 38496033, "lrpepxv": -1.0, "lrredundpairs": -1.0, "humanprotein_id": 6393, "vphfpdID": "000530@5f4j_A.2"}, {"lrredund": 4.2492, "lrpepelmv": 137.2032, "hphfpdID": "000001", "pdbset": null, "lrpepxh": -1.0, "finallr": 583.0042, "lrpepelmh": -1.0, "template": "", "viralprotein_id": 12753, "lrsm": -1.0, "id": 38496053, "lrpepxv": -1.0, "lrredundpairs": -1.0, "humanprotein_id": 4793, "vphfpdID": "000530@5f4m_A.3"}, {"lrredund": 21.3884, "lrpepelmv": -1.0, "hphfpdID": "016448", "pdbset": null, "lrpepxh": -1.0, "finallr": 166.727, "lrpepelmh": -1.0, "template": "2ktr:BA(0.37,0.01,48/66,24,39)", "viralprotein_id": 12753, "lrsm": 7.7952, "id": 38496177, "lrpepxv": -1.0, "lrredundpairs": -1.0, "humanprotein_id": 7393, "vphfpdID": "000530.e1_316@3sej_A.13"}, {"lrredund": 15.8699, "lrpepelmv": 29.6561, "hphfpdID": "008378.d463_902", "pdbset": null, "lrpepxh": -1.0, "finallr": 470.6389, "lrpepelmh": -1.0, "template": "3g1b:AB(0.42,0.60,63/73,11,4)", "viralprotein_id": 12753, "lrsm": 1.9487, "id": 38496654, "lrpepxv": -1.0, "lrredundpairs": -1.0, "humanprotein_id": 3758, "vphfpdID": "000530.e275_548@5f4m_A.2"}, {"lrredund": 21.3884, "lrpepelmv": 137.2032, "hphfpdID": "000006", "pdbset": null, "lrpepxh": -1.0, "finallr": 2934.559, "lrpepelmh": -1.0, "template": "", "viralprotein_id": 12753, "lrsm": -1.0, "id": 38497442, "lrpepxv": -1.0, "lrredundpairs": -1.0, "humanprotein_id": 4514, "vphfpdID": "000530@5f4j_A.2"}, {"lrredund": 21.3884, "lrpepelmv": -1.0, "hphfpdID": "006178.e689_810", "pdbset": null, "lrpepxh": -1.0, "finallr": 194.6095, "lrpepelmh": -1.0, "template": "1na1:BC(0.26,0.49,273/1560,56,65)", "viralprotein_id": 12753, "lrsm": 9.0988, "id": 38497563, "lrpepxv": -1.0, "lrredundpairs": -1.0, "humanprotein_id": 2856, "vphfpdID": "000530.d86_219"}, {"lrredund": 21.3884, "lrpepelmv": -1.0, "hphfpdID": "005354.e1664_1728", "pdbset": null, "lrpepxh": -1.0, "finallr": 274.8026, "lrpepelmh": -1.0, "template": "1po2:23(0.21,0.57,59/415,42,48)", "viralprotein_id": 12753, "lrsm": 12.8482, "id": 38497575, "lrpepxv": -1.0, "lrredundpairs": -1.0, "humanprotein_id": 7033, "vphfpdID": "000530.d86_219"}, {"lrredund": 20.9141, "lrpepelmv": -1.0, "hphfpdID": "018500", "pdbset": null, "lrpepxh": -1.0, "finallr": 115.0004, "lrpepelmh": -1.0, "template": "3prp:AD(0.23,0.09,14/33,7,4)", "viralprotein_id": 12753, "lrsm": 5.4987, "id": 38498375, "lrpepxv": -1.0, "lrredundpairs": -1.0, "humanprotein_id": 3463, "vphfpdID": "000530.e1_316@3sej_A.13"}, {"lrredund": 3.5815, "lrpepelmv": 32.9939, "hphfpdID": "017284", "pdbset": null, "lrpepxh": -1.0, "finallr": 118.1675, "lrpepelmh": -1.0, "template": "", "viralprotein_id": 12753, "lrsm": -1.0, "id": 38498686, "lrpepxv": -1.0, "lrredundpairs": -1.0, "humanprotein_id": 7960, "vphfpdID": "000530@5f4m_A.3"}, {"lrredund": 2.3254, "lrpepelmv": 137.2032, "hphfpdID": "000005", "pdbset": null, "lrpepxh": -1.0, "finallr": 319.0525, "lrpepelmh": -1.0, "template": "", "viralprotein_id": 12753, "lrsm": -1.0, "id": 38499749, "lrpepxv": -1.0, "lrredundpairs": -1.0, "humanprotein_id": 4794, "vphfpdID": "000530@5f4m_A.3"}, {"lrredund": -1.0, "lrpepelmv": 137.2032, "hphfpdID": "000002", "pdbset": null, "lrpepxh": -1.0, "finallr": 137.2032, "lrpepelmh": -1.0, "template": "", "viralprotein_id": 12753, "lrsm": -1.0, "id": 38499824, "lrpepxv": -1.0, "lrredundpairs": -1.0, "humanprotein_id": 6315, "vphfpdID": "000530@1ihm_A.1"}, {"lrredund": 3.5815, "lrpepelmv": 32.9939, "hphfpdID": "017283.d76_264", "pdbset": null, "lrpepxh": -1.0, "finallr": 118.1675, "lrpepelmh": -1.0, "template": "", "viralprotein_id": 12753, "lrsm": -1.0, "id": 38500201, "lrpepxv": -1.0, "lrredundpairs": -1.0, "humanprotein_id": 5846, "vphfpdID": "000530@5f4m_A.3"}, {"lrredund": -1.0, "lrpepelmv": -1.0, "hphfpdID": "018366", "pdbset": null, "lrpepxh": -1.0, "finallr": 130.17, "lrpepelmh": -1.0, "template": "3v7a:BG(0.06,0.04,37/37,13,14)", "viralprotein_id": 12753, "lrsm": 130.17, "id": 38501127, "lrpepxv": -1.0, "lrredundpairs": -1.0, "humanprotein_id": 2895, "vphfpdID": "000530.e275_548@5f4j_A.1"}, {"lrredund": 21.3884, "lrpepelmv": -1.0, "hphfpdID": "011519", "pdbset": null, "lrpepxh": -1.0, "finallr": 261.0853, "lrpepelmh": -1.0, "template": "1k5j:EA(0.60,0.06,78/95,42,54)", "viralprotein_id": 12753, "lrsm": 12.2069, "id": 38502720, "lrpepxv": -1.0, "lrredundpairs": -1.0, "humanprotein_id": 3074, "vphfpdID": "000530.d86_219"}, {"lrredund": 19.2898, "lrpepelmv": -1.0, "hphfpdID": "004136", "pdbset": null, "lrpepxh": -1.0, "finallr": 104.7436, "lrpepelmh": -1.0, "template": "", "viralprotein_id": 12754, "lrsm": -1.0, "id": 6502010, "lrpepxv": 5.43, "lrredundpairs": -1.0, "humanprotein_id": 7444, "vphfpdID": "000531@4xbb_A.9"}, {"lrredund": 21.3884, "lrpepelmv": -1.0, "hphfpdID": "007726.d35_188", "pdbset": null, "lrpepxh": -1.0, "finallr": 116.139, "lrpepelmh": -1.0, "template": "1xxc:AB(0.56,0.51,62/67,4,0)", "viralprotein_id": 12754, "lrsm": 1.9487, "id": 6501479, "lrpepxv": 5.43, "lrredundpairs": -1.0, "humanprotein_id": 3176, "vphfpdID": "000531.e593_1207@2fyr_A.6"}, {"lrredund": 21.3884, "lrpepelmv": -1.0, "hphfpdID": "016448", "pdbset": null, "lrpepxh": -1.0, "finallr": 116.139, "lrpepelmh": -1.0, "template": "2lk5:BA(0.55,0.56,122/132,19,16)", "viralprotein_id": 12754, "lrsm": 4.7738, "id": 6501931, "lrpepxv": 5.43, "lrredundpairs": -1.0, "humanprotein_id": 7393, "vphfpdID": "000531@2fyr_A.6"}, {"lrredund": 4.2492, "lrpepelmv": 48.5599, "hphfpdID": "017283", "pdbset": null, "lrpepxh": -1.0, "finallr": 206.3406, "lrpepelmh": -1.0, "template": "", "viralprotein_id": 12754, "lrsm": -1.0, "id": 6502213, "lrpepxv": 3.66, "lrredundpairs": -1.0, "humanprotein_id": 5846, "vphfpdID": "000531@1wqs_A.11"}, {"lrredund": 20.9141, "lrpepelmv": -1.0, "hphfpdID": "016730", "pdbset": null, "lrpepxh": -1.0, "finallr": 177.6693, "lrpepelmh": -1.0, "template": "2lk6:BA(0.42,0.53,134/154,41,78)", "viralprotein_id": 12754, "lrsm": 8.4952, "id": 6502496, "lrpepxv": -1.0, "lrredundpairs": 20.9141, "humanprotein_id": 6290, "vphfpdID": "000531.e116_489@4dot_A.2"}, {"lrredund": 20.9141, "lrpepelmv": -1.0, "hphfpdID": "018800.e1_115", "pdbset": null, "lrpepxh": -1.0, "finallr": 137.1964, "lrpepelmh": -1.0, "template": "1xxc:AB(0.52,0.58,64/67,11,0)", "viralprotein_id": 12754, "lrsm": 1.9487, "id": 6502592, "lrpepxv": 6.56, "lrredundpairs": 0.7707, "humanprotein_id": 4109, "vphfpdID": "000531.e593_1207@2iph_A.4"}, {"lrredund": 20.9141, "lrpepelmv": 7.4157, "hphfpdID": "005478.e180_309", "pdbset": null, "lrpepxh": -1.0, "finallr": 155.0917, "lrpepelmh": -1.0, "template": "2b2t:CA(0.53,0.55,8/35,7,6)", "viralprotein_id": 12754, "lrsm": 0.9682, "id": 6503045, "lrpepxv": 2.59, "lrredundpairs": 0.7707, "humanprotein_id": 2880, "vphfpdID": "000531.e593_1207@4in2_A.5"}, {"lrredund": 2.3254, "lrpepelmv": 52.3486, "hphfpdID": "002272", "pdbset": null, "lrpepxh": -1.0, "finallr": 121.7314, "lrpepelmh": -1.0, "template": "3iwx:BA(0.56,0.60,34/65,12,2)", "viralprotein_id": 12754, "lrsm": 1.1641, "id": 6503240, "lrpepxv": 3.84, "lrredundpairs": 0.7707, "humanprotein_id": 5274, "vphfpdID": "000531.d1348_1606@3h5y_A.2"}, {"lrredund": 2.0764, "lrpepelmv": -1.0, "hphfpdID": "013707", "pdbset": null, "lrpepxh": -1.0, "finallr": 176.4367, "lrpepelmh": -1.0, "template": "4kod:EA(0.22,0.17,60/142,41,50)", "viralprotein_id": 12754, "lrsm": 84.9724, "id": 6503537, "lrpepxv": -1.0, "lrredundpairs": -1.0, "humanprotein_id": 6308, "vphfpdID": "000531.e463_639@5g4f_A.6"}, {"lrredund": 2.0764, "lrpepelmv": -1.0, "hphfpdID": "013716.d178_345", "pdbset": null, "lrpepxh": -1.0, "finallr": 100.4807, "lrpepelmh": -1.0, "template": "3pfi:AB(0.14,0.21,55/249,43,40)", "viralprotein_id": 12754, "lrsm": 48.3918, "id": 6503600, "lrpepxv": -1.0, "lrredundpairs": -1.0, "humanprotein_id": 4985, "vphfpdID": "000531.e463_639@3pfi_A.18"}, {"lrredund": 20.9141, "lrpepelmv": -1.0, "hphfpdID": "011519.e1_119", "pdbset": null, "lrpepxh": -1.0, "finallr": 211.4847, "lrpepelmh": -1.0, "template": "2lk6:AB(0.35,0.39,132/154,41,75)", "viralprotein_id": 12754, "lrsm": 10.1121, "id": 6503622, "lrpepxv": -1.0, "lrredundpairs": -1.0, "humanprotein_id": 3074, "vphfpdID": "000531.e116_489@4dot_A.2"}, {"lrredund": 20.9141, "lrpepelmv": 22.0743, "hphfpdID": "007144.e151_217", "pdbset": null, "lrpepxh": -1.0, "finallr": 461.6652, "lrpepelmh": -1.0, "template": "4afu:AC(0.53,0.07,61/104,20,7)", "viralprotein_id": 12754, "lrsm": 2.8001, "id": 6504174, "lrpepxv": 2.59, "lrredundpairs": 1.1877, "humanprotein_id": 6385, "vphfpdID": "000531.e593_1207@4xbb_A.2"}, {"lrredund": 21.3884, "lrpepelmv": -1.0, "hphfpdID": "009492.e120_224", "pdbset": null, "lrpepxh": -1.0, "finallr": 140.3079, "lrpepelmh": -1.0, "template": "3tvj:BI(0.52,0.45,73/141,7,0)", "viralprotein_id": 12754, "lrsm": 1.5595, "id": 6505676, "lrpepxv": 6.56, "lrredundpairs": 0.7707, "humanprotein_id": 13229, "vphfpdID": "000531.e593_1207@4in1_A.7"}, {"lrredund": 2.3254, "lrpepelmv": -1.0, "hphfpdID": "013217.g945_1099", "pdbset": null, "lrpepxh": -1.0, "finallr": 144.8956, "lrpepelmh": -1.0, "template": "1hia:YX(0.56,0.59,141/338,14,4)", "viralprotein_id": 12754, "lrsm": 4.5423, "id": 6506094, "lrpepxv": 62.31, "lrredundpairs": -1.0, "humanprotein_id": 7866, "vphfpdID": "000531.e593_1207@2fyr_A.6"}, {"lrredund": 4.2492, "lrpepelmv": 201.9336, "hphfpdID": "000004", "pdbset": null, "lrpepxh": -1.0, "finallr": 858.0565, "lrpepelmh": -1.0, "template": "1nu7:BD(0.59,0.56,5/153,2,0)", "viralprotein_id": 12754, "lrsm": 0.9682, "id": 6506261, "lrpepxv": 2.59, "lrredundpairs": -1.0, "humanprotein_id": 6298, "vphfpdID": "000531.e593_1207@4in1_A.7"}, {"lrredund": 4.2492, "lrpepelmv": -1.0, "hphfpdID": "002085.d175_252", "pdbset": null, "lrpepxh": -1.0, "finallr": 107.2347, "lrpepelmh": -1.0, "template": "1wqs:AD(0.00,0.14,7/107,7,6)", "viralprotein_id": 12754, "lrsm": 25.2364, "id": 6506336, "lrpepxv": 3.84, "lrredundpairs": -1.0, "humanprotein_id": 4532, "vphfpdID": "000531.e593_1207@1wqs_A.8"}, {"lrredund": 20.9141, "lrpepelmv": -1.0, "hphfpdID": "006178.e462_515", "pdbset": null, "lrpepxh": -1.0, "finallr": 132.5129, "lrpepelmh": -1.0, "template": "2jpp:BA(0.58,0.19,149/262,41,77)", "viralprotein_id": 12754, "lrsm": 6.3361, "id": 6506422, "lrpepxv": -1.0, "lrredundpairs": 0.7707, "humanprotein_id": 2856, "vphfpdID": "000531.e116_489@4dot_A.2"}, {"lrredund": 2.409, "lrpepelmv": -1.0, "hphfpdID": "018781.d172_399", "pdbset": null, "lrpepxh": -1.0, "finallr": 116.5758, "lrpepelmh": -1.0, "template": "1sky:EB(0.38,0.01,58/412,46,40)", "viralprotein_id": 12754, "lrsm": 48.3918, "id": 6506500, "lrpepxv": -1.0, "lrredundpairs": -1.0, "humanprotein_id": 4228, "vphfpdID": "000531.e463_639@4lcb_A.7"}, {"lrredund": 21.3884, "lrpepelmv": -1.0, "hphfpdID": "013900.e252_425", "pdbset": null, "lrpepxh": -1.0, "finallr": 116.3786, "lrpepelmh": -1.0, "template": "3ors:GE(0.60,0.15,88/113,41,63)", "viralprotein_id": 12754, "lrsm": 5.4412, "id": 6506554, "lrpepxv": -1.0, "lrredundpairs": -1.0, "humanprotein_id": 4285, "vphfpdID": "000531.e463_639@5ftj_A.5"}, {"lrredund": 21.3884, "lrpepelmv": -1.0, "hphfpdID": "017046.e457_686", "pdbset": null, "lrpepxh": -1.0, "finallr": 230.863, "lrpepelmh": -1.0, "template": "3hu3:BA(0.34,0.57,55/362,41,38)", "viralprotein_id": 12754, "lrsm": 10.7938, "id": 6506811, "lrpepxv": -1.0, "lrredundpairs": 0.7707, "humanprotein_id": 6818, "vphfpdID": "000531.e463_639@3vfd_A.19"}, {"lrredund": 4.2492, "lrpepelmv": -1.0, "hphfpdID": "018016", "pdbset": null, "lrpepxh": -1.0, "finallr": 178.2539, "lrpepelmh": -1.0, "template": "3kvp:DC(0.47,0.26,65/72,9,2)", "viralprotein_id": 12754, "lrsm": 2.4439, "id": 6507001, "lrpepxv": 41.95, "lrredundpairs": -1.0, "humanprotein_id": 7171, "vphfpdID": "000531.e593_1207@2iph_A.4"}, {"lrredund": 21.3884, "lrpepelmv": -1.0, "hphfpdID": "002626", "pdbset": null, "lrpepxh": -1.0, "finallr": 128.3451, "lrpepelmh": -1.0, "template": "3skj:FM(0.21,0.08,19/20,8,4)", "viralprotein_id": 12754, "lrsm": 6.0007, "id": 6507017, "lrpepxv": -1.0, "lrredundpairs": 1.1877, "humanprotein_id": 2804, "vphfpdID": "000531.e116_489@4dot_A.2"}, {"lrredund": 20.9141, "lrpepelmv": -1.0, "hphfpdID": "005354.e1664_1728", "pdbset": null, "lrpepxh": -1.0, "finallr": 137.1964, "lrpepelmh": -1.0, "template": "1wqs:CB(0.08,0.42,61/127,26,31)", "viralprotein_id": 12754, "lrsm": 3.109, "id": 6507030, "lrpepxv": 6.56, "lrredundpairs": -1.0, "humanprotein_id": 7033, "vphfpdID": "000531.e593_1207@4xbb_A.2"}, {"lrredund": 21.3884, "lrpepelmv": 4.8562, "hphfpdID": "018111", "pdbset": null, "lrpepxh": -1.0, "finallr": 103.8657, "lrpepelmh": -1.0, "template": "2f91:AB(0.60,0.60,82/171,10,1)", "viralprotein_id": 12754, "lrsm": 1.4802, "id": 6507407, "lrpepxv": 2.59, "lrredundpairs": 15.8699, "humanprotein_id": 15404, "vphfpdID": "000531.e593_1207@2iph_A.4"}, {"lrredund": 21.3884, "lrpepelmv": 9.4001, "hphfpdID": "001509.e1_53", "pdbset": null, "lrpepxh": -1.0, "finallr": 201.0528, "lrpepelmh": -1.0, "template": "4inh:GD(0.03,0.53,11/11,5,0)", "viralprotein_id": 12754, "lrsm": 2.4032, "id": 6507504, "lrpepxv": 3.84, "lrredundpairs": 0.7707, "humanprotein_id": 2598, "vphfpdID": "000531.e593_1207@2iph_A.4"}, {"lrredund": 2.0764, "lrpepelmv": -1.0, "hphfpdID": "013715", "pdbset": null, "lrpepxh": -1.0, "finallr": 176.4367, "lrpepelmh": -1.0, "template": "4kod:AF(0.21,0.18,60/146,42,47)", "viralprotein_id": 12754, "lrsm": 84.9724, "id": 6508547, "lrpepxv": -1.0, "lrredundpairs": -1.0, "humanprotein_id": 5262, "vphfpdID": "000531.e463_639@5g4f_A.6"}, {"lrredund": 20.9141, "lrpepelmv": 4.8562, "hphfpdID": "002673", "pdbset": null, "lrpepxh": -1.0, "finallr": 101.5624, "lrpepelmh": -1.0, "template": "3kvp:FB(0.51,0.59,54/67,21,11)", "viralprotein_id": 12754, "lrsm": 2.5395, "id": 6508774, "lrpepxv": -1.0, "lrredundpairs": 19.2898, "humanprotein_id": 4427, "vphfpdID": "000531.e593_1207@1wqs_A.8"}, {"lrredund": 2.3254, "lrpepelmv": -1.0, "hphfpdID": "001311.d377_523", "pdbset": null, "lrpepxh": -1.0, "finallr": 112.5303, "lrpepelmh": -1.0, "template": "3pfi:AB(0.14,0.24,47/249,41,39)", "viralprotein_id": 12754, "lrsm": 48.3918, "id": 6509519, "lrpepxv": -1.0, "lrredundpairs": -1.0, "humanprotein_id": 17917, "vphfpdID": "000531.e463_639@3pfi_A.18"}, {"lrredund": 20.9141, "lrpepelmv": 4.8562, "hphfpdID": "003962.d133_182", "pdbset": null, "lrpepxh": -1.0, "finallr": 101.5624, "lrpepelmh": -1.0, "template": "2iph:AB(0.00,0.57,38/95,21,31)", "viralprotein_id": 12754, "lrsm": 2.7953, "id": 6509529, "lrpepxv": -1.0, "lrredundpairs": 1.5513, "humanprotein_id": 6447, "vphfpdID": "000531.e593_1207@2iph_A.4"}, {"lrredund": 19.2898, "lrpepelmv": 20.7326, "hphfpdID": "016613.e557_714", "pdbset": null, "lrpepxh": -1.0, "finallr": 399.9274, "lrpepelmh": -1.0, "template": "1x27:DF(0.43,0.36,4/76,5,3)", "viralprotein_id": 12754, "lrsm": 1.2142, "id": 6509678, "lrpepxv": 3.66, "lrredundpairs": -1.0, "humanprotein_id": 5161, "vphfpdID": "000531.e593_1207@4in2_A.5"}, {"lrredund": 21.3884, "lrpepelmv": -1.0, "hphfpdID": "013899.d444_603", "pdbset": null, "lrpepxh": -1.0, "finallr": 108.061, "lrpepelmh": -1.0, "template": "1rwn:AB(0.60,0.58,165/345,44,51)", "viralprotein_id": 12754, "lrsm": 5.0523, "id": 6509703, "lrpepxv": -1.0, "lrredundpairs": -1.0, "humanprotein_id": 1240, "vphfpdID": "000531.e463_639@5ftj_A.5"}, {"lrredund": 1.7951, "lrpepelmv": -1.0, "hphfpdID": "015070.e295_463", "pdbset": null, "lrpepxh": -1.0, "finallr": 152.5339, "lrpepelmh": -1.0, "template": "3uk6:GH(0.38,0.01,58/133,41,47)", "viralprotein_id": 12754, "lrsm": 84.9724, "id": 6510887, "lrpepxv": -1.0, "lrredundpairs": 0.7707, "humanprotein_id": 19317, "vphfpdID": "000531.e463_639@5ftj_A.5"}, {"lrredund": 20.9141, "lrpepelmv": -1.0, "hphfpdID": "000172.e1_188", "pdbset": null, "lrpepxh": -1.0, "finallr": 113.5635, "lrpepelmh": -1.0, "template": "2lk5:BA(0.55,0.58,113/132,24,29)", "viralprotein_id": 12754, "lrsm": 2.3512, "id": 6511010, "lrpepxv": 5.43, "lrredundpairs": -1.0, "humanprotein_id": 2981, "vphfpdID": "000531.e593_1207@2fyr_A.6"}, {"lrredund": 3.7695, "lrpepelmv": -1.0, "hphfpdID": "000164", "pdbset": null, "lrpepxh": -1.0, "finallr": 158.1305, "lrpepelmh": -1.0, "template": "2gd4:BC(0.58,0.25,67/139,18,11)", "viralprotein_id": 12754, "lrsm": 1.5595, "id": 6511070, "lrpepxv": 41.95, "lrredundpairs": 0.7707, "humanprotein_id": 3214, "vphfpdID": "000531.e593_1207@4xbb_A.2"}, {"lrredund": 21.3884, "lrpepelmv": 9.677, "hphfpdID": "001751.e1_73", "pdbset": null, "lrpepxh": -1.0, "finallr": 208.5369, "lrpepelmh": -1.0, "template": "2k7i:BA(0.48,0.58,89/324,14,5)", "viralprotein_id": 12754, "lrsm": 1.5396, "id": 6511745, "lrpepxv": 9.75, "lrredundpairs": -1.0, "humanprotein_id": 5041, "vphfpdID": "000531.e593_1207@4in2_A.5"}, {"lrredund": 20.9141, "lrpepelmv": -1.0, "hphfpdID": "007725.d40_193", "pdbset": null, "lrpepxh": -1.0, "finallr": 1303.157, "lrpepelmh": -1.0, "template": "1xxc:AB(0.47,0.43,62/67,7,2)", "viralprotein_id": 12754, "lrsm": 2.0531, "id": 6511792, "lrpepxv": 62.31, "lrredundpairs": -1.0, "humanprotein_id": 3138, "vphfpdID": "000531.e593_1207@1wqs_A.8"}, {"lrredund": 21.3884, "lrpepelmv": 22.0743, "hphfpdID": "016466", "pdbset": null, "lrpepxh": -1.0, "finallr": 472.1351, "lrpepelmh": -1.0, "template": "", "viralprotein_id": 12754, "lrsm": -1.0, "id": 6511794, "lrpepxv": 3.84, "lrredundpairs": -1.0, "humanprotein_id": 3727, "vphfpdID": "000531@2iph_A.4"}, {"lrredund": 4.2492, "lrpepelmv": 22.0743, "hphfpdID": "000278.e118_229", "pdbset": null, "lrpepxh": -1.0, "finallr": 264.7676, "lrpepelmh": -1.0, "template": "2dwv:BA(0.60,0.57,100/102,28,29)", "viralprotein_id": 12754, "lrsm": 2.3512, "id": 6512321, "lrpepxv": 62.31, "lrredundpairs": 1.5513, "humanprotein_id": 2710, "vphfpdID": "000531.e593_1207@4in2_A.5"}, {"lrredund": 21.3884, "lrpepelmv": 20.7326, "hphfpdID": "016615.d554_715", "pdbset": null, "lrpepxh": -1.0, "finallr": 443.4368, "lrpepelmh": -1.0, "template": "2k7i:BA(0.49,0.60,93/324,16,0)", "viralprotein_id": 12754, "lrsm": 1.5396, "id": 6512545, "lrpepxv": 3.66, "lrredundpairs": -1.0, "humanprotein_id": 5095, "vphfpdID": "000531.e593_1207@2fyr_A.6"}, {"lrredund": 21.3884, "lrpepelmv": -1.0, "hphfpdID": "017281", "pdbset": null, "lrpepxh": -1.0, "finallr": 2418.895, "lrpepelmh": -1.0, "template": "1s3s:FB(0.17,0.02,80/162,47,63)", "viralprotein_id": 12754, "lrsm": 113.0937, "id": 6513481, "lrpepxv": -1.0, "lrredundpairs": -1.0, "humanprotein_id": 5906, "vphfpdID": "000531.e463_639@5ftj_A.5"}, {"lrredund": 20.9141, "lrpepelmv": -1.0, "hphfpdID": "012444.e95_323", "pdbset": null, "lrpepxh": -1.0, "finallr": 203.9124, "lrpepelmh": -1.0, "template": "2vyx:KD(0.60,0.59,49/55,2,0)", "viralprotein_id": 12754, "lrsm": 1.2704, "id": 6514010, "lrpepxv": 9.75, "lrredundpairs": 0.7707, "humanprotein_id": 2955, "vphfpdID": "000531.d1348_1606@3h5y_A.2"}, {"lrredund": 20.9141, "lrpepelmv": -1.0, "hphfpdID": "004138.d421_563", "pdbset": null, "lrpepxh": -1.0, "finallr": 137.1964, "lrpepelmh": -1.0, "template": "1nu9:AC(0.50,0.28,2/199,3,2)", "viralprotein_id": 12754, "lrsm": 1.2142, "id": 6514304, "lrpepxv": 6.56, "lrredundpairs": -1.0, "humanprotein_id": 7446, "vphfpdID": "000531.e593_1207@2fyr_A.6"}, {"lrredund": 19.2898, "lrpepelmv": 201.9336, "hphfpdID": "000006", "pdbset": null, "lrpepxh": -1.0, "finallr": 3895.26, "lrpepelmh": -1.0, "template": "", "viralprotein_id": 12754, "lrsm": -1.0, "id": 6514399, "lrpepxv": -1.0, "lrredundpairs": -1.0, "humanprotein_id": 4514, "vphfpdID": "000531@4in2_A.5"}, {"lrredund": 4.2492, "lrpepelmv": 48.5599, "hphfpdID": "017284.e87_316", "pdbset": null, "lrpepxh": -1.0, "finallr": 206.3406, "lrpepelmh": -1.0, "template": "2zjq:QV(0.59,0.59,29/36,2,0)", "viralprotein_id": 12754, "lrsm": 1.2704, "id": 6514845, "lrpepxv": 3.84, "lrredundpairs": -1.0, "humanprotein_id": 7960, "vphfpdID": "000531.e593_1207@4xbb_A.2"}, {"lrredund": 2.3254, "lrpepelmv": -1.0, "hphfpdID": "005002.d2567_2828", "pdbset": null, "lrpepxh": -1.0, "finallr": 112.5303, "lrpepelmh": -1.0, "template": "1ny6:CB(0.31,0.08,57/144,41,40)", "viralprotein_id": 12754, "lrsm": 48.3918, "id": 6515053, "lrpepxv": -1.0, "lrredundpairs": -1.0, "humanprotein_id": 7588, "vphfpdID": "000531.e463_639@3vfd_A.19"}, {"lrredund": 2.409, "lrpepelmv": 201.9336, "hphfpdID": "000003", "pdbset": null, "lrpepxh": -1.0, "finallr": 486.4582, "lrpepelmh": -1.0, "template": "", "viralprotein_id": 12754, "lrsm": -1.0, "id": 6515716, "lrpepxv": 3.66, "lrredundpairs": 0.7707, "humanprotein_id": 6857, "vphfpdID": "000531@4in2_A.5"}, {"lrredund": 21.3884, "lrpepelmv": 9.3373, "hphfpdID": "001349.d2679_3055", "pdbset": null, "lrpepxh": -1.0, "finallr": 199.7102, "lrpepelmh": -1.0, "template": "1ca0:HG(0.49,0.56,67/354,14,1)", "viralprotein_id": 12754, "lrsm": 1.5396, "id": 6515936, "lrpepxv": 3.66, "lrredundpairs": -1.0, "humanprotein_id": 7312, "vphfpdID": "000531.e593_1207@4in2_A.5"}, {"lrredund": 21.3884, "lrpepelmv": -1.0, "hphfpdID": "014262.d1_78", "pdbset": null, "lrpepxh": -1.0, "finallr": 208.5369, "lrpepelmh": -1.0, "template": "1r1g:AB(0.41,0.57,43/45,8,6)", "viralprotein_id": 12754, "lrsm": 1.3385, "id": 6515988, "lrpepxv": 9.75, "lrredundpairs": -1.0, "humanprotein_id": 5865, "vphfpdID": "000531.e593_1207@1wqs_A.8"}, {"lrredund": 20.9141, "lrpepelmv": 201.9336, "hphfpdID": "000007", "pdbset": null, "lrpepxh": -1.0, "finallr": 4223.26, "lrpepelmh": -1.0, "template": "1nu9:AC(0.50,0.38,5/199,2,0)", "viralprotein_id": 12754, "lrsm": 1.02, "id": 6517027, "lrpepxv": 2.59, "lrredundpairs": -1.0, "humanprotein_id": 6393, "vphfpdID": "000531.e593_1207@2fyr_A.6"}, {"lrredund": 19.2898, "lrpepelmv": 5.8994, "hphfpdID": "004076.d399_518", "pdbset": null, "lrpepxh": -1.0, "finallr": 113.7991, "lrpepelmh": -1.0, "template": "1eoh:EF(0.50,0.50,7/122,2,0)", "viralprotein_id": 12754, "lrsm": 1.02, "id": 6517093, "lrpepxv": 3.84, "lrredundpairs": -1.0, "humanprotein_id": 4894, "vphfpdID": "000531.e593_1207@5e0j_A.1"}, {"lrredund": 4.2492, "lrpepelmv": 7.4157, "hphfpdID": "000768", "pdbset": null, "lrpepxh": -1.0, "finallr": 178.2539, "lrpepelmh": -1.0, "template": "2f91:AB(0.56,0.51,97/171,23,28)", "viralprotein_id": 12754, "lrsm": 1.6435, "id": 6517500, "lrpepxv": 41.95, "lrredundpairs": 0.7707, "humanprotein_id": 3571, "vphfpdID": "000531.e593_1207@1wqs_A.8"}, {"lrredund": 4.2492, "lrpepelmv": 201.9336, "hphfpdID": "000001", "pdbset": null, "lrpepxh": -1.0, "finallr": 858.0565, "lrpepelmh": -1.0, "template": "1k8a:TW(0.58,0.60,14/30,4,0)", "viralprotein_id": 12754, "lrsm": 1.1641, "id": 6517584, "lrpepxv": -1.0, "lrredundpairs": 0.7707, "humanprotein_id": 4793, "vphfpdID": "000531.e593_1207@1wqs_A.8"}, {"lrredund": 21.3884, "lrpepelmv": 201.9336, "hphfpdID": "000002", "pdbset": null, "lrpepxh": -1.0, "finallr": 4319.038, "lrpepelmh": -1.0, "template": "", "viralprotein_id": 12754, "lrsm": -1.0, "id": 6517781, "lrpepxv": 2.59, "lrredundpairs": -1.0, "humanprotein_id": 6315, "vphfpdID": "000531@2iph_A.4"}, {"lrredund": 2.3254, "lrpepelmv": -1.0, "hphfpdID": "017345", "pdbset": null, "lrpepxh": -1.0, "finallr": 144.8956, "lrpepelmh": -1.0, "template": "2zjq:QV(0.55,0.30,16/36,8,6)", "viralprotein_id": 12754, "lrsm": 1.2265, "id": 6518713, "lrpepxv": 62.31, "lrredundpairs": -1.0, "humanprotein_id": 3910, "vphfpdID": "000531.e593_1207@1wqs_A.8"}, {"lrredund": 4.2492, "lrpepelmv": -1.0, "hphfpdID": "008899", "pdbset": null, "lrpepxh": -1.0, "finallr": 149.4305, "lrpepelmh": -1.0, "template": "2qqe:BA(0.47,0.10,196/241,84,123)", "viralprotein_id": 12754, "lrsm": 35.1668, "id": 6518857, "lrpepxv": -1.0, "lrredundpairs": -1.0, "humanprotein_id": 2925, "vphfpdID": "000531.e463_639@5gjq_H.1"}, {"lrredund": 4.2492, "lrpepelmv": -1.0, "hphfpdID": "002895.d432_614", "pdbset": null, "lrpepxh": -1.0, "finallr": 144.6041, "lrpepelmh": -1.0, "template": "2pze:BA(0.53,0.03,57/89,41,47)", "viralprotein_id": 12754, "lrsm": 34.0309, "id": 6519167, "lrpepxv": -1.0, "lrredundpairs": -1.0, "humanprotein_id": 3753, "vphfpdID": "000531.e463_639@3vfd_A.19"}, {"lrredund": 2.3254, "lrpepelmv": 201.9336, "hphfpdID": "000005", "pdbset": null, "lrpepxh": -1.0, "finallr": 469.5765, "lrpepelmh": -1.0, "template": "", "viralprotein_id": 12754, "lrsm": -1.0, "id": 6519401, "lrpepxv": 2.59, "lrredundpairs": -1.0, "humanprotein_id": 4794, "vphfpdID": "000531@4in2_A.5"}]