[{"lrredund": -1.0, "lrpepelmv": 137.2032, "hphfpdID": "000003", "pdbset": null, "lrpepxh": -1.0, "finallr": 137.2032, "lrpepelmh": -1.0, "template": "", "viralprotein_id": 12237, "lrsm": -1.0, "id": 3463478, "lrpepxv": -1.0, "lrredundpairs": -1.0, "humanprotein_id": 6857, "vphfpdID": "000043@5k6k_A.22"}, {"lrredund": 21.3884, "lrpepelmv": -1.0, "hphfpdID": "016615.e139_320", "pdbset": null, "lrpepxh": -1.0, "finallr": 539.7672, "lrpepelmh": -1.0, "template": "2yw7:EC(0.04,0.07,10/35,8,4)", "viralprotein_id": 12237, "lrsm": 25.2364, "id": 3463508, "lrpepxv": -1.0, "lrredundpairs": -1.0, "humanprotein_id": 5095, "vphfpdID": "000043.g2504_2565@5jjs_A.2"}, {"lrredund": 21.3884, "lrpepelmv": -1.0, "hphfpdID": "007747", "pdbset": null, "lrpepxh": -1.0, "finallr": 166.727, "lrpepelmh": -1.0, "template": "3ldq:BA(0.24,0.02,54/80,36,45)", "viralprotein_id": 12237, "lrsm": 7.7952, "id": 3463696, "lrpepxv": -1.0, "lrredundpairs": 0.7707, "humanprotein_id": 3627, "vphfpdID": "000043.e675_778@5ire_A.1"}, {"lrredund": 2.0764, "lrpepelmv": -1.0, "hphfpdID": "014574.g129_211", "pdbset": null, "lrpepxh": -1.0, "finallr": 205.9844, "lrpepelmh": -1.0, "template": "3pdy:AB(0.03,0.06,1/86,2,1)", "viralprotein_id": 12237, "lrsm": 99.2027, "id": 3463805, "lrpepxv": -1.0, "lrredundpairs": -1.0, "humanprotein_id": 4483, "vphfpdID": "000043.e675_778@3j2p_A.2"}, {"lrredund": 19.2898, "lrpepelmv": -1.0, "hphfpdID": "018800.d596_685", "pdbset": null, "lrpepxh": -1.0, "finallr": 115.7521, "lrpepelmh": -1.0, "template": "4am0:SB(0.12,0.25,19/19,13,14)", "viralprotein_id": 12237, "lrsm": 6.0007, "id": 3463963, "lrpepxv": -1.0, "lrredundpairs": -1.0, "humanprotein_id": 4109, "vphfpdID": "000043.e582_679@1z3r_A.2"}, {"lrredund": 3.8142, "lrpepelmv": 50.5585, "hphfpdID": "014240.d115_228", "pdbset": null, "lrpepxh": -1.0, "finallr": 192.8402, "lrpepelmh": -1.0, "template": "3hqb:BA(0.37,0.50,61/73,26,24)", "viralprotein_id": 12237, "lrsm": 2.4771, "id": 3463974, "lrpepxv": -1.0, "lrredundpairs": -1.0, "humanprotein_id": 3056, "vphfpdID": "000043.g1990_2113@2vbc_A.9"}, {"lrredund": 21.3884, "lrpepelmv": -1.0, "hphfpdID": "005354.e1937_2414", "pdbset": null, "lrpepxh": -1.0, "finallr": 727.8665, "lrpepelmh": -1.0, "template": "4icg:AB(0.23,0.31,55/127,42,55)", "viralprotein_id": 12237, "lrsm": 34.0309, "id": 3464027, "lrpepxv": -1.0, "lrredundpairs": -1.0, "humanprotein_id": 7033, "vphfpdID": "000043.g2504_2565@4k6m_A.1"}, {"lrredund": -1.0, "lrpepelmv": -1.0, "hphfpdID": "016141.e284_522", "pdbset": null, "lrpepxh": -1.0, "finallr": 151.4063, "lrpepelmh": -1.0, "template": "4fzs:BA(0.07,0.00,56/175,31,35)", "viralprotein_id": 12237, "lrsm": 151.4063, "id": 3464204, "lrpepxv": -1.0, "lrredundpairs": -1.0, "humanprotein_id": 7434, "vphfpdID": "000043.e1_132"}, {"lrredund": 21.3884, "lrpepelmv": 137.2032, "hphfpdID": "000006", "pdbset": null, "lrpepxh": -1.0, "finallr": 2934.559, "lrpepelmh": -1.0, "template": "1gn4:CA(0.49,0.44,42/215,22,23)", "viralprotein_id": 12237, "lrsm": 1.5568, "id": 3464302, "lrpepxv": -1.0, "lrredundpairs": -1.0, "humanprotein_id": 4514, "vphfpdID": "000043.e1511_1679@2wzq_A.8"}, {"lrredund": 1.2535, "lrpepelmv": -1.0, "hphfpdID": "001659", "pdbset": null, "lrpepxh": -1.0, "finallr": 124.3505, "lrpepelmh": -1.0, "template": "1g73:AC(0.07,0.01,7/47,7,4)", "viralprotein_id": 12237, "lrsm": 99.2027, "id": 3464492, "lrpepxv": -1.0, "lrredundpairs": -1.0, "humanprotein_id": 7388, "vphfpdID": "000043.e675_778@5ire_A.1"}, {"lrredund": 21.3884, "lrpepelmv": -1.0, "hphfpdID": "007725.d40_193", "pdbset": null, "lrpepxh": -1.0, "finallr": 166.0387, "lrpepelmh": -1.0, "template": "2k5b:BA(0.33,0.05,69/140,38,63)", "viralprotein_id": 12237, "lrsm": 7.763, "id": 3464502, "lrpepxv": -1.0, "lrredundpairs": -1.0, "humanprotein_id": 3138, "vphfpdID": "000043.e675_778@5ire_A.1"}, {"lrredund": 21.3884, "lrpepelmv": -1.0, "hphfpdID": "001452", "pdbset": null, "lrpepxh": -1.0, "finallr": 393.8285, "lrpepelmh": -1.0, "template": "2dts:BA(0.36,0.18,102/124,43,46)", "viralprotein_id": 12237, "lrsm": 18.4132, "id": 3465060, "lrpepxv": -1.0, "lrredundpairs": 0.7707, "humanprotein_id": 6282, "vphfpdID": "000043.e582_679@1z3r_A.2"}, {"lrredund": 21.3884, "lrpepelmv": -1.0, "hphfpdID": "017281.d481_584", "pdbset": null, "lrpepxh": -1.0, "finallr": 155.1801, "lrpepelmh": -1.0, "template": "1gtv:BA(0.59,0.51,730/3064,53,27)", "viralprotein_id": 12237, "lrsm": 7.2553, "id": 3465119, "lrpepxv": -1.0, "lrredundpairs": -1.0, "humanprotein_id": 5906, "vphfpdID": "000043.d1775_1989@5gjc_A.6"}, {"lrredund": 1.0145, "lrpepelmv": 9.7912, "hphfpdID": "013478.d135_229", "pdbset": null, "lrpepxh": -1.0, "finallr": 100.6411, "lrpepelmh": -1.0, "template": "2clb:OM(0.05,0.04,1/90,1,0)", "viralprotein_id": 12237, "lrsm": 99.2027, "id": 3465366, "lrpepxv": -1.0, "lrredundpairs": -1.0, "humanprotein_id": 5792, "vphfpdID": "000043.g2504_2565@4k6m_A.1"}, {"lrredund": -1.0, "lrpepelmv": 137.2032, "hphfpdID": "000005", "pdbset": null, "lrpepxh": -1.0, "finallr": 137.2032, "lrpepelmh": -1.0, "template": "", "viralprotein_id": 12237, "lrsm": -1.0, "id": 3465503, "lrpepxv": -1.0, "lrredundpairs": -1.0, "humanprotein_id": 4794, "vphfpdID": "000043@5gs6_A.23"}, {"lrredund": 3.5815, "lrpepelmv": -1.0, "hphfpdID": "017284.e87_316", "pdbset": null, "lrpepxh": -1.0, "finallr": 121.8816, "lrpepelmh": -1.0, "template": "3bua:BA(0.56,0.02,60/125,41,55)", "viralprotein_id": 12237, "lrsm": 34.0309, "id": 3465786, "lrpepxv": -1.0, "lrredundpairs": -1.0, "humanprotein_id": 7960, "vphfpdID": "000043.g2504_2565@4k6m_A.1"}, {"lrredund": 21.3884, "lrpepelmv": -1.0, "hphfpdID": "018500.d533_608", "pdbset": null, "lrpepxh": -1.0, "finallr": 237.5326, "lrpepelmh": -1.0, "template": "1wr1:BA(0.35,0.04,77/79,22,14)", "viralprotein_id": 12237, "lrsm": 11.1057, "id": 3465791, "lrpepxv": -1.0, "lrredundpairs": 0.7707, "humanprotein_id": 3463, "vphfpdID": "000043.g1990_2113@5gjc_A.14"}, {"lrredund": 21.3884, "lrpepelmv": 15.8041, "hphfpdID": "016613.e557_714", "pdbset": null, "lrpepxh": -1.0, "finallr": 338.0243, "lrpepelmh": -1.0, "template": "3kvp:DC(0.41,0.48,37/72,6,1)", "viralprotein_id": 12237, "lrsm": 1.2265, "id": 3466035, "lrpepxv": -1.0, "lrredundpairs": -1.0, "humanprotein_id": 5161, "vphfpdID": "000043.e777_1140@5gs6_A.3"}, {"lrredund": 15.8699, "lrpepelmv": -1.0, "hphfpdID": "002673", "pdbset": null, "lrpepxh": -1.0, "finallr": 130.2548, "lrpepelmh": -1.0, "template": "1h28:DC(0.58,0.01,70/165,43,56)", "viralprotein_id": 12237, "lrsm": 8.2077, "id": 3466126, "lrpepxv": 2.59, "lrredundpairs": 1.1877, "humanprotein_id": 4427, "vphfpdID": "000043.e1_132"}, {"lrredund": 2.0764, "lrpepelmv": -1.0, "hphfpdID": "016427.d890_971", "pdbset": null, "lrpepxh": -1.0, "finallr": 205.9844, "lrpepelmh": -1.0, "template": "2d5k:CA(0.04,0.04,1/76,2,1)", "viralprotein_id": 12237, "lrsm": 99.2027, "id": 3466395, "lrpepxv": -1.0, "lrredundpairs": -1.0, "humanprotein_id": 7485, "vphfpdID": "000043.g2504_2565@5jjs_A.2"}, {"lrredund": 4.2492, "lrpepelmv": -1.0, "hphfpdID": "001026.e454_552", "pdbset": null, "lrpepxh": -1.0, "finallr": 107.2347, "lrpepelmh": -1.0, "template": "4apo:BA(0.06,0.12,15/59,12,12)", "viralprotein_id": 12237, "lrsm": 25.2364, "id": 3466597, "lrpepxv": -1.0, "lrredundpairs": 0.7707, "humanprotein_id": 4437, "vphfpdID": "000043.e675_778@3j2p_A.2"}, {"lrredund": 2.3254, "lrpepelmv": -1.0, "hphfpdID": "013789", "pdbset": null, "lrpepxh": -1.0, "finallr": 230.6859, "lrpepelmh": -1.0, "template": "1avo:NB(0.03,0.02,29/125,15,13)", "viralprotein_id": 12237, "lrsm": 99.2027, "id": 3466719, "lrpepxv": -1.0, "lrredundpairs": 0.7707, "humanprotein_id": 6243, "vphfpdID": "000043.e675_778@5ire_A.1"}, {"lrredund": -1.0, "lrpepelmv": -1.0, "hphfpdID": "003517.e3062_3177", "pdbset": null, "lrpepxh": -1.0, "finallr": 240.91, "lrpepelmh": -1.0, "template": "3u1j:BE(0.01,0.09,86/86,38,63)", "viralprotein_id": 12237, "lrsm": 240.91, "id": 3467075, "lrpepxv": -1.0, "lrredundpairs": -1.0, "humanprotein_id": 3694, "vphfpdID": "000043.e1511_1679@3u1j_B.3"}, {"lrredund": 21.3884, "lrpepelmv": 4.8562, "hphfpdID": "007227.d56_328", "pdbset": null, "lrpepxh": -1.0, "finallr": 103.8657, "lrpepelmh": -1.0, "template": "", "viralprotein_id": 12237, "lrsm": -1.0, "id": 3467182, "lrpepxv": 2.59, "lrredundpairs": -1.0, "humanprotein_id": 5539, "vphfpdID": "000043@1urz_A.15"}, {"lrredund": 2.0764, "lrpepelmv": -1.0, "hphfpdID": "015683.e163_221", "pdbset": null, "lrpepxh": -1.0, "finallr": 205.9844, "lrpepelmh": -1.0, "template": "4dcn:DC(0.07,0.02,7/155,4,3)", "viralprotein_id": 12237, "lrsm": 99.2027, "id": 3467187, "lrpepxv": -1.0, "lrredundpairs": 0.7707, "humanprotein_id": 7938, "vphfpdID": "000043.g1990_2113@5gjc_A.14"}, {"lrredund": -1.0, "lrpepelmv": -1.0, "hphfpdID": "019069", "pdbset": null, "lrpepxh": -1.0, "finallr": 253.7161, "lrpepelmh": -1.0, "template": "3u1j:BE(0.08,0.05,80/86,41,63)", "viralprotein_id": 12237, "lrsm": 253.7161, "id": 3467494, "lrpepxv": -1.0, "lrredundpairs": -1.0, "humanprotein_id": 15198, "vphfpdID": "000043.e1511_1679@3l6p_A.6"}, {"lrredund": 19.2898, "lrpepelmv": -1.0, "hphfpdID": "016730", "pdbset": null, "lrpepxh": -1.0, "finallr": 163.8705, "lrpepelmh": -1.0, "template": "2lk6:BA(0.40,0.53,143/154,41,87)", "viralprotein_id": 12237, "lrsm": 8.4952, "id": 3467513, "lrpepxv": -1.0, "lrredundpairs": 0.7707, "humanprotein_id": 6290, "vphfpdID": "000043.e1511_1679@2vbc_A.7"}, {"lrredund": 21.3884, "lrpepelmv": 137.2032, "hphfpdID": "000007", "pdbset": null, "lrpepxh": -1.0, "finallr": 2934.559, "lrpepelmh": -1.0, "template": "", "viralprotein_id": 12237, "lrsm": -1.0, "id": 3467652, "lrpepxv": -1.0, "lrredundpairs": -1.0, "humanprotein_id": 6393, "vphfpdID": "000043@2oxt_A.20"}, {"lrredund": -1.0, "lrpepelmv": -1.0, "hphfpdID": "019070.e380_454", "pdbset": null, "lrpepxh": -1.0, "finallr": 253.7161, "lrpepelmh": -1.0, "template": "3u1j:BE(0.08,0.10,71/86,41,60)", "viralprotein_id": 12237, "lrsm": 253.7161, "id": 3467654, "lrpepxv": -1.0, "lrredundpairs": -1.0, "humanprotein_id": 13597, "vphfpdID": "000043.e1511_1679@3l6p_A.6"}, {"lrredund": -1.0, "lrpepelmv": -1.0, "hphfpdID": "000599.e189_330", "pdbset": null, "lrpepxh": -1.0, "finallr": 119.2807, "lrpepelmh": -1.0, "template": "4apo:BA(0.06,0.00,32/59,10,3)", "viralprotein_id": 12237, "lrsm": 119.2807, "id": 3467655, "lrpepxv": -1.0, "lrredundpairs": -1.0, "humanprotein_id": 876, "vphfpdID": "000043.e675_778@3j2p_A.2"}, {"lrredund": 1.2535, "lrpepelmv": -1.0, "hphfpdID": "010070.e1_93", "pdbset": null, "lrpepxh": -1.0, "finallr": 124.3505, "lrpepelmh": -1.0, "template": "2bkc:PR(0.04,0.03,1/40,1,0)", "viralprotein_id": 12237, "lrsm": 99.2027, "id": 3467658, "lrpepxv": -1.0, "lrredundpairs": -1.0, "humanprotein_id": 10976, "vphfpdID": "000043.g2504_2565@5jjs_A.2"}, {"lrredund": -1.0, "lrpepelmv": -1.0, "hphfpdID": "000963.e308_364", "pdbset": null, "lrpepxh": -1.0, "finallr": 253.7161, "lrpepelmh": -1.0, "template": "2ijo:BI(0.13,0.06,84/88,41,64)", "viralprotein_id": 12237, "lrsm": 253.7161, "id": 3467837, "lrpepxv": -1.0, "lrredundpairs": -1.0, "humanprotein_id": 6916, "vphfpdID": "000043.e1511_1679@2whx_A.5"}, {"lrredund": 21.3884, "lrpepelmv": -1.0, "hphfpdID": "004076.d108_222", "pdbset": null, "lrpepxh": -1.0, "finallr": 204.4193, "lrpepelmh": -1.0, "template": "1nvo:AB(0.35,0.24,124/157,46,90)", "viralprotein_id": 12237, "lrsm": 9.5575, "id": 3467912, "lrpepxv": -1.0, "lrredundpairs": -1.0, "humanprotein_id": 4894, "vphfpdID": "000043.e675_778@5ire_A.1"}, {"lrredund": 21.3884, "lrpepelmv": 17.9524, "hphfpdID": "001751.e1_73", "pdbset": null, "lrpepxh": -1.0, "finallr": 383.9742, "lrpepelmh": -1.0, "template": "2gr7:DB(0.57,0.43,2/2,2,0)", "viralprotein_id": 12237, "lrsm": 1.3385, "id": 3468031, "lrpepxv": -1.0, "lrredundpairs": -1.0, "humanprotein_id": 5041, "vphfpdID": "000043.e777_1140@4o6c_A.1"}, {"lrredund": 21.3884, "lrpepelmv": -1.0, "hphfpdID": "011519.e1_119", "pdbset": null, "lrpepxh": -1.0, "finallr": 181.6986, "lrpepelmh": -1.0, "template": "2lk6:AB(0.47,0.39,147/154,43,98)", "viralprotein_id": 12237, "lrsm": 8.4952, "id": 3468490, "lrpepxv": -1.0, "lrredundpairs": -1.0, "humanprotein_id": 3074, "vphfpdID": "000043.e1511_1679@2vbc_A.7"}, {"lrredund": 4.2492, "lrpepelmv": 22.0743, "hphfpdID": "003886.e123_236", "pdbset": null, "lrpepxh": -1.0, "finallr": 144.6041, "lrpepelmh": -1.0, "template": "4afq:BD(0.43,0.13,60/104,41,48)", "viralprotein_id": 12237, "lrsm": 34.0309, "id": 3468769, "lrpepxv": -1.0, "lrredundpairs": 0.7707, "humanprotein_id": 5294, "vphfpdID": "000043.e1511_1679@2whx_A.5"}, {"lrredund": -1.0, "lrpepelmv": -1.0, "hphfpdID": "016347.e1_130", "pdbset": null, "lrpepxh": -1.0, "finallr": 240.91, "lrpepelmh": -1.0, "template": "3u1j:BE(0.08,0.02,80/86,40,62)", "viralprotein_id": 12237, "lrsm": 240.91, "id": 3468952, "lrpepxv": -1.0, "lrredundpairs": -1.0, "humanprotein_id": 1465, "vphfpdID": "000043.e1511_1679@3l6p_A.6"}, {"lrredund": 2.0764, "lrpepelmv": -1.0, "hphfpdID": "001038", "pdbset": null, "lrpepxh": -1.0, "finallr": 205.9844, "lrpepelmh": -1.0, "template": "4dcn:CA(0.04,0.04,20/75,15,20)", "viralprotein_id": 12237, "lrsm": 99.2027, "id": 3469388, "lrpepxv": -1.0, "lrredundpairs": 0.7707, "humanprotein_id": 6332, "vphfpdID": "000043.e675_778@3j2p_A.2"}, {"lrredund": 21.3884, "lrpepelmv": 22.0743, "hphfpdID": "007144", "pdbset": null, "lrpepxh": -1.0, "finallr": 472.1351, "lrpepelmh": -1.0, "template": "3kvp:CD(0.56,0.31,56/72,21,14)", "viralprotein_id": 12237, "lrsm": 1.7387, "id": 3469968, "lrpepxv": -1.0, "lrredundpairs": 0.7707, "humanprotein_id": 6385, "vphfpdID": "000043.e777_1140@5gs6_A.3"}, {"lrredund": -1.0, "lrpepelmv": -1.0, "hphfpdID": "017356.e1_94", "pdbset": null, "lrpepxh": -1.0, "finallr": 253.7161, "lrpepelmh": -1.0, "template": "3u1j:BE(0.14,0.05,82/86,41,62)", "viralprotein_id": 12237, "lrsm": 253.7161, "id": 3470667, "lrpepxv": -1.0, "lrredundpairs": -1.0, "humanprotein_id": 5387, "vphfpdID": "000043.e1511_1679@2whx_A.5"}, {"lrredund": 2.0764, "lrpepelmv": -1.0, "hphfpdID": "013217.d659_848", "pdbset": null, "lrpepxh": -1.0, "finallr": 205.9844, "lrpepelmh": -1.0, "template": "3pdy:AB(0.03,0.05,1/86,2,1)", "viralprotein_id": 12237, "lrsm": 99.2027, "id": 3470739, "lrpepxv": -1.0, "lrredundpairs": -1.0, "humanprotein_id": 7866, "vphfpdID": "000043.e675_778@3j2p_A.2"}, {"lrredund": 4.2492, "lrpepelmv": 137.2032, "hphfpdID": "000004", "pdbset": null, "lrpepxh": -1.0, "finallr": 583.0042, "lrpepelmh": -1.0, "template": "3r84:XD(0.59,0.60,30/61,10,6)", "viralprotein_id": 12237, "lrsm": 1.1641, "id": 3471188, "lrpepxv": -1.0, "lrredundpairs": 0.7707, "humanprotein_id": 6298, "vphfpdID": "000043.g1990_2113@2wv9_A.3"}, {"lrredund": 2.3254, "lrpepelmv": -1.0, "hphfpdID": "019144", "pdbset": null, "lrpepxh": -1.0, "finallr": 230.6859, "lrpepelmh": -1.0, "template": "1g73:AC(0.07,0.03,7/47,7,4)", "viralprotein_id": 12237, "lrsm": 99.2027, "id": 3471813, "lrpepxv": -1.0, "lrredundpairs": -1.0, "humanprotein_id": 6617, "vphfpdID": "000043.e675_778@5ire_A.1"}, {"lrredund": -1.0, "lrpepelmv": -1.0, "hphfpdID": "013476.d753_804", "pdbset": null, "lrpepxh": -1.0, "finallr": 185.6693, "lrpepelmh": -1.0, "template": "2ijo:BI(0.02,0.06,88/88,39,59)", "viralprotein_id": 12237, "lrsm": 240.91, "id": 3472355, "lrpepxv": -1.0, "lrredundpairs": 0.7707, "humanprotein_id": 2493, "vphfpdID": "000043.e1511_1679@2ijo_B.12"}, {"lrredund": -1.0, "lrpepelmv": -1.0, "hphfpdID": "006200.e187_349", "pdbset": null, "lrpepxh": -1.0, "finallr": 119.2807, "lrpepelmh": -1.0, "template": "4apo:BA(0.06,0.02,28/59,13,19)", "viralprotein_id": 12237, "lrsm": 119.2807, "id": 3472866, "lrpepxv": -1.0, "lrredundpairs": -1.0, "humanprotein_id": 18801, "vphfpdID": "000043.e675_778@3j2p_A.2"}, {"lrredund": 21.3884, "lrpepelmv": -1.0, "hphfpdID": "010507.d93_206", "pdbset": null, "lrpepxh": -1.0, "finallr": 216.2808, "lrpepelmh": -1.0, "template": "1nvo:AB(0.35,0.42,130/157,43,74)", "viralprotein_id": 12237, "lrsm": 10.1121, "id": 3472897, "lrpepxv": -1.0, "lrredundpairs": -1.0, "humanprotein_id": 4475, "vphfpdID": "000043.e675_778@5ire_A.1"}, {"lrredund": -1.0, "lrpepelmv": -1.0, "hphfpdID": "000598", "pdbset": null, "lrpepxh": -1.0, "finallr": 119.2807, "lrpepelmh": -1.0, "template": "4apo:BA(0.06,0.00,32/59,15,19)", "viralprotein_id": 12237, "lrsm": 119.2807, "id": 3473139, "lrpepxv": -1.0, "lrredundpairs": -1.0, "humanprotein_id": 18246, "vphfpdID": "000043.e675_778@3j2p_A.2"}, {"lrredund": 15.8699, "lrpepelmv": -1.0, "hphfpdID": "016448.e1_99", "pdbset": null, "lrpepxh": -1.0, "finallr": 151.6763, "lrpepelmh": -1.0, "template": "2ggv:BA(0.04,0.56,128/265,43,21)", "viralprotein_id": 12237, "lrsm": 9.5575, "id": 3473210, "lrpepxv": -1.0, "lrredundpairs": 0.7707, "humanprotein_id": 7393, "vphfpdID": "000043.e1511_1679@3e90_B.18"}, {"lrredund": 4.2492, "lrpepelmv": -1.0, "hphfpdID": "014953.d101_167", "pdbset": null, "lrpepxh": -1.0, "finallr": 140.7094, "lrpepelmh": -1.0, "template": "2uub:CE(0.13,0.04,6/7,5,3)", "viralprotein_id": 12237, "lrsm": 33.1143, "id": 3473941, "lrpepxv": -1.0, "lrredundpairs": 0.7707, "humanprotein_id": 3905, "vphfpdID": "000043.g1990_2113@2z83_A.4"}, {"lrredund": 21.3884, "lrpepelmv": -1.0, "hphfpdID": "013899.d444_603", "pdbset": null, "lrpepxh": -1.0, "finallr": 107.5723, "lrpepelmh": -1.0, "template": "2lk6:BA(0.44,0.44,125/154,19,19)", "viralprotein_id": 12237, "lrsm": 5.0295, "id": 3473984, "lrpepxv": -1.0, "lrredundpairs": -1.0, "humanprotein_id": 1240, "vphfpdID": "000043.e1511_1679@2fp7_B.16"}, {"lrredund": -1.0, "lrpepelmv": -1.0, "hphfpdID": "016348.e248_332", "pdbset": null, "lrpepxh": -1.0, "finallr": 253.7161, "lrpepelmh": -1.0, "template": "3u1j:BE(0.14,0.05,82/86,41,62)", "viralprotein_id": 12237, "lrsm": 253.7161, "id": 3474372, "lrpepxv": -1.0, "lrredundpairs": -1.0, "humanprotein_id": 1459, "vphfpdID": "000043.e1511_1679@2whx_A.5"}, {"lrredund": 0.5125, "lrpepelmv": -1.0, "hphfpdID": "017355.e52_122", "pdbset": null, "lrpepxh": -1.0, "finallr": 123.4664, "lrpepelmh": -1.0, "template": "3u1j:BE(0.04,0.05,86/86,36,50)", "viralprotein_id": 12237, "lrsm": 240.91, "id": 3474378, "lrpepxv": -1.0, "lrredundpairs": -1.0, "humanprotein_id": 3599, "vphfpdID": "000043.e1511_1679@3e90_B.18"}, {"lrredund": 19.2898, "lrpepelmv": -1.0, "hphfpdID": "006178.e810_907", "pdbset": null, "lrpepxh": -1.0, "finallr": 656.4492, "lrpepelmh": -1.0, "template": "4lsd:DB(0.45,0.12,59/76,41,49)", "viralprotein_id": 12237, "lrsm": 34.0309, "id": 3474573, "lrpepxv": -1.0, "lrredundpairs": -1.0, "humanprotein_id": 2856, "vphfpdID": "000043.e582_679@1z3r_A.2"}, {"lrredund": 4.2492, "lrpepelmv": -1.0, "hphfpdID": "010333", "pdbset": null, "lrpepxh": -1.0, "finallr": 107.2347, "lrpepelmh": -1.0, "template": "2hyi:CA(0.14,0.00,11/166,8,5)", "viralprotein_id": 12237, "lrsm": 25.2364, "id": 3474832, "lrpepxv": -1.0, "lrredundpairs": -1.0, "humanprotein_id": 6246, "vphfpdID": "000043.d1856_1955@5gjb_A.7"}, {"lrredund": 3.5815, "lrpepelmv": 137.2032, "hphfpdID": "000001", "pdbset": null, "lrpepxh": -1.0, "finallr": 491.3936, "lrpepelmh": -1.0, "template": "1ids:AC(0.57,0.60,47/213,26,26)", "viralprotein_id": 12237, "lrsm": 1.4777, "id": 3474844, "lrpepxv": -1.0, "lrredundpairs": 0.7707, "humanprotein_id": 4793, "vphfpdID": "000043.e1511_1679@2wv9_A.14"}, {"lrredund": -1.0, "lrpepelmv": -1.0, "hphfpdID": "016349", "pdbset": null, "lrpepxh": -1.0, "finallr": 253.7161, "lrpepelmh": -1.0, "template": "3u1j:BE(0.08,0.06,80/86,42,66)", "viralprotein_id": 12237, "lrsm": 253.7161, "id": 3474978, "lrpepxv": -1.0, "lrredundpairs": -1.0, "humanprotein_id": 5452, "vphfpdID": "000043.e1511_1679@3l6p_A.6"}, {"lrredund": 2.0764, "lrpepelmv": -1.0, "hphfpdID": "016018.d474_605", "pdbset": null, "lrpepxh": -1.0, "finallr": 137.4477, "lrpepelmh": -1.0, "template": "2hjv:BA(0.17,0.02,55/62,30,30)", "viralprotein_id": 12237, "lrsm": 66.1952, "id": 3475006, "lrpepxv": -1.0, "lrredundpairs": -1.0, "humanprotein_id": 1695, "vphfpdID": "000043.d1856_1955@2bmf_A.9"}, {"lrredund": -1.0, "lrpepelmv": -1.0, "hphfpdID": "013785.e68_239", "pdbset": null, "lrpepxh": -1.0, "finallr": 151.4063, "lrpepelmh": -1.0, "template": "1avo:HD(0.03,0.00,39/130,23,22)", "viralprotein_id": 12237, "lrsm": 151.4063, "id": 3475053, "lrpepxv": -1.0, "lrredundpairs": -1.0, "humanprotein_id": 19005, "vphfpdID": "000043.e675_778@5ire_A.1"}, {"lrredund": 19.2898, "lrpepelmv": -1.0, "hphfpdID": "005209.d106_189", "pdbset": null, "lrpepxh": -1.0, "finallr": 106.0689, "lrpepelmh": -1.0, "template": "2j0q:AD(0.33,0.06,5/11,6,2)", "viralprotein_id": 12237, "lrsm": 5.4987, "id": 3475098, "lrpepxv": -1.0, "lrredundpairs": 0.7707, "humanprotein_id": 8007, "vphfpdID": "000043.e1659_1825@2jls_A.5"}, {"lrredund": -1.0, "lrpepelmv": -1.0, "hphfpdID": "003521.e2874_2944", "pdbset": null, "lrpepxh": -1.0, "finallr": 195.539, "lrpepelmh": -1.0, "template": "3u1j:BE(0.08,0.05,80/86,42,66)", "viralprotein_id": 12237, "lrsm": 253.7161, "id": 3475569, "lrpepxv": -1.0, "lrredundpairs": 0.7707, "humanprotein_id": 6758, "vphfpdID": "000043.e1511_1679@3l6p_A.6"}, {"lrredund": 15.8699, "lrpepelmv": 9.4001, "hphfpdID": "001509.e418_498", "pdbset": null, "lrpepxh": -1.0, "finallr": 162.588, "lrpepelmh": -1.0, "template": "4ne1:IM(0.46,0.60,54/239,41,44)", "viralprotein_id": 12237, "lrsm": 10.2451, "id": 3475642, "lrpepxv": -1.0, "lrredundpairs": 0.7707, "humanprotein_id": 2598, "vphfpdID": "000043.g2504_2565@4k6m_A.1"}, {"lrredund": 15.8699, "lrpepelmv": -1.0, "hphfpdID": "007726.d35_188", "pdbset": null, "lrpepxh": -1.0, "finallr": 123.1984, "lrpepelmh": -1.0, "template": "2k5b:BA(0.33,0.02,69/140,39,67)", "viralprotein_id": 12237, "lrsm": 7.763, "id": 3475727, "lrpepxv": -1.0, "lrredundpairs": -1.0, "humanprotein_id": 3176, "vphfpdID": "000043.e675_778@5ire_A.1"}, {"lrredund": 21.3884, "lrpepelmv": -1.0, "hphfpdID": "005478.e262_551", "pdbset": null, "lrpepxh": -1.0, "finallr": 482.533, "lrpepelmh": -1.0, "template": "1pq6:CD(0.57,0.21,60/78,42,48)", "viralprotein_id": 12237, "lrsm": 22.5605, "id": 3475898, "lrpepxv": -1.0, "lrredundpairs": -1.0, "humanprotein_id": 2880, "vphfpdID": "000043.e1_132"}, {"lrredund": 21.3884, "lrpepelmv": -1.0, "hphfpdID": "003962.d92_178", "pdbset": null, "lrpepxh": -1.0, "finallr": 204.4193, "lrpepelmh": -1.0, "template": "2ggv:BA(0.08,0.50,150/265,55,88)", "viralprotein_id": 12237, "lrsm": 9.5575, "id": 3475921, "lrpepxv": -1.0, "lrredundpairs": 0.7707, "humanprotein_id": 6447, "vphfpdID": "000043.e1511_1679@3u1j_B.3"}, {"lrredund": 21.3884, "lrpepelmv": -1.0, "hphfpdID": "004136.d455_590", "pdbset": null, "lrpepxh": -1.0, "finallr": 219.339, "lrpepelmh": -1.0, "template": "4icg:AB(0.32,0.57,119/127,47,44)", "viralprotein_id": 12237, "lrsm": 10.255, "id": 3476098, "lrpepxv": -1.0, "lrredundpairs": -1.0, "humanprotein_id": 7444, "vphfpdID": "000043.e1_132"}, {"lrredund": -1.0, "lrpepelmv": -1.0, "hphfpdID": "005394", "pdbset": null, "lrpepxh": -1.0, "finallr": 195.539, "lrpepelmh": -1.0, "template": "3u1j:BE(0.14,0.03,82/86,42,65)", "viralprotein_id": 12237, "lrsm": 253.7161, "id": 3476201, "lrpepxv": -1.0, "lrredundpairs": 0.7707, "humanprotein_id": 2635, "vphfpdID": "000043.e1511_1679@2whx_A.5"}, {"lrredund": 1.2535, "lrpepelmv": -1.0, "hphfpdID": "001660.e1_98", "pdbset": null, "lrpepxh": -1.0, "finallr": 124.3505, "lrpepelmh": -1.0, "template": "1g73:AC(0.07,0.03,7/47,7,4)", "viralprotein_id": 12237, "lrsm": 99.2027, "id": 3476437, "lrpepxv": -1.0, "lrredundpairs": -1.0, "humanprotein_id": 7387, "vphfpdID": "000043.e675_778@5ire_A.1"}, {"lrredund": -1.0, "lrpepelmv": -1.0, "hphfpdID": "003616", "pdbset": null, "lrpepxh": -1.0, "finallr": 151.4063, "lrpepelmh": -1.0, "template": "1jts:UQ(0.07,0.03,24/71,21,23)", "viralprotein_id": 12237, "lrsm": 151.4063, "id": 3476644, "lrpepxv": -1.0, "lrredundpairs": -1.0, "humanprotein_id": 15646, "vphfpdID": "000043.g2504_2565@5jjs_A.2"}, {"lrredund": 21.3884, "lrpepelmv": -1.0, "hphfpdID": "007744.d499_743", "pdbset": null, "lrpepxh": -1.0, "finallr": 2121.786, "lrpepelmh": -1.0, "template": "4fzs:AB(0.07,0.03,12/175,10,10)", "viralprotein_id": 12237, "lrsm": 99.2027, "id": 3476933, "lrpepxv": 2.59, "lrredundpairs": 0.7707, "humanprotein_id": 4876, "vphfpdID": "000043.e1_132"}, {"lrredund": -1.0, "lrpepelmv": -1.0, "hphfpdID": "003629.e1070_1125", "pdbset": null, "lrpepxh": -1.0, "finallr": 240.91, "lrpepelmh": -1.0, "template": "2ijo:BI(0.03,0.04,88/88,31,41)", "viralprotein_id": 12237, "lrsm": 240.91, "id": 3476965, "lrpepxv": -1.0, "lrredundpairs": -1.0, "humanprotein_id": 8386, "vphfpdID": "000043.e1511_1679@5gj4_B.10"}, {"lrredund": 21.3884, "lrpepelmv": -1.0, "hphfpdID": "005158.d818_927", "pdbset": null, "lrpepxh": -1.0, "finallr": 108.061, "lrpepelmh": -1.0, "template": "1ev0:BA(0.54,0.57,124/202,50,83)", "viralprotein_id": 12237, "lrsm": 5.0523, "id": 3477057, "lrpepxv": -1.0, "lrredundpairs": 0.7707, "humanprotein_id": 2711, "vphfpdID": "000043.d1856_1955@5gjc_A.6"}, {"lrredund": 21.3884, "lrpepelmv": -1.0, "hphfpdID": "017454.e670_835", "pdbset": null, "lrpepxh": -1.0, "finallr": 181.6986, "lrpepelmh": -1.0, "template": "1nvo:AB(0.35,0.45,136/157,44,52)", "viralprotein_id": 12237, "lrsm": 8.4952, "id": 3477381, "lrpepxv": -1.0, "lrredundpairs": -1.0, "humanprotein_id": 7296, "vphfpdID": "000043.e675_778@5ire_A.1"}, {"lrredund": 4.2492, "lrpepelmv": -1.0, "hphfpdID": "004699", "pdbset": null, "lrpepxh": -1.0, "finallr": 178.2539, "lrpepelmh": -1.0, "template": "1ieb:BA(0.41,0.19,68/383,36,40)", "viralprotein_id": 12237, "lrsm": 3.0181, "id": 3477632, "lrpepxv": 41.95, "lrredundpairs": 0.7707, "humanprotein_id": 4544, "vphfpdID": "000043.e117_206"}, {"lrredund": 3.5815, "lrpepelmv": 22.0743, "hphfpdID": "011072.e1_107", "pdbset": null, "lrpepxh": -1.0, "finallr": 121.8816, "lrpepelmh": -1.0, "template": "4afq:BD(0.43,0.07,59/104,41,48)", "viralprotein_id": 12237, "lrsm": 34.0309, "id": 3477670, "lrpepxv": 2.59, "lrredundpairs": 0.7707, "humanprotein_id": 3940, "vphfpdID": "000043.e1511_1679@2whx_A.5"}, {"lrredund": -1.0, "lrpepelmv": -1.0, "hphfpdID": "013782", "pdbset": null, "lrpepxh": -1.0, "finallr": 116.6889, "lrpepelmh": -1.0, "template": "1avo:HD(0.03,0.01,39/130,21,21)", "viralprotein_id": 12237, "lrsm": 151.4063, "id": 3477695, "lrpepxv": -1.0, "lrredundpairs": 0.7707, "humanprotein_id": 6908, "vphfpdID": "000043.e675_778@5ire_A.1"}, {"lrredund": 4.2492, "lrpepelmv": -1.0, "hphfpdID": "004471.d455_536", "pdbset": null, "lrpepxh": -1.0, "finallr": 107.2347, "lrpepelmh": -1.0, "template": "2jlz:BA(0.01,0.18,6/48,1,0)", "viralprotein_id": 12237, "lrsm": 25.2364, "id": 3477915, "lrpepxv": -1.0, "lrredundpairs": -1.0, "humanprotein_id": 998, "vphfpdID": "000043.d1775_1989@2jlw_A.15"}, {"lrredund": 21.3884, "lrpepelmv": 137.2032, "hphfpdID": "000002", "pdbset": null, "lrpepxh": -1.0, "finallr": 2934.559, "lrpepelmh": -1.0, "template": "1gn4:CA(0.45,0.50,40/215,24,32)", "viralprotein_id": 12237, "lrsm": 1.5568, "id": 3477998, "lrpepxv": -1.0, "lrredundpairs": 0.7707, "humanprotein_id": 6315, "vphfpdID": "000043.e1511_1679@2whx_A.5"}, {"lrredund": -1.0, "lrpepelmv": -1.0, "hphfpdID": "000708.e187_284", "pdbset": null, "lrpepxh": -1.0, "finallr": 240.91, "lrpepelmh": -1.0, "template": "3u1j:BE(0.09,0.01,75/86,26,21)", "viralprotein_id": 12237, "lrsm": 240.91, "id": 3478196, "lrpepxv": -1.0, "lrredundpairs": -1.0, "humanprotein_id": 2858, "vphfpdID": "000043.e1511_1679@4r8t_B.19"}, {"lrredund": 19.2898, "lrpepelmv": -1.0, "hphfpdID": "018501", "pdbset": null, "lrpepxh": -1.0, "finallr": 115.7521, "lrpepelmh": -1.0, "template": "2oob:AB(0.31,0.06,42/44,16,21)", "viralprotein_id": 12237, "lrsm": 6.0007, "id": 3478245, "lrpepxv": -1.0, "lrredundpairs": 0.7707, "humanprotein_id": 1286, "vphfpdID": "000043.g1990_2113@5gjc_A.14"}, {"lrredund": 21.3884, "lrpepelmv": -1.0, "hphfpdID": "014262.d1_78", "pdbset": null, "lrpepxh": -1.0, "finallr": 166.727, "lrpepelmh": -1.0, "template": "2o6v:BA(0.33,0.06,32/61,24,31)", "viralprotein_id": 12237, "lrsm": 7.7952, "id": 3478265, "lrpepxv": 2.59, "lrredundpairs": -1.0, "humanprotein_id": 5865, "vphfpdID": "000043.g1310_1510"}, {"lrredund": 4.2492, "lrpepelmv": -1.0, "hphfpdID": "000878.e342_434", "pdbset": null, "lrpepxh": -1.0, "finallr": 107.2347, "lrpepelmh": -1.0, "template": "4fzs:BA(0.07,0.05,12/175,9,7)", "viralprotein_id": 12237, "lrsm": 25.2364, "id": 3478700, "lrpepxv": 3.84, "lrredundpairs": -1.0, "humanprotein_id": 5615, "vphfpdID": "000043.e1_132"}, {"lrredund": -1.0, "lrpepelmv": -1.0, "hphfpdID": "019067", "pdbset": null, "lrpepxh": -1.0, "finallr": 195.539, "lrpepelmh": -1.0, "template": "3u1j:BE(0.08,0.04,80/86,41,66)", "viralprotein_id": 12237, "lrsm": 253.7161, "id": 3478714, "lrpepxv": -1.0, "lrredundpairs": 0.7707, "humanprotein_id": 11550, "vphfpdID": "000043.e1511_1679@3l6p_A.6"}, {"lrredund": 21.3884, "lrpepelmv": -1.0, "hphfpdID": "000172.d365_549", "pdbset": null, "lrpepxh": -1.0, "finallr": 418.9087, "lrpepelmh": -1.0, "template": "1lr1:BA(0.45,0.51,220/273,53,107)", "viralprotein_id": 12237, "lrsm": 19.5858, "id": 3479339, "lrpepxv": -1.0, "lrredundpairs": -1.0, "humanprotein_id": 2981, "vphfpdID": "000043.e675_778@5ire_A.1"}, {"lrredund": 21.3884, "lrpepelmv": -1.0, "hphfpdID": "016729", "pdbset": null, "lrpepxh": -1.0, "finallr": 102.7509, "lrpepelmh": -1.0, "template": "2oob:AB(0.38,0.22,42/44,21,34)", "viralprotein_id": 12237, "lrsm": 4.804, "id": 3479415, "lrpepxv": -1.0, "lrredundpairs": 0.7707, "humanprotein_id": 6415, "vphfpdID": "000043.g1990_2113@5gjb_A.16"}, {"lrredund": 21.3884, "lrpepelmv": -1.0, "hphfpdID": "007197.e1_403", "pdbset": null, "lrpepxh": -1.0, "finallr": 166.727, "lrpepelmh": -1.0, "template": "3ldq:BA(0.24,0.13,54/80,34,43)", "viralprotein_id": 12237, "lrsm": 7.7952, "id": 3479862, "lrpepxv": -1.0, "lrredundpairs": 0.7707, "humanprotein_id": 3620, "vphfpdID": "000043.e675_778@5ire_A.1"}]