[{"lrredund": -1.0, "lrpepelmv": 137.2032, "hphfpdID": "000005", "pdbset": null, "lrpepxh": -1.0, "finallr": 137.2032, "lrpepelmh": -1.0, "template": "", "viralprotein_id": 14186, "lrsm": -1.0, "id": 45143613, "lrpepxv": -1.0, "lrredundpairs": -1.0, "humanprotein_id": 4794, "vphfpdID": "001945@5fhc_K.1"}, {"lrredund": -1.0, "lrpepelmv": -1.0, "hphfpdID": "008085.e1_141", "pdbset": null, "lrpepxh": -1.0, "finallr": 130.17, "lrpepelmh": -1.0, "template": "3s88:IL(0.02,0.07,8/8,5,5)", "viralprotein_id": 14186, "lrsm": 130.17, "id": 45144012, "lrpepxv": -1.0, "lrredundpairs": -1.0, "humanprotein_id": 2652, "vphfpdID": "001945.e1_296@3s88_I.2"}, {"lrredund": -1.0, "lrpepelmv": 137.2032, "hphfpdID": "000001", "pdbset": null, "lrpepxh": -1.0, "finallr": 137.2032, "lrpepelmh": -1.0, "template": "", "viralprotein_id": 14186, "lrsm": -1.0, "id": 45144079, "lrpepxv": -1.0, "lrredundpairs": -1.0, "humanprotein_id": 4793, "vphfpdID": "001945@5fhc_K.1"}, {"lrredund": -1.0, "lrpepelmv": 137.2032, "hphfpdID": "000006", "pdbset": null, "lrpepxh": -1.0, "finallr": 137.2032, "lrpepelmh": -1.0, "template": "", "viralprotein_id": 14186, "lrsm": -1.0, "id": 45144100, "lrpepxv": -1.0, "lrredundpairs": -1.0, "humanprotein_id": 4514, "vphfpdID": "001945@3s88_I.2"}, {"lrredund": -1.0, "lrpepelmv": -1.0, "hphfpdID": "018366", "pdbset": null, "lrpepxh": -1.0, "finallr": 130.17, "lrpepelmh": -1.0, "template": "3ve0:IB(0.03,0.05,6/6,5,4)", "viralprotein_id": 14186, "lrsm": 130.17, "id": 45144119, "lrpepxv": -1.0, "lrredundpairs": -1.0, "humanprotein_id": 2895, "vphfpdID": "001945@3ve0_I.3"}, {"lrredund": -1.0, "lrpepelmv": -1.0, "hphfpdID": "002628.e1_134", "pdbset": null, "lrpepxh": -1.0, "finallr": 119.2807, "lrpepelmh": -1.0, "template": "3s88:IH(0.02,0.06,29/70,20,20)", "viralprotein_id": 14186, "lrsm": 119.2807, "id": 45144637, "lrpepxv": -1.0, "lrredundpairs": -1.0, "humanprotein_id": 3618, "vphfpdID": "001945.e1_296@3s88_I.2"}, {"lrredund": 2.0764, "lrpepelmv": -1.0, "hphfpdID": "002604.e1_122", "pdbset": null, "lrpepxh": -1.0, "finallr": 270.2851, "lrpepelmh": -1.0, "template": "3s88:IL(0.02,0.08,8/8,4,3)", "viralprotein_id": 14186, "lrsm": 130.17, "id": 45144648, "lrpepxv": -1.0, "lrredundpairs": -1.0, "humanprotein_id": 2803, "vphfpdID": "001945.e1_296@3s88_I.2"}, {"lrredund": -1.0, "lrpepelmv": -1.0, "hphfpdID": "018901.d38_117", "pdbset": null, "lrpepxh": -1.0, "finallr": 119.2807, "lrpepelmh": -1.0, "template": "3csy:OG(0.03,0.05,3/7,3,1)", "viralprotein_id": 14186, "lrsm": 119.2807, "id": 45144675, "lrpepxv": -1.0, "lrredundpairs": -1.0, "humanprotein_id": 18927, "vphfpdID": "001945.e1_296@5fhc_K.1"}, {"lrredund": -1.0, "lrpepelmv": 137.2032, "hphfpdID": "000007", "pdbset": null, "lrpepxh": -1.0, "finallr": 137.2032, "lrpepelmh": -1.0, "template": "", "viralprotein_id": 14186, "lrsm": -1.0, "id": 45144759, "lrpepxv": -1.0, "lrredundpairs": -1.0, "humanprotein_id": 6393, "vphfpdID": "001945@3s88_I.2"}, {"lrredund": -1.0, "lrpepelmv": -1.0, "hphfpdID": "004071.e1_152", "pdbset": null, "lrpepxh": -1.0, "finallr": 130.17, "lrpepelmh": -1.0, "template": "3s88:IL(0.02,0.06,8/8,4,3)", "viralprotein_id": 14186, "lrsm": 130.17, "id": 45144975, "lrpepxv": -1.0, "lrredundpairs": -1.0, "humanprotein_id": 3946, "vphfpdID": "001945.e1_296@3s88_I.2"}, {"lrredund": 21.3884, "lrpepelmv": -1.0, "hphfpdID": "001751.e1_73", "pdbset": null, "lrpepxh": -1.0, "finallr": 175.5488, "lrpepelmh": -1.0, "template": "3csy:KL(0.05,0.54,99/236,43,32)", "viralprotein_id": 14186, "lrsm": 8.2077, "id": 45145303, "lrpepxv": -1.0, "lrredundpairs": -1.0, "humanprotein_id": 5041, "vphfpdID": "001945.e1_296@5fhc_K.1"}, {"lrredund": -1.0, "lrpepelmv": 137.2032, "hphfpdID": "000004", "pdbset": null, "lrpepxh": -1.0, "finallr": 137.2032, "lrpepelmh": -1.0, "template": "", "viralprotein_id": 14186, "lrsm": -1.0, "id": 45145902, "lrpepxv": -1.0, "lrredundpairs": -1.0, "humanprotein_id": 6298, "vphfpdID": "001945@5fhc_K.1"}, {"lrredund": -1.0, "lrpepelmv": -1.0, "hphfpdID": "010596.e1_137", "pdbset": null, "lrpepxh": -1.0, "finallr": 130.17, "lrpepelmh": -1.0, "template": "3ve0:IA(0.03,0.06,36/38,16,13)", "viralprotein_id": 14186, "lrsm": 130.17, "id": 45146119, "lrpepxv": -1.0, "lrredundpairs": -1.0, "humanprotein_id": 10269, "vphfpdID": "001945@3ve0_I.3"}, {"lrredund": -1.0, "lrpepelmv": -1.0, "hphfpdID": "008083.e133_292", "pdbset": null, "lrpepxh": -1.0, "finallr": 169.0977, "lrpepelmh": -1.0, "template": "3s88:IH(0.02,0.08,35/70,21,31)", "viralprotein_id": 14186, "lrsm": 169.0977, "id": 45146274, "lrpepxv": -1.0, "lrredundpairs": -1.0, "humanprotein_id": 1909, "vphfpdID": "001945.e1_296@3s88_I.2"}, {"lrredund": -1.0, "lrpepelmv": -1.0, "hphfpdID": "002620", "pdbset": null, "lrpepxh": -1.0, "finallr": 130.17, "lrpepelmh": -1.0, "template": "3s88:IL(0.02,0.08,8/8,4,4)", "viralprotein_id": 14186, "lrsm": 130.17, "id": 45147401, "lrpepxv": -1.0, "lrredundpairs": -1.0, "humanprotein_id": 3276, "vphfpdID": "001945.e1_296@3s88_I.2"}, {"lrredund": -1.0, "lrpepelmv": -1.0, "hphfpdID": "015901.e150_263", "pdbset": null, "lrpepxh": -1.0, "finallr": 119.2807, "lrpepelmh": -1.0, "template": "3s88:IL(0.02,0.06,4/8,3,2)", "viralprotein_id": 14186, "lrsm": 119.2807, "id": 45147579, "lrpepxv": -1.0, "lrredundpairs": -1.0, "humanprotein_id": 9004, "vphfpdID": "001945.e1_296@3s88_I.2"}, {"lrredund": -1.0, "lrpepelmv": 137.2032, "hphfpdID": "000003", "pdbset": null, "lrpepxh": -1.0, "finallr": 137.2032, "lrpepelmh": -1.0, "template": "", "viralprotein_id": 14186, "lrsm": -1.0, "id": 45147623, "lrpepxv": -1.0, "lrredundpairs": -1.0, "humanprotein_id": 6857, "vphfpdID": "001945@5fhc_K.1"}, {"lrredund": -1.0, "lrpepelmv": 137.2032, "hphfpdID": "000002", "pdbset": null, "lrpepxh": -1.0, "finallr": 137.2032, "lrpepelmh": -1.0, "template": "", "viralprotein_id": 14186, "lrsm": -1.0, "id": 45148036, "lrpepxv": -1.0, "lrredundpairs": -1.0, "humanprotein_id": 6315, "vphfpdID": "001945@3ve0_I.3"}, {"lrredund": 21.3884, "lrpepelmv": -1.0, "hphfpdID": "006178.e689_810", "pdbset": null, "lrpepxh": -1.0, "finallr": 117.6084, "lrpepelmh": -1.0, "template": "3s88:IH(0.02,0.35,31/70,11,0)", "viralprotein_id": 14186, "lrsm": 5.4987, "id": 45148786, "lrpepxv": -1.0, "lrredundpairs": -1.0, "humanprotein_id": 2856, "vphfpdID": "001945.e1_296@3s88_I.2"}, {"lrredund": 21.3884, "lrpepelmv": 96.2413, "hphfpdID": "000007", "pdbset": null, "lrpepxh": -1.0, "finallr": 2058.446, "lrpepelmh": -1.0, "template": "2gf4:BA(0.55,0.44,40/73,17,20)", "viralprotein_id": 14187, "lrsm": 1.2265, "id": 96011006, "lrpepxv": -1.0, "lrredundpairs": -1.0, "humanprotein_id": 6393, "vphfpdID": "001946"}, {"lrredund": 19.2898, "lrpepelmv": 20.7326, "hphfpdID": "007144.d1_56", "pdbset": null, "lrpepxh": -1.0, "finallr": 399.9274, "lrpepelmh": -1.0, "template": "2b0z:BA(0.51,0.25,4/51,5,4)", "viralprotein_id": 14187, "lrsm": 1.2142, "id": 96011392, "lrpepxv": -1.0, "lrredundpairs": 1.1877, "humanprotein_id": 6385, "vphfpdID": "001946.e142_287"}, {"lrredund": 20.9141, "lrpepelmv": 7.4157, "hphfpdID": "005478", "pdbset": null, "lrpepxh": -1.0, "finallr": 155.0917, "lrpepelmh": -1.0, "template": "1zei:DB(0.34,0.53,11/22,9,5)", "viralprotein_id": 14187, "lrsm": 1.2265, "id": 96011466, "lrpepxv": -1.0, "lrredundpairs": -1.0, "humanprotein_id": 2880, "vphfpdID": "001946.e142_287"}, {"lrredund": 15.8699, "lrpepelmv": 20.7326, "hphfpdID": "016466.e142_262", "pdbset": null, "lrpepxh": -1.0, "finallr": 329.024, "lrpepelmh": -1.0, "template": "2waq:QH(0.54,0.53,26/56,18,12)", "viralprotein_id": 14187, "lrsm": 1.1641, "id": 96012796, "lrpepxv": -1.0, "lrredundpairs": 1.1877, "humanprotein_id": 3727, "vphfpdID": "001946.e142_287"}, {"lrredund": 19.2898, "lrpepelmv": 6.0558, "hphfpdID": "003962.e140_331", "pdbset": null, "lrpepxh": -1.0, "finallr": 116.8142, "lrpepelmh": -1.0, "template": "", "viralprotein_id": 14187, "lrsm": -1.0, "id": 96012972, "lrpepxv": -1.0, "lrredundpairs": 0.7707, "humanprotein_id": 6447, "vphfpdID": "001946"}, {"lrredund": 15.8699, "lrpepelmv": 9.3373, "hphfpdID": "001349.d2679_3055", "pdbset": null, "lrpepxh": -1.0, "finallr": 148.1822, "lrpepelmh": -1.0, "template": "", "viralprotein_id": 14187, "lrsm": -1.0, "id": 96013595, "lrpepxv": -1.0, "lrredundpairs": -1.0, "humanprotein_id": 7312, "vphfpdID": "001946"}, {"lrredund": 15.8699, "lrpepelmv": 96.2413, "hphfpdID": "000002", "pdbset": null, "lrpepxh": -1.0, "finallr": 1527.339, "lrpepelmh": -1.0, "template": "3k1s:GB(0.60,0.34,1/1,0,0)", "viralprotein_id": 14187, "lrsm": 1.3385, "id": 96015279, "lrpepxv": -1.0, "lrredundpairs": -1.0, "humanprotein_id": 6315, "vphfpdID": "001946.e142_287"}, {"lrredund": 21.3884, "lrpepelmv": -1.0, "hphfpdID": "013262.e1_123", "pdbset": null, "lrpepxh": -1.0, "finallr": 113.8494, "lrpepelmh": -1.0, "template": "2cnp:AB(0.54,0.44,141/252,42,60)", "viralprotein_id": 14187, "lrsm": 5.323, "id": 96015285, "lrpepxv": -1.0, "lrredundpairs": -1.0, "humanprotein_id": 3784, "vphfpdID": "001946.e142_287"}, {"lrredund": 20.9141, "lrpepelmv": -1.0, "hphfpdID": "018500.d533_608", "pdbset": null, "lrpepxh": -1.0, "finallr": 527.7975, "lrpepelmh": -1.0, "template": "3v7o:AB(0.00,0.18,2/190,3,2)", "viralprotein_id": 14187, "lrsm": 25.2364, "id": 96015864, "lrpepxv": -1.0, "lrredundpairs": 0.7707, "humanprotein_id": 3463, "vphfpdID": "001946.e142_287"}, {"lrredund": 2.3254, "lrpepelmv": 96.2413, "hphfpdID": "000003", "pdbset": null, "lrpepxh": -1.0, "finallr": 223.7994, "lrpepelmh": -1.0, "template": "1u7j:BA(0.39,0.58,71/147,14,0)", "viralprotein_id": 14187, "lrsm": 1.5595, "id": 96016057, "lrpepxv": -1.0, "lrredundpairs": -1.0, "humanprotein_id": 6857, "vphfpdID": "001946.e142_287"}, {"lrredund": 4.2492, "lrpepelmv": 96.2413, "hphfpdID": "000004", "pdbset": null, "lrpepxh": -1.0, "finallr": 408.9483, "lrpepelmh": -1.0, "template": "3k1s:GB(0.60,0.50,1/1,1,0)", "viralprotein_id": 14187, "lrsm": 1.2704, "id": 96016196, "lrpepxv": -1.0, "lrredundpairs": -1.0, "humanprotein_id": 6298, "vphfpdID": "001946.e142_287"}, {"lrredund": 4.2492, "lrpepelmv": 96.2413, "hphfpdID": "000001", "pdbset": null, "lrpepxh": -1.0, "finallr": 408.9483, "lrpepelmh": -1.0, "template": "3k1s:GH(0.60,0.40,3/70,2,1)", "viralprotein_id": 14187, "lrsm": 1.02, "id": 96016873, "lrpepxv": -1.0, "lrredundpairs": -1.0, "humanprotein_id": 4793, "vphfpdID": "001946.e142_287"}, {"lrredund": 15.8699, "lrpepelmv": -1.0, "hphfpdID": "018501.e80_165", "pdbset": null, "lrpepxh": -1.0, "finallr": 400.4998, "lrpepelmh": -1.0, "template": "3v7o:AB(0.00,0.17,2/190,3,2)", "viralprotein_id": 14187, "lrsm": 25.2364, "id": 96017422, "lrpepxv": -1.0, "lrredundpairs": 1.1877, "humanprotein_id": 1286, "vphfpdID": "001946.e142_287"}, {"lrredund": 21.3884, "lrpepelmv": 20.7326, "hphfpdID": "016615.e139_320", "pdbset": null, "lrpepxh": -1.0, "finallr": 443.4368, "lrpepelmh": -1.0, "template": "1u7j:BA(0.39,0.20,76/147,26,8)", "viralprotein_id": 14187, "lrsm": 3.109, "id": 96017440, "lrpepxv": -1.0, "lrredundpairs": -1.0, "humanprotein_id": 5095, "vphfpdID": "001946.e142_287"}, {"lrredund": 15.8699, "lrpepelmv": -1.0, "hphfpdID": "011519.g120_294", "pdbset": null, "lrpepxh": -1.0, "finallr": 127.9634, "lrpepelmh": -1.0, "template": "2lo0:BA(0.56,0.49,139/165,49,63)", "viralprotein_id": 14187, "lrsm": 8.0633, "id": 96017705, "lrpepxv": -1.0, "lrredundpairs": -1.0, "humanprotein_id": 3074, "vphfpdID": "001946.e142_287"}, {"lrredund": 21.3884, "lrpepelmv": 20.7326, "hphfpdID": "016613.e1_135", "pdbset": null, "lrpepxh": -1.0, "finallr": 443.4368, "lrpepelmh": -1.0, "template": "1nh2:BD(0.34,0.56,61/99,26,22)", "viralprotein_id": 14187, "lrsm": 1.7316, "id": 96019018, "lrpepxv": -1.0, "lrredundpairs": -1.0, "humanprotein_id": 5161, "vphfpdID": "001946.e142_287"}, {"lrredund": 19.2898, "lrpepelmv": 4.1867, "hphfpdID": "001509.e418_498", "pdbset": null, "lrpepxh": -1.0, "finallr": 155.539, "lrpepelmh": -1.0, "template": "2lo0:BA(0.56,0.50,144/165,46,52)", "viralprotein_id": 14187, "lrsm": 8.0633, "id": 96019333, "lrpepxv": -1.0, "lrredundpairs": 1.1877, "humanprotein_id": 2598, "vphfpdID": "001946.e142_287"}, {"lrredund": 15.8699, "lrpepelmv": 96.2413, "hphfpdID": "000006", "pdbset": null, "lrpepxh": -1.0, "finallr": 1527.339, "lrpepelmh": -1.0, "template": "4lto:CB(0.40,0.36,2/116,3,1)", "viralprotein_id": 14187, "lrsm": 1.2142, "id": 96019722, "lrpepxv": -1.0, "lrredundpairs": -1.0, "humanprotein_id": 4514, "vphfpdID": "001946.e142_287"}, {"lrredund": 2.0764, "lrpepelmv": 72.805, "hphfpdID": "000003", "pdbset": null, "lrpepxh": -1.0, "finallr": 151.1722, "lrpepelmh": -1.0, "template": "", "viralprotein_id": 14188, "lrsm": -1.0, "id": 11008196, "lrpepxv": -1.0, "lrredundpairs": -1.0, "humanprotein_id": 6857, "vphfpdID": "001947"}, {"lrredund": 21.3884, "lrpepelmv": -1.0, "hphfpdID": "006178.e559_615", "pdbset": null, "lrpepxh": -1.0, "finallr": 102.7509, "lrpepelmh": -1.0, "template": "2rkz:CE(0.51,0.09,36/39,21,18)", "viralprotein_id": 14188, "lrsm": 4.804, "id": 11008259, "lrpepxv": -1.0, "lrredundpairs": -1.0, "humanprotein_id": 2856, "vphfpdID": "001947.d44_295@4ldi_A.5"}, {"lrredund": 21.3884, "lrpepelmv": 72.805, "hphfpdID": "000006", "pdbset": null, "lrpepxh": -1.0, "finallr": 1557.181, "lrpepelmh": -1.0, "template": "", "viralprotein_id": 14188, "lrsm": -1.0, "id": 11010328, "lrpepxv": -1.0, "lrredundpairs": -1.0, "humanprotein_id": 4514, "vphfpdID": "001947"}, {"lrredund": 21.3884, "lrpepelmv": 72.805, "hphfpdID": "000007", "pdbset": null, "lrpepxh": -1.0, "finallr": 1557.181, "lrpepelmh": -1.0, "template": "", "viralprotein_id": 14188, "lrsm": -1.0, "id": 11011674, "lrpepxv": -1.0, "lrredundpairs": -1.0, "humanprotein_id": 6393, "vphfpdID": "001947"}, {"lrredund": 3.5815, "lrpepelmv": 72.805, "hphfpdID": "000004", "pdbset": null, "lrpepxh": -1.0, "finallr": 260.751, "lrpepelmh": -1.0, "template": "", "viralprotein_id": 14188, "lrsm": -1.0, "id": 11012706, "lrpepxv": -1.0, "lrredundpairs": -1.0, "humanprotein_id": 6298, "vphfpdID": "001947"}, {"lrredund": 21.3884, "lrpepelmv": 15.8041, "hphfpdID": "007144.e56_156", "pdbset": null, "lrpepxh": -1.0, "finallr": 338.0243, "lrpepelmh": -1.0, "template": "3kvp:BE(0.51,0.25,58/67,25,20)", "viralprotein_id": 14188, "lrsm": 3.1848, "id": 11015438, "lrpepxv": -1.0, "lrredundpairs": -1.0, "humanprotein_id": 6385, "vphfpdID": "001947"}, {"lrredund": 21.3884, "lrpepelmv": 72.805, "hphfpdID": "000002", "pdbset": null, "lrpepxh": -1.0, "finallr": 1557.181, "lrpepelmh": -1.0, "template": "", "viralprotein_id": 14188, "lrsm": -1.0, "id": 11015485, "lrpepxv": -1.0, "lrredundpairs": -1.0, "humanprotein_id": 6315, "vphfpdID": "001947"}, {"lrredund": 21.3884, "lrpepelmv": -1.0, "hphfpdID": "005567.d200_296", "pdbset": null, "lrpepxh": -1.0, "finallr": 102.7509, "lrpepelmh": -1.0, "template": "3kvp:EB(0.38,0.19,57/67,24,14)", "viralprotein_id": 14188, "lrsm": 4.804, "id": 11015523, "lrpepxv": -1.0, "lrredundpairs": -1.0, "humanprotein_id": 3874, "vphfpdID": "001947.d44_295@3tcq_A.2"}, {"lrredund": 3.5815, "lrpepelmv": 72.805, "hphfpdID": "000001", "pdbset": null, "lrpepxh": -1.0, "finallr": 260.751, "lrpepelmh": -1.0, "template": "", "viralprotein_id": 14188, "lrsm": -1.0, "id": 11019151, "lrpepxv": -1.0, "lrredundpairs": -1.0, "humanprotein_id": 4793, "vphfpdID": "001947"}, {"lrredund": 20.9141, "lrpepelmv": -1.0, "hphfpdID": "016448", "pdbset": null, "lrpepxh": -1.0, "finallr": 115.0004, "lrpepelmh": -1.0, "template": "2o6v:HC(0.19,0.20,14/18,4,0)", "viralprotein_id": 14190, "lrsm": 5.4987, "id": 9754736, "lrpepxv": -1.0, "lrredundpairs": 0.7707, "humanprotein_id": 7393, "vphfpdID": "001949.g269_329@4lg2_A.2"}, {"lrredund": 15.8699, "lrpepelmv": -1.0, "hphfpdID": "001452", "pdbset": null, "lrpepxh": -1.0, "finallr": 110.7665, "lrpepelmh": -1.0, "template": "1za6:GH(0.21,0.18,44/182,26,25)", "viralprotein_id": 14190, "lrsm": 6.9797, "id": 9754757, "lrpepxv": -1.0, "lrredundpairs": -1.0, "humanprotein_id": 6282, "vphfpdID": "001949.g269_329@4ibe_A.6"}, {"lrredund": 20.9141, "lrpepelmv": -1.0, "hphfpdID": "005354.d1990_2099", "pdbset": null, "lrpepxh": -1.0, "finallr": 100.4723, "lrpepelmh": -1.0, "template": "4ije:BA(0.04,0.56,47/58,23,30)", "viralprotein_id": 14190, "lrsm": 4.804, "id": 9755230, "lrpepxv": -1.0, "lrredundpairs": -1.0, "humanprotein_id": 7033, "vphfpdID": "001949"}, {"lrredund": 15.8699, "lrpepelmv": -1.0, "hphfpdID": "002626.e1_127", "pdbset": null, "lrpepxh": -1.0, "finallr": 110.7665, "lrpepelmh": -1.0, "template": "1nc2:CD(0.21,0.15,41/204,22,30)", "viralprotein_id": 14190, "lrsm": 6.9797, "id": 9755504, "lrpepxv": -1.0, "lrredundpairs": -1.0, "humanprotein_id": 2804, "vphfpdID": "001949.g269_329@4ibe_A.6"}, {"lrredund": 19.2898, "lrpepelmv": -1.0, "hphfpdID": "010507.e200_298", "pdbset": null, "lrpepxh": -1.0, "finallr": 106.0689, "lrpepelmh": -1.0, "template": "1f9n:CA(0.21,0.17,18/44,9,6)", "viralprotein_id": 14190, "lrsm": 5.4987, "id": 9755929, "lrpepxv": 2.59, "lrredundpairs": -1.0, "humanprotein_id": 4475, "vphfpdID": "001949.g269_329@4ijf_A.4"}, {"lrredund": 20.9141, "lrpepelmv": -1.0, "hphfpdID": "018500", "pdbset": null, "lrpepxh": -1.0, "finallr": 115.0004, "lrpepelmh": -1.0, "template": "2o6v:HC(0.19,0.08,14/18,8,6)", "viralprotein_id": 14190, "lrsm": 5.4987, "id": 9755976, "lrpepxv": -1.0, "lrredundpairs": -1.0, "humanprotein_id": 3463, "vphfpdID": "001949.g269_329@4lg2_A.2"}, {"lrredund": 20.9141, "lrpepelmv": -1.0, "hphfpdID": "000172.d132_188", "pdbset": null, "lrpepxh": -1.0, "finallr": 100.4723, "lrpepelmh": -1.0, "template": "2fkl:BA(0.58,0.02,51/62,21,20)", "viralprotein_id": 14190, "lrsm": 4.804, "id": 9756182, "lrpepxv": -1.0, "lrredundpairs": -1.0, "humanprotein_id": 2981, "vphfpdID": "001949.g269_329@3ks8_A.1"}, {"lrredund": 15.8699, "lrpepelmv": 6.3442, "hphfpdID": "001349.d2715_2964", "pdbset": null, "lrpepxh": -1.0, "finallr": 100.682, "lrpepelmh": -1.0, "template": "4ng2:FK(0.40,0.42,2/31,1,0)", "viralprotein_id": 14190, "lrsm": 1.02, "id": 9756241, "lrpepxv": -1.0, "lrredundpairs": -1.0, "humanprotein_id": 7312, "vphfpdID": "001949.d178_268"}, {"lrredund": 20.9141, "lrpepelmv": -1.0, "hphfpdID": "007744.d499_701", "pdbset": null, "lrpepxh": -1.0, "finallr": 168.6361, "lrpepelmh": -1.0, "template": "1h0t:AB(0.48,0.57,153/166,41,65)", "viralprotein_id": 14190, "lrsm": 8.0633, "id": 9756912, "lrpepxv": -1.0, "lrredundpairs": 0.7707, "humanprotein_id": 4876, "vphfpdID": "001949.d178_268"}, {"lrredund": 15.8699, "lrpepelmv": -1.0, "hphfpdID": "014262.e226_317", "pdbset": null, "lrpepxh": -1.0, "finallr": 127.9634, "lrpepelmh": -1.0, "template": "2b87:BA(0.50,0.54,146/159,41,54)", "viralprotein_id": 14190, "lrsm": 8.0633, "id": 9757174, "lrpepxv": -1.0, "lrredundpairs": 0.7707, "humanprotein_id": 5865, "vphfpdID": "001949.d178_268"}, {"lrredund": 15.8699, "lrpepelmv": -1.0, "hphfpdID": "011137.e1_121", "pdbset": null, "lrpepxh": -1.0, "finallr": 104.1065, "lrpepelmh": -1.0, "template": "2gjh:AB(0.39,0.38,36/106,21,26)", "viralprotein_id": 14190, "lrsm": 1.8531, "id": 9757418, "lrpepxv": 6.56, "lrredundpairs": 0.7707, "humanprotein_id": 8207, "vphfpdID": "001949.g269_329@4ijf_A.4"}, {"lrredund": 20.9141, "lrpepelmv": -1.0, "hphfpdID": "005567.d9_86", "pdbset": null, "lrpepxh": -1.0, "finallr": 115.0004, "lrpepelmh": -1.0, "template": "2o6v:HC(0.19,0.17,14/18,3,0)", "viralprotein_id": 14190, "lrsm": 5.4987, "id": 9757492, "lrpepxv": -1.0, "lrredundpairs": -1.0, "humanprotein_id": 3874, "vphfpdID": "001949.g269_329@4lg2_A.2"}, {"lrredund": 20.9141, "lrpepelmv": -1.0, "hphfpdID": "005209.d106_189", "pdbset": null, "lrpepxh": -1.0, "finallr": 232.2652, "lrpepelmh": -1.0, "template": "4a8x:BA(0.29,0.06,76/94,22,30)", "viralprotein_id": 14190, "lrsm": 11.1057, "id": 9757848, "lrpepxv": -1.0, "lrredundpairs": 1.1877, "humanprotein_id": 8007, "vphfpdID": "001949.g269_329@4ijf_A.4"}, {"lrredund": 20.9141, "lrpepelmv": 22.0743, "hphfpdID": "016466", "pdbset": null, "lrpepxh": -1.0, "finallr": 461.6652, "lrpepelmh": -1.0, "template": "", "viralprotein_id": 14190, "lrsm": -1.0, "id": 9758266, "lrpepxv": -1.0, "lrredundpairs": -1.0, "humanprotein_id": 3727, "vphfpdID": "001949"}, {"lrredund": 20.9141, "lrpepelmv": 96.2413, "hphfpdID": "000006", "pdbset": null, "lrpepxh": -1.0, "finallr": 2012.799, "lrpepelmh": -1.0, "template": "1yz5:AB(0.52,0.10,50/102,24,32)", "viralprotein_id": 14190, "lrsm": 2.0697, "id": 9758888, "lrpepxv": -1.0, "lrredundpairs": -1.0, "humanprotein_id": 4514, "vphfpdID": "001949.d178_268"}, {"lrredund": 4.0064, "lrpepelmv": 96.2413, "hphfpdID": "000001", "pdbset": null, "lrpepxh": -1.0, "finallr": 385.581, "lrpepelmh": -1.0, "template": "1yz5:AB(0.52,0.08,52/102,26,34)", "viralprotein_id": 14190, "lrsm": 3.1219, "id": 9759383, "lrpepxv": -1.0, "lrredundpairs": -1.0, "humanprotein_id": 4793, "vphfpdID": "001949.d178_268"}, {"lrredund": 19.2898, "lrpepelmv": -1.0, "hphfpdID": "017454.e185_251", "pdbset": null, "lrpepxh": -1.0, "finallr": 104.7436, "lrpepelmh": -1.0, "template": "4lbf:CB(0.31,0.27,13/32,11,9)", "viralprotein_id": 14190, "lrsm": 2.2022, "id": 9760312, "lrpepxv": 5.43, "lrredundpairs": -1.0, "humanprotein_id": 7296, "vphfpdID": "001949.g269_329@4ijf_A.4"}, {"lrredund": 20.9141, "lrpepelmv": 96.2413, "hphfpdID": "000002", "pdbset": null, "lrpepxh": -1.0, "finallr": 2012.799, "lrpepelmh": -1.0, "template": "1yz5:AB(0.52,0.11,50/102,24,33)", "viralprotein_id": 14190, "lrsm": 2.0697, "id": 9760682, "lrpepxv": -1.0, "lrredundpairs": -1.0, "humanprotein_id": 6315, "vphfpdID": "001949.d178_268"}, {"lrredund": 20.9141, "lrpepelmv": 22.0743, "hphfpdID": "007144.e56_156", "pdbset": null, "lrpepxh": -1.0, "finallr": 461.6652, "lrpepelmh": -1.0, "template": "3hsh:DB(0.49,0.30,39/111,21,14)", "viralprotein_id": 14190, "lrsm": 1.8531, "id": 9761374, "lrpepxv": -1.0, "lrredundpairs": 0.7707, "humanprotein_id": 6385, "vphfpdID": "001949"}, {"lrredund": 20.9141, "lrpepelmv": 96.2413, "hphfpdID": "000007", "pdbset": null, "lrpepxh": -1.0, "finallr": 2012.799, "lrpepelmh": -1.0, "template": "1yz5:AB(0.52,0.08,50/102,26,35)", "viralprotein_id": 14190, "lrsm": 3.1219, "id": 9763405, "lrpepxv": -1.0, "lrredundpairs": -1.0, "humanprotein_id": 6393, "vphfpdID": "001949.d178_268"}, {"lrredund": 3.7695, "lrpepelmv": -1.0, "hphfpdID": "014320.d145_920", "pdbset": null, "lrpepxh": -1.0, "finallr": 145.1886, "lrpepelmh": -1.0, "template": "2wjv:EB(0.18,0.01,45/160,25,25)", "viralprotein_id": 14190, "lrsm": 38.5167, "id": 9763744, "lrpepxv": 3.66, "lrredundpairs": -1.0, "humanprotein_id": 14138, "vphfpdID": "001949.g269_329@3ks8_A.1"}, {"lrredund": 3.124, "lrpepelmv": 96.2413, "hphfpdID": "000003", "pdbset": null, "lrpepxh": -1.0, "finallr": 300.6577, "lrpepelmh": -1.0, "template": "1yz5:AB(0.52,0.05,50/102,25,36)", "viralprotein_id": 14190, "lrsm": 3.1219, "id": 9764190, "lrpepxv": -1.0, "lrredundpairs": -1.0, "humanprotein_id": 6857, "vphfpdID": "001949.d178_268"}, {"lrredund": 4.0064, "lrpepelmv": -1.0, "hphfpdID": "008348.e1_81", "pdbset": null, "lrpepxh": -1.0, "finallr": 121.5708, "lrpepelmh": -1.0, "template": "3l28:FB(0.02,0.16,1/2,1,0)", "viralprotein_id": 14190, "lrsm": 30.3442, "id": 9764580, "lrpepxv": -1.0, "lrredundpairs": 0.7707, "humanprotein_id": 3002, "vphfpdID": "001949.d178_268"}, {"lrredund": 20.9141, "lrpepelmv": -1.0, "hphfpdID": "018501", "pdbset": null, "lrpepxh": -1.0, "finallr": 115.0004, "lrpepelmh": -1.0, "template": "2o6v:HC(0.19,0.11,14/18,4,0)", "viralprotein_id": 14190, "lrsm": 5.4987, "id": 9765251, "lrpepxv": -1.0, "lrredundpairs": 0.7707, "humanprotein_id": 1286, "vphfpdID": "001949.g269_329@4lg2_A.2"}, {"lrredund": 20.9141, "lrpepelmv": 15.8041, "hphfpdID": "016613.e122_316", "pdbset": null, "lrpepxh": -1.0, "finallr": 330.5284, "lrpepelmh": -1.0, "template": "4hwd:BD(0.38,0.19,29/31,12,10)", "viralprotein_id": 14190, "lrsm": 2.4032, "id": 9765393, "lrpepxv": -1.0, "lrredundpairs": -1.0, "humanprotein_id": 5161, "vphfpdID": "001949.d178_268"}, {"lrredund": 15.8699, "lrpepelmv": -1.0, "hphfpdID": "016859.d83_717", "pdbset": null, "lrpepxh": -1.0, "finallr": 119.5961, "lrpepelmh": -1.0, "template": "1fyf:BA(0.36,0.03,65/215,30,31)", "viralprotein_id": 14190, "lrsm": 7.536, "id": 9766418, "lrpepxv": -1.0, "lrredundpairs": 0.7707, "humanprotein_id": 4494, "vphfpdID": "001949.g269_329@4lg2_A.2"}, {"lrredund": 21.3884, "lrpepelmv": -1.0, "hphfpdID": "013899.d849_992", "pdbset": null, "lrpepxh": -1.0, "finallr": 105.1424, "lrpepelmh": -1.0, "template": "2bj7:AB(0.49,0.51,121/406,46,57)", "viralprotein_id": 14190, "lrsm": 4.9159, "id": 9766616, "lrpepxv": -1.0, "lrredundpairs": -1.0, "humanprotein_id": 1240, "vphfpdID": "001949.g269_329@3l2a_A.3"}, {"lrredund": 20.9141, "lrpepelmv": -1.0, "hphfpdID": "007227", "pdbset": null, "lrpepxh": -1.0, "finallr": 113.5635, "lrpepelmh": -1.0, "template": "2bmc:CA(0.53,0.42,50/57,22,25)", "viralprotein_id": 14190, "lrsm": 2.6756, "id": 9767396, "lrpepxv": 5.43, "lrredundpairs": -1.0, "humanprotein_id": 5539, "vphfpdID": "001949.g269_329@4ijf_A.4"}, {"lrredund": 20.9141, "lrpepelmv": 15.8041, "hphfpdID": "016615.d83_292", "pdbset": null, "lrpepxh": -1.0, "finallr": 330.5284, "lrpepelmh": -1.0, "template": "2mh3:BA(0.57,0.46,145/191,43,51)", "viralprotein_id": 14190, "lrsm": 5.0523, "id": 9767606, "lrpepxv": -1.0, "lrredundpairs": -1.0, "humanprotein_id": 5095, "vphfpdID": "001949.d178_268"}, {"lrredund": 3.124, "lrpepelmv": 96.2413, "hphfpdID": "000005", "pdbset": null, "lrpepxh": -1.0, "finallr": 300.6577, "lrpepelmh": -1.0, "template": "1yz5:AB(0.52,0.04,48/102,26,35)", "viralprotein_id": 14190, "lrsm": 3.1219, "id": 9769047, "lrpepxv": -1.0, "lrredundpairs": -1.0, "humanprotein_id": 4794, "vphfpdID": "001949.d178_268"}, {"lrredund": 20.9141, "lrpepelmv": -1.0, "hphfpdID": "002673", "pdbset": null, "lrpepxh": -1.0, "finallr": 125.499, "lrpepelmh": -1.0, "template": "2c5x:AC(0.35,0.04,6/6,5,1)", "viralprotein_id": 14190, "lrsm": 6.0007, "id": 9769695, "lrpepxv": -1.0, "lrredundpairs": -1.0, "humanprotein_id": 4427, "vphfpdID": "001949.g269_329@4ibe_A.6"}, {"lrredund": 20.9141, "lrpepelmv": 22.0947, "hphfpdID": "008378.d463_902", "pdbset": null, "lrpepxh": -1.0, "finallr": 462.09, "lrpepelmh": -1.0, "template": "3znj:VW(0.53,0.58,70/185,22,25)", "viralprotein_id": 14190, "lrsm": 1.5955, "id": 9770649, "lrpepxv": -1.0, "lrredundpairs": -1.0, "humanprotein_id": 3758, "vphfpdID": "001949"}, {"lrredund": 4.0064, "lrpepelmv": 96.2413, "hphfpdID": "000004", "pdbset": null, "lrpepxh": -1.0, "finallr": 385.581, "lrpepelmh": -1.0, "template": "1yz5:AB(0.52,0.05,52/102,24,33)", "viralprotein_id": 14190, "lrsm": 3.1219, "id": 9770703, "lrpepxv": -1.0, "lrredundpairs": -1.0, "humanprotein_id": 6298, "vphfpdID": "001949.d178_268"}, {"lrredund": 4.2492, "lrpepelmv": 72.805, "hphfpdID": "000004", "pdbset": null, "lrpepxh": -1.0, "finallr": 309.3629, "lrpepelmh": -1.0, "template": "", "viralprotein_id": 14184, "lrsm": -1.0, "id": 34807673, "lrpepxv": -1.0, "lrredundpairs": -1.0, "humanprotein_id": 6298, "vphfpdID": "001943@4qaz_A.3"}, {"lrredund": 2.409, "lrpepelmv": 72.805, "hphfpdID": "000005", "pdbset": null, "lrpepxh": -1.0, "finallr": 175.3871, "lrpepelmh": -1.0, "template": "", "viralprotein_id": 14184, "lrsm": -1.0, "id": 34808410, "lrpepxv": -1.0, "lrredundpairs": 0.7707, "humanprotein_id": 4794, "vphfpdID": "001943@5e2x_A.5"}, {"lrredund": 19.2898, "lrpepelmv": 20.7326, "hphfpdID": "016613.e557_714", "pdbset": null, "lrpepxh": -1.0, "finallr": 399.9274, "lrpepelmh": -1.0, "template": "1fxk:AB(0.47,0.44,50/55,14,3)", "viralprotein_id": 14184, "lrsm": 1.3385, "id": 34809538, "lrpepxv": -1.0, "lrredundpairs": -1.0, "humanprotein_id": 5161, "vphfpdID": "001943@5e2x_A.5"}, {"lrredund": 20.9141, "lrpepelmv": 20.7326, "hphfpdID": "016466.e142_262", "pdbset": null, "lrpepxh": -1.0, "finallr": 433.6033, "lrpepelmh": -1.0, "template": "1un6:DC(0.36,0.22,1/1,1,0)", "viralprotein_id": 14184, "lrsm": 2.4032, "id": 34810072, "lrpepxv": -1.0, "lrredundpairs": 1.373, "humanprotein_id": 3727, "vphfpdID": "001943@5e2x_A.5"}, {"lrredund": 21.3884, "lrpepelmv": 72.805, "hphfpdID": "000002", "pdbset": null, "lrpepxh": -1.0, "finallr": 1557.181, "lrpepelmh": -1.0, "template": "", "viralprotein_id": 14184, "lrsm": -1.0, "id": 34812662, "lrpepxv": -1.0, "lrredundpairs": -1.0, "humanprotein_id": 6315, "vphfpdID": "001943@4ypi_A.1"}, {"lrredund": 19.2898, "lrpepelmv": 9.3373, "hphfpdID": "001349.d2679_3055", "pdbset": null, "lrpepxh": -1.0, "finallr": 180.1149, "lrpepelmh": -1.0, "template": "", "viralprotein_id": 14184, "lrsm": -1.0, "id": 34812942, "lrpepxv": -1.0, "lrredundpairs": -1.0, "humanprotein_id": 7312, "vphfpdID": "001943@5e2x_A.5"}, {"lrredund": 20.9141, "lrpepelmv": 20.7326, "hphfpdID": "007144.e56_156", "pdbset": null, "lrpepxh": -1.0, "finallr": 433.6033, "lrpepelmh": -1.0, "template": "1un6:DB(0.26,0.33,6/64,4,2)", "viralprotein_id": 14184, "lrsm": 1.8315, "id": 34813628, "lrpepxv": -1.0, "lrredundpairs": 0.7707, "humanprotein_id": 6385, "vphfpdID": "001943@5dsd_A.4"}, {"lrredund": 21.3884, "lrpepelmv": 72.805, "hphfpdID": "000007", "pdbset": null, "lrpepxh": -1.0, "finallr": 1557.181, "lrpepelmh": -1.0, "template": "", "viralprotein_id": 14184, "lrsm": -1.0, "id": 34814157, "lrpepxv": -1.0, "lrredundpairs": -1.0, "humanprotein_id": 6393, "vphfpdID": "001943@4ypi_A.1"}, {"lrredund": 2.3254, "lrpepelmv": 43.8323, "hphfpdID": "003306.g1566_1675", "pdbset": null, "lrpepxh": -1.0, "finallr": 101.9275, "lrpepelmh": -1.0, "template": "3c2w:CD(0.56,0.54,47/199,30,41)", "viralprotein_id": 14184, "lrsm": 1.4777, "id": 34814835, "lrpepxv": -1.0, "lrredundpairs": -1.0, "humanprotein_id": 6651, "vphfpdID": "001943@5dsd_A.4"}, {"lrredund": 21.3884, "lrpepelmv": 12.1604, "hphfpdID": "001060.e180_274", "pdbset": null, "lrpepxh": -1.0, "finallr": 260.0908, "lrpepelmh": -1.0, "template": "3i5s:CA(0.52,0.19,1/1,1,0)", "viralprotein_id": 14184, "lrsm": 1.5932, "id": 34815272, "lrpepxv": -1.0, "lrredundpairs": -1.0, "humanprotein_id": 17652, "vphfpdID": "001943@4qaz_A.3"}, {"lrredund": 19.2898, "lrpepelmv": 20.7326, "hphfpdID": "016615.d584_674", "pdbset": null, "lrpepxh": -1.0, "finallr": 399.9274, "lrpepelmh": -1.0, "template": "2zdi:BA(0.58,0.31,44/50,23,26)", "viralprotein_id": 14184, "lrsm": 2.6756, "id": 34815764, "lrpepxv": -1.0, "lrredundpairs": -1.0, "humanprotein_id": 5095, "vphfpdID": "001943@5dsd_A.4"}, {"lrredund": 4.2492, "lrpepelmv": 72.805, "hphfpdID": "000001", "pdbset": null, "lrpepxh": -1.0, "finallr": 309.3629, "lrpepelmh": -1.0, "template": "", "viralprotein_id": 14184, "lrsm": -1.0, "id": 34817628, "lrpepxv": -1.0, "lrredundpairs": -1.0, "humanprotein_id": 4793, "vphfpdID": "001943@4qaz_A.3"}, {"lrredund": 2.3254, "lrpepelmv": 72.805, "hphfpdID": "000003", "pdbset": null, "lrpepxh": -1.0, "finallr": 169.3006, "lrpepelmh": -1.0, "template": "", "viralprotein_id": 14184, "lrsm": -1.0, "id": 34820000, "lrpepxv": -1.0, "lrredundpairs": -1.0, "humanprotein_id": 6857, "vphfpdID": "001943@5e2x_A.5"}, {"lrredund": 15.8699, "lrpepelmv": 72.805, "hphfpdID": "000006", "pdbset": null, "lrpepxh": -1.0, "finallr": 1155.407, "lrpepelmh": -1.0, "template": "", "viralprotein_id": 14184, "lrsm": -1.0, "id": 34821058, "lrpepxv": -1.0, "lrredundpairs": 0.7707, "humanprotein_id": 4514, "vphfpdID": "001943@5dsd_A.4"}, {"lrredund": 2.3254, "lrpepelmv": 3.2644, "hphfpdID": "016486.d51_222", "pdbset": null, "lrpepxh": -1.0, "finallr": 144.8956, "lrpepelmh": -1.0, "template": "3kvp:DC(0.38,0.57,59/72,24,21)", "viralprotein_id": 14185, "lrsm": 2.6756, "id": 82216668, "lrpepxv": 62.31, "lrredundpairs": 0.7707, "humanprotein_id": 6479, "vphfpdID": "001944"}, {"lrredund": 21.3884, "lrpepelmv": 9.677, "hphfpdID": "001751.e1_73", "pdbset": null, "lrpepxh": -1.0, "finallr": 206.9754, "lrpepelmh": -1.0, "template": "3kvp:DC(0.38,0.47,41/72,19,16)", "viralprotein_id": 14185, "lrsm": 1.2265, "id": 82216672, "lrpepxv": -1.0, "lrredundpairs": -1.0, "humanprotein_id": 5041, "vphfpdID": "001944"}, {"lrredund": 19.2898, "lrpepelmv": -1.0, "hphfpdID": "018800.e215_312", "pdbset": null, "lrpepxh": -1.0, "finallr": 150.368, "lrpepelmh": -1.0, "template": "4d9o:BA(0.06,0.26,57/109,23,24)", "viralprotein_id": 14185, "lrsm": 7.7952, "id": 82216847, "lrpepxv": -1.0, "lrredundpairs": 0.7707, "humanprotein_id": 4109, "vphfpdID": "001944"}, {"lrredund": 2.3254, "lrpepelmv": 65.3909, "hphfpdID": "000005", "pdbset": null, "lrpepxh": -1.0, "finallr": 152.0599, "lrpepelmh": -1.0, "template": "", "viralprotein_id": 14185, "lrsm": -1.0, "id": 82217003, "lrpepxv": -1.0, "lrredundpairs": -1.0, "humanprotein_id": 4794, "vphfpdID": "001944"}, {"lrredund": 19.2898, "lrpepelmv": 11.3978, "hphfpdID": "007144.e56_156", "pdbset": null, "lrpepxh": -1.0, "finallr": 219.8616, "lrpepelmh": -1.0, "template": "1jy4:BA(0.18,0.41,33/40,8,0)", "viralprotein_id": 14185, "lrsm": 2.4032, "id": 82219990, "lrpepxv": -1.0, "lrredundpairs": 0.7707, "humanprotein_id": 6385, "vphfpdID": "001944"}, {"lrredund": 21.3884, "lrpepelmv": -1.0, "hphfpdID": "016869.d56_203", "pdbset": null, "lrpepxh": -1.0, "finallr": 116.139, "lrpepelmh": -1.0, "template": "1tw9:EF(0.54,0.22,49/122,21,13)", "viralprotein_id": 14185, "lrsm": 2.0697, "id": 82220031, "lrpepxv": 5.43, "lrredundpairs": -1.0, "humanprotein_id": 4495, "vphfpdID": "001944"}, {"lrredund": 15.8699, "lrpepelmv": 11.3978, "hphfpdID": "016466.e142_262", "pdbset": null, "lrpepxh": -1.0, "finallr": 180.8822, "lrpepelmh": -1.0, "template": "1jy4:BA(0.18,0.41,33/40,8,0)", "viralprotein_id": 14185, "lrsm": 2.4032, "id": 82220510, "lrpepxv": 2.59, "lrredundpairs": 0.7707, "humanprotein_id": 3727, "vphfpdID": "001944"}, {"lrredund": 15.8699, "lrpepelmv": 6.3442, "hphfpdID": "001349.d2679_3055", "pdbset": null, "lrpepxh": -1.0, "finallr": 100.682, "lrpepelmh": -1.0, "template": "1jy4:BA(0.18,0.41,40/40,8,0)", "viralprotein_id": 14185, "lrsm": 2.4032, "id": 82221897, "lrpepxv": 2.59, "lrredundpairs": -1.0, "humanprotein_id": 7312, "vphfpdID": "001944"}, {"lrredund": 19.2898, "lrpepelmv": 65.3909, "hphfpdID": "000002", "pdbset": null, "lrpepxh": -1.0, "finallr": 1261.376, "lrpepelmh": -1.0, "template": "", "viralprotein_id": 14185, "lrsm": -1.0, "id": 82222343, "lrpepxv": -1.0, "lrredundpairs": -1.0, "humanprotein_id": 6315, "vphfpdID": "001944"}, {"lrredund": 2.3254, "lrpepelmv": 65.3909, "hphfpdID": "000003", "pdbset": null, "lrpepxh": -1.0, "finallr": 152.0599, "lrpepelmh": -1.0, "template": "", "viralprotein_id": 14185, "lrsm": -1.0, "id": 82222454, "lrpepxv": -1.0, "lrredundpairs": -1.0, "humanprotein_id": 6857, "vphfpdID": "001944"}, {"lrredund": 1.7951, "lrpepelmv": -1.0, "hphfpdID": "004626", "pdbset": null, "lrpepxh": -1.0, "finallr": 111.8526, "lrpepelmh": -1.0, "template": "", "viralprotein_id": 14185, "lrsm": -1.0, "id": 82223242, "lrpepxv": 62.31, "lrredundpairs": -1.0, "humanprotein_id": 1798, "vphfpdID": "001944"}, {"lrredund": 15.8699, "lrpepelmv": 11.3978, "hphfpdID": "016613.e316_567", "pdbset": null, "lrpepxh": -1.0, "finallr": 180.8822, "lrpepelmh": -1.0, "template": "2idh:BA(0.50,0.56,41/45,9,3)", "viralprotein_id": 14185, "lrsm": 1.2704, "id": 82223828, "lrpepxv": -1.0, "lrredundpairs": -1.0, "humanprotein_id": 5161, "vphfpdID": "001944"}, {"lrredund": 19.2898, "lrpepelmv": 65.3909, "hphfpdID": "000006", "pdbset": null, "lrpepxh": -1.0, "finallr": 1261.376, "lrpepelmh": -1.0, "template": "", "viralprotein_id": 14185, "lrsm": -1.0, "id": 82223999, "lrpepxv": -1.0, "lrredundpairs": 0.7707, "humanprotein_id": 4514, "vphfpdID": "001944"}, {"lrredund": 3.8142, "lrpepelmv": 65.3909, "hphfpdID": "000004", "pdbset": null, "lrpepxh": -1.0, "finallr": 249.4138, "lrpepelmh": -1.0, "template": "", "viralprotein_id": 14185, "lrsm": -1.0, "id": 82224951, "lrpepxv": -1.0, "lrredundpairs": -1.0, "humanprotein_id": 6298, "vphfpdID": "001944"}, {"lrredund": 4.2492, "lrpepelmv": 65.3909, "hphfpdID": "000001", "pdbset": null, "lrpepxh": -1.0, "finallr": 277.8589, "lrpepelmh": -1.0, "template": "", "viralprotein_id": 14185, "lrsm": -1.0, "id": 82225880, "lrpepxv": -1.0, "lrredundpairs": -1.0, "humanprotein_id": 4793, "vphfpdID": "001944"}, {"lrredund": 21.3884, "lrpepelmv": -1.0, "hphfpdID": "013899.d218_608", "pdbset": null, "lrpepxh": -1.0, "finallr": 116.139, "lrpepelmh": -1.0, "template": "3cjs:BA(0.53,0.58,31/70,8,9)", "viralprotein_id": 14185, "lrsm": 1.1641, "id": 82228052, "lrpepxv": 5.43, "lrredundpairs": -1.0, "humanprotein_id": 1240, "vphfpdID": "001944"}, {"lrredund": 3.5815, "lrpepelmv": 32.9939, "hphfpdID": "017284.e489_542", "pdbset": null, "lrpepxh": -1.0, "finallr": 118.1675, "lrpepelmh": -1.0, "template": "1cop:DE(0.48,0.31,20/102,17,15)", "viralprotein_id": 14185, "lrsm": 1.2142, "id": 82228495, "lrpepxv": -1.0, "lrredundpairs": -1.0, "humanprotein_id": 7960, "vphfpdID": "001944"}, {"lrredund": 19.2898, "lrpepelmv": 65.3909, "hphfpdID": "000007", "pdbset": null, "lrpepxh": -1.0, "finallr": 1261.376, "lrpepelmh": -1.0, "template": "", "viralprotein_id": 14185, "lrsm": -1.0, "id": 82228546, "lrpepxv": -1.0, "lrredundpairs": -1.0, "humanprotein_id": 6393, "vphfpdID": "001944"}, {"lrredund": 20.9141, "lrpepelmv": -1.0, "hphfpdID": "007726.d35_188", "pdbset": null, "lrpepxh": -1.0, "finallr": 163.0298, "lrpepelmh": -1.0, "template": "2xcm:FB(0.34,0.04,31/60,24,28)", "viralprotein_id": 14189, "lrsm": 7.7952, "id": 82705624, "lrpepxv": -1.0, "lrredundpairs": 0.7707, "humanprotein_id": 3176, "vphfpdID": "001948.e511_677@5kel_B.3"}, {"lrredund": 20.9141, "lrpepelmv": -1.0, "hphfpdID": "005567.d200_296", "pdbset": null, "lrpepxh": -1.0, "finallr": 100.4723, "lrpepelmh": -1.0, "template": "4dx8:ED(0.37,0.19,32/33,21,24)", "viralprotein_id": 14189, "lrsm": 4.804, "id": 82705727, "lrpepxv": -1.0, "lrredundpairs": 19.2898, "humanprotein_id": 3874, "vphfpdID": "001948.e511_677@3s88_J.1"}, {"lrredund": 0.9127, "lrpepelmv": -1.0, "hphfpdID": "010594.e1_154", "pdbset": null, "lrpepxh": -1.0, "finallr": 118.8062, "lrpepelmh": -1.0, "template": "3ve0:JA(0.00,0.08,29/30,19,26)", "viralprotein_id": 14189, "lrsm": 130.17, "id": 82705961, "lrpepxv": -1.0, "lrredundpairs": 1.373, "humanprotein_id": 2448, "vphfpdID": "001948.e511_677@3ve0_J.2"}, {"lrredund": -1.0, "lrpepelmv": -1.0, "hphfpdID": "000177.d88_156", "pdbset": null, "lrpepxh": -1.0, "finallr": 154.603, "lrpepelmh": -1.0, "template": "3ve0:JB(0.00,0.07,12/13,9,10)", "viralprotein_id": 14189, "lrsm": 130.17, "id": 82706341, "lrpepxv": -1.0, "lrredundpairs": 1.1877, "humanprotein_id": 9992, "vphfpdID": "001948.e511_677@3ve0_J.2"}, {"lrredund": -1.0, "lrpepelmv": -1.0, "hphfpdID": "002620", "pdbset": null, "lrpepxh": -1.0, "finallr": 288.4565, "lrpepelmh": -1.0, "template": "3csy:ND(0.03,0.07,14/21,5,2)", "viralprotein_id": 14189, "lrsm": 119.2807, "id": 82706360, "lrpepxv": -1.0, "lrredundpairs": 2.4183, "humanprotein_id": 3276, "vphfpdID": "001948@5jqb_B.9"}, {"lrredund": 20.9141, "lrpepelmv": 15.8041, "hphfpdID": "007144.e56_156", "pdbset": null, "lrpepxh": -1.0, "finallr": 330.5284, "lrpepelmh": -1.0, "template": "3gxx:DA(0.47,0.26,34/69,21,24)", "viralprotein_id": 14189, "lrsm": 2.0697, "id": 82706583, "lrpepxv": -1.0, "lrredundpairs": 20.9141, "humanprotein_id": 6385, "vphfpdID": "001948.e511_677@5kel_B.3"}, {"lrredund": 4.2492, "lrpepelmv": -1.0, "hphfpdID": "004699.e124_261", "pdbset": null, "lrpepxh": -1.0, "finallr": 107.2347, "lrpepelmh": -1.0, "template": "3s88:IH(0.00,0.18,25/70,8,2)", "viralprotein_id": 14189, "lrsm": 25.2364, "id": 82706897, "lrpepxv": -1.0, "lrredundpairs": 4.2492, "humanprotein_id": 4544, "vphfpdID": "001948.e1_327@3s88_I.2"}, {"lrredund": -1.0, "lrpepelmv": -1.0, "hphfpdID": "015500", "pdbset": null, "lrpepxh": -1.0, "finallr": 185.0402, "lrpepelmh": -1.0, "template": "3ve0:JA(0.00,0.10,18/30,16,6)", "viralprotein_id": 14189, "lrsm": 119.2807, "id": 82707372, "lrpepxv": -1.0, "lrredundpairs": 1.5513, "humanprotein_id": 1893, "vphfpdID": "001948.e511_677@3ve0_J.2"}, {"lrredund": 2.409, "lrpepelmv": -1.0, "hphfpdID": "002604.e1_122", "pdbset": null, "lrpepxh": -1.0, "finallr": 313.5797, "lrpepelmh": -1.0, "template": "3s88:JL(0.00,0.08,14/14,10,8)", "viralprotein_id": 14189, "lrsm": 130.17, "id": 82707390, "lrpepxv": -1.0, "lrredundpairs": 2.409, "humanprotein_id": 2803, "vphfpdID": "001948.e511_677@3s88_J.1"}, {"lrredund": 19.2898, "lrpepelmv": 9.3373, "hphfpdID": "001349.d2679_3055", "pdbset": null, "lrpepxh": -1.0, "finallr": 180.1149, "lrpepelmh": -1.0, "template": "3kvp:CE(0.53,0.49,33/68,23,25)", "viralprotein_id": 14189, "lrsm": 1.6503, "id": 82707524, "lrpepxv": -1.0, "lrredundpairs": 0.7707, "humanprotein_id": 7312, "vphfpdID": "001948.e511_677@3ve0_J.2"}, {"lrredund": -1.0, "lrpepelmv": -1.0, "hphfpdID": "018901.d38_117", "pdbset": null, "lrpepxh": -1.0, "finallr": 211.604, "lrpepelmh": -1.0, "template": "3csy:PG(0.05,0.05,25/61,15,21)", "viralprotein_id": 14189, "lrsm": 119.2807, "id": 82707691, "lrpepxv": -1.0, "lrredundpairs": 1.774, "humanprotein_id": 18927, "vphfpdID": "001948.e511_677@5kel_B.3"}, {"lrredund": 19.2898, "lrpepelmv": -1.0, "hphfpdID": "013899", "pdbset": null, "lrpepxh": -1.0, "finallr": 247.8394, "lrpepelmh": -1.0, "template": "2yye:AB(0.52,0.16,49/275,42,45)", "viralprotein_id": 14189, "lrsm": 12.8482, "id": 82707903, "lrpepxv": -1.0, "lrredundpairs": 0.7707, "humanprotein_id": 1240, "vphfpdID": "001948.e379_557@5kel_B.4"}, {"lrredund": 4.0064, "lrpepelmv": 137.2032, "hphfpdID": "000001", "pdbset": null, "lrpepxh": -1.0, "finallr": 549.6912, "lrpepelmh": -1.0, "template": "1w2b:RU(0.60,0.60,4/41,1,0)", "viralprotein_id": 14189, "lrsm": 0.9682, "id": 82707983, "lrpepxv": -1.0, "lrredundpairs": 3.8142, "humanprotein_id": 4793, "vphfpdID": "001948.e1_327@5kel_A.4"}, {"lrredund": -1.0, "lrpepelmv": -1.0, "hphfpdID": "015502.e1_122", "pdbset": null, "lrpepxh": -1.0, "finallr": 212.4628, "lrpepelmh": -1.0, "template": "3csy:PG(0.01,0.09,25/61,14,20)", "viralprotein_id": 14189, "lrsm": 119.2807, "id": 82708162, "lrpepxv": -1.0, "lrredundpairs": 1.7812, "humanprotein_id": 18105, "vphfpdID": "001948.e511_677@5jqb_B.4"}, {"lrredund": 20.9141, "lrpepelmv": -1.0, "hphfpdID": "011519.g120_294", "pdbset": null, "lrpepxh": -1.0, "finallr": 143.0767, "lrpepelmh": -1.0, "template": "3csy:KL(0.03,0.52,88/236,43,57)", "viralprotein_id": 14189, "lrsm": 6.8412, "id": 82708420, "lrpepxv": -1.0, "lrredundpairs": -1.0, "humanprotein_id": 3074, "vphfpdID": "001948.e1_327@5fhc_K.1"}, {"lrredund": -1.0, "lrpepelmv": -1.0, "hphfpdID": "018942.e1_130", "pdbset": null, "lrpepxh": -1.0, "finallr": 153.8931, "lrpepelmh": -1.0, "template": "3s88:JH(0.00,0.10,6/31,3,1)", "viralprotein_id": 14189, "lrsm": 99.2027, "id": 82708604, "lrpepxv": -1.0, "lrredundpairs": 1.5513, "humanprotein_id": 447, "vphfpdID": "001948.e511_677@3s88_J.1"}, {"lrredund": -1.0, "lrpepelmv": -1.0, "hphfpdID": "018366", "pdbset": null, "lrpepxh": -1.0, "finallr": 288.4565, "lrpepelmh": -1.0, "template": "3csy:PH(0.06,0.04,13/22,11,13)", "viralprotein_id": 14189, "lrsm": 119.2807, "id": 82708820, "lrpepxv": -1.0, "lrredundpairs": 2.4183, "humanprotein_id": 2895, "vphfpdID": "001948@5kel_B.8"}, {"lrredund": 4.0064, "lrpepelmv": 137.2032, "hphfpdID": "000004", "pdbset": null, "lrpepxh": -1.0, "finallr": 549.6912, "lrpepelmh": -1.0, "template": "4dwl:CD(0.49,0.58,28/50,17,11)", "viralprotein_id": 14189, "lrsm": 1.1641, "id": 82708895, "lrpepxv": -1.0, "lrredundpairs": 0.7707, "humanprotein_id": 6298, "vphfpdID": "001948@5f1b_B.10"}, {"lrredund": 0.9127, "lrpepelmv": -1.0, "hphfpdID": "015809.e1_144", "pdbset": null, "lrpepxh": -1.0, "finallr": 118.8062, "lrpepelmh": -1.0, "template": "3s88:JL(0.00,0.07,14/14,11,13)", "viralprotein_id": 14189, "lrsm": 130.17, "id": 82708978, "lrpepxv": -1.0, "lrredundpairs": 1.373, "humanprotein_id": 6462, "vphfpdID": "001948.e511_677@3s88_J.1"}, {"lrredund": -1.0, "lrpepelmv": -1.0, "hphfpdID": "002628.e1_134", "pdbset": null, "lrpepxh": -1.0, "finallr": 212.4628, "lrpepelmh": -1.0, "template": "3csy:NC(0.05,0.05,25/61,12,13)", "viralprotein_id": 14189, "lrsm": 119.2807, "id": 82709025, "lrpepxv": -1.0, "lrredundpairs": 1.7812, "humanprotein_id": 3618, "vphfpdID": "001948.e511_677@5kel_B.3"}, {"lrredund": 21.3884, "lrpepelmv": -1.0, "hphfpdID": "006178.e810_907", "pdbset": null, "lrpepxh": -1.0, "finallr": 128.3451, "lrpepelmh": -1.0, "template": "3ve0:JA(0.00,0.35,28/30,18,25)", "viralprotein_id": 14189, "lrsm": 6.0007, "id": 82709442, "lrpepxv": -1.0, "lrredundpairs": 20.9141, "humanprotein_id": 2856, "vphfpdID": "001948.e511_677@3ve0_J.2"}, {"lrredund": 19.2898, "lrpepelmv": 5.7054, "hphfpdID": "018111", "pdbset": null, "lrpepxh": -1.0, "finallr": 110.0565, "lrpepelmh": -1.0, "template": "3if4:AB(0.58,0.52,1/27,0,0)", "viralprotein_id": 14189, "lrsm": 0.9682, "id": 82709449, "lrpepxv": -1.0, "lrredundpairs": 15.8699, "humanprotein_id": 15404, "vphfpdID": "001948.e1_327@5fhc_K.1"}, {"lrredund": 3.7695, "lrpepelmv": 5.7054, "hphfpdID": "017499.d1293_1381", "pdbset": null, "lrpepxh": -1.0, "finallr": 124.8244, "lrpepelmh": -1.0, "template": "3s88:IL(0.00,0.19,7/8,3,2)", "viralprotein_id": 14189, "lrsm": 33.1143, "id": 82709933, "lrpepxv": -1.0, "lrredundpairs": -1.0, "humanprotein_id": 13935, "vphfpdID": "001948.e1_327@3s88_I.2"}, {"lrredund": 4.2492, "lrpepelmv": -1.0, "hphfpdID": "008086.d318_419", "pdbset": null, "lrpepxh": -1.0, "finallr": 140.7094, "lrpepelmh": -1.0, "template": "3ve0:IA(0.04,0.15,33/38,17,23)", "viralprotein_id": 14189, "lrsm": 33.1143, "id": 82710049, "lrpepxv": -1.0, "lrredundpairs": 4.2492, "humanprotein_id": 14249, "vphfpdID": "001948.e1_327@3s88_I.2"}, {"lrredund": -1.0, "lrpepelmv": -1.0, "hphfpdID": "008082.d824_911", "pdbset": null, "lrpepxh": -1.0, "finallr": 119.2807, "lrpepelmh": -1.0, "template": "3ve0:IA(0.01,0.08,29/38,11,10)", "viralprotein_id": 14189, "lrsm": 119.2807, "id": 82710201, "lrpepxv": -1.0, "lrredundpairs": -1.0, "humanprotein_id": 14184, "vphfpdID": "001948.e1_327@3ve0_I.3"}, {"lrredund": -1.0, "lrpepelmv": -1.0, "hphfpdID": "007449.d439_495", "pdbset": null, "lrpepxh": -1.0, "finallr": 212.7302, "lrpepelmh": -1.0, "template": "3csy:LJ(0.06,0.43,49/54,41,49)", "viralprotein_id": 14189, "lrsm": 119.9155, "id": 82710427, "lrpepxv": -1.0, "lrredundpairs": 1.774, "humanprotein_id": 10924, "vphfpdID": "001948@5kel_B.8"}, {"lrredund": 2.409, "lrpepelmv": 50.5585, "hphfpdID": "014178.d112_237", "pdbset": null, "lrpepxh": -1.0, "finallr": 121.7954, "lrpepelmh": -1.0, "template": "3im4:AB(0.60,0.55,92/113,48,63)", "viralprotein_id": 14189, "lrsm": 9.7337, "id": 82711655, "lrpepxv": -1.0, "lrredundpairs": 0.7707, "humanprotein_id": 7007, "vphfpdID": "001948.e511_677@3s88_J.1"}, {"lrredund": 20.9141, "lrpepelmv": 8.6827, "hphfpdID": "004076.d589_668", "pdbset": null, "lrpepxh": -1.0, "finallr": 181.5912, "lrpepelmh": -1.0, "template": "1w2b:RU(0.60,0.43,3/41,2,0)", "viralprotein_id": 14189, "lrsm": 0.9682, "id": 82711965, "lrpepxv": -1.0, "lrredundpairs": 0.7707, "humanprotein_id": 4894, "vphfpdID": "001948.e1_327@5kel_A.4"}, {"lrredund": 19.2898, "lrpepelmv": -1.0, "hphfpdID": "009492.e120_224", "pdbset": null, "lrpepxh": -1.0, "finallr": 115.7521, "lrpepelmh": -1.0, "template": "3s88:JH(0.00,0.31,30/31,16,21)", "viralprotein_id": 14189, "lrsm": 6.0007, "id": 82711966, "lrpepxv": -1.0, "lrredundpairs": 15.8699, "humanprotein_id": 13229, "vphfpdID": "001948.e511_677@3s88_J.1"}, {"lrredund": 19.2898, "lrpepelmv": -1.0, "hphfpdID": "001452.e40_119", "pdbset": null, "lrpepxh": -1.0, "finallr": 486.806, "lrpepelmh": -1.0, "template": "3s88:IH(0.00,0.12,19/70,9,4)", "viralprotein_id": 14189, "lrsm": 25.2364, "id": 82712205, "lrpepxv": -1.0, "lrredundpairs": 19.2898, "humanprotein_id": 6282, "vphfpdID": "001948.e1_327@3s88_I.2"}, {"lrredund": 20.9141, "lrpepelmv": 137.2032, "hphfpdID": "000006", "pdbset": null, "lrpepxh": -1.0, "finallr": 2869.483, "lrpepelmh": -1.0, "template": "2ztt:BA(0.48,0.39,36/100,21,16)", "viralprotein_id": 14189, "lrsm": 1.5568, "id": 82712360, "lrpepxv": -1.0, "lrredundpairs": 0.7707, "humanprotein_id": 4514, "vphfpdID": "001948@5f1b_B.10"}, {"lrredund": 19.2898, "lrpepelmv": 15.8041, "hphfpdID": "016613.e557_714", "pdbset": null, "lrpepxh": -1.0, "finallr": 304.8578, "lrpepelmh": -1.0, "template": "3gxw:BC(0.36,0.54,51/63,22,25)", "viralprotein_id": 14189, "lrsm": 2.6756, "id": 82712515, "lrpepxv": -1.0, "lrredundpairs": -1.0, "humanprotein_id": 5161, "vphfpdID": "001948@5f1b_B.10"}, {"lrredund": 3.124, "lrpepelmv": 137.2032, "hphfpdID": "000005", "pdbset": null, "lrpepxh": -1.0, "finallr": 428.6231, "lrpepelmh": -1.0, "template": "", "viralprotein_id": 14189, "lrsm": -1.0, "id": 82712774, "lrpepxv": -1.0, "lrredundpairs": 1.373, "humanprotein_id": 4794, "vphfpdID": "001948@5jqb_B.9"}, {"lrredund": 21.3884, "lrpepelmv": -1.0, "hphfpdID": "005209.d106_189", "pdbset": null, "lrpepxh": -1.0, "finallr": 117.6084, "lrpepelmh": -1.0, "template": "3cul:BA(0.17,0.17,16/35,8,8)", "viralprotein_id": 14189, "lrsm": 5.4987, "id": 82712775, "lrpepxv": -1.0, "lrredundpairs": 20.9141, "humanprotein_id": 8007, "vphfpdID": "001948.e511_677@5jqb_B.4"}, {"lrredund": -1.0, "lrpepelmv": -1.0, "hphfpdID": "018356.e1_135", "pdbset": null, "lrpepxh": -1.0, "finallr": 119.2807, "lrpepelmh": -1.0, "template": "3csy:LF(0.02,0.07,16/23,10,8)", "viralprotein_id": 14189, "lrsm": 119.2807, "id": 82712785, "lrpepxv": -1.0, "lrredundpairs": -1.0, "humanprotein_id": 18427, "vphfpdID": "001948@5jqb_B.9"}, {"lrredund": 20.9141, "lrpepelmv": 5.7054, "hphfpdID": "007227.d178_339", "pdbset": null, "lrpepxh": -1.0, "finallr": 119.3239, "lrpepelmh": -1.0, "template": "2k01:CA(0.60,0.49,80/178,21,21)", "viralprotein_id": 14189, "lrsm": 1.6435, "id": 82712801, "lrpepxv": -1.0, "lrredundpairs": 20.9141, "humanprotein_id": 5539, "vphfpdID": "001948.e1_327@5kel_A.4"}, {"lrredund": -1.0, "lrpepelmv": -1.0, "hphfpdID": "015901.e150_263", "pdbset": null, "lrpepxh": -1.0, "finallr": 185.0402, "lrpepelmh": -1.0, "template": "3csy:ND(0.03,0.06,15/21,7,6)", "viralprotein_id": 14189, "lrsm": 119.2807, "id": 82713388, "lrpepxv": -1.0, "lrredundpairs": 1.5513, "humanprotein_id": 9004, "vphfpdID": "001948@5jqb_B.9"}, {"lrredund": 19.2898, "lrpepelmv": -1.0, "hphfpdID": "016869.e1196_1264", "pdbset": null, "lrpepxh": -1.0, "finallr": 104.9597, "lrpepelmh": -1.0, "template": "3csy:IJ(0.19,0.56,119/241,47,53)", "viralprotein_id": 14189, "lrsm": 5.4412, "id": 82713575, "lrpepxv": -1.0, "lrredundpairs": -1.0, "humanprotein_id": 4495, "vphfpdID": "001948.e1_327@5kel_A.4"}, {"lrredund": -1.0, "lrpepelmv": -1.0, "hphfpdID": "013074.d65_125", "pdbset": null, "lrpepxh": -1.0, "finallr": 153.8931, "lrpepelmh": -1.0, "template": "3ve0:JA(0.00,0.07,4/30,5,4)", "viralprotein_id": 14189, "lrsm": 99.2027, "id": 82713681, "lrpepxv": -1.0, "lrredundpairs": 1.5513, "humanprotein_id": 18930, "vphfpdID": "001948.e511_677@3ve0_J.2"}, {"lrredund": 20.9141, "lrpepelmv": 15.8041, "hphfpdID": "016466.e85_146", "pdbset": null, "lrpepxh": -1.0, "finallr": 330.5284, "lrpepelmh": -1.0, "template": "3hp3:AE(0.54,0.52,2/2,2,0)", "viralprotein_id": 14189, "lrsm": 1.2704, "id": 82714234, "lrpepxv": -1.0, "lrredundpairs": 20.9141, "humanprotein_id": 3727, "vphfpdID": "001948.e1_327@5kel_A.4"}, {"lrredund": 20.9141, "lrpepelmv": -1.0, "hphfpdID": "005354.d566_646", "pdbset": null, "lrpepxh": -1.0, "finallr": 214.4751, "lrpepelmh": -1.0, "template": "3im4:BA(0.60,0.23,91/113,50,64)", "viralprotein_id": 14189, "lrsm": 10.255, "id": 82714603, "lrpepxv": -1.0, "lrredundpairs": 0.7707, "humanprotein_id": 7033, "vphfpdID": "001948@3s88_J.7"}, {"lrredund": 15.8699, "lrpepelmv": -1.0, "hphfpdID": "008850.e118_222", "pdbset": null, "lrpepxh": -1.0, "finallr": 525.5211, "lrpepelmh": -1.0, "template": "3ve0:JA(0.00,0.19,27/30,18,25)", "viralprotein_id": 14189, "lrsm": 33.1143, "id": 82714736, "lrpepxv": -1.0, "lrredundpairs": 15.8699, "humanprotein_id": 7761, "vphfpdID": "001948.e511_677@3ve0_J.2"}, {"lrredund": 20.9141, "lrpepelmv": 137.2032, "hphfpdID": "000007", "pdbset": null, "lrpepxh": -1.0, "finallr": 2869.483, "lrpepelmh": -1.0, "template": "", "viralprotein_id": 14189, "lrsm": -1.0, "id": 82714916, "lrpepxv": -1.0, "lrredundpairs": 1.373, "humanprotein_id": 6393, "vphfpdID": "001948@5jqb_B.9"}, {"lrredund": -1.0, "lrpepelmv": -1.0, "hphfpdID": "004071.e1_152", "pdbset": null, "lrpepxh": -1.0, "finallr": 201.9328, "lrpepelmh": -1.0, "template": "3csy:ND(0.03,0.05,19/21,9,9)", "viralprotein_id": 14189, "lrsm": 130.17, "id": 82715798, "lrpepxv": -1.0, "lrredundpairs": 1.5513, "humanprotein_id": 3946, "vphfpdID": "001948@5jqb_B.9"}, {"lrredund": 20.9141, "lrpepelmv": 15.8041, "hphfpdID": "016615.d584_674", "pdbset": null, "lrpepxh": -1.0, "finallr": 330.5284, "lrpepelmh": -1.0, "template": "1fxk:AC(0.46,0.54,59/69,21,21)", "viralprotein_id": 14189, "lrsm": 2.6756, "id": 82716346, "lrpepxv": -1.0, "lrredundpairs": -1.0, "humanprotein_id": 5095, "vphfpdID": "001948.e511_677@5kel_B.3"}, {"lrredund": 4.0064, "lrpepelmv": 50.5585, "hphfpdID": "014240.d115_228", "pdbset": null, "lrpepxh": -1.0, "finallr": 202.5576, "lrpepelmh": -1.0, "template": "3a1g:BA(0.49,0.52,58/109,33,36)", "viralprotein_id": 14189, "lrsm": 1.6503, "id": 82716574, "lrpepxv": -1.0, "lrredundpairs": -1.0, "humanprotein_id": 3056, "vphfpdID": "001948.e511_677@3ve0_J.2"}, {"lrredund": 2.409, "lrpepelmv": 50.5585, "hphfpdID": "014176.d85_210", "pdbset": null, "lrpepxh": -1.0, "finallr": 121.7954, "lrpepelmh": -1.0, "template": "2xte:DC(0.51,0.42,52/124,26,43)", "viralprotein_id": 14189, "lrsm": 1.7387, "id": 82716678, "lrpepxv": -1.0, "lrredundpairs": 0.7707, "humanprotein_id": 4582, "vphfpdID": "001948@5kel_B.8"}, {"lrredund": 0.9127, "lrpepelmv": -1.0, "hphfpdID": "017435", "pdbset": null, "lrpepxh": -1.0, "finallr": 118.8062, "lrpepelmh": -1.0, "template": "3s88:JL(0.00,0.10,14/14,10,11)", "viralprotein_id": 14189, "lrsm": 130.17, "id": 82716730, "lrpepxv": -1.0, "lrredundpairs": 1.5513, "humanprotein_id": 2929, "vphfpdID": "001948.e511_677@3s88_J.1"}, {"lrredund": 0.9127, "lrpepelmv": -1.0, "hphfpdID": "008444.e1_115", "pdbset": null, "lrpepxh": -1.0, "finallr": 118.8062, "lrpepelmh": -1.0, "template": "3ve0:JB(0.00,0.10,13/13,8,6)", "viralprotein_id": 14189, "lrsm": 130.17, "id": 82716736, "lrpepxv": -1.0, "lrredundpairs": 1.373, "humanprotein_id": 16131, "vphfpdID": "001948.e511_677@3ve0_J.2"}, {"lrredund": 3.8142, "lrpepelmv": -1.0, "hphfpdID": "017068.e49_262", "pdbset": null, "lrpepxh": -1.0, "finallr": 146.9103, "lrpepelmh": -1.0, "template": "1sa0:EA(0.19,0.00,28/161,25,24)", "viralprotein_id": 14189, "lrsm": 38.5167, "id": 82716838, "lrpepxv": -1.0, "lrredundpairs": -1.0, "humanprotein_id": 10746, "vphfpdID": "001948@3s88_J.7"}, {"lrredund": 21.3884, "lrpepelmv": 137.2032, "hphfpdID": "000002", "pdbset": null, "lrpepxh": -1.0, "finallr": 2934.559, "lrpepelmh": -1.0, "template": "", "viralprotein_id": 14189, "lrsm": -1.0, "id": 82717508, "lrpepxv": -1.0, "lrredundpairs": -1.0, "humanprotein_id": 6315, "vphfpdID": "001948@3ve0_I.3"}, {"lrredund": 15.8699, "lrpepelmv": -1.0, "hphfpdID": "009491.e318_418", "pdbset": null, "lrpepxh": -1.0, "finallr": 525.5211, "lrpepelmh": -1.0, "template": "3s88:JH(0.00,0.18,29/31,17,23)", "viralprotein_id": 14189, "lrsm": 33.1143, "id": 82717612, "lrpepxv": -1.0, "lrredundpairs": 0.7707, "humanprotein_id": 12198, "vphfpdID": "001948.e511_677@3s88_J.1"}, {"lrredund": -1.0, "lrpepelmv": -1.0, "hphfpdID": "007680.e1_149", "pdbset": null, "lrpepxh": -1.0, "finallr": 100.322, "lrpepelmh": -1.0, "template": "3ve0:JB(0.00,0.10,13/13,10,11)", "viralprotein_id": 14189, "lrsm": 130.17, "id": 82717888, "lrpepxv": -1.0, "lrredundpairs": 0.7707, "humanprotein_id": 16549, "vphfpdID": "001948.e511_677@3ve0_J.2"}, {"lrredund": 4.2492, "lrpepelmv": -1.0, "hphfpdID": "008847.e118_222", "pdbset": null, "lrpepxh": -1.0, "finallr": 140.7094, "lrpepelmh": -1.0, "template": "3ve0:JA(0.00,0.19,27/30,18,25)", "viralprotein_id": 14189, "lrsm": 33.1143, "id": 82718644, "lrpepxv": -1.0, "lrredundpairs": 4.2492, "humanprotein_id": 5256, "vphfpdID": "001948.e511_677@3ve0_J.2"}, {"lrredund": -1.0, "lrpepelmv": -1.0, "hphfpdID": "010596.e1_137", "pdbset": null, "lrpepxh": -1.0, "finallr": 211.604, "lrpepelmh": -1.0, "template": "3csy:LE(0.01,0.09,40/61,18,22)", "viralprotein_id": 14189, "lrsm": 119.2807, "id": 82718766, "lrpepxv": -1.0, "lrredundpairs": 1.774, "humanprotein_id": 10269, "vphfpdID": "001948.e511_677@5jqb_B.4"}, {"lrredund": 19.2898, "lrpepelmv": -1.0, "hphfpdID": "010507.d93_206", "pdbset": null, "lrpepxh": -1.0, "finallr": 122.2212, "lrpepelmh": -1.0, "template": "3csy:KL(0.03,0.60,125/236,44,28)", "viralprotein_id": 14189, "lrsm": 6.3361, "id": 82718782, "lrpepxv": -1.0, "lrredundpairs": 19.2898, "humanprotein_id": 4475, "vphfpdID": "001948.e1_327@5fhc_K.1"}, {"lrredund": 20.9141, "lrpepelmv": -1.0, "hphfpdID": "018800.e1_115", "pdbset": null, "lrpepxh": -1.0, "finallr": 115.0004, "lrpepelmh": -1.0, "template": "3csy:PG(0.06,0.31,25/61,19,22)", "viralprotein_id": 14189, "lrsm": 5.4987, "id": 82719406, "lrpepxv": -1.0, "lrredundpairs": 1.373, "humanprotein_id": 4109, "vphfpdID": "001948@5kel_B.8"}, {"lrredund": 20.9141, "lrpepelmv": 5.7054, "hphfpdID": "003962.d133_182", "pdbset": null, "lrpepxh": -1.0, "finallr": 119.3239, "lrpepelmh": -1.0, "template": "2f86:NB(0.44,0.22,33/168,24,25)", "viralprotein_id": 14189, "lrsm": 1.8531, "id": 82719827, "lrpepxv": -1.0, "lrredundpairs": 20.9141, "humanprotein_id": 6447, "vphfpdID": "001948.e511_677@5f1b_B.5"}, {"lrredund": 20.9141, "lrpepelmv": 5.7054, "hphfpdID": "002673.d115_219", "pdbset": null, "lrpepxh": -1.0, "finallr": 119.3239, "lrpepelmh": -1.0, "template": "4dci:CB(0.38,0.22,7/89,8,7)", "viralprotein_id": 14189, "lrsm": 1.8315, "id": 82720439, "lrpepxv": -1.0, "lrredundpairs": 5.2159, "humanprotein_id": 4427, "vphfpdID": "001948@5kel_B.8"}, {"lrredund": 21.3884, "lrpepelmv": -1.0, "hphfpdID": "000172.e343_463", "pdbset": null, "lrpepxh": -1.0, "finallr": 161.1838, "lrpepelmh": -1.0, "template": "3csy:OP(0.03,0.34,66/310,28,19)", "viralprotein_id": 14189, "lrsm": 7.536, "id": 82720584, "lrpepxv": -1.0, "lrredundpairs": 20.9141, "humanprotein_id": 2981, "vphfpdID": "001948.e1_327@5fhc_K.1"}, {"lrredund": 21.3884, "lrpepelmv": -1.0, "hphfpdID": "002626", "pdbset": null, "lrpepxh": -1.0, "finallr": 2784.13, "lrpepelmh": -1.0, "template": "3ve0:JB(0.00,0.09,13/13,9,10)", "viralprotein_id": 14189, "lrsm": 130.17, "id": 82721389, "lrpepxv": -1.0, "lrredundpairs": 19.2898, "humanprotein_id": 2804, "vphfpdID": "001948.e511_677@3ve0_J.2"}, {"lrredund": 3.124, "lrpepelmv": 137.2032, "hphfpdID": "000003", "pdbset": null, "lrpepxh": -1.0, "finallr": 428.6231, "lrpepelmh": -1.0, "template": "3a1g:BA(0.49,0.60,86/109,26,7)", "viralprotein_id": 14189, "lrsm": 1.6435, "id": 82721426, "lrpepxv": -1.0, "lrredundpairs": 2.409, "humanprotein_id": 6857, "vphfpdID": "001948.e511_677@3ve0_J.2"}, {"lrredund": -1.0, "lrpepelmv": -1.0, "hphfpdID": "018932", "pdbset": null, "lrpepxh": -1.0, "finallr": 403.6617, "lrpepelmh": -1.0, "template": "3ve0:JA(0.00,0.09,30/30,21,28)", "viralprotein_id": 14189, "lrsm": 260.2086, "id": 82721687, "lrpepxv": -1.0, "lrredundpairs": 1.5513, "humanprotein_id": 11673, "vphfpdID": "001948.e511_677@3ve0_J.2"}, {"lrredund": 21.3884, "lrpepelmv": 12.1604, "hphfpdID": "001060.e253_532", "pdbset": null, "lrpepxh": -1.0, "finallr": 260.0908, "lrpepelmh": -1.0, "template": "3hp3:FD(0.60,0.60,17/106,6,1)", "viralprotein_id": 14189, "lrsm": 0.9682, "id": 82721749, "lrpepxv": -1.0, "lrredundpairs": -1.0, "humanprotein_id": 17652, "vphfpdID": "001948.e1_327@5fhc_K.1"}]