[{"lrredund": -1.0, "lrpepelmv": 107.1532, "hphfpdID": "000006", "pdbset": null, "lrpepxh": -1.0, "finallr": 107.1532, "lrpepelmh": -1.0, "template": "", "viralprotein_id": 12780, "lrsm": -1.0, "id": 30919669, "lrpepxv": -1.0, "lrredundpairs": -1.0, "humanprotein_id": 4514, "vphfpdID": "000556"}, {"lrredund": -1.0, "lrpepelmv": 107.1532, "hphfpdID": "000003", "pdbset": null, "lrpepxh": -1.0, "finallr": 107.1532, "lrpepelmh": -1.0, "template": "", "viralprotein_id": 12780, "lrsm": -1.0, "id": 30919782, "lrpepxv": -1.0, "lrredundpairs": -1.0, "humanprotein_id": 6857, "vphfpdID": "000556"}, {"lrredund": -1.0, "lrpepelmv": 107.1532, "hphfpdID": "000001", "pdbset": null, "lrpepxh": -1.0, "finallr": 107.1532, "lrpepelmh": -1.0, "template": "", "viralprotein_id": 12780, "lrsm": -1.0, "id": 30920217, "lrpepxv": -1.0, "lrredundpairs": -1.0, "humanprotein_id": 4793, "vphfpdID": "000556"}, {"lrredund": -1.0, "lrpepelmv": 107.1532, "hphfpdID": "000007", "pdbset": null, "lrpepxh": -1.0, "finallr": 107.1532, "lrpepelmh": -1.0, "template": "", "viralprotein_id": 12780, "lrsm": -1.0, "id": 30920300, "lrpepxv": -1.0, "lrredundpairs": -1.0, "humanprotein_id": 6393, "vphfpdID": "000556"}, {"lrredund": -1.0, "lrpepelmv": 107.1532, "hphfpdID": "000002", "pdbset": null, "lrpepxh": -1.0, "finallr": 107.1532, "lrpepelmh": -1.0, "template": "", "viralprotein_id": 12780, "lrsm": -1.0, "id": 30920378, "lrpepxv": -1.0, "lrredundpairs": -1.0, "humanprotein_id": 6315, "vphfpdID": "000556"}, {"lrredund": -1.0, "lrpepelmv": 107.1532, "hphfpdID": "000005", "pdbset": null, "lrpepxh": -1.0, "finallr": 107.1532, "lrpepelmh": -1.0, "template": "", "viralprotein_id": 12780, "lrsm": -1.0, "id": 30920404, "lrpepxv": -1.0, "lrredundpairs": -1.0, "humanprotein_id": 4794, "vphfpdID": "000556"}, {"lrredund": -1.0, "lrpepelmv": 107.1532, "hphfpdID": "000004", "pdbset": null, "lrpepxh": -1.0, "finallr": 107.1532, "lrpepelmh": -1.0, "template": "", "viralprotein_id": 12780, "lrsm": -1.0, "id": 30920606, "lrpepxv": -1.0, "lrredundpairs": -1.0, "humanprotein_id": 6298, "vphfpdID": "000556"}, {"lrredund": 21.3884, "lrpepelmv": -1.0, "hphfpdID": "010507.d93_206", "pdbset": null, "lrpepxh": -1.0, "finallr": 208.1873, "lrpepelmh": -1.0, "template": "4icg:BA(0.59,0.59,103/127,41,44)", "viralprotein_id": 12781, "lrsm": 9.7337, "id": 17275987, "lrpepxv": -1.0, "lrredundpairs": -1.0, "humanprotein_id": 4475, "vphfpdID": "000557.e938_1225"}, {"lrredund": 21.3884, "lrpepelmv": 15.8041, "hphfpdID": "016613.e557_714", "pdbset": null, "lrpepxh": -1.0, "finallr": 338.0243, "lrpepelmh": -1.0, "template": "2i45:IJ(0.42,0.41,47/86,24,25)", "viralprotein_id": 12781, "lrsm": 1.7387, "id": 17276494, "lrpepxv": -1.0, "lrredundpairs": -1.0, "humanprotein_id": 5161, "vphfpdID": "000557.e1696_2008@3m8l_A.3"}, {"lrredund": 21.3884, "lrpepelmv": -1.0, "hphfpdID": "007725.d40_193", "pdbset": null, "lrpepxh": -1.0, "finallr": 102.103, "lrpepelmh": -1.0, "template": "1ev0:BA(0.59,0.55,163/202,18,2)", "viralprotein_id": 12781, "lrsm": 4.7738, "id": 17276713, "lrpepxv": 2.59, "lrredundpairs": -1.0, "humanprotein_id": 3138, "vphfpdID": "000557.d1347_1626@2ckw_A.1"}, {"lrredund": 20.9141, "lrpepelmv": -1.0, "hphfpdID": "014262.d1_78", "pdbset": null, "lrpepxh": -1.0, "finallr": 125.499, "lrpepelmh": -1.0, "template": "2bwe:PU(0.32,0.06,1/1,2,1)", "viralprotein_id": 12781, "lrsm": 6.0007, "id": 17277292, "lrpepxv": -1.0, "lrredundpairs": -1.0, "humanprotein_id": 5865, "vphfpdID": "000557.e938_1225"}, {"lrredund": 20.9141, "lrpepelmv": -1.0, "hphfpdID": "006178.e2120_2203", "pdbset": null, "lrpepxh": -1.0, "finallr": 203.5706, "lrpepelmh": -1.0, "template": "1nlq:AB(0.58,0.58,78/92,41,50)", "viralprotein_id": 12781, "lrsm": 9.7337, "id": 17277368, "lrpepxv": -1.0, "lrredundpairs": -1.0, "humanprotein_id": 2856, "vphfpdID": "000557.e1696_2008@3m8l_A.3"}, {"lrredund": 21.3884, "lrpepelmv": -1.0, "hphfpdID": "009492.e120_224", "pdbset": null, "lrpepxh": -1.0, "finallr": 116.139, "lrpepelmh": -1.0, "template": "1m1g:AB(0.60,0.51,70/294,3,0)", "viralprotein_id": 12781, "lrsm": 1.5396, "id": 17277714, "lrpepxv": 5.43, "lrredundpairs": -1.0, "humanprotein_id": 13229, "vphfpdID": "000557.d1347_1626@2ckw_A.1"}, {"lrredund": 21.3884, "lrpepelmv": -1.0, "hphfpdID": "018800.e400_510", "pdbset": null, "lrpepxh": -1.0, "finallr": 102.103, "lrpepelmh": -1.0, "template": "2lk6:BA(0.60,0.42,135/154,19,17)", "viralprotein_id": 12781, "lrsm": 4.7738, "id": 17277765, "lrpepxv": -1.0, "lrredundpairs": -1.0, "humanprotein_id": 4109, "vphfpdID": "000557.d1780_1945@4pb6_A.1"}, {"lrredund": 2.409, "lrpepelmv": 50.5585, "hphfpdID": "014178.d112_237", "pdbset": null, "lrpepxh": -1.0, "finallr": 121.7954, "lrpepelmh": -1.0, "template": "3b0f:BA(0.60,0.38,55/61,23,29)", "viralprotein_id": 12781, "lrsm": 2.6756, "id": 17278730, "lrpepxv": -1.0, "lrredundpairs": -1.0, "humanprotein_id": 7007, "vphfpdID": "000557@2mxd_A.7"}, {"lrredund": 2.409, "lrpepelmv": 96.2413, "hphfpdID": "000005", "pdbset": null, "lrpepxh": -1.0, "finallr": 231.8452, "lrpepelmh": -1.0, "template": "1vq5:SV(0.46,0.53,6/31,2,0)", "viralprotein_id": 12781, "lrsm": 1.02, "id": 17279274, "lrpepxv": -1.0, "lrredundpairs": 0.7707, "humanprotein_id": 4794, "vphfpdID": "000557.d1780_1945@4pb6_A.1"}, {"lrredund": 21.3884, "lrpepelmv": -1.0, "hphfpdID": "017281", "pdbset": null, "lrpepxh": -1.0, "finallr": 1817.423, "lrpepelmh": -1.0, "template": "1s3s:BD(0.35,0.03,57/136,41,47)", "viralprotein_id": 12781, "lrsm": 84.9724, "id": 17280916, "lrpepxv": -1.0, "lrredundpairs": -1.0, "humanprotein_id": 5906, "vphfpdID": "000557.d459_588@5gjq_H.3"}, {"lrredund": 4.2492, "lrpepelmv": 27.4837, "hphfpdID": "010174.e436_491", "pdbset": null, "lrpepxh": -1.0, "finallr": 116.7838, "lrpepelmh": -1.0, "template": "2wws:CB(0.49,0.60,177/630,50,112)", "viralprotein_id": 12781, "lrsm": 4.6659, "id": 17280996, "lrpepxv": -1.0, "lrredundpairs": -1.0, "humanprotein_id": 6667, "vphfpdID": "000557.e1696_2008@3m8l_A.3"}, {"lrredund": 21.3884, "lrpepelmv": -1.0, "hphfpdID": "012444.e95_323", "pdbset": null, "lrpepxh": -1.0, "finallr": 208.5369, "lrpepelmh": -1.0, "template": "3fry:BA(0.59,0.57,9/208,1,0)", "viralprotein_id": 12781, "lrsm": 0.9682, "id": 17282077, "lrpepxv": 9.75, "lrredundpairs": 0.7707, "humanprotein_id": 2955, "vphfpdID": "000557.d1347_1626@2ckw_A.1"}, {"lrredund": 21.3884, "lrpepelmv": 96.2413, "hphfpdID": "000006", "pdbset": null, "lrpepxh": -1.0, "finallr": 2058.446, "lrpepelmh": -1.0, "template": "3s6p:CG(0.57,0.36,2/136,3,2)", "viralprotein_id": 12781, "lrsm": 1.02, "id": 17282095, "lrpepxv": -1.0, "lrredundpairs": 0.7707, "humanprotein_id": 4514, "vphfpdID": "000557.d1780_1945@4pb6_A.1"}, {"lrredund": 21.3884, "lrpepelmv": -1.0, "hphfpdID": "013900", "pdbset": null, "lrpepxh": -1.0, "finallr": 135.5181, "lrpepelmh": -1.0, "template": "2fw8:BA(0.56,0.16,136/294,54,81)", "viralprotein_id": 12781, "lrsm": 6.3361, "id": 17282240, "lrpepxv": -1.0, "lrredundpairs": -1.0, "humanprotein_id": 4285, "vphfpdID": "000557.d459_588@5gjq_H.3"}, {"lrredund": 21.3884, "lrpepelmv": -1.0, "hphfpdID": "016869.e1196_1264", "pdbset": null, "lrpepxh": -1.0, "finallr": 208.1873, "lrpepelmh": -1.0, "template": "4icg:BA(0.59,0.43,106/127,48,47)", "viralprotein_id": 12781, "lrsm": 9.7337, "id": 17282471, "lrpepxv": -1.0, "lrredundpairs": -1.0, "humanprotein_id": 4495, "vphfpdID": "000557.e938_1225"}, {"lrredund": 19.2898, "lrpepelmv": 9.3373, "hphfpdID": "001349.d2715_2964", "pdbset": null, "lrpepxh": -1.0, "finallr": 180.1149, "lrpepelmh": -1.0, "template": "4eal:AB(0.46,0.57,21/98,2,0)", "viralprotein_id": 12781, "lrsm": 0.9682, "id": 17282949, "lrpepxv": -1.0, "lrredundpairs": -1.0, "humanprotein_id": 7312, "vphfpdID": "000557.d1780_1945@3m8l_A.2"}, {"lrredund": 3.8142, "lrpepelmv": 32.9939, "hphfpdID": "017284.e489_542", "pdbset": null, "lrpepxh": -1.0, "finallr": 125.8452, "lrpepelmh": -1.0, "template": "1r3l:BC(0.60,0.29,9/48,3,1)", "viralprotein_id": 12781, "lrsm": 1.02, "id": 17283210, "lrpepxv": -1.0, "lrredundpairs": -1.0, "humanprotein_id": 7960, "vphfpdID": "000557.e1696_2008@3m8l_A.3"}, {"lrredund": 20.9141, "lrpepelmv": -1.0, "hphfpdID": "018500", "pdbset": null, "lrpepxh": -1.0, "finallr": 125.499, "lrpepelmh": -1.0, "template": "2bwe:PU(0.32,0.06,1/1,2,1)", "viralprotein_id": 12781, "lrsm": 6.0007, "id": 17283306, "lrpepxv": -1.0, "lrredundpairs": 0.7707, "humanprotein_id": 3463, "vphfpdID": "000557.e938_1225"}, {"lrredund": 21.3884, "lrpepelmv": 15.8041, "hphfpdID": "016615.e320_574", "pdbset": null, "lrpepxh": -1.0, "finallr": 338.0243, "lrpepelmh": -1.0, "template": "2gk2:BA(0.57,0.55,78/204,27,30)", "viralprotein_id": 12781, "lrsm": 1.5955, "id": 17284341, "lrpepxv": -1.0, "lrredundpairs": -1.0, "humanprotein_id": 5095, "vphfpdID": "000557.e1696_2008@4pb6_A.2"}, {"lrredund": 21.3884, "lrpepelmv": -1.0, "hphfpdID": "002626.e1_127", "pdbset": null, "lrpepxh": -1.0, "finallr": 102.103, "lrpepelmh": -1.0, "template": "2lk6:BA(0.60,0.58,131/154,18,10)", "viralprotein_id": 12781, "lrsm": 4.7738, "id": 17284958, "lrpepxv": -1.0, "lrredundpairs": -1.0, "humanprotein_id": 2804, "vphfpdID": "000557.d1780_1945@4pb6_A.1"}, {"lrredund": 21.3884, "lrpepelmv": -1.0, "hphfpdID": "005209", "pdbset": null, "lrpepxh": -1.0, "finallr": 102.103, "lrpepelmh": -1.0, "template": "2lk6:BA(0.60,0.59,137/154,15,9)", "viralprotein_id": 12781, "lrsm": 4.7738, "id": 17285359, "lrpepxv": -1.0, "lrredundpairs": -1.0, "humanprotein_id": 8007, "vphfpdID": "000557.d1780_1945@4pb6_A.1"}, {"lrredund": 3.8142, "lrpepelmv": 96.2413, "hphfpdID": "000001", "pdbset": null, "lrpepxh": -1.0, "finallr": 367.0834, "lrpepelmh": -1.0, "template": "3ccm:SV(0.46,0.54,4/32,0,0)", "viralprotein_id": 12781, "lrsm": 1.02, "id": 17285381, "lrpepxv": -1.0, "lrredundpairs": 0.7707, "humanprotein_id": 4793, "vphfpdID": "000557.d1780_1945@4pb6_A.1"}, {"lrredund": 21.3884, "lrpepelmv": -1.0, "hphfpdID": "005354.d1990_2099", "pdbset": null, "lrpepxh": -1.0, "finallr": 208.1873, "lrpepelmh": -1.0, "template": "4icg:BA(0.59,0.59,106/127,52,62)", "viralprotein_id": 12781, "lrsm": 9.7337, "id": 17285939, "lrpepxv": -1.0, "lrredundpairs": -1.0, "humanprotein_id": 7033, "vphfpdID": "000557.e938_1225"}, {"lrredund": 21.3884, "lrpepelmv": 96.2413, "hphfpdID": "000007", "pdbset": null, "lrpepxh": -1.0, "finallr": 2058.446, "lrpepelmh": -1.0, "template": "", "viralprotein_id": 12781, "lrsm": -1.0, "id": 17285988, "lrpepxv": -1.0, "lrredundpairs": -1.0, "humanprotein_id": 6393, "vphfpdID": "000557@3m8l_A.6"}, {"lrredund": 4.2492, "lrpepelmv": -1.0, "hphfpdID": "008899", "pdbset": null, "lrpepxh": -1.0, "finallr": 101.404, "lrpepelmh": -1.0, "template": "2qqe:AB(0.34,0.04,144/241,63,72)", "viralprotein_id": 12781, "lrsm": 23.8643, "id": 17286414, "lrpepxv": -1.0, "lrredundpairs": -1.0, "humanprotein_id": 2925, "vphfpdID": "000557.d459_588@5e7p_A.6"}, {"lrredund": 21.3884, "lrpepelmv": -1.0, "hphfpdID": "011519.e1_119", "pdbset": null, "lrpepxh": -1.0, "finallr": 438.3311, "lrpepelmh": -1.0, "template": "2p1b:GF(0.34,0.01,89/124,41,40)", "viralprotein_id": 12781, "lrsm": 20.4939, "id": 17286579, "lrpepxv": -1.0, "lrredundpairs": -1.0, "humanprotein_id": 3074, "vphfpdID": "000557.e1696_2008@4pb6_A.2"}, {"lrredund": 21.3884, "lrpepelmv": 4.5877, "hphfpdID": "002673.d6_152", "pdbset": null, "lrpepxh": -1.0, "finallr": 102.103, "lrpepelmh": -1.0, "template": "1ev0:BA(0.59,0.53,170/202,19,6)", "viralprotein_id": 12781, "lrsm": 4.7738, "id": 17287118, "lrpepxv": 3.66, "lrredundpairs": 1.1877, "humanprotein_id": 4427, "vphfpdID": "000557.d1347_1626@2ckw_A.1"}, {"lrredund": 4.0064, "lrpepelmv": 32.9939, "hphfpdID": "017283.d76_264", "pdbset": null, "lrpepxh": -1.0, "finallr": 132.1866, "lrpepelmh": -1.0, "template": "", "viralprotein_id": 12781, "lrsm": -1.0, "id": 17287597, "lrpepxv": -1.0, "lrredundpairs": -1.0, "humanprotein_id": 5846, "vphfpdID": "000557@2mxd_A.7"}, {"lrredund": 21.3884, "lrpepelmv": 7.4157, "hphfpdID": "005478.e180_309", "pdbset": null, "lrpepxh": -1.0, "finallr": 158.609, "lrpepelmh": -1.0, "template": "2qox:HZ(0.58,0.49,5/25,2,0)", "viralprotein_id": 12781, "lrsm": 0.9682, "id": 17287798, "lrpepxv": -1.0, "lrredundpairs": 0.7707, "humanprotein_id": 2880, "vphfpdID": "000557.e1696_2008@4pb6_A.2"}, {"lrredund": 3.124, "lrpepelmv": 96.2413, "hphfpdID": "000003", "pdbset": null, "lrpepxh": -1.0, "finallr": 300.6577, "lrpepelmh": -1.0, "template": "", "viralprotein_id": 12781, "lrsm": -1.0, "id": 17287809, "lrpepxv": -1.0, "lrredundpairs": 0.7707, "humanprotein_id": 6857, "vphfpdID": "000557@2mxd_A.7"}, {"lrredund": 2.409, "lrpepelmv": -1.0, "hphfpdID": "013707.d217_286", "pdbset": null, "lrpepxh": -1.0, "finallr": 204.6985, "lrpepelmh": -1.0, "template": "1tue:DK(0.11,0.27,56/115,41,40)", "viralprotein_id": 12781, "lrsm": 84.9724, "id": 17287830, "lrpepxv": -1.0, "lrredundpairs": -1.0, "humanprotein_id": 6308, "vphfpdID": "000557.d459_588@1tue_A.4"}, {"lrredund": 21.3884, "lrpepelmv": -1.0, "hphfpdID": "017046.e457_686", "pdbset": null, "lrpepxh": -1.0, "finallr": 116.3786, "lrpepelmh": -1.0, "template": "1xef:BA(0.54,0.20,74/130,41,60)", "viralprotein_id": 12781, "lrsm": 5.4412, "id": 17288293, "lrpepxv": -1.0, "lrredundpairs": -1.0, "humanprotein_id": 6818, "vphfpdID": "000557.d459_588@5e7p_A.6"}, {"lrredund": 21.3884, "lrpepelmv": -1.0, "hphfpdID": "001154.e1_193", "pdbset": null, "lrpepxh": -1.0, "finallr": 140.3079, "lrpepelmh": -1.0, "template": "3o2o:GF(0.56,0.43,17/38,5,2)", "viralprotein_id": 12781, "lrsm": 1.2265, "id": 17288475, "lrpepxv": 6.56, "lrredundpairs": -1.0, "humanprotein_id": 4803, "vphfpdID": "000557.d459_588@4ypn_A.1"}, {"lrredund": 21.3884, "lrpepelmv": 8.6827, "hphfpdID": "004076.d108_222", "pdbset": null, "lrpepxh": -1.0, "finallr": 185.7094, "lrpepelmh": -1.0, "template": "1vq5:SV(0.46,0.30,5/31,3,0)", "viralprotein_id": 12781, "lrsm": 1.2142, "id": 17289114, "lrpepxv": -1.0, "lrredundpairs": -1.0, "humanprotein_id": 4894, "vphfpdID": "000557.d1780_1945@4pb6_A.1"}, {"lrredund": 21.3884, "lrpepelmv": 22.0743, "hphfpdID": "007144.d1_56", "pdbset": null, "lrpepxh": -1.0, "finallr": 472.1351, "lrpepelmh": -1.0, "template": "1na1:CB(0.44,0.50,258/1559,41,95)", "viralprotein_id": 12781, "lrsm": 7.644, "id": 17289521, "lrpepxv": -1.0, "lrredundpairs": 0.7707, "humanprotein_id": 6385, "vphfpdID": "000557.d1780_1945@4pb6_A.1"}, {"lrredund": 2.409, "lrpepelmv": 50.5585, "hphfpdID": "014176.d85_210", "pdbset": null, "lrpepxh": -1.0, "finallr": 121.7954, "lrpepelmh": -1.0, "template": "2xmj:AB(0.43,0.60,61/75,13,4)", "viralprotein_id": 12781, "lrsm": 1.9487, "id": 17289535, "lrpepxv": -1.0, "lrredundpairs": -1.0, "humanprotein_id": 4582, "vphfpdID": "000557.d1347_1626@2uuw_A.2"}, {"lrredund": 20.9141, "lrpepelmv": 22.0743, "hphfpdID": "016466.e142_262", "pdbset": null, "lrpepxh": -1.0, "finallr": 461.6652, "lrpepelmh": -1.0, "template": "3m7f:BA(0.51,0.07,54/93,23,31)", "viralprotein_id": 12781, "lrsm": 3.1219, "id": 17289702, "lrpepxv": -1.0, "lrredundpairs": 0.7707, "humanprotein_id": 3727, "vphfpdID": "000557.d1780_1945@3m8l_A.2"}, {"lrredund": 3.8142, "lrpepelmv": 50.5585, "hphfpdID": "014240.g1_114", "pdbset": null, "lrpepxh": -1.0, "finallr": 192.8402, "lrpepelmh": -1.0, "template": "2xmj:AB(0.42,0.53,73/75,12,6)", "viralprotein_id": 12781, "lrsm": 2.0531, "id": 17290073, "lrpepxv": 3.84, "lrredundpairs": -1.0, "humanprotein_id": 3056, "vphfpdID": "000557.d1347_1626@2ckw_A.1"}, {"lrredund": 21.3884, "lrpepelmv": -1.0, "hphfpdID": "000172.d132_188", "pdbset": null, "lrpepxh": -1.0, "finallr": 163.4924, "lrpepelmh": -1.0, "template": "4cdw:CB(0.41,0.56,292/1864,44,184)", "viralprotein_id": 12781, "lrsm": 7.644, "id": 17290854, "lrpepxv": -1.0, "lrredundpairs": 0.7707, "humanprotein_id": 2981, "vphfpdID": "000557.e1696_2008@4pb6_A.2"}, {"lrredund": 21.3884, "lrpepelmv": 9.677, "hphfpdID": "001751", "pdbset": null, "lrpepxh": -1.0, "finallr": 206.9754, "lrpepelmh": -1.0, "template": "1a0o:FE(0.53,0.59,22/53,6,1)", "viralprotein_id": 12781, "lrsm": 1.1641, "id": 17291007, "lrpepxv": 3.84, "lrredundpairs": -1.0, "humanprotein_id": 5041, "vphfpdID": "000557.d1347_1626@2ckw_A.1"}, {"lrredund": 1.7951, "lrpepelmv": -1.0, "hphfpdID": "015069", "pdbset": null, "lrpepxh": -1.0, "finallr": 152.5339, "lrpepelmh": -1.0, "template": "2xsz:AD(0.30,0.03,59/143,42,43)", "viralprotein_id": 12781, "lrsm": 84.9724, "id": 17291467, "lrpepxv": -1.0, "lrredundpairs": -1.0, "humanprotein_id": 19347, "vphfpdID": "000557.d459_588@4ypn_A.1"}, {"lrredund": 4.0064, "lrpepelmv": 96.2413, "hphfpdID": "000004", "pdbset": null, "lrpepxh": -1.0, "finallr": 385.581, "lrpepelmh": -1.0, "template": "", "viralprotein_id": 12781, "lrsm": -1.0, "id": 17291740, "lrpepxv": -1.0, "lrredundpairs": 0.7707, "humanprotein_id": 6298, "vphfpdID": "000557@2mxd_A.7"}, {"lrredund": 21.3884, "lrpepelmv": 96.2413, "hphfpdID": "000002", "pdbset": null, "lrpepxh": -1.0, "finallr": 2058.446, "lrpepelmh": -1.0, "template": "", "viralprotein_id": 12781, "lrsm": -1.0, "id": 17292192, "lrpepxv": -1.0, "lrredundpairs": -1.0, "humanprotein_id": 6315, "vphfpdID": "000557@4pb6_A.4"}]