"rnaseq_profile_id","donor_id","donor_name","specimen_id","specimen_name","rna_well_id","polygon_id","structure_id","structure_acronym","structure_color","structure_name","hemisphere"
488395315,309335467,"H14.09.030",309357843,"H14.09.030.TCx.01",395325172,320817998,10235,"TCx","#ebbfd0","temporal neocortex","left"
496100277,309335441,"H14.09.004",309357624,"H14.09.004.PCx.01",320630866,310967169,10557,"FWM","#f2f1f0","white matter of forebrain","right"
496100278,309335438,"H14.09.001",309357596,"H14.09.001.PCx.01",320630834,310790571,10557,"FWM","#f2f1f0","white matter of forebrain","left"
496100279,309335438,"H14.09.001",309357599,"H14.09.001.TCx.01",320630838,310790522,10235,"TCx","#ebbfd0","temporal neocortex","left"
496100281,309335439,"H14.09.002",309357603,"H14.09.002.HIP.01",320630842,310790372,10294,"HIP","#bfb5d5","hippocampus (hippocampal formation)","right"
496100283,309335439,"H14.09.002",309357607,"H14.09.002.PCx.01",320630846,310790558,10208,"PCx","#f0dabe","parietal neocortex","right"
496100284,309335439,"H14.09.002",309357607,"H14.09.002.PCx.01",320630848,310790560,10557,"FWM","#f2f1f0","white matter of forebrain","right"
496100285,309335439,"H14.09.002",309357610,"H14.09.002.TCx.01",320630850,310790399,10235,"TCx","#ebbfd0","temporal neocortex","right"
496100287,309335440,"H14.09.003",309357618,"H14.09.003.TCx.03",320630854,310790506,10235,"TCx","#ebbfd0","temporal neocortex","left"
496100288,309335440,"H14.09.003",309357615,"H14.09.003.HIP.03",320630856,310790368,10294,"HIP","#bfb5d5","hippocampus (hippocampal formation)","left"
496100290,309335438,"H14.09.001",309357596,"H14.09.001.PCx.01",320630836,310790570,10208,"PCx","#f0dabe","parietal neocortex","left"
496100291,309335441,"H14.09.004",309357627,"H14.09.004.TCx.01",320630862,310953928,10235,"TCx","#ebbfd0","temporal neocortex","right"
496100292,309335441,"H14.09.004",309357624,"H14.09.004.PCx.01",320630864,310967164,10208,"PCx","#f0dabe","parietal neocortex","right"
496100294,309335444,"H14.09.007",309357647,"H14.09.007.HIP.01",320630949,310891734,10294,"HIP","#bfb5d5","hippocampus (hippocampal formation)","right"
496100295,309335444,"H14.09.007",309357654,"H14.09.007.TCx.01",320630951,310948492,10235,"TCx","#ebbfd0","temporal neocortex","right"
496100296,309335444,"H14.09.007",309357651,"H14.09.007.PCx.01",320630953,310971281,10208,"PCx","#f0dabe","parietal neocortex","right"
496100297,309335444,"H14.09.007",309357651,"H14.09.007.PCx.01",320630955,310971297,10557,"FWM","#f2f1f0","white matter of forebrain","right"
496100301,309335445,"H14.09.008",309357665,"H14.09.008.TCx.01",320630963,310978795,10235,"TCx","#ebbfd0","temporal neocortex","right"
496100303,309335441,"H14.09.004",309357620,"H14.09.004.HIP.01",320630858,310892446,10294,"HIP","#bfb5d5","hippocampus (hippocampal formation)","right"
496100304,309335443,"H14.09.006",309357639,"H14.09.006.HIP.03",320630985,310790077,10294,"HIP","#bfb5d5","hippocampus (hippocampal formation)","right"
496100305,309335443,"H14.09.006",309357641,"H14.09.006.PCx.01",320630981,310790540,10208,"PCx","#f0dabe","parietal neocortex","right"
496100306,309335443,"H14.09.006",309357641,"H14.09.006.PCx.01",320630983,310790542,10557,"FWM","#f2f1f0","white matter of forebrain","right"
496100307,309335445,"H14.09.008",309357662,"H14.09.008.PCx.01",320630967,310961667,10557,"FWM","#f2f1f0","white matter of forebrain","right"
496100310,309335443,"H14.09.006",309357645,"H14.09.006.TCx.03",320630979,310790516,10235,"TCx","#ebbfd0","temporal neocortex","right"
496100312,309335445,"H14.09.008",309357658,"H14.09.008.HIP.01",320630971,311021819,10294,"HIP","#bfb5d5","hippocampus (hippocampal formation)","right"
496100313,309335442,"H14.09.005",309357631,"H14.09.005.HIP.01",320630973,310790082,10294,"HIP","#bfb5d5","hippocampus (hippocampal formation)","left"
496100314,309335438,"H14.09.001",309357595,"H14.09.001.HIP.05",320630832,310790374,10294,"HIP","#bfb5d5","hippocampus (hippocampal formation)","left"
496100315,309335448,"H14.09.011",309357691,"H14.09.011.TCx.03",321912261,313616475,10235,"TCx","#ebbfd0","temporal neocortex","right"
496100316,309335454,"H14.09.017",309357741,"H14.09.017.TCx.01",321912210,313793272,10235,"TCx","#ebbfd0","temporal neocortex","left"
496100317,309335453,"H14.09.016",309357729,"H14.09.016.PCx.01",321912198,313082570,10557,"FWM","#f2f1f0","white matter of forebrain","left"
496100318,309335446,"H14.09.009",309357672,"H14.09.009.PCx.01",321912249,313118379,10208,"PCx","#f0dabe","parietal neocortex","right"
496100319,309335452,"H14.09.015",309357717,"H14.09.015.HIP.01",321912283,313082614,10294,"HIP","#bfb5d5","hippocampus (hippocampal formation)","left"
496100320,309335454,"H14.09.017",309357738,"H14.09.017.PCx.01",321912208,313793277,10208,"PCx","#f0dabe","parietal neocortex","left"
496100321,309335451,"H14.09.014",309357708,"H14.09.014.HIP.01",321912275,313077047,10294,"HIP","#bfb5d5","hippocampus (hippocampal formation)","right"
496100322,309335447,"H14.09.010",309357681,"H14.09.010.PCx.01",321912255,313082682,10557,"FWM","#f2f1f0","white matter of forebrain","right"
496100323,309335450,"H14.09.013",309357702,"H14.09.013.PCx.01",321912269,313149624,10557,"FWM","#f2f1f0","white matter of forebrain","right"
496100324,309335454,"H14.09.017",309357738,"H14.09.017.PCx.01",321912206,313793278,10557,"FWM","#f2f1f0","white matter of forebrain","left"
496100326,309335452,"H14.09.015",309357723,"H14.09.015.TCx.01",321912196,313082610,10235,"TCx","#ebbfd0","temporal neocortex","left"
496100327,309335450,"H14.09.013",309357702,"H14.09.013.PCx.01",321912271,313149625,10208,"PCx","#f0dabe","parietal neocortex","right"
496100328,309335450,"H14.09.013",309357706,"H14.09.013.TCx.03",321912273,313151068,10235,"TCx","#ebbfd0","temporal neocortex","right"
496100329,309335446,"H14.09.009",309357672,"H14.09.009.PCx.01",321912247,313118381,10557,"FWM","#f2f1f0","white matter of forebrain","right"
496100330,309335447,"H14.09.010",309357681,"H14.09.010.PCx.01",321912257,313082680,10208,"PCx","#f0dabe","parietal neocortex","right"
496100331,309335446,"H14.09.009",309357675,"H14.09.009.TCx.01",321912251,313082803,10235,"TCx","#ebbfd0","temporal neocortex","right"
496100332,309335449,"H14.09.012",309357693,"H14.09.012.HIP.01",321912263,313113936,10294,"HIP","#bfb5d5","hippocampus (hippocampal formation)","left"
496100333,309335455,"H14.09.018",309357747,"H14.09.018.PCx.01",321912214,313793546,10557,"FWM","#f2f1f0","white matter of forebrain","right"
496100334,309335455,"H14.09.018",309357747,"H14.09.018.PCx.01",321912216,313793544,10208,"PCx","#f0dabe","parietal neocortex","right"
496100335,309335452,"H14.09.015",309357720,"H14.09.015.PCx.01",321912194,313082208,10208,"PCx","#f0dabe","parietal neocortex","left"
496100336,309335451,"H14.09.014",309357715,"H14.09.014.TCx.03",321912281,313140440,10235,"TCx","#ebbfd0","temporal neocortex","right"
496100337,309335447,"H14.09.010",309357678,"H14.09.010.HIP.01",321912253,313082790,10294,"HIP","#bfb5d5","hippocampus (hippocampal formation)","right"
496100338,309335455,"H14.09.018",309357744,"H14.09.018.HIP.01",321912212,313793341,10294,"HIP","#bfb5d5","hippocampus (hippocampal formation)","right"
496100339,309335454,"H14.09.017",309357735,"H14.09.017.HIP.01",321912204,313795981,10294,"HIP","#bfb5d5","hippocampus (hippocampal formation)","left"
496100340,309335447,"H14.09.010",309357684,"H14.09.010.TCx.01",321912259,313127811,10235,"TCx","#ebbfd0","temporal neocortex","right"
496100341,309335453,"H14.09.016",309357732,"H14.09.016.TCx.01",321912202,313082242,10235,"TCx","#ebbfd0","temporal neocortex","left"
496100342,309335453,"H14.09.016",309357729,"H14.09.016.PCx.01",321912200,313082568,10208,"PCx","#f0dabe","parietal neocortex","left"
496100343,309335449,"H14.09.012",309357696,"H14.09.012.TCx.01",321912265,313082360,10235,"TCx","#ebbfd0","temporal neocortex","left"
496100344,309335446,"H14.09.009",309357669,"H14.09.009.HIP.01",321912245,313082798,10294,"HIP","#bfb5d5","hippocampus (hippocampal formation)","right"
496100345,309335451,"H14.09.014",309357711,"H14.09.014.PCx.01",321912277,313151979,10557,"FWM","#f2f1f0","white matter of forebrain","right"
496100346,309335452,"H14.09.015",309357720,"H14.09.015.PCx.01",321912192,313082217,10557,"FWM","#f2f1f0","white matter of forebrain","left"
496100347,309335451,"H14.09.014",309357711,"H14.09.014.PCx.01",321912279,313077363,10208,"PCx","#f0dabe","parietal neocortex","right"
496100348,309335455,"H14.09.018",309357750,"H14.09.018.TCx.01",321912218,313796157,10235,"TCx","#ebbfd0","temporal neocortex","right"
496100349,309335461,"H14.09.024",309357792,"H14.09.024.HIP.01",395319211,320231205,10294,"HIP","#bfb5d5","hippocampus (hippocampal formation)","left"
496100350,309335457,"H14.09.020",309357765,"H14.09.020.PCx.01",395319185,321883014,10557,"FWM","#f2f1f0","white matter of forebrain","right"
496100351,309335456,"H14.09.019",309357756,"H14.09.019.PCx.01",395319177,321882999,10557,"FWM","#f2f1f0","white matter of forebrain","right"
496100352,309335467,"H14.09.030",309357840,"H14.09.030.PCx.01",395325168,320965916,10557,"FWM","#f2f1f0","white matter of forebrain","left"
496100353,309335460,"H14.09.023",309357783,"H14.09.023.HIP.01",395319203,320230468,10294,"HIP","#bfb5d5","hippocampus (hippocampal formation)","right"
496100354,309335463,"H14.09.026",309357810,"H14.09.026.PCx.01",395325148,320412691,10208,"PCx","#f0dabe","parietal neocortex","right"
496100355,309335465,"H14.09.028",309357822,"H14.09.028.HIP.01",395325154,320965899,10294,"HIP","#bfb5d5","hippocampus (hippocampal formation)","left"
496100356,309335462,"H14.09.025",309357804,"H14.09.025.TCx.01",395325142,320812375,10235,"TCx","#ebbfd0","temporal neocortex","right"
496100357,309335457,"H14.09.020",309357768,"H14.09.020.TCx.01",395319189,320235219,10235,"TCx","#ebbfd0","temporal neocortex","right"
496100358,309335456,"H14.09.019",309357753,"H14.09.019.HIP.01",395319175,320229541,10294,"HIP","#bfb5d5","hippocampus (hippocampal formation)","right"
496100359,309335465,"H14.09.028",309357825,"H14.09.028.PCx.01",395325158,320812420,10208,"PCx","#f0dabe","parietal neocortex","left"
496100360,309335459,"H14.09.022",309357777,"H14.09.022.PCx.01",395319197,320241319,10557,"FWM","#f2f1f0","white matter of forebrain","right"
496100361,309335461,"H14.09.024",309357798,"H14.09.024.TCx.01",395319217,320808564,10235,"TCx","#ebbfd0","temporal neocortex","left"
496100362,309335465,"H14.09.028",309357825,"H14.09.028.PCx.01",395325156,320812422,10557,"FWM","#f2f1f0","white matter of forebrain","left"
496100363,309335456,"H14.09.019",309357759,"H14.09.019.TCx.01",395319181,320232200,10235,"TCx","#ebbfd0","temporal neocortex","right"
496100364,309335466,"H14.09.029",309357835,"H14.09.029.TCx.03",395325164,321886149,10235,"TCx","#ebbfd0","temporal neocortex","left"
496100365,309335462,"H14.09.025",309357801,"H14.09.025.HIP.01",395319219,320812259,10294,"HIP","#bfb5d5","hippocampus (hippocampal formation)","right"
496100366,309335465,"H14.09.028",309357829,"H14.09.028.TCx.03",395325160,320812528,10235,"TCx","#ebbfd0","temporal neocortex","left"
496100367,309335460,"H14.09.023",309357786,"H14.09.023.PCx.01",395319205,320244162,10557,"FWM","#f2f1f0","white matter of forebrain","right"
496100368,309335459,"H14.09.022",309357777,"H14.09.022.PCx.01",395319199,320241318,10208,"PCx","#f0dabe","parietal neocortex","right"
496100369,309335456,"H14.09.019",309357756,"H14.09.019.PCx.01",395319179,320965819,10208,"PCx","#f0dabe","parietal neocortex","right"
496100370,309335458,"H14.09.021",309357771,"H14.09.021.PCx.01",395319193,320235414,10208,"PCx","#f0dabe","parietal neocortex","left"
496100371,309335460,"H14.09.023",309357789,"H14.09.023.TCx.01",395319209,320244166,10235,"TCx","#ebbfd0","temporal neocortex","right"
496100372,309335463,"H14.09.026",309357807,"H14.09.026.HIP.01",395325144,320231523,10294,"HIP","#bfb5d5","hippocampus (hippocampal formation)","right"
496100373,309335461,"H14.09.024",309357795,"H14.09.024.PCx.01",395319215,320415476,10208,"PCx","#f0dabe","parietal neocortex","left"
496100374,309335466,"H14.09.029",309357832,"H14.09.029.HIP.03",395325162,320812618,10294,"HIP","#bfb5d5","hippocampus (hippocampal formation)","left"
496100375,309335463,"H14.09.026",309357810,"H14.09.026.PCx.01",395325146,320412693,10557,"FWM","#f2f1f0","white matter of forebrain","right"
496100376,309335458,"H14.09.021",309357771,"H14.09.021.PCx.01",395319191,320235416,10557,"FWM","#f2f1f0","white matter of forebrain","left"
496100377,309335457,"H14.09.020",309357765,"H14.09.020.PCx.01",395319187,320234825,10208,"PCx","#f0dabe","parietal neocortex","right"
496100378,309335458,"H14.09.021",309357774,"H14.09.021.TCx.01",395319195,320235493,10235,"TCx","#ebbfd0","temporal neocortex","left"
496100379,309335459,"H14.09.022",309357780,"H14.09.022.TCx.01",395319201,321877437,10235,"TCx","#ebbfd0","temporal neocortex","right"
496100380,309335461,"H14.09.024",309357795,"H14.09.024.PCx.01",395319213,320415477,10557,"FWM","#f2f1f0","white matter of forebrain","left"
496100381,309335467,"H14.09.030",309357837,"H14.09.030.HIP.01",395325166,320817993,10294,"HIP","#bfb5d5","hippocampus (hippocampal formation)","left"
496100382,309335460,"H14.09.023",309357786,"H14.09.023.PCx.01",395319207,320244161,10208,"PCx","#f0dabe","parietal neocortex","right"
496100383,309335457,"H14.09.020",309357762,"H14.09.020.HIP.01",395319183,320806633,10294,"HIP","#bfb5d5","hippocampus (hippocampal formation)","right"
496100384,309335464,"H14.09.027",309357817,"H14.09.027.HIP.03",395325152,320809323,10294,"HIP","#bfb5d5","hippocampus (hippocampal formation)","right"
496100385,309335463,"H14.09.026",309357813,"H14.09.026.TCx.01",395325150,320409986,10235,"TCx","#ebbfd0","temporal neocortex","right"
496100386,309335467,"H14.09.030",309357840,"H14.09.030.PCx.01",395325170,320965914,10208,"PCx","#f0dabe","parietal neocortex","left"
496100387,309335475,"H14.09.038",309357906,"H14.09.038.TCx.01",441298584,330184238,10235,"TCx","#ebbfd0","temporal neocortex","left"
496100388,309335481,"H14.09.044",309357948,"H14.09.044.HIP.01",441298699,382980567,10294,"HIP","#bfb5d5","hippocampus (hippocampal formation)","right"
496100389,309335474,"H14.09.037",309357891,"H14.09.037.HIP.01",441278430,330124914,10294,"HIP","#bfb5d5","hippocampus (hippocampal formation)","right"
496100390,309335471,"H14.09.034",309357876,"H14.09.034.PCx.01",441278426,396297509,10208,"PCx","#f0dabe","parietal neocortex","left"
496100391,309335474,"H14.09.037",309357894,"H14.09.037.PCx.01",441278432,330125293,10557,"FWM","#f2f1f0","white matter of forebrain","right"
496100392,309335468,"H14.09.031",309357846,"H14.09.031.HIP.01",441278398,330074194,10294,"HIP","#bfb5d5","hippocampus (hippocampal formation)","right"
496100393,309335469,"H14.09.032",309357855,"H14.09.032.HIP.01",441278406,330085153,10294,"HIP","#bfb5d5","hippocampus (hippocampal formation)","right"
496100394,309335477,"H14.09.040",325110139,"H14.09.040.TCx.03",441298654,396267887,10235,"TCx","#ebbfd0","temporal neocortex","right"
496100395,309335469,"H14.09.032",309357861,"H14.09.032.TCx.01",441278412,382967336,10235,"TCx","#ebbfd0","temporal neocortex","right"
496100396,309335471,"H14.09.034",309357873,"H14.09.034.HIP.01",441278422,330112539,10294,"HIP","#bfb5d5","hippocampus (hippocampal formation)","left"
496100397,309335469,"H14.09.032",309357858,"H14.09.032.PCx.01",441278410,330090729,10208,"PCx","#f0dabe","parietal neocortex","right"
496100399,309335475,"H14.09.038",309357903,"H14.09.038.PCx.01",441278443,330178568,10208,"PCx","#f0dabe","parietal neocortex","left"
496100400,309335468,"H14.09.031",309357849,"H14.09.031.PCx.01",441278402,382913506,10208,"PCx","#f0dabe","parietal neocortex","right"
496100401,309335470,"H14.09.033",309357867,"H14.09.033.PCx.01",441278416,382980487,10557,"FWM","#f2f1f0","white matter of forebrain","right"
496100402,309335469,"H14.09.032",309357858,"H14.09.032.PCx.01",441278408,330090736,10557,"FWM","#f2f1f0","white matter of forebrain","right"
496100403,309335470,"H14.09.033",309357870,"H14.09.033.TCx.01",441278420,330103258,10235,"TCx","#ebbfd0","temporal neocortex","right"
496100404,309335480,"H14.09.043",309357942,"H14.09.043.PCx.01",441298683,330202642,10208,"PCx","#f0dabe","parietal neocortex","right"
496100405,309335471,"H14.09.034",309357879,"H14.09.034.TCx.01",441278428,382980554,10235,"TCx","#ebbfd0","temporal neocortex","left"
496100406,309335475,"H14.09.038",309357900,"H14.09.038.HIP.01",441278438,330171762,10294,"HIP","#bfb5d5","hippocampus (hippocampal formation)","left"
496100407,309335471,"H14.09.034",309357876,"H14.09.034.PCx.01",441278424,396297511,10557,"FWM","#f2f1f0","white matter of forebrain","left"
496100408,309335476,"H14.09.039",309357909,"H14.09.039.PCx.01",441298604,396231458,10208,"PCx","#f0dabe","parietal neocortex","left"
496100409,309335476,"H14.09.039",309357909,"H14.09.039.PCx.01",441298595,396231459,10557,"FWM","#f2f1f0","white matter of forebrain","left"
496100410,309335480,"H14.09.043",309357945,"H14.09.043.TCx.01",441298691,330209228,10235,"TCx","#ebbfd0","temporal neocortex","right"
496100411,309335475,"H14.09.038",309357903,"H14.09.038.PCx.01",441278441,330178569,10557,"FWM","#f2f1f0","white matter of forebrain","left"
496100412,309335480,"H14.09.043",309357942,"H14.09.043.PCx.01",441298670,330202649,10557,"FWM","#f2f1f0","white matter of forebrain","right"
496100413,309335477,"H14.09.040",309357918,"H14.09.040.PCx.01",441298622,396267641,10557,"FWM","#f2f1f0","white matter of forebrain","right"
496100414,309335481,"H14.09.044",309357951,"H14.09.044.TCx.01",441298712,356046518,10235,"TCx","#ebbfd0","temporal neocortex","right"
496100415,309335474,"H14.09.037",309357894,"H14.09.037.PCx.01",441278434,330125289,10208,"PCx","#f0dabe","parietal neocortex","right"
496100416,309335468,"H14.09.031",309357849,"H14.09.031.PCx.01",441278400,382913546,10557,"FWM","#f2f1f0","white matter of forebrain","right"
496100417,309335470,"H14.09.033",309357864,"H14.09.033.HIP.01",441278414,330097760,10294,"HIP","#bfb5d5","hippocampus (hippocampal formation)","right"
496100418,309335476,"H14.09.039",309357912,"H14.09.039.TCx.01",441298611,396229845,10235,"TCx","#ebbfd0","temporal neocortex","left"
496100419,309335474,"H14.09.037",309357897,"H14.09.037.TCx.01",441278436,330163772,10235,"TCx","#ebbfd0","temporal neocortex","right"
496100420,309335477,"H14.09.040",309357918,"H14.09.040.PCx.01",441298628,396267640,10208,"PCx","#f0dabe","parietal neocortex","right"
496100421,309335470,"H14.09.033",309357867,"H14.09.033.PCx.01",441278418,382980486,10208,"PCx","#f0dabe","parietal neocortex","right"
496100422,309335468,"H14.09.031",309357852,"H14.09.031.TCx.01",441278404,330079027,10235,"TCx","#ebbfd0","temporal neocortex","right"
496100423,309335482,"H14.09.045",309357957,"H14.09.045.PCx.01",472517775,470088702,10208,"PCx","#f0dabe","parietal neocortex","right"
496100424,309335484,"H14.09.047",309357975,"H14.09.047.PCx.01",472517793,470091220,10557,"FWM","#f2f1f0","white matter of forebrain","left"
496100425,309335486,"H14.09.049",309357996,"H14.09.049.TCx.01",472517873,470094848,10235,"TCx","#ebbfd0","temporal neocortex","right"
496100426,309335488,"H14.09.051",309358011,"H14.09.051.PCx.01",472517885,470531113,10208,"PCx","#f0dabe","parietal neocortex","right"
496100427,309335483,"H14.09.046",309357966,"H14.09.046.PCx.01",472517785,470089666,10557,"FWM","#f2f1f0","white matter of forebrain","right"
496100428,309335483,"H14.09.046",309357969,"H14.09.046.TCx.01",472517787,470088714,10235,"TCx","#ebbfd0","temporal neocortex","right"
496100429,309335482,"H14.09.045",309357960,"H14.09.045.TCx.01",472517779,470088194,10235,"TCx","#ebbfd0","temporal neocortex","right"
496100430,309335489,"H14.09.052",309358020,"H14.09.052.PCx.01",472517893,470531325,10208,"PCx","#f0dabe","parietal neocortex","right"
496100431,309335486,"H14.09.049",309357993,"H14.09.049.PCx.01",472517809,470095607,10557,"FWM","#f2f1f0","white matter of forebrain","right"
496100432,309335489,"H14.09.052",309358023,"H14.09.052.TCx.01",472517897,470531194,10235,"TCx","#ebbfd0","temporal neocortex","right"
496100433,309335484,"H14.09.047",309357972,"H14.09.047.HIP.01",472517789,470090398,10294,"HIP","#bfb5d5","hippocampus (hippocampal formation)","left"
496100434,309335482,"H14.09.045",309357954,"H14.09.045.HIP.01",472517773,470088515,10294,"HIP","#bfb5d5","hippocampus (hippocampal formation)","right"
496100435,309335484,"H14.09.047",309357978,"H14.09.047.TCx.01",472517795,470090003,10235,"TCx","#ebbfd0","temporal neocortex","left"
496100436,309335487,"H14.09.050",309358002,"H14.09.050.PCx.01",472517879,470528287,10557,"FWM","#f2f1f0","white matter of forebrain","left"
496100438,309335485,"H14.09.048",309357984,"H14.09.048.PCx.01",472517799,470094318,10208,"PCx","#f0dabe","parietal neocortex","right"
496100439,309335487,"H14.09.050",309358002,"H14.09.050.PCx.01",472517877,470528286,10208,"PCx","#f0dabe","parietal neocortex","left"
496100440,309335479,"H14.09.042",309357933,"H14.09.042.PCx.01",472517771,470087813,10557,"FWM","#f2f1f0","white matter of forebrain","right"
496100441,309335484,"H14.09.047",309357975,"H14.09.047.PCx.01",472517791,470091219,10208,"PCx","#f0dabe","parietal neocortex","left"
496100442,309335479,"H14.09.042",309357933,"H14.09.042.PCx.01",472517769,470087811,10208,"PCx","#f0dabe","parietal neocortex","right"
496100443,309335488,"H14.09.051",309358008,"H14.09.051.HIP.01",472517883,470530010,10294,"HIP","#bfb5d5","hippocampus (hippocampal formation)","right"
496100444,309335483,"H14.09.046",309357963,"H14.09.046.HIP.01",472517781,470088721,10294,"HIP","#bfb5d5","hippocampus (hippocampal formation)","right"
496100445,309335489,"H14.09.052",309358017,"H14.09.052.HIP.01",472517891,470531240,10294,"HIP","#bfb5d5","hippocampus (hippocampal formation)","right"
496100446,309335487,"H14.09.050",309358005,"H14.09.050.TCx.01",472517881,470527114,10235,"TCx","#ebbfd0","temporal neocortex","left"
496100447,309335486,"H14.09.049",309357990,"H14.09.049.HIP.01",472517805,470095174,10294,"HIP","#bfb5d5","hippocampus (hippocampal formation)","right"
496100448,309335485,"H14.09.048",309357987,"H14.09.048.TCx.01",472517803,470091478,10235,"TCx","#ebbfd0","temporal neocortex","right"
496100449,309335483,"H14.09.046",309357966,"H14.09.046.PCx.01",472517783,470089664,10208,"PCx","#f0dabe","parietal neocortex","right"
496100450,309335487,"H14.09.050",309357999,"H14.09.050.HIP.01",472517875,470527539,10294,"HIP","#bfb5d5","hippocampus (hippocampal formation)","left"
496100451,309335488,"H14.09.051",309358014,"H14.09.051.TCx.01",472517889,470528639,10235,"TCx","#ebbfd0","temporal neocortex","right"
496100452,309335479,"H14.09.042",309357930,"H14.09.042.HIP.01",472517767,470087464,10294,"HIP","#bfb5d5","hippocampus (hippocampal formation)","right"
496100453,309335485,"H14.09.048",309357981,"H14.09.048.HIP.01",472517797,470094579,10294,"HIP","#bfb5d5","hippocampus (hippocampal formation)","right"
496100454,309335494,"H14.09.057",309358065,"H14.09.057.PCx.01",475848384,471947126,10557,"FWM","#f2f1f0","white matter of forebrain","right"
496100455,309335496,"H14.09.059",309358083,"H14.09.059.PCx.01",475848528,475333016,10557,"FWM","#f2f1f0","white matter of forebrain","right"
496100456,309335493,"H14.09.056",309358059,"H14.09.056.TCx.01",475848380,471940587,10235,"TCx","#ebbfd0","temporal neocortex","right"
496100457,309335496,"H14.09.059",309358086,"H14.09.059.TCx.01",475848532,474617917,10235,"TCx","#ebbfd0","temporal neocortex","right"
496100458,309335495,"H14.09.058",309358074,"H14.09.058.PCx.01",475848392,472347701,10557,"FWM","#f2f1f0","white matter of forebrain","left"
496100459,326765649,"H14.09.062",327252455,"H14.09.062.PCx.01",475848554,475034599,10208,"PCx","#f0dabe","parietal neocortex","right"
496100460,309335492,"H14.09.055",309358050,"H14.09.055.TCx.01",475848372,471926384,10235,"TCx","#ebbfd0","temporal neocortex","left"
496100461,326765648,"H14.09.061",327252446,"H14.09.061.PCx.01",475848546,474619066,10208,"PCx","#f0dabe","parietal neocortex","right"
496100462,309335496,"H14.09.059",309358083,"H14.09.059.PCx.01",475848530,475333014,10208,"PCx","#f0dabe","parietal neocortex","right"
496100463,309335493,"H14.09.056",309358056,"H14.09.056.PCx.01",475848376,471938746,10557,"FWM","#f2f1f0","white matter of forebrain","right"
496100464,326765649,"H14.09.062",327252455,"H14.09.062.PCx.01",475848552,475034601,10557,"FWM","#f2f1f0","white matter of forebrain","right"
496100465,309335492,"H14.09.055",309358044,"H14.09.055.HIP.01",475848366,471926160,10294,"HIP","#bfb5d5","hippocampus (hippocampal formation)","left"
496100466,309335491,"H14.09.054",309358038,"H14.09.054.PCx.01",475848362,471919214,10208,"PCx","#f0dabe","parietal neocortex","right"
496100467,309335491,"H14.09.054",309358038,"H14.09.054.PCx.01",475848360,471919216,10557,"FWM","#f2f1f0","white matter of forebrain","right"
496100468,309335494,"H14.09.057",309358065,"H14.09.057.PCx.01",475848386,471947125,10208,"PCx","#f0dabe","parietal neocortex","right"
496100469,309335490,"H14.09.053",309358032,"H14.09.053.TCx.01",475848356,471916107,10235,"TCx","#ebbfd0","temporal neocortex","left"
496100470,326765648,"H14.09.061",327252443,"H14.09.061.HIP.01",475848542,474619020,10294,"HIP","#bfb5d5","hippocampus (hippocampal formation)","right"
496100471,326765649,"H14.09.062",327252453,"H14.09.062.HIP.03",475848550,475034384,10294,"HIP","#bfb5d5","hippocampus (hippocampal formation)","right"
496100472,309335492,"H14.09.055",309358047,"H14.09.055.PCx.01",475848370,471926364,10208,"PCx","#f0dabe","parietal neocortex","left"
496100473,326765648,"H14.09.061",327252449,"H14.09.061.TCx.01",475848548,475235847,10235,"TCx","#ebbfd0","temporal neocortex","right"
496100474,326765648,"H14.09.061",327252446,"H14.09.061.PCx.01",475848544,474619068,10557,"FWM","#f2f1f0","white matter of forebrain","right"
496100475,309335497,"H14.09.060",309358095,"H14.09.060.TCx.01",475848540,474618593,10235,"TCx","#ebbfd0","temporal neocortex","right"
496100476,309335494,"H14.09.057",309358068,"H14.09.057.TCx.01",475848388,471949006,10235,"TCx","#ebbfd0","temporal neocortex","right"
496100477,309335490,"H14.09.053",309358026,"H14.09.053.HIP.01",475848350,471915920,10294,"HIP","#bfb5d5","hippocampus (hippocampal formation)","left"
496100478,309335496,"H14.09.059",309358080,"H14.09.059.HIP.01",475848526,474617501,10294,"HIP","#bfb5d5","hippocampus (hippocampal formation)","right"
496100479,309335490,"H14.09.053",309358029,"H14.09.053.PCx.01",475848352,471916032,10557,"FWM","#f2f1f0","white matter of forebrain","left"
496100480,309335494,"H14.09.057",309358062,"H14.09.057.HIP.01",475848382,471943331,10294,"HIP","#bfb5d5","hippocampus (hippocampal formation)","right"
496100481,309335495,"H14.09.058",309358074,"H14.09.058.PCx.01",475848394,472347700,10208,"PCx","#f0dabe","parietal neocortex","left"
496100482,309335490,"H14.09.053",309358029,"H14.09.053.PCx.01",475848354,471916031,10208,"PCx","#f0dabe","parietal neocortex","left"
496100483,309335492,"H14.09.055",309358047,"H14.09.055.PCx.01",475848368,471926365,10557,"FWM","#f2f1f0","white matter of forebrain","left"
496100484,309335497,"H14.09.060",309358092,"H14.09.060.PCx.01",475848536,475333023,10557,"FWM","#f2f1f0","white matter of forebrain","right"
496100485,309335493,"H14.09.056",309358056,"H14.09.056.PCx.01",475848378,471938745,10208,"PCx","#f0dabe","parietal neocortex","right"
496100486,309335497,"H14.09.060",309358092,"H14.09.060.PCx.01",475848538,475333022,10208,"PCx","#f0dabe","parietal neocortex","right"
496100487,309335491,"H14.09.054",309358035,"H14.09.054.HIP.01",475848358,471917212,10294,"HIP","#bfb5d5","hippocampus (hippocampal formation)","right"
496100488,326765649,"H14.09.062",327252459,"H14.09.062.TCx.01",475848556,475035043,10235,"TCx","#ebbfd0","temporal neocortex","right"
496100489,309335493,"H14.09.056",309358053,"H14.09.056.HIP.01",475848374,471933800,10294,"HIP","#bfb5d5","hippocampus (hippocampal formation)","right"
496100490,309335497,"H14.09.060",309358089,"H14.09.060.HIP.01",475848534,475235841,10294,"HIP","#bfb5d5","hippocampus (hippocampal formation)","right"
496100491,309335495,"H14.09.058",309358071,"H14.09.058.HIP.01",475848390,471951776,10294,"HIP","#bfb5d5","hippocampus (hippocampal formation)","left"
496100492,309335491,"H14.09.054",309358041,"H14.09.054.TCx.01",475848364,471919227,10235,"TCx","#ebbfd0","temporal neocortex","right"
496100493,309335495,"H14.09.058",309358078,"H14.09.058.TCx.03",475848524,471953728,10235,"TCx","#ebbfd0","temporal neocortex","left"
496100494,309335478,"H14.09.041",309357924,"H14.09.041.HIP.01",472517765,471086126,10294,"HIP","#bfb5d5","hippocampus (hippocampal formation)","right"
496100495,309335488,"H14.09.051",309358011,"H14.09.051.PCx.01",472517887,470531114,10557,"FWM","#f2f1f0","white matter of forebrain","right"
496100496,309335485,"H14.09.048",309357984,"H14.09.048.PCx.01",472517801,470094320,10557,"FWM","#f2f1f0","white matter of forebrain","right"
496100497,309335482,"H14.09.045",309357957,"H14.09.045.PCx.01",472517777,470088704,10557,"FWM","#f2f1f0","white matter of forebrain","right"
496100498,326765654,"H14.09.067",327252497,"H14.09.067.PCx.01",477135157,475585516,10208,"PCx","#f0dabe","parietal neocortex","right"
496100499,326765657,"H14.09.070",327252524,"H14.09.070.PCx.01",477135254,475846387,10208,"PCx","#f0dabe","parietal neocortex","right"
496100500,326765658,"H14.09.071",327252533,"H14.09.071.PCx.01",477135263,475846425,10208,"PCx","#f0dabe","parietal neocortex","right"
496100501,326765659,"H14.09.072",327252542,"H14.09.072.PCx.01",477135271,475738124,10208,"PCx","#f0dabe","parietal neocortex","left"
496100502,326765650,"H14.09.063",327252467,"H14.09.063.TCx.01",477135135,475585446,10235,"TCx","#ebbfd0","temporal neocortex","right"
496100503,326765655,"H14.09.068",327252503,"H14.09.068.HIP.01",477135163,475585523,10294,"HIP","#bfb5d5","hippocampus (hippocampal formation)","right"
496100504,326765658,"H14.09.071",327252536,"H14.09.071.TCx.01",477135267,476086018,10235,"TCx","#ebbfd0","temporal neocortex","right"
496100505,326765653,"H14.09.066",327252491,"H14.09.066.TCx.01",477135153,475236753,10235,"TCx","#ebbfd0","temporal neocortex","left"
496100506,326765651,"H14.09.064",327252473,"H14.09.064.PCx.01",477135139,475585490,10208,"PCx","#f0dabe","parietal neocortex","left"
496100507,326765654,"H14.09.067",327252497,"H14.09.067.PCx.01",477135159,475585517,10557,"FWM","#f2f1f0","white matter of forebrain","right"
496100508,326765653,"H14.09.066",327252488,"H14.09.066.PCx.01",477135149,475236694,10208,"PCx","#f0dabe","parietal neocortex","left"
496100509,326765654,"H14.09.067",327252494,"H14.09.067.HIP.01",477135155,475585506,10294,"HIP","#bfb5d5","hippocampus (hippocampal formation)","right"
496100510,326765651,"H14.09.064",327252470,"H14.09.064.HIP.01",477135137,475585459,10294,"HIP","#bfb5d5","hippocampus (hippocampal formation)","left"
496100511,326765659,"H14.09.072",327252545,"H14.09.072.TCx.01",477135275,475738163,10235,"TCx","#ebbfd0","temporal neocortex","left"
496100512,326765655,"H14.09.068",327252506,"H14.09.068.PCx.01",477135165,475619164,10208,"PCx","#f0dabe","parietal neocortex","right"
496100513,326765656,"H14.09.069",327252518,"H14.09.069.TCx.01",477135250,475846163,10235,"TCx","#ebbfd0","temporal neocortex","right"
496100514,326765656,"H14.09.069",327252515,"H14.09.069.PCx.01",477135248,475846154,10557,"FWM","#f2f1f0","white matter of forebrain","right"
496100515,326765650,"H14.09.063",327252461,"H14.09.063.HIP.01",477135129,475585383,10294,"HIP","#bfb5d5","hippocampus (hippocampal formation)","right"
496100516,326765658,"H14.09.071",327252533,"H14.09.071.PCx.01",477135265,475846426,10557,"FWM","#f2f1f0","white matter of forebrain","right"
496100517,326765657,"H14.09.070",327252527,"H14.09.070.TCx.03",477135259,476084484,10235,"TCx","#ebbfd0","temporal neocortex","right"
496100518,326765652,"H14.09.065",327252479,"H14.09.065.HIP.01",477135145,475236265,10294,"HIP","#bfb5d5","hippocampus (hippocampal formation)","left"
496100519,326765658,"H14.09.071",327252530,"H14.09.071.HIP.01",477135261,475846416,10294,"HIP","#bfb5d5","hippocampus (hippocampal formation)","right"
496100520,326765656,"H14.09.069",327252512,"H14.09.069.HIP.01",477135172,475846137,10294,"HIP","#bfb5d5","hippocampus (hippocampal formation)","right"
496100521,326765657,"H14.09.070",327252521,"H14.09.070.HIP.01",477135252,475846167,10294,"HIP","#bfb5d5","hippocampus (hippocampal formation)","right"
496100522,326765650,"H14.09.063",327252464,"H14.09.063.PCx.01",477135131,475585399,10208,"PCx","#f0dabe","parietal neocortex","right"
496100523,326765653,"H14.09.066",327252485,"H14.09.066.HIP.01",477135147,475236537,10294,"HIP","#bfb5d5","hippocampus (hippocampal formation)","left"
496100524,326765656,"H14.09.069",327252515,"H14.09.069.PCx.01",477135174,475846153,10208,"PCx","#f0dabe","parietal neocortex","right"
496100525,326765655,"H14.09.068",327252509,"H14.09.068.TCx.01",477135170,475619189,10235,"TCx","#ebbfd0","temporal neocortex","right"
496100526,326765654,"H14.09.067",327252500,"H14.09.067.TCx.01",477135161,475738071,10235,"TCx","#ebbfd0","temporal neocortex","right"
496100527,326765653,"H14.09.066",327252488,"H14.09.066.PCx.01",477135151,475236695,10557,"FWM","#f2f1f0","white matter of forebrain","left"
496100528,326765657,"H14.09.070",327252524,"H14.09.070.PCx.01",477135257,475846388,10557,"FWM","#f2f1f0","white matter of forebrain","right"
496100529,326765659,"H14.09.072",327252539,"H14.09.072.HIP.01",477135269,475738079,10294,"HIP","#bfb5d5","hippocampus (hippocampal formation)","left"
496100530,326765650,"H14.09.063",327252464,"H14.09.063.PCx.01",477135133,475585400,10557,"FWM","#f2f1f0","white matter of forebrain","right"
496100531,326765651,"H14.09.064",327252473,"H14.09.064.PCx.01",477135141,475585492,10557,"FWM","#f2f1f0","white matter of forebrain","left"
496100532,326765659,"H14.09.072",327252542,"H14.09.072.PCx.01",477135273,475738125,10557,"FWM","#f2f1f0","white matter of forebrain","left"
496100533,326765651,"H14.09.064",327252476,"H14.09.064.TCx.01",477135143,475585498,10235,"TCx","#ebbfd0","temporal neocortex","left"
496100534,326765655,"H14.09.068",327252506,"H14.09.068.PCx.01",477135167,475619165,10557,"FWM","#f2f1f0","white matter of forebrain","right"
496100535,309335489,"H14.09.052",309358020,"H14.09.052.PCx.01",472517895,470531327,10557,"FWM","#f2f1f0","white matter of forebrain","right"
496100536,326765665,"H14.09.078",327252587,"H14.09.078.HIP.01",480148773,476799703,10294,"HIP","#bfb5d5","hippocampus (hippocampal formation)","right"
496100537,326765664,"H14.09.077",327252581,"H14.09.077.PCx.01",480148769,476799621,10557,"FWM","#f2f1f0","white matter of forebrain","right"
496100538,326765667,"H14.09.080",327252602,"H14.09.080.HIP.01",480149033,477051570,10294,"HIP","#bfb5d5","hippocampus (hippocampal formation)","right"
496100539,326765662,"H14.09.075",327252566,"H14.09.075.HIP.01",480148753,477284565,10294,"HIP","#bfb5d5","hippocampus (hippocampal formation)","left"
496100540,326765660,"H14.09.073",327252554,"H14.09.073.TCx.01",480148743,477046520,10235,"TCx","#ebbfd0","temporal neocortex","right"
496100541,326765669,"H14.09.082",327252623,"H14.09.082.PCx.01",480149051,477051219,10557,"FWM","#f2f1f0","white matter of forebrain","left"
496100542,326765661,"H14.09.074",327252560,"H14.09.074.PCx.01",480148749,476796608,10208,"PCx","#f0dabe","parietal neocortex","right"
496100543,326765662,"H14.09.075",327252569,"H14.09.075.PCx.01",480148755,476796693,10557,"FWM","#f2f1f0","white matter of forebrain","left"
496100544,326765663,"H14.09.076",327252575,"H14.09.076.PCx.01",480148765,476799411,10208,"PCx","#f0dabe","parietal neocortex","left"
496100545,326765669,"H14.09.082",327252620,"H14.09.082.HIP.01",480149049,477284558,10294,"HIP","#bfb5d5","hippocampus (hippocampal formation)","left"
496100546,326765663,"H14.09.076",327252579,"H14.09.076.TCx.01",480148767,476799541,10235,"TCx","#ebbfd0","temporal neocortex","left"
496100547,326765661,"H14.09.074",327252557,"H14.09.074.HIP.01",480148745,477050150,10294,"HIP","#bfb5d5","hippocampus (hippocampal formation)","right"
496100548,326765668,"H14.09.081",327252611,"H14.09.081.HIP.01",480149041,477052332,10294,"HIP","#bfb5d5","hippocampus (hippocampal formation)","right"
496100549,326765666,"H14.09.079",327252596,"H14.09.079.PCx.01",480148777,477045929,10557,"FWM","#f2f1f0","white matter of forebrain","left"
496100550,326765666,"H14.09.079",327252599,"H14.09.079.TCx.01",480149031,477045034,10235,"TCx","#ebbfd0","temporal neocortex","left"
496100551,326765667,"H14.09.080",327252605,"H14.09.080.PCx.01",480149037,477051878,10208,"PCx","#f0dabe","parietal neocortex","right"
496100552,326765669,"H14.09.082",327252623,"H14.09.082.PCx.01",480149053,477051218,10208,"PCx","#f0dabe","parietal neocortex","left"
496100553,326765662,"H14.09.075",327665183,"H14.09.075.TCx.01",480148759,476796708,10235,"TCx","#ebbfd0","temporal neocortex","left"
496100554,326765663,"H14.09.076",327252575,"H14.09.076.PCx.01",480148763,476799413,10557,"FWM","#f2f1f0","white matter of forebrain","left"
496100555,326765667,"H14.09.080",327252608,"H14.09.080.TCx.01",480149039,477051385,10235,"TCx","#ebbfd0","temporal neocortex","right"
496100556,326765665,"H14.09.078",327252591,"H14.09.078.TCx.01",480148775,476799716,10235,"TCx","#ebbfd0","temporal neocortex","right"
496100557,326765668,"H14.09.081",327252617,"H14.09.081.TCx.01",480149047,477052325,10235,"TCx","#ebbfd0","temporal neocortex","right"
496100558,326765660,"H14.09.073",327252551,"H14.09.073.PCx.01",480148741,476796571,10208,"PCx","#f0dabe","parietal neocortex","right"
496100559,326765667,"H14.09.080",327252605,"H14.09.080.PCx.01",480149035,477051880,10557,"FWM","#f2f1f0","white matter of forebrain","right"
496100560,326765664,"H14.09.077",327252581,"H14.09.077.PCx.01",480148771,476799619,10208,"PCx","#f0dabe","parietal neocortex","right"
496100561,326765662,"H14.09.075",327252569,"H14.09.075.PCx.01",480148757,476796692,10208,"PCx","#f0dabe","parietal neocortex","left"
496100562,326765668,"H14.09.081",327252614,"H14.09.081.PCx.01",480149043,477050926,10557,"FWM","#f2f1f0","white matter of forebrain","right"
496100563,326765668,"H14.09.081",327252614,"H14.09.081.PCx.01",480149045,477050924,10208,"PCx","#f0dabe","parietal neocortex","right"
496100564,326765661,"H14.09.074",327252564,"H14.09.074.TCx.03",480148751,476796661,10235,"TCx","#ebbfd0","temporal neocortex","right"
496100565,326765660,"H14.09.073",327252551,"H14.09.073.PCx.01",480148739,476796572,10557,"FWM","#f2f1f0","white matter of forebrain","right"
496100566,326765661,"H14.09.074",327252560,"H14.09.074.PCx.01",480148747,476796609,10557,"FWM","#f2f1f0","white matter of forebrain","right"
496100567,326765666,"H14.09.079",327252596,"H14.09.079.PCx.01",480149029,477045928,10208,"PCx","#f0dabe","parietal neocortex","left"
496100569,326765669,"H14.09.082",327252626,"H14.09.082.TCx.01",480149055,477052336,10235,"TCx","#ebbfd0","temporal neocortex","left"
496100570,326765663,"H14.09.076",327252573,"H14.09.076.HIP.03",480148761,476799204,10294,"HIP","#bfb5d5","hippocampus (hippocampal formation)","left"
496100571,326765670,"H14.09.083",327252632,"H14.09.083.PCx.01",480149619,478890928,10557,"FWM","#f2f1f0","white matter of forebrain","right"
496100572,326765675,"H14.09.088",327252665,"H14.09.088.HIP.01",480149647,478891147,10294,"HIP","#bfb5d5","hippocampus (hippocampal formation)","right"
496100573,326765671,"H14.09.084",327252638,"H14.09.084.HIP.01",480149625,478891109,10294,"HIP","#bfb5d5","hippocampus (hippocampal formation)","right"
496100574,326765674,"H14.09.087",327252656,"H14.09.087.HIP.01",480149639,478891117,10294,"HIP","#bfb5d5","hippocampus (hippocampal formation)","right"
496100575,326765677,"H14.09.090",327252686,"H14.09.090.PCx.01",480149591,478924709,10208,"PCx","#f0dabe","parietal neocortex","left"
496100576,326765670,"H14.09.083",327252629,"H14.09.083.HIP.01",480149617,478890899,10294,"HIP","#bfb5d5","hippocampus (hippocampal formation)","right"
496100577,326765678,"H14.09.091",327252695,"H14.09.091.PCx.01",480149595,478924955,10557,"FWM","#f2f1f0","white matter of forebrain","right"
496100578,326765679,"H14.09.092",327252704,"H14.09.092.PCx.01",480149603,478925050,10557,"FWM","#f2f1f0","white matter of forebrain","right"
496100579,326765679,"H14.09.092",327252701,"H14.09.092.HIP.01",480149601,478924994,10294,"HIP","#bfb5d5","hippocampus (hippocampal formation)","right"
496100580,326765679,"H14.09.092",327252704,"H14.09.092.PCx.01",480149605,478925049,10208,"PCx","#f0dabe","parietal neocortex","right"
496100581,326765678,"H14.09.091",327252698,"H14.09.091.TCx.01",480149599,478924917,10235,"TCx","#ebbfd0","temporal neocortex","right"
496100582,326765678,"H14.09.091",327252692,"H14.09.091.HIP.01",480149593,479003796,10294,"HIP","#bfb5d5","hippocampus (hippocampal formation)","right"
496100583,326765676,"H14.09.089",327252677,"H14.09.089.PCx.01",480149583,479003805,10208,"PCx","#f0dabe","parietal neocortex","right"
496100584,326765673,"H14.09.086",327252647,"H14.09.086.HIP.01",480149631,478891359,10294,"HIP","#bfb5d5","hippocampus (hippocampal formation)","right"
496100585,326765674,"H14.09.087",327252659,"H14.09.087.PCx.01",480149643,478891131,10208,"PCx","#f0dabe","parietal neocortex","right"
496100586,326765677,"H14.09.090",327252683,"H14.09.090.HIP.01",480149587,478924676,10294,"HIP","#bfb5d5","hippocampus (hippocampal formation)","left"
496100587,326765674,"H14.09.087",327252659,"H14.09.087.PCx.01",480149641,478891132,10557,"FWM","#f2f1f0","white matter of forebrain","right"
496100588,326765674,"H14.09.087",327252662,"H14.09.087.TCx.01",480149645,478891114,10235,"TCx","#ebbfd0","temporal neocortex","right"
496100589,326765670,"H14.09.083",327252632,"H14.09.083.PCx.01",480149621,478890926,10208,"PCx","#f0dabe","parietal neocortex","right"
496100590,326765673,"H14.09.086",327252650,"H14.09.086.PCx.01",480149633,478891419,10557,"FWM","#f2f1f0","white matter of forebrain","right"
496100591,326765676,"H14.09.089",327252680,"H14.09.089.TCx.01",480149585,478891956,10235,"TCx","#ebbfd0","temporal neocortex","right"
496100592,326765677,"H14.09.090",327252686,"H14.09.090.PCx.01",480149589,478924711,10557,"FWM","#f2f1f0","white matter of forebrain","left"
496100593,326765672,"H14.09.085",327666493,"H14.09.085.TCx.01",480149629,478891170,10235,"TCx","#ebbfd0","temporal neocortex","right"
496100594,326765679,"H14.09.092",327252707,"H14.09.092.TCx.01",480149607,478924973,10235,"TCx","#ebbfd0","temporal neocortex","right"
496100595,326765673,"H14.09.086",327252650,"H14.09.086.PCx.01",480149635,478891418,10208,"PCx","#f0dabe","parietal neocortex","right"
496100596,326765676,"H14.09.089",327252677,"H14.09.089.PCx.01",480149581,479003807,10557,"FWM","#f2f1f0","white matter of forebrain","right"
496100597,326765676,"H14.09.089",327252674,"H14.09.089.HIP.01",480149579,478923583,10294,"HIP","#bfb5d5","hippocampus (hippocampal formation)","right"
496100598,326765675,"H14.09.088",327252668,"H14.09.088.PCx.01",480149575,478891165,10208,"PCx","#f0dabe","parietal neocortex","right"
496100599,326765673,"H14.09.086",327252653,"H14.09.086.TCx.01",480149637,478891177,10235,"TCx","#ebbfd0","temporal neocortex","right"
496100600,326765675,"H14.09.088",327252668,"H14.09.088.PCx.01",480149649,478891167,10557,"FWM","#f2f1f0","white matter of forebrain","right"
496100601,326765675,"H14.09.088",327252671,"H14.09.088.TCx.01",480149577,478891143,10235,"TCx","#ebbfd0","temporal neocortex","right"
496100602,326765670,"H14.09.083",327252635,"H14.09.083.TCx.01",480149623,478890873,10235,"TCx","#ebbfd0","temporal neocortex","right"
496100603,326765678,"H14.09.091",327252695,"H14.09.091.PCx.01",480149597,478924954,10208,"PCx","#f0dabe","parietal neocortex","right"
496100604,326765672,"H14.09.085",327252645,"H14.09.085.HIP.03",480149627,478891174,10294,"HIP","#bfb5d5","hippocampus (hippocampal formation)","right"
496100605,326765687,"H14.09.100",327252779,"H14.09.100.TCx.01",480735304,479715302,10235,"TCx","#ebbfd0","temporal neocortex","right"
496100606,326765687,"H14.09.100",327252776,"H14.09.100.PCx.01",480735302,479715195,10208,"PCx","#f0dabe","parietal neocortex","right"
496100607,326765680,"H14.09.093",327252716,"H14.09.093.TCx.01",480735338,479683638,10235,"TCx","#ebbfd0","temporal neocortex","right"
496100608,326765681,"H14.09.094",327252722,"H14.09.094.PCx.01",480735342,479683673,10557,"FWM","#f2f1f0","white matter of forebrain","left"
496100609,326765681,"H14.09.094",327252725,"H14.09.094.TCx.01",480735346,479683692,10235,"TCx","#ebbfd0","temporal neocortex","left"
496100610,326765683,"H14.09.096",327252744,"H14.09.096.TCx.01",480735362,479707501,10235,"TCx","#ebbfd0","temporal neocortex","left"
496100611,326765683,"H14.09.096",327252740,"H14.09.096.PCx.01",480735358,479706616,10557,"FWM","#f2f1f0","white matter of forebrain","left"
496100612,326765689,"H14.09.102",327252791,"H14.09.102.HIP.01",480735314,479715520,10294,"HIP","#bfb5d5","hippocampus (hippocampal formation)","right"
496100613,326765686,"H14.09.099",327252770,"H14.09.099.TCx.01",480735296,479683575,10235,"TCx","#ebbfd0","temporal neocortex","left"
496100614,326765682,"H14.09.095",327252731,"H14.09.095.PCx.01",480735352,479706303,10208,"PCx","#f0dabe","parietal neocortex","right"
496100615,326765687,"H14.09.100",327252773,"H14.09.100.HIP.01",480735298,479715121,10294,"HIP","#bfb5d5","hippocampus (hippocampal formation)","right"
496100616,326765682,"H14.09.095",327252731,"H14.09.095.PCx.01",480735350,479706304,10557,"FWM","#f2f1f0","white matter of forebrain","right"
496100617,326765688,"H14.09.101",327252788,"H14.09.101.TCx.01",480735312,479715417,10235,"TCx","#ebbfd0","temporal neocortex","left"
496100618,326765685,"H14.09.098",327252758,"H14.09.098.PCx.01",480735286,479713548,10208,"PCx","#f0dabe","parietal neocortex","right"
496100619,326765683,"H14.09.096",327252737,"H14.09.096.HIP.01",480735356,479911183,10294,"HIP","#bfb5d5","hippocampus (hippocampal formation)","left"
496100620,326765687,"H14.09.100",327252776,"H14.09.100.PCx.01",480735300,479715197,10557,"FWM","#f2f1f0","white matter of forebrain","right"
496100621,326765685,"H14.09.098",327252761,"H14.09.098.TCx.01",480735288,479713606,10235,"TCx","#ebbfd0","temporal neocortex","right"
496100622,326765681,"H14.09.094",327252719,"H14.09.094.HIP.01",480735340,479683645,10294,"HIP","#bfb5d5","hippocampus (hippocampal formation)","left"
496100623,326765684,"H14.09.097",327252749,"H14.09.097.PCx.01",480735366,479709076,10208,"PCx","#f0dabe","parietal neocortex","right"
496100624,326765688,"H14.09.101",327252785,"H14.09.101.PCx.01",480735310,479715379,10208,"PCx","#f0dabe","parietal neocortex","left"
496100625,326765689,"H14.09.102",327252794,"H14.09.102.PCx.01",480735316,479715702,10557,"FWM","#f2f1f0","white matter of forebrain","right"
496100626,326765684,"H14.09.097",327252749,"H14.09.097.PCx.01",480735364,479709078,10557,"FWM","#f2f1f0","white matter of forebrain","right"
496100627,326765684,"H14.09.097",327252752,"H14.09.097.TCx.01",480735368,479710149,10235,"TCx","#ebbfd0","temporal neocortex","right"
496100628,326765680,"H14.09.093",327252713,"H14.09.093.PCx.01",480735334,479683621,10557,"FWM","#f2f1f0","white matter of forebrain","right"
496100629,326765686,"H14.09.099",327252764,"H14.09.099.HIP.01",480735290,479713697,10294,"HIP","#bfb5d5","hippocampus (hippocampal formation)","left"
496100630,326765681,"H14.09.094",327252722,"H14.09.094.PCx.01",480735344,479683671,10208,"PCx","#f0dabe","parietal neocortex","left"
496100631,326765680,"H14.09.093",327252713,"H14.09.093.PCx.01",480735336,479683620,10208,"PCx","#f0dabe","parietal neocortex","right"
496100632,326765688,"H14.09.101",327252782,"H14.09.101.HIP.01",480735306,479715329,10294,"HIP","#bfb5d5","hippocampus (hippocampal formation)","left"
496100633,326765682,"H14.09.095",327252735,"H14.09.095.TCx.01",480735354,479706393,10235,"TCx","#ebbfd0","temporal neocortex","right"
496100634,326765682,"H14.09.095",327252728,"H14.09.095.HIP.01",480735348,479706247,10294,"HIP","#bfb5d5","hippocampus (hippocampal formation)","right"
496100635,326765680,"H14.09.093",327252710,"H14.09.093.HIP.01",480735332,479683591,10294,"HIP","#bfb5d5","hippocampus (hippocampal formation)","right"
496100636,326765685,"H14.09.098",327252758,"H14.09.098.PCx.01",480735284,479713549,10557,"FWM","#f2f1f0","white matter of forebrain","right"
496100637,326765686,"H14.09.099",327252767,"H14.09.099.PCx.01",480735292,479714827,10557,"FWM","#f2f1f0","white matter of forebrain","left"
496100638,326765688,"H14.09.101",327252785,"H14.09.101.PCx.01",480735308,479715381,10557,"FWM","#f2f1f0","white matter of forebrain","left"
496100639,326765689,"H14.09.102",327252797,"H14.09.102.TCx.01",480735320,479715801,10235,"TCx","#ebbfd0","temporal neocortex","right"
496100640,326765689,"H14.09.102",327252794,"H14.09.102.PCx.01",480735318,479715701,10208,"PCx","#f0dabe","parietal neocortex","right"
496100641,326765683,"H14.09.096",327252740,"H14.09.096.PCx.01",480735360,479706615,10208,"PCx","#f0dabe","parietal neocortex","left"
496100642,326765686,"H14.09.099",327252767,"H14.09.099.PCx.01",480735294,479714826,10208,"PCx","#f0dabe","parietal neocortex","left"
496100643,467056407,"H15.09.108",467179113,"H15.09.108.TCx.01",482655788,480365745,10235,"TCx","#ebbfd0","temporal neocortex","left"
496100644,467056406,"H15.09.107",467179098,"H15.09.107.HIP.01",482655848,480366227,10294,"HIP","#bfb5d5","hippocampus (hippocampal formation)","right"
496100645,467056407,"H15.09.108",467179107,"H15.09.108.HIP.01",482655782,480365162,10294,"HIP","#bfb5d5","hippocampus (hippocampal formation)","left"
496100646,467056409,"H15.09.110",467179131,"H15.09.110.TCx.01",482655804,480366780,10235,"TCx","#ebbfd0","temporal neocortex","right"
496100647,467056397,"H15.09.104",467179080,"H15.09.104.TCx.01",482655834,480366097,10235,"TCx","#ebbfd0","temporal neocortex","right"
496100648,467056407,"H15.09.108",467179110,"H15.09.108.PCx.01",482655786,480363848,10208,"PCx","#f0dabe","parietal neocortex","left"
496100650,467056408,"H15.09.109",467179122,"H15.09.109.TCx.01",482655796,480366745,10235,"TCx","#ebbfd0","temporal neocortex","right"
496100651,467056408,"H15.09.109",467179119,"H15.09.109.PCx.01",482655792,480366805,10557,"FWM","#f2f1f0","white matter of forebrain","right"
496100652,467056408,"H15.09.109",467179119,"H15.09.109.PCx.01",482655794,480366804,10208,"PCx","#f0dabe","parietal neocortex","right"
496100653,467056409,"H15.09.110",467179128,"H15.09.110.PCx.01",482655802,480366577,10208,"PCx","#f0dabe","parietal neocortex","right"
496100654,467056405,"H15.09.106",467179092,"H15.09.106.HIP.01",482655844,480365103,10294,"HIP","#bfb5d5","hippocampus (hippocampal formation)","right"
496100656,467056397,"H15.09.104",467179074,"H15.09.104.HIP.01",482655828,480696328,10294,"HIP","#bfb5d5","hippocampus (hippocampal formation)","right"
496100657,467056409,"H15.09.110",467179128,"H15.09.110.PCx.01",482655800,480366579,10557,"FWM","#f2f1f0","white matter of forebrain","right"
496100658,467056406,"H15.09.107",467179101,"H15.09.107.PCx.01",482655776,480365154,10557,"FWM","#f2f1f0","white matter of forebrain","right"
496100659,467056397,"H15.09.104",467179077,"H15.09.104.PCx.01",482655832,480365890,10208,"PCx","#f0dabe","parietal neocortex","right"
496100660,467056397,"H15.09.104",467179077,"H15.09.104.PCx.01",482655830,480365891,10557,"FWM","#f2f1f0","white matter of forebrain","right"
496100661,467056391,"H15.09.103",467179068,"H15.09.103.PCx.01",482655824,480363829,10208,"PCx","#f0dabe","parietal neocortex","right"
496100663,467056405,"H15.09.106",467179095,"H15.09.106.TCx.01",482655846,480365137,10235,"TCx","#ebbfd0","temporal neocortex","right"
496100664,467056409,"H15.09.110",467179125,"H15.09.110.HIP.01",482655798,480366786,10294,"HIP","#bfb5d5","hippocampus (hippocampal formation)","right"
496100665,467056406,"H15.09.107",467179101,"H15.09.107.PCx.01",482655778,480365152,10208,"PCx","#f0dabe","parietal neocortex","right"
496100666,467056408,"H15.09.109",467179116,"H15.09.109.HIP.01",482655790,480366256,10294,"HIP","#bfb5d5","hippocampus (hippocampal formation)","right"
496100667,467056391,"H15.09.103",467179071,"H15.09.103.TCx.01",482655826,480366830,10235,"TCx","#ebbfd0","temporal neocortex","right"
496100669,467056391,"H15.09.103",467179068,"H15.09.103.PCx.01",482655822,480363830,10557,"FWM","#f2f1f0","white matter of forebrain","right"
496100670,467056406,"H15.09.107",467179104,"H15.09.107.TCx.01",482655780,480363840,10235,"TCx","#ebbfd0","temporal neocortex","right"
496100671,467056391,"H15.09.103",467179065,"H15.09.103.HIP.01",482655820,480366825,10294,"HIP","#bfb5d5","hippocampus (hippocampal formation)","right"
496100672,467056407,"H15.09.108",467179110,"H15.09.108.PCx.01",482655784,480363849,10557,"FWM","#f2f1f0","white matter of forebrain","left"
